"sub","task","fbcond","trialdifflevel","rt","resp","cor","cj","RTconf","fb"
1,"dotcolour","lowSC","average",1.219,1,1,-99,-0.099,0.68
1,"dotcolour","lowSC","easy",0.502,-1,1,-99,-0.099,0.68
1,"dotcolour","lowSC","average",0.551,-1,1,-99,-0.099,0.68
1,"dotcolour","lowSC","average",0.351,1,1,-99,-0.099,0.68
1,"dotcolour","lowSC","easy",0.485,1,1,-99,-0.099,0.68
1,"dotcolour","lowSC","hard",0.635,-1,0,-99,-0.099,0.68
1,"dotcolour","lowSC","easy",0.452,-1,1,-99,-0.099,0.68
1,"dotcolour","lowSC","easy",0.435,1,1,-99,-0.099,0.68
1,"dotcolour","lowSC","easy",0.384,-1,1,-99,-0.099,0.68
1,"dotcolour","lowSC","hard",0.585,-1,1,-99,-0.099,0.68
1,"dotcolour","lowSC","easy",0.401,-1,1,-99,-0.099,0.68
1,"dotcolour","lowSC","hard",0.485,1,1,-99,-0.099,0.68
1,"dotcolour","lowSC","hard",0.668,-1,1,-99,-0.099,0.68
1,"dotcolour","lowSC","easy",0.335,-1,0,-99,-0.099,0.68
1,"dotcolour","lowSC","average",0.468,-1,1,-99,-0.099,0.68
1,"dotcolour","lowSC","average",0.519,-1,1,-99,-0.099,0.68
1,"dotcolour","lowSC","hard",0.5,-1,1,-99,-0.099,0.68
1,"dotcolour","lowSC","hard",0.501,-1,0,-99,-0.099,0.68
1,"dotcolour","lowSC","average",0.451,1,1,-99,-0.099,0.68
1,"dotcolour","lowSC","hard",0.351,1,1,-99,-0.099,0.68
1,"dotcolour","lowSC","easy",0.451,1,1,-99,-0.099,0.68
1,"dotcolour","lowSC","average",0.501,1,1,-99,-0.099,0.68
1,"dotcolour","lowSC","easy",0.401,1,1,-99,-0.099,0.68
1,"dotcolour","lowSC","hard",0.517,-1,0,-99,-0.099,0.68
1,"dotcolour","lowSC","easy",0.401,-1,1,-99,-0.099,0.53
1,"dotcolour","lowSC","easy",0.451,1,1,-99,-0.099,0.53
1,"dotcolour","lowSC","easy",0.401,1,1,-99,-0.099,0.53
1,"dotcolour","lowSC","hard",0.351,1,1,-99,-0.099,0.53
1,"dotcolour","lowSC","easy",0.384,-1,1,-99,-0.099,0.53
1,"dotcolour","lowSC","hard",0.702,-1,0,-99,-0.099,0.53
1,"dotcolour","lowSC","easy",0.452,1,0,-99,-0.099,0.53
1,"dotcolour","lowSC","average",0.451,1,1,-99,-0.099,0.53
1,"dotcolour","lowSC","hard",0.617,-1,0,-99,-0.099,0.53
1,"dotcolour","lowSC","average",0.435,-1,1,-99,-0.099,0.53
1,"dotcolour","lowSC","average",0.401,-1,1,-99,-0.099,0.53
1,"dotcolour","lowSC","average",0.434,-1,1,-99,-0.099,0.53
1,"dotcolour","lowSC","hard",0.818,1,0,-99,-0.099,0.53
1,"dotcolour","lowSC","hard",0.585,1,1,-99,-0.099,0.53
1,"dotcolour","lowSC","hard",0.534,-1,1,-99,-0.099,0.53
1,"dotcolour","lowSC","average",0.501,-1,1,-99,-0.099,0.53
1,"dotcolour","lowSC","average",0.467,1,1,-99,-0.099,0.53
1,"dotcolour","lowSC","hard",0.535,-1,1,-99,-0.099,0.53
1,"dotcolour","lowSC","easy",0.501,1,1,-99,-0.099,0.53
1,"dotcolour","lowSC","hard",0.519,-1,0,-99,-0.099,0.53
1,"dotcolour","lowSC","easy",0.367,-1,1,-99,-0.099,0.53
1,"dotcolour","lowSC","easy",0.385,1,1,-99,-0.099,0.53
1,"dotcolour","lowSC","hard",0.369,-1,1,-99,-0.099,0.53
1,"dotcolour","lowSC","easy",0.485,1,1,-99,-0.099,0.53
1,"dotcolour","lowSC","hard",0.551,-1,1,-99,-0.099,0.57
1,"dotcolour","lowSC","hard",0.451,-1,0,-99,-0.099,0.57
1,"dotcolour","lowSC","hard",0.718,-1,1,-99,-0.099,0.57
1,"dotcolour","lowSC","average",0.368,1,1,-99,-0.099,0.57
1,"dotcolour","lowSC","easy",0.351,1,1,-99,-0.099,0.57
1,"dotcolour","lowSC","easy",0.402,-1,1,-99,-0.099,0.57
1,"dotcolour","lowSC","average",0.385,-1,0,-99,-0.099,0.57
1,"dotcolour","lowSC","hard",0.586,1,0,-99,-0.099,0.57
1,"dotcolour","lowSC","average",0.518,1,1,-99,-0.099,0.57
1,"dotcolour","lowSC","average",0.368,-1,1,-99,-0.099,0.57
1,"dotcolour","lowSC","hard",0.502,-1,0,-99,-0.099,0.57
1,"dotcolour","lowSC","easy",0.386,1,1,-99,-0.099,0.57
1,"dotcolour","lowSC","easy",2.47,1,1,-99,-0.099,0.57
1,"dotcolour","lowSC","easy",0.434,-1,1,-99,-0.099,0.57
1,"dotcolour","lowSC","easy",0.468,1,1,-99,-0.099,0.57
1,"dotcolour","lowSC","easy",0.452,-1,1,-99,-0.099,0.57
1,"dotcolour","lowSC","hard",0.485,1,1,-99,-0.099,0.57
1,"dotcolour","lowSC","average",0.369,1,1,-99,-0.099,0.57
1,"dotcolour","lowSC","hard",0.601,1,1,-99,-0.099,0.57
1,"dotcolour","lowSC","easy",0.385,1,1,-99,-0.099,0.57
1,"dotcolour","lowSC","average",0.369,-1,1,-99,-0.099,0.57
1,"dotcolour","lowSC","easy",0.401,-1,1,-99,-0.099,0.57
1,"dotcolour","lowSC","easy",0.368,-1,1,-99,-0.099,0.57
1,"dotcolour","lowSC","average",0.401,-1,1,-99,-0.099,0.57
1,"dotcolour","lowSC","easy",0.401,-1,1,-99,-0.099,0.57
1,"dotcolour","lowSC","easy",0.385,-1,1,-99,-0.099,0.57
1,"dotcolour","lowSC","hard",0.552,1,1,-99,-0.099,0.57
1,"dotcolour","lowSC","average",0.401,1,1,-99,-0.099,0.57
1,"dotcolour","lowSC","average",0.418,-1,1,-99,-0.099,0.57
1,"dotcolour","lowSC","hard",0.518,1,1,-99,-0.099,0.57
1,"dotcolour","lowSC","easy",0.385,-1,1,-99,-0.099,0.57
1,"dotcolour","lowSC","average",0.518,1,1,-99,-0.099,0.57
1,"dotcolour","lowSC","easy",0.385,1,1,-99,-0.099,0.57
1,"dotcolour","lowSC","average",0.601,-1,0,-99,-0.099,0.57
1,"dotcolour","lowSC","hard",0.618,-1,1,-99,-0.099,0.57
1,"dotcolour","lowSC","hard",0.552,-1,1,-99,-0.099,0.57
1,"dotcolour","lowSC","average",0.585,1,1,-99,-0.099,0.57
1,"dotcolour","lowSC","easy",0.369,1,1,-99,-0.099,0.57
1,"dotcolour","lowSC","easy",0.402,-1,1,-99,-0.099,0.57
1,"dotcolour","lowSC","hard",0.485,1,1,-99,-0.099,0.57
1,"dotcolour","lowSC","hard",0.618,-1,1,-99,-0.099,0.57
1,"dotcolour","lowSC","average",0.502,1,1,-99,-0.099,0.57
1,"dotcolour","lowSC","hard",0.55,1,1,-99,-0.099,0.57
1,"dotcolour","lowSC","hard",0.552,1,1,-99,-0.099,0.57
1,"dotcolour","lowSC","hard",0.669,1,1,-99,-0.099,0.57
1,"dotcolour","lowSC","average",0.535,-1,1,-99,-0.099,0.57
1,"dotcolour","lowSC","average",0.517,-1,1,-99,-0.099,0.57
1,"dotcolour","lowSC","hard",0.485,1,1,-99,-0.099,0.57
1,"dotcolour","lowSC","average",0.384,1,1,-99,-0.099,0.56
1,"dotcolour","lowSC","hard",0.452,1,1,-99,-0.099,0.56
1,"dotcolour","lowSC","average",0.434,1,1,-99,-0.099,0.56
1,"dotcolour","lowSC","easy",0.434,-1,1,-99,-0.099,0.56
1,"dotcolour","lowSC","hard",0.469,1,1,-99,-0.099,0.56
1,"dotcolour","lowSC","hard",0.719,-1,1,-99,-0.099,0.56
1,"dotcolour","lowSC","easy",0.401,-1,1,-99,-0.099,0.56
1,"dotcolour","lowSC","average",0.502,1,1,-99,-0.099,0.56
1,"dotcolour","lowSC","average",0.418,1,1,-99,-0.099,0.56
1,"dotcolour","lowSC","easy",0.418,1,1,-99,-0.099,0.56
1,"dotcolour","lowSC","easy",0.402,1,1,-99,-0.099,0.56
1,"dotcolour","lowSC","hard",0.435,-1,1,-99,-0.099,0.56
1,"dotcolour","lowSC","easy",0.752,1,1,-99,-0.099,0.56
1,"dotcolour","lowSC","easy",0.402,1,1,-99,-0.099,0.56
1,"dotcolour","lowSC","average",0.502,-1,1,-99,-0.099,0.56
1,"dotcolour","lowSC","average",0.434,1,1,-99,-0.099,0.56
1,"dotcolour","lowSC","easy",0.385,1,1,-99,-0.099,0.56
1,"dotcolour","lowSC","average",0.552,-1,1,-99,-0.099,0.56
1,"dotcolour","lowSC","hard",0.602,1,0,-99,-0.099,0.56
1,"dotcolour","lowSC","easy",0.368,1,1,-99,-0.099,0.56
1,"dotcolour","lowSC","easy",0.369,1,0,-99,-0.099,0.56
1,"dotcolour","lowSC","hard",0.668,1,0,-99,-0.099,0.56
1,"dotcolour","lowSC","average",0.719,-1,1,-99,-0.099,0.56
1,"dotcolour","lowSC","average",0.402,-1,1,-99,-0.099,0.56
1,"dotnumber","highSC","easy",0.702,1,1,-99,-0.099,0.89
1,"dotnumber","highSC","hard",0.585,1,1,-99,-0.099,0.89
1,"dotnumber","highSC","average",0.501,1,0,-99,-0.099,0.89
1,"dotnumber","highSC","average",0.434,1,1,-99,-0.099,0.89
1,"dotnumber","highSC","hard",0.567,1,0,-99,-0.099,0.89
1,"dotnumber","highSC","hard",0.501,-1,1,-99,-0.099,0.89
1,"dotnumber","highSC","hard",0.452,1,1,-99,-0.099,0.89
1,"dotnumber","highSC","hard",0.701,1,1,-99,-0.099,0.89
1,"dotnumber","highSC","easy",0.436,1,1,-99,-0.099,0.89
1,"dotnumber","highSC","hard",0.485,1,1,-99,-0.099,0.89
1,"dotnumber","highSC","hard",0.852,1,1,-99,-0.099,0.89
1,"dotnumber","highSC","hard",0.484,-1,0,-99,-0.099,0.89
1,"dotnumber","highSC","average",0.584,1,1,-99,-0.099,0.89
1,"dotnumber","highSC","average",0.418,1,1,-99,-0.099,0.89
1,"dotnumber","highSC","hard",0.468,1,0,-99,-0.099,0.89
1,"dotnumber","highSC","easy",0.685,-1,1,-99,-0.099,0.89
1,"dotnumber","highSC","average",0.418,1,1,-99,-0.099,0.89
1,"dotnumber","highSC","easy",0.468,1,1,-99,-0.099,0.89
1,"dotnumber","highSC","average",0.435,1,1,-99,-0.099,0.89
1,"dotnumber","highSC","hard",0.267,1,0,-99,-0.099,0.89
1,"dotnumber","highSC","easy",0.384,-1,1,-99,-0.099,0.89
1,"dotnumber","highSC","hard",0.518,1,1,-99,-0.099,0.89
1,"dotnumber","highSC","easy",0.418,-1,1,-99,-0.099,0.89
1,"dotnumber","highSC","average",0.401,1,0,-99,-0.099,0.89
1,"dotnumber","highSC","average",0.418,1,1,-99,-0.099,0.83
1,"dotnumber","highSC","easy",0.434,-1,1,-99,-0.099,0.83
1,"dotnumber","highSC","easy",0.368,1,1,-99,-0.099,0.83
1,"dotnumber","highSC","average",0.302,-1,1,-99,-0.099,0.83
1,"dotnumber","highSC","easy",0.385,-1,1,-99,-0.099,0.83
1,"dotnumber","highSC","hard",0.368,1,0,-99,-0.099,0.83
1,"dotnumber","highSC","hard",0.586,-1,1,-99,-0.099,0.83
1,"dotnumber","highSC","average",0.302,1,1,-99,-0.099,0.83
1,"dotnumber","highSC","easy",0.401,-1,1,-99,-0.099,0.83
1,"dotnumber","highSC","average",0.418,1,0,-99,-0.099,0.83
1,"dotnumber","highSC","hard",0.402,1,1,-99,-0.099,0.83
1,"dotnumber","highSC","average",0.351,-1,1,-99,-0.099,0.83
1,"dotnumber","highSC","average",0.451,1,1,-99,-0.099,0.83
1,"dotnumber","highSC","average",0.368,1,1,-99,-0.099,0.83
1,"dotnumber","highSC","hard",0.401,-1,1,-99,-0.099,0.83
1,"dotnumber","highSC","average",0.351,1,1,-99,-0.099,0.83
1,"dotnumber","highSC","easy",0.433,-1,1,-99,-0.099,0.83
1,"dotnumber","highSC","hard",0.418,-1,0,-99,-0.099,0.83
1,"dotnumber","highSC","easy",0.418,-1,1,-99,-0.099,0.83
1,"dotnumber","highSC","easy",0.335,1,0,-99,-0.099,0.83
1,"dotnumber","highSC","average",0.368,1,0,-99,-0.099,0.83
1,"dotnumber","highSC","hard",0.535,1,1,-99,-0.099,0.83
1,"dotnumber","highSC","hard",0.385,1,0,-99,-0.099,0.83
1,"dotnumber","highSC","easy",0.284,1,1,-99,-0.099,0.83
1,"dotnumber","highSC","easy",0.468,-1,1,-99,-0.099,0.93
1,"dotnumber","highSC","average",0.417,-1,1,-99,-0.099,0.93
1,"dotnumber","highSC","easy",0.386,-1,1,-99,-0.099,0.93
1,"dotnumber","highSC","average",0.552,1,0,-99,-0.099,0.93
1,"dotnumber","highSC","easy",0.385,-1,1,-99,-0.099,0.93
1,"dotnumber","highSC","hard",0.385,-1,0,-99,-0.099,0.93
1,"dotnumber","highSC","easy",0.452,1,1,-99,-0.099,0.93
1,"dotnumber","highSC","easy",0.402,-1,1,-99,-0.099,0.93
1,"dotnumber","highSC","average",0.318,-1,1,-99,-0.099,0.93
1,"dotnumber","highSC","hard",0.502,-1,1,-99,-0.099,0.93
1,"dotnumber","highSC","easy",0.335,1,1,-99,-0.099,0.93
1,"dotnumber","highSC","average",0.435,-1,1,-99,-0.099,0.93
1,"dotnumber","highSC","average",0.485,1,1,-99,-0.099,0.93
1,"dotnumber","highSC","hard",0.385,1,0,-99,-0.099,0.93
1,"dotnumber","highSC","average",0.535,-1,1,-99,-0.099,0.93
1,"dotnumber","highSC","average",0.318,1,1,-99,-0.099,0.93
1,"dotnumber","highSC","hard",0.3,1,1,-99,-0.099,0.93
1,"dotnumber","highSC","easy",0.368,-1,0,-99,-0.099,0.93
1,"dotnumber","highSC","average",0.335,1,1,-99,-0.099,0.93
1,"dotnumber","highSC","average",0.234,1,0,-99,-0.099,0.93
1,"dotnumber","highSC","average",0.368,1,1,-99,-0.099,0.93
1,"dotnumber","highSC","easy",0.385,1,1,-99,-0.099,0.93
1,"dotnumber","highSC","average",0.535,1,1,-99,-0.099,0.93
1,"dotnumber","highSC","average",0.385,1,1,-99,-0.099,0.93
1,"dotnumber","highSC","hard",0.418,-1,1,-99,-0.099,0.98
1,"dotnumber","highSC","easy",0.418,1,1,-99,-0.099,0.98
1,"dotnumber","highSC","hard",0.285,1,1,-99,-0.099,0.98
1,"dotnumber","highSC","average",0.351,1,1,-99,-0.099,0.98
1,"dotnumber","highSC","average",0.402,1,1,-99,-0.099,0.98
1,"dotnumber","highSC","hard",0.402,1,1,-99,-0.099,0.98
1,"dotnumber","highSC","hard",0.502,-1,0,-99,-0.099,0.98
1,"dotnumber","highSC","average",0.618,-1,1,-99,-0.099,0.98
1,"dotnumber","highSC","average",0.568,-1,1,-99,-0.099,0.98
1,"dotnumber","highSC","easy",0.484,-1,1,-99,-0.099,0.98
1,"dotnumber","highSC","easy",0.368,1,1,-99,-0.099,0.98
1,"dotnumber","highSC","easy",0.451,-1,1,-99,-0.099,0.98
1,"dotnumber","highSC","average",0.585,-1,1,-99,-0.099,0.98
1,"dotnumber","highSC","easy",0.485,1,1,-99,-0.099,0.98
1,"dotnumber","highSC","easy",0.351,1,1,-99,-0.099,0.98
1,"dotnumber","highSC","easy",0.384,1,1,-99,-0.099,0.98
1,"dotnumber","highSC","average",0.385,1,1,-99,-0.099,0.98
1,"dotnumber","highSC","hard",0.351,-1,0,-99,-0.099,0.98
1,"dotnumber","highSC","average",0.402,1,0,-99,-0.099,0.98
1,"dotnumber","highSC","easy",0.368,1,1,-99,-0.099,0.98
1,"dotnumber","highSC","average",0.434,1,0,-99,-0.099,0.98
1,"dotnumber","highSC","hard",0.451,1,0,-99,-0.099,0.98
1,"dotnumber","highSC","hard",0.417,-1,0,-99,-0.099,0.98
1,"dotnumber","highSC","easy",0.517,-1,1,-99,-0.099,0.98
1,"dotnumber","highSC","easy",0.384,1,1,-99,-0.099,0.86
1,"dotnumber","highSC","average",0.468,1,1,-99,-0.099,0.86
1,"dotnumber","highSC","easy",0.552,-1,1,-99,-0.099,0.86
1,"dotnumber","highSC","hard",0.434,1,1,-99,-0.099,0.86
1,"dotnumber","highSC","hard",0.568,1,1,-99,-0.099,0.86
1,"dotnumber","highSC","hard",0.684,1,0,-99,-0.099,0.86
1,"dotnumber","highSC","average",0.469,-1,1,-99,-0.099,0.86
1,"dotnumber","highSC","hard",0.384,-1,1,-99,-0.099,0.86
1,"dotnumber","highSC","easy",0.803,-1,1,-99,-0.099,0.86
1,"dotnumber","highSC","hard",0.669,-1,0,-99,-0.099,0.86
1,"dotnumber","highSC","easy",0.402,1,1,-99,-0.099,0.86
1,"dotnumber","highSC","easy",0.451,1,1,-99,-0.099,0.86
1,"dotnumber","highSC","hard",0.401,-1,1,-99,-0.099,0.86
1,"dotnumber","highSC","easy",0.401,-1,1,-99,-0.099,0.86
1,"dotnumber","highSC","average",0.518,1,1,-99,-0.099,0.86
1,"dotnumber","highSC","hard",0.384,-1,0,-99,-0.099,0.86
1,"dotnumber","highSC","easy",0.519,-1,1,-99,-0.099,0.86
1,"dotnumber","highSC","easy",0.4,-1,1,-99,-0.099,0.86
1,"dotnumber","highSC","average",0.519,1,1,-99,-0.099,0.86
1,"dotnumber","highSC","easy",0.385,-1,1,-99,-0.099,0.86
1,"dotnumber","highSC","average",0.401,-1,1,-99,-0.099,0.86
1,"dotnumber","highSC","easy",0.368,1,1,-99,-0.099,0.86
1,"dotnumber","highSC","average",0.352,1,0,-99,-0.099,0.86
1,"dotnumber","highSC","hard",0.467,-1,1,-99,-0.099,0.86
1,"xotask","mediumSC","easy",0.569,-1,1,-99,-0.099,0.78
1,"xotask","mediumSC","hard",0.368,1,1,-99,-0.099,0.78
1,"xotask","mediumSC","average",0.551,-1,1,-99,-0.099,0.78
1,"xotask","mediumSC","average",0.419,1,1,-99,-0.099,0.78
1,"xotask","mediumSC","average",0.401,1,0,-99,-0.099,0.78
1,"xotask","mediumSC","easy",0.584,1,1,-99,-0.099,0.78
1,"xotask","mediumSC","hard",0.768,1,1,-99,-0.099,0.78
1,"xotask","mediumSC","average",0.519,1,1,-99,-0.099,0.78
1,"xotask","mediumSC","easy",0.434,1,1,-99,-0.099,0.78
1,"xotask","mediumSC","average",0.485,1,1,-99,-0.099,0.78
1,"xotask","mediumSC","easy",0.519,1,1,-99,-0.099,0.78
1,"xotask","mediumSC","hard",0.668,-1,0,-99,-0.099,0.78
1,"xotask","mediumSC","hard",0.667,-1,1,-99,-0.099,0.78
1,"xotask","mediumSC","hard",0.768,-1,1,-99,-0.099,0.78
1,"xotask","mediumSC","hard",0.953,-1,0,-99,-0.099,0.78
1,"xotask","mediumSC","easy",0.468,1,1,-99,-0.099,0.78
1,"xotask","mediumSC","hard",0.735,-1,1,-99,-0.099,0.78
1,"xotask","mediumSC","average",0.484,1,1,-99,-0.099,0.78
1,"xotask","mediumSC","easy",0.384,1,1,-99,-0.099,0.78
1,"xotask","mediumSC","hard",0.518,1,1,-99,-0.099,0.78
1,"xotask","mediumSC","easy",0.501,-1,1,-99,-0.099,0.78
1,"xotask","mediumSC","average",0.702,-1,0,-99,-0.099,0.78
1,"xotask","mediumSC","easy",0.385,1,1,-99,-0.099,0.78
1,"xotask","mediumSC","hard",0.417,1,0,-99,-0.099,0.78
1,"xotask","mediumSC","easy",0.501,1,1,-99,-0.099,0.73
1,"xotask","mediumSC","hard",0.602,1,1,-99,-0.099,0.73
1,"xotask","mediumSC","average",0.534,-1,1,-99,-0.099,0.73
1,"xotask","mediumSC","hard",0.701,-1,1,-99,-0.099,0.73
1,"xotask","mediumSC","easy",0.385,1,1,-99,-0.099,0.73
1,"xotask","mediumSC","hard",0.585,-1,1,-99,-0.099,0.73
1,"xotask","mediumSC","hard",0.519,-1,1,-99,-0.099,0.73
1,"xotask","mediumSC","average",0.751,1,1,-99,-0.099,0.73
1,"xotask","mediumSC","easy",0.552,-1,1,-99,-0.099,0.73
1,"xotask","mediumSC","easy",0.484,-1,1,-99,-0.099,0.73
1,"xotask","mediumSC","easy",0.601,1,1,-99,-0.099,0.73
1,"xotask","mediumSC","hard",0.434,1,0,-99,-0.099,0.73
1,"xotask","mediumSC","average",0.618,-1,1,-99,-0.099,0.73
1,"xotask","mediumSC","hard",0.418,1,1,-99,-0.099,0.73
1,"xotask","mediumSC","average",0.536,-1,1,-99,-0.099,0.73
1,"xotask","mediumSC","hard",0.551,-1,1,-99,-0.099,0.73
1,"xotask","mediumSC","hard",0.885,-1,1,-99,-0.099,0.73
1,"xotask","mediumSC","hard",0.652,-1,0,-99,-0.099,0.73
1,"xotask","mediumSC","hard",0.585,1,1,-99,-0.099,0.73
1,"xotask","mediumSC","average",0.584,1,1,-99,-0.099,0.73
1,"xotask","mediumSC","easy",0.953,-1,1,-99,-0.099,0.73
1,"xotask","mediumSC","average",0.552,1,1,-99,-0.099,0.73
1,"xotask","mediumSC","hard",0.635,-1,1,-99,-0.099,0.73
1,"xotask","mediumSC","average",0.603,-1,1,-99,-0.099,0.73
1,"xotask","mediumSC","average",0.752,-1,0,-99,-0.099,0.72
1,"xotask","mediumSC","average",0.452,1,1,-99,-0.099,0.72
1,"xotask","mediumSC","easy",0.418,1,0,-99,-0.099,0.72
1,"xotask","mediumSC","hard",0.618,-1,1,-99,-0.099,0.72
1,"xotask","mediumSC","average",0.701,-1,1,-99,-0.099,0.72
1,"xotask","mediumSC","easy",0.801,-1,1,-99,-0.099,0.72
1,"xotask","mediumSC","easy",0.434,-1,1,-99,-0.099,0.72
1,"xotask","mediumSC","average",0.518,-1,0,-99,-0.099,0.72
1,"xotask","mediumSC","hard",0.634,-1,0,-99,-0.099,0.72
1,"xotask","mediumSC","average",0.486,1,1,-99,-0.099,0.72
1,"xotask","mediumSC","easy",0.434,1,1,-99,-0.099,0.72
1,"xotask","mediumSC","hard",0.669,-1,0,-99,-0.099,0.72
1,"xotask","mediumSC","average",0.568,-1,1,-99,-0.099,0.72
1,"xotask","mediumSC","easy",0.552,1,1,-99,-0.099,0.72
1,"xotask","mediumSC","easy",0.401,1,1,-99,-0.099,0.72
1,"xotask","mediumSC","easy",0.485,-1,1,-99,-0.099,0.72
1,"xotask","mediumSC","average",0.686,-1,1,-99,-0.099,0.72
1,"xotask","mediumSC","easy",0.567,1,1,-99,-0.099,0.72
1,"xotask","mediumSC","easy",0.385,1,1,-99,-0.099,0.72
1,"xotask","mediumSC","easy",0.451,-1,1,-99,-0.099,0.72
1,"xotask","mediumSC","hard",0.484,-1,1,-99,-0.099,0.72
1,"xotask","mediumSC","easy",0.485,1,1,-99,-0.099,0.72
1,"xotask","mediumSC","easy",0.568,-1,1,-99,-0.099,0.72
1,"xotask","mediumSC","hard",0.451,1,1,-99,-0.099,0.72
1,"xotask","mediumSC","hard",0.667,-1,1,-99,-0.099,0.72
1,"xotask","mediumSC","easy",0.333,1,1,-99,-0.099,0.72
1,"xotask","mediumSC","hard",0.651,-1,1,-99,-0.099,0.72
1,"xotask","mediumSC","easy",0.486,-1,1,-99,-0.099,0.72
1,"xotask","mediumSC","hard",0.501,1,1,-99,-0.099,0.72
1,"xotask","mediumSC","hard",0.635,-1,1,-99,-0.099,0.72
1,"xotask","mediumSC","hard",0.469,-1,0,-99,-0.099,0.72
1,"xotask","mediumSC","average",0.385,1,1,-99,-0.099,0.72
1,"xotask","mediumSC","easy",0.668,-1,0,-99,-0.099,0.72
1,"xotask","mediumSC","hard",0.485,-1,1,-99,-0.099,0.72
1,"xotask","mediumSC","hard",0.434,-1,1,-99,-0.099,0.72
1,"xotask","mediumSC","average",0.485,1,1,-99,-0.099,0.72
1,"xotask","mediumSC","average",0.518,1,1,-99,-0.099,0.72
1,"xotask","mediumSC","average",0.501,-1,1,-99,-0.099,0.72
1,"xotask","mediumSC","easy",0.501,1,1,-99,-0.099,0.72
1,"xotask","mediumSC","easy",0.352,1,1,-99,-0.099,0.72
1,"xotask","mediumSC","average",0.484,-1,1,-99,-0.099,0.72
1,"xotask","mediumSC","average",0.468,1,1,-99,-0.099,0.72
1,"xotask","mediumSC","hard",0.451,1,0,-99,-0.099,0.72
1,"xotask","mediumSC","average",0.435,1,0,-99,-0.099,0.72
1,"xotask","mediumSC","average",0.452,-1,1,-99,-0.099,0.72
1,"xotask","mediumSC","easy",0.468,1,1,-99,-0.099,0.72
1,"xotask","mediumSC","average",0.501,1,0,-99,-0.099,0.72
1,"xotask","mediumSC","hard",0.485,-1,0,-99,-0.099,0.72
1,"xotask","mediumSC","hard",0.568,1,1,-99,-0.099,0.75
1,"xotask","mediumSC","hard",0.584,1,1,-99,-0.099,0.75
1,"xotask","mediumSC","average",0.652,-1,0,-99,-0.099,0.75
1,"xotask","mediumSC","easy",0.468,1,1,-99,-0.099,0.75
1,"xotask","mediumSC","easy",0.534,1,1,-99,-0.099,0.75
1,"xotask","mediumSC","easy",0.602,-1,1,-99,-0.099,0.75
1,"xotask","mediumSC","average",0.685,-1,0,-99,-0.099,0.75
1,"xotask","mediumSC","easy",0.869,1,1,-99,-0.099,0.75
1,"xotask","mediumSC","easy",0.534,-1,1,-99,-0.099,0.75
1,"xotask","mediumSC","easy",0.418,-1,1,-99,-0.099,0.75
1,"xotask","mediumSC","easy",0.384,-1,1,-99,-0.099,0.75
1,"xotask","mediumSC","hard",0.667,1,0,-99,-0.099,0.75
1,"xotask","mediumSC","hard",0.802,1,1,-99,-0.099,0.75
1,"xotask","mediumSC","easy",0.585,1,1,-99,-0.099,0.75
1,"xotask","mediumSC","hard",0.668,-1,1,-99,-0.099,0.75
1,"xotask","mediumSC","hard",0.618,-1,1,-99,-0.099,0.75
1,"xotask","mediumSC","hard",0.551,-1,1,-99,-0.099,0.75
1,"xotask","mediumSC","average",0.685,1,1,-99,-0.099,0.75
1,"xotask","mediumSC","easy",0.433,1,1,-99,-0.099,0.75
1,"xotask","mediumSC","average",0.519,1,1,-99,-0.099,0.75
1,"xotask","mediumSC","easy",0.402,-1,1,-99,-0.099,0.75
1,"xotask","mediumSC","average",0.418,-1,1,-99,-0.099,0.75
1,"xotask","mediumSC","average",0.434,-1,1,-99,-0.099,0.75
1,"xotask","mediumSC","average",0.586,-1,0,-99,-0.099,0.75
2,"dotnumber","highSC","hard",0.535,1,0,-99,-0.099,0.91
2,"dotnumber","highSC","easy",0.451,1,1,-99,-0.099,0.91
2,"dotnumber","highSC","average",0.418,1,0,-99,-0.099,0.91
2,"dotnumber","highSC","easy",0.434,-1,1,-99,-0.099,0.91
2,"dotnumber","highSC","hard",0.401,1,1,-99,-0.099,0.91
2,"dotnumber","highSC","hard",0.483,-1,0,-99,-0.099,0.91
2,"dotnumber","highSC","average",0.401,1,0,-99,-0.099,0.91
2,"dotnumber","highSC","average",0.419,1,1,-99,-0.099,0.91
2,"dotnumber","highSC","easy",0.385,-1,1,-99,-0.099,0.91
2,"dotnumber","highSC","hard",0.418,1,0,-99,-0.099,0.91
2,"dotnumber","highSC","average",0.469,-1,1,-99,-0.099,0.91
2,"dotnumber","highSC","average",0.584,-1,1,-99,-0.099,0.91
2,"dotnumber","highSC","easy",0.602,1,1,-99,-0.099,0.91
2,"dotnumber","highSC","average",0.419,1,1,-99,-0.099,0.91
2,"dotnumber","highSC","hard",0.485,-1,0,-99,-0.099,0.91
2,"dotnumber","highSC","easy",0.368,1,1,-99,-0.099,0.91
2,"dotnumber","highSC","easy",0.418,-1,1,-99,-0.099,0.91
2,"dotnumber","highSC","average",0.402,1,1,-99,-0.099,0.91
2,"dotnumber","highSC","hard",0.535,1,1,-99,-0.099,0.91
2,"dotnumber","highSC","hard",0.435,-1,1,-99,-0.099,0.91
2,"dotnumber","highSC","hard",0.435,1,0,-99,-0.099,0.91
2,"dotnumber","highSC","average",0.485,-1,0,-99,-0.099,0.91
2,"dotnumber","highSC","easy",0.519,-1,1,-99,-0.099,0.91
2,"dotnumber","highSC","easy",0.435,1,1,-99,-0.099,0.91
2,"dotnumber","highSC","average",0.419,1,1,-99,-0.099,0.82
2,"dotnumber","highSC","average",0.451,1,1,-99,-0.099,0.82
2,"dotnumber","highSC","hard",0.518,1,1,-99,-0.099,0.82
2,"dotnumber","highSC","easy",0.536,-1,1,-99,-0.099,0.82
2,"dotnumber","highSC","easy",0.469,-1,1,-99,-0.099,0.82
2,"dotnumber","highSC","hard",0.435,1,0,-99,-0.099,0.82
2,"dotnumber","highSC","average",0.418,1,0,-99,-0.099,0.82
2,"dotnumber","highSC","easy",0.468,-1,1,-99,-0.099,0.82
2,"dotnumber","highSC","average",0.452,-1,1,-99,-0.099,0.82
2,"dotnumber","highSC","hard",0.517,1,1,-99,-0.099,0.82
2,"dotnumber","highSC","hard",0.552,1,0,-99,-0.099,0.82
2,"dotnumber","highSC","average",0.451,-1,0,-99,-0.099,0.82
2,"dotnumber","highSC","hard",0.553,-1,1,-99,-0.099,0.82
2,"dotnumber","highSC","hard",0.385,1,1,-99,-0.099,0.82
2,"dotnumber","highSC","average",0.435,-1,0,-99,-0.099,0.82
2,"dotnumber","highSC","hard",0.568,1,0,-99,-0.099,0.82
2,"dotnumber","highSC","hard",0.385,1,1,-99,-0.099,0.82
2,"dotnumber","highSC","hard",0.384,-1,1,-99,-0.099,0.82
2,"dotnumber","highSC","average",0.568,-1,0,-99,-0.099,0.82
2,"dotnumber","highSC","easy",0.469,1,1,-99,-0.099,0.82
2,"dotnumber","highSC","average",0.502,1,1,-99,-0.099,0.82
2,"dotnumber","highSC","easy",0.435,-1,1,-99,-0.099,0.82
2,"dotnumber","highSC","easy",0.485,1,1,-99,-0.099,0.82
2,"dotnumber","highSC","average",0.402,1,1,-99,-0.099,0.82
2,"dotnumber","highSC","hard",0.852,1,1,-99,-0.099,0.91
2,"dotnumber","highSC","hard",0.385,1,0,-99,-0.099,0.91
2,"dotnumber","highSC","hard",0.469,1,1,-99,-0.099,0.91
2,"dotnumber","highSC","hard",0.435,1,0,-99,-0.099,0.91
2,"dotnumber","highSC","hard",0.452,1,0,-99,-0.099,0.91
2,"dotnumber","highSC","average",0.467,1,1,-99,-0.099,0.91
2,"dotnumber","highSC","easy",0.501,1,1,-99,-0.099,0.91
2,"dotnumber","highSC","easy",0.534,-1,1,-99,-0.099,0.91
2,"dotnumber","highSC","easy",0.518,-1,1,-99,-0.099,0.91
2,"dotnumber","highSC","average",0.435,-1,1,-99,-0.099,0.91
2,"dotnumber","highSC","hard",0.769,-1,1,-99,-0.099,0.91
2,"dotnumber","highSC","easy",0.535,-1,1,-99,-0.099,0.91
2,"dotnumber","highSC","average",0.468,1,1,-99,-0.099,0.91
2,"dotnumber","highSC","average",0.401,-1,1,-99,-0.099,0.91
2,"dotnumber","highSC","average",0.401,1,0,-99,-0.099,0.91
2,"dotnumber","highSC","hard",0.369,-1,0,-99,-0.099,0.91
2,"dotnumber","highSC","average",0.385,1,1,-99,-0.099,0.91
2,"dotnumber","highSC","hard",0.419,-1,1,-99,-0.099,0.91
2,"dotnumber","highSC","hard",0.418,-1,1,-99,-0.099,0.91
2,"dotnumber","highSC","average",0.435,1,0,-99,-0.099,0.91
2,"dotnumber","highSC","easy",0.401,-1,0,-99,-0.099,0.91
2,"dotnumber","highSC","average",0.402,1,1,-99,-0.099,0.91
2,"dotnumber","highSC","hard",0.468,-1,1,-99,-0.099,0.91
2,"dotnumber","highSC","hard",0.368,1,1,-99,-0.099,0.91
2,"dotnumber","highSC","average",0.368,-1,1,-99,-0.099,0.92
2,"dotnumber","highSC","easy",0.369,1,1,-99,-0.099,0.92
2,"dotnumber","highSC","easy",0.418,-1,1,-99,-0.099,0.92
2,"dotnumber","highSC","easy",0.502,-1,1,-99,-0.099,0.92
2,"dotnumber","highSC","hard",0.518,-1,1,-99,-0.099,0.92
2,"dotnumber","highSC","hard",0.402,1,0,-99,-0.099,0.92
2,"dotnumber","highSC","hard",0.502,-1,0,-99,-0.099,0.92
2,"dotnumber","highSC","hard",0.335,1,0,-99,-0.099,0.92
2,"dotnumber","highSC","easy",0.336,-1,0,-99,-0.099,0.92
2,"dotnumber","highSC","easy",0.485,-1,1,-99,-0.099,0.92
2,"dotnumber","highSC","hard",0.467,1,1,-99,-0.099,0.92
2,"dotnumber","highSC","easy",0.35,-1,1,-99,-0.099,0.92
2,"dotnumber","highSC","average",0.469,-1,1,-99,-0.099,0.92
2,"dotnumber","highSC","hard",0.452,1,1,-99,-0.099,0.92
2,"dotnumber","highSC","hard",0.369,1,0,-99,-0.099,0.92
2,"dotnumber","highSC","easy",0.335,-1,1,-99,-0.099,0.92
2,"dotnumber","highSC","hard",0.368,1,1,-99,-0.099,0.92
2,"dotnumber","highSC","easy",0.351,-1,0,-99,-0.099,0.92
2,"dotnumber","highSC","easy",0.385,-1,1,-99,-0.099,0.92
2,"dotnumber","highSC","easy",0.352,1,1,-99,-0.099,0.92
2,"dotnumber","highSC","average",0.369,-1,1,-99,-0.099,0.92
2,"dotnumber","highSC","easy",0.335,1,1,-99,-0.099,0.92
2,"dotnumber","highSC","hard",0.302,-1,0,-99,-0.099,0.92
2,"dotnumber","highSC","easy",0.335,1,1,-99,-0.099,0.92
2,"dotnumber","highSC","easy",0.335,-1,1,-99,-0.099,0.95
2,"dotnumber","highSC","easy",0.401,1,1,-99,-0.099,0.95
2,"dotnumber","highSC","easy",0.434,1,1,-99,-0.099,0.95
2,"dotnumber","highSC","average",0.368,1,1,-99,-0.099,0.95
2,"dotnumber","highSC","hard",0.335,-1,0,-99,-0.099,0.95
2,"dotnumber","highSC","average",0.418,-1,1,-99,-0.099,0.95
2,"dotnumber","highSC","easy",0.384,1,1,-99,-0.099,0.95
2,"dotnumber","highSC","average",0.369,1,1,-99,-0.099,0.95
2,"dotnumber","highSC","hard",0.451,1,1,-99,-0.099,0.95
2,"dotnumber","highSC","hard",0.402,1,0,-99,-0.099,0.95
2,"dotnumber","highSC","hard",0.434,1,1,-99,-0.099,0.95
2,"dotnumber","highSC","hard",0.369,1,0,-99,-0.099,0.95
2,"dotnumber","highSC","easy",0.786,-1,1,-99,-0.099,0.95
2,"dotnumber","highSC","easy",0.384,1,1,-99,-0.099,0.95
2,"dotnumber","highSC","easy",0.418,1,1,-99,-0.099,0.95
2,"dotnumber","highSC","average",0.368,1,0,-99,-0.099,0.95
2,"dotnumber","highSC","average",0.418,1,1,-99,-0.099,0.95
2,"dotnumber","highSC","hard",0.418,1,0,-99,-0.099,0.95
2,"dotnumber","highSC","average",0.468,-1,1,-99,-0.099,0.95
2,"dotnumber","highSC","hard",0.352,1,0,-99,-0.099,0.95
2,"dotnumber","highSC","easy",0.35,1,0,-99,-0.099,0.95
2,"dotnumber","highSC","hard",0.418,-1,1,-99,-0.099,0.95
2,"dotnumber","highSC","easy",0.501,-1,1,-99,-0.099,0.95
2,"dotnumber","highSC","average",0.367,1,1,-99,-0.099,0.95
2,"xotask","mediumSC","easy",2.904,1,0,-99,-0.099,0.75
2,"xotask","mediumSC","easy",1.052,1,1,-99,-0.099,0.75
2,"xotask","mediumSC","easy",1.503,1,1,-99,-0.099,0.75
2,"xotask","mediumSC","hard",0.984,-1,1,-99,-0.099,0.75
2,"xotask","mediumSC","easy",0.852,-1,1,-99,-0.099,0.75
2,"xotask","mediumSC","easy",0.818,1,1,-99,-0.099,0.75
2,"xotask","mediumSC","average",1.152,1,1,-99,-0.099,0.75
2,"xotask","mediumSC","hard",0.818,-1,1,-99,-0.099,0.75
2,"xotask","mediumSC","easy",0.569,-1,1,-99,-0.099,0.75
2,"xotask","mediumSC","average",1.036,-1,1,-99,-0.099,0.75
2,"xotask","mediumSC","easy",0.67,-1,1,-99,-0.099,0.75
2,"xotask","mediumSC","average",0.586,1,1,-99,-0.099,0.75
2,"xotask","mediumSC","average",0.685,1,1,-99,-0.099,0.75
2,"xotask","mediumSC","average",0.451,1,1,-99,-0.099,0.75
2,"xotask","mediumSC","hard",0.434,1,1,-99,-0.099,0.75
2,"xotask","mediumSC","average",0.586,-1,1,-99,-0.099,0.75
2,"xotask","mediumSC","hard",0.568,-1,1,-99,-0.099,0.75
2,"xotask","mediumSC","hard",0.419,1,0,-99,-0.099,0.75
2,"xotask","mediumSC","average",0.468,-1,1,-99,-0.099,0.75
2,"xotask","mediumSC","average",0.435,-1,1,-99,-0.099,0.75
2,"xotask","mediumSC","average",0.435,-1,1,-99,-0.099,0.75
2,"xotask","mediumSC","average",0.517,1,1,-99,-0.099,0.75
2,"xotask","mediumSC","average",0.552,-1,0,-99,-0.099,0.75
2,"xotask","mediumSC","hard",0.585,-1,0,-99,-0.099,0.75
2,"xotask","mediumSC","easy",0.418,1,1,-99,-0.099,0.81
2,"xotask","mediumSC","average",0.383,-1,0,-99,-0.099,0.81
2,"xotask","mediumSC","average",0.435,-1,1,-99,-0.099,0.81
2,"xotask","mediumSC","average",0.386,-1,1,-99,-0.099,0.81
2,"xotask","mediumSC","average",0.417,1,1,-99,-0.099,0.81
2,"xotask","mediumSC","easy",0.418,-1,1,-99,-0.099,0.81
2,"xotask","mediumSC","average",0.469,1,1,-99,-0.099,0.81
2,"xotask","mediumSC","average",0.418,-1,1,-99,-0.099,0.81
2,"xotask","mediumSC","average",0.736,-1,0,-99,-0.099,0.81
2,"xotask","mediumSC","hard",0.501,-1,1,-99,-0.099,0.81
2,"xotask","mediumSC","hard",0.418,-1,0,-99,-0.099,0.81
2,"xotask","mediumSC","easy",0.434,-1,1,-99,-0.099,0.81
2,"xotask","mediumSC","hard",0.667,-1,1,-99,-0.099,0.81
2,"xotask","mediumSC","easy",0.468,1,1,-99,-0.099,0.81
2,"xotask","mediumSC","hard",0.919,1,1,-99,-0.099,0.81
2,"xotask","mediumSC","easy",0.869,-1,1,-99,-0.099,0.81
2,"xotask","mediumSC","easy",0.819,-1,1,-99,-0.099,0.81
2,"xotask","mediumSC","hard",0.769,-1,0,-99,-0.099,0.81
2,"xotask","mediumSC","hard",0.786,1,1,-99,-0.099,0.81
2,"xotask","mediumSC","average",0.751,-1,1,-99,-0.099,0.81
2,"xotask","mediumSC","easy",0.718,-1,1,-99,-0.099,0.81
2,"xotask","mediumSC","hard",0.685,-1,1,-99,-0.099,0.81
2,"xotask","mediumSC","easy",0.518,1,1,-99,-0.099,0.81
2,"xotask","mediumSC","average",0.619,-1,1,-99,-0.099,0.81
2,"xotask","mediumSC","easy",0.601,-1,1,-99,-0.099,0.79
2,"xotask","mediumSC","average",0.651,-1,1,-99,-0.099,0.79
2,"xotask","mediumSC","hard",0.669,-1,0,-99,-0.099,0.79
2,"xotask","mediumSC","easy",0.402,1,1,-99,-0.099,0.79
2,"xotask","mediumSC","hard",0.569,-1,0,-99,-0.099,0.79
2,"xotask","mediumSC","average",0.501,-1,1,-99,-0.099,0.79
2,"xotask","mediumSC","hard",0.468,-1,1,-99,-0.099,0.79
2,"xotask","mediumSC","easy",0.402,-1,1,-99,-0.099,0.79
2,"xotask","mediumSC","average",0.418,1,1,-99,-0.099,0.79
2,"xotask","mediumSC","easy",0.435,-1,1,-99,-0.099,0.79
2,"xotask","mediumSC","easy",0.385,-1,1,-99,-0.099,0.79
2,"xotask","mediumSC","average",0.418,-1,0,-99,-0.099,0.79
2,"xotask","mediumSC","average",0.686,-1,1,-99,-0.099,0.79
2,"xotask","mediumSC","average",0.818,1,1,-99,-0.099,0.79
2,"xotask","mediumSC","hard",0.568,-1,0,-99,-0.099,0.79
2,"xotask","mediumSC","hard",0.468,-1,0,-99,-0.099,0.79
2,"xotask","mediumSC","average",0.519,1,0,-99,-0.099,0.79
2,"xotask","mediumSC","easy",0.535,-1,1,-99,-0.099,0.79
2,"xotask","mediumSC","hard",0.568,-1,1,-99,-0.099,0.79
2,"xotask","mediumSC","easy",0.436,-1,1,-99,-0.099,0.79
2,"xotask","mediumSC","average",0.452,1,1,-99,-0.099,0.79
2,"xotask","mediumSC","average",0.585,-1,1,-99,-0.099,0.79
2,"xotask","mediumSC","hard",0.435,-1,1,-99,-0.099,0.79
2,"xotask","mediumSC","average",0.552,1,1,-99,-0.099,0.79
2,"xotask","mediumSC","average",0.369,1,1,-99,-0.099,0.81
2,"xotask","mediumSC","hard",0.418,1,1,-99,-0.099,0.81
2,"xotask","mediumSC","average",0.519,-1,1,-99,-0.099,0.81
2,"xotask","mediumSC","average",0.569,-1,1,-99,-0.099,0.81
2,"xotask","mediumSC","easy",0.369,1,1,-99,-0.099,0.81
2,"xotask","mediumSC","easy",0.468,-1,1,-99,-0.099,0.81
2,"xotask","mediumSC","easy",0.484,-1,1,-99,-0.099,0.81
2,"xotask","mediumSC","average",0.602,1,0,-99,-0.099,0.81
2,"xotask","mediumSC","hard",0.602,-1,1,-99,-0.099,0.81
2,"xotask","mediumSC","average",0.434,-1,1,-99,-0.099,0.81
2,"xotask","mediumSC","easy",0.501,1,1,-99,-0.099,0.81
2,"xotask","mediumSC","hard",0.617,1,1,-99,-0.099,0.81
2,"xotask","mediumSC","easy",0.568,1,1,-99,-0.099,0.81
2,"xotask","mediumSC","easy",0.368,-1,1,-99,-0.099,0.81
2,"xotask","mediumSC","average",0.401,-1,1,-99,-0.099,0.81
2,"xotask","mediumSC","easy",0.552,-1,1,-99,-0.099,0.81
2,"xotask","mediumSC","easy",0.435,-1,1,-99,-0.099,0.81
2,"xotask","mediumSC","hard",0.469,1,0,-99,-0.099,0.81
2,"xotask","mediumSC","average",0.468,1,1,-99,-0.099,0.81
2,"xotask","mediumSC","easy",0.418,1,1,-99,-0.099,0.81
2,"xotask","mediumSC","average",0.434,-1,1,-99,-0.099,0.81
2,"xotask","mediumSC","easy",0.435,-1,1,-99,-0.099,0.81
2,"xotask","mediumSC","hard",0.402,1,1,-99,-0.099,0.81
2,"xotask","mediumSC","easy",0.435,1,1,-99,-0.099,0.81
2,"xotask","mediumSC","hard",0.518,-1,1,-99,-0.099,0.69
2,"xotask","mediumSC","easy",0.468,-1,1,-99,-0.099,0.69
2,"xotask","mediumSC","average",0.434,1,1,-99,-0.099,0.69
2,"xotask","mediumSC","hard",0.702,-1,0,-99,-0.099,0.69
2,"xotask","mediumSC","average",0.451,1,1,-99,-0.099,0.69
2,"xotask","mediumSC","average",0.535,-1,1,-99,-0.099,0.69
2,"xotask","mediumSC","hard",0.853,-1,0,-99,-0.099,0.69
2,"xotask","mediumSC","hard",0.634,-1,1,-99,-0.099,0.69
2,"xotask","mediumSC","easy",0.485,1,1,-99,-0.099,0.69
2,"xotask","mediumSC","easy",0.434,1,1,-99,-0.099,0.69
2,"xotask","mediumSC","hard",0.435,1,1,-99,-0.099,0.69
2,"xotask","mediumSC","easy",0.434,-1,1,-99,-0.099,0.69
2,"xotask","mediumSC","easy",0.534,1,1,-99,-0.099,0.69
2,"xotask","mediumSC","easy",0.451,1,1,-99,-0.099,0.69
2,"xotask","mediumSC","easy",0.418,1,1,-99,-0.099,0.69
2,"xotask","mediumSC","hard",0.469,-1,0,-99,-0.099,0.69
2,"xotask","mediumSC","hard",0.551,-1,1,-99,-0.099,0.69
2,"xotask","mediumSC","hard",0.802,-1,1,-99,-0.099,0.69
2,"xotask","mediumSC","easy",0.518,1,0,-99,-0.099,0.69
2,"xotask","mediumSC","hard",0.568,1,0,-99,-0.099,0.69
2,"xotask","mediumSC","average",0.468,-1,0,-99,-0.099,0.69
2,"xotask","mediumSC","easy",0.468,1,1,-99,-0.099,0.69
2,"xotask","mediumSC","hard",0.502,-1,1,-99,-0.099,0.69
2,"xotask","mediumSC","average",0.351,1,1,-99,-0.099,0.69
2,"dotcolour","lowSC","average",1.92,1,1,-99,-0.099,0.68
2,"dotcolour","lowSC","average",0.685,-1,1,-99,-0.099,0.68
2,"dotcolour","lowSC","hard",0.635,-1,0,-99,-0.099,0.68
2,"dotcolour","lowSC","hard",0.669,-1,1,-99,-0.099,0.68
2,"dotcolour","lowSC","hard",0.669,1,1,-99,-0.099,0.68
2,"dotcolour","lowSC","easy",0.468,1,1,-99,-0.099,0.68
2,"dotcolour","lowSC","hard",0.418,-1,1,-99,-0.099,0.68
2,"dotcolour","lowSC","hard",0.484,-1,0,-99,-0.099,0.68
2,"dotcolour","lowSC","average",0.402,-1,1,-99,-0.099,0.68
2,"dotcolour","lowSC","average",0.568,1,1,-99,-0.099,0.68
2,"dotcolour","lowSC","hard",0.451,-1,0,-99,-0.099,0.68
2,"dotcolour","lowSC","easy",0.452,-1,1,-99,-0.099,0.68
2,"dotcolour","lowSC","easy",0.635,-1,1,-99,-0.099,0.68
2,"dotcolour","lowSC","average",0.401,1,1,-99,-0.099,0.68
2,"dotcolour","lowSC","hard",0.468,-1,1,-99,-0.099,0.68
2,"dotcolour","lowSC","hard",0.468,-1,0,-99,-0.099,0.68
2,"dotcolour","lowSC","easy",0.468,1,1,-99,-0.099,0.68
2,"dotcolour","lowSC","hard",0.467,-1,0,-99,-0.099,0.68
2,"dotcolour","lowSC","hard",0.502,-1,0,-99,-0.099,0.68
2,"dotcolour","lowSC","average",0.468,1,1,-99,-0.099,0.68
2,"dotcolour","lowSC","hard",0.401,1,1,-99,-0.099,0.68
2,"dotcolour","lowSC","hard",0.585,-1,1,-99,-0.099,0.68
2,"dotcolour","lowSC","easy",0.385,1,1,-99,-0.099,0.68
2,"dotcolour","lowSC","easy",0.419,1,1,-99,-0.099,0.68
2,"dotcolour","lowSC","hard",0.602,1,1,-99,-0.099,0.6
2,"dotcolour","lowSC","easy",0.434,1,1,-99,-0.099,0.6
2,"dotcolour","lowSC","easy",0.367,1,1,-99,-0.099,0.6
2,"dotcolour","lowSC","average",0.419,-1,1,-99,-0.099,0.6
2,"dotcolour","lowSC","average",0.401,-1,1,-99,-0.099,0.6
2,"dotcolour","lowSC","easy",0.603,1,1,-99,-0.099,0.6
2,"dotcolour","lowSC","easy",0.418,1,0,-99,-0.099,0.6
2,"dotcolour","lowSC","easy",0.402,1,1,-99,-0.099,0.6
2,"dotcolour","lowSC","average",0.402,-1,1,-99,-0.099,0.6
2,"dotcolour","lowSC","average",0.418,-1,1,-99,-0.099,0.6
2,"dotcolour","lowSC","average",0.351,-1,1,-99,-0.099,0.6
2,"dotcolour","lowSC","hard",0.351,-1,0,-99,-0.099,0.6
2,"dotcolour","lowSC","hard",0.785,1,0,-99,-0.099,0.6
2,"dotcolour","lowSC","hard",0.469,-1,1,-99,-0.099,0.6
2,"dotcolour","lowSC","average",0.368,1,1,-99,-0.099,0.6
2,"dotcolour","lowSC","hard",0.468,-1,1,-99,-0.099,0.6
2,"dotcolour","lowSC","average",0.434,-1,1,-99,-0.099,0.6
2,"dotcolour","lowSC","easy",0.452,-1,1,-99,-0.099,0.6
2,"dotcolour","lowSC","average",0.434,-1,1,-99,-0.099,0.6
2,"dotcolour","lowSC","easy",0.469,1,1,-99,-0.099,0.6
2,"dotcolour","lowSC","easy",0.402,1,1,-99,-0.099,0.6
2,"dotcolour","lowSC","average",0.402,-1,1,-99,-0.099,0.6
2,"dotcolour","lowSC","average",0.435,1,1,-99,-0.099,0.6
2,"dotcolour","lowSC","easy",0.402,1,1,-99,-0.099,0.6
2,"dotcolour","lowSC","hard",0.385,-1,0,-99,-0.099,0.57
2,"dotcolour","lowSC","hard",0.569,-1,0,-99,-0.099,0.57
2,"dotcolour","lowSC","hard",0.653,-1,1,-99,-0.099,0.57
2,"dotcolour","lowSC","easy",0.485,-1,1,-99,-0.099,0.57
2,"dotcolour","lowSC","hard",0.601,1,0,-99,-0.099,0.57
2,"dotcolour","lowSC","average",0.384,1,1,-99,-0.099,0.57
2,"dotcolour","lowSC","hard",0.617,1,1,-99,-0.099,0.57
2,"dotcolour","lowSC","average",0.585,-1,1,-99,-0.099,0.57
2,"dotcolour","lowSC","hard",0.484,-1,1,-99,-0.099,0.57
2,"dotcolour","lowSC","average",0.453,-1,1,-99,-0.099,0.57
2,"dotcolour","lowSC","average",0.469,-1,1,-99,-0.099,0.57
2,"dotcolour","lowSC","average",0.586,-1,1,-99,-0.099,0.57
2,"dotcolour","lowSC","hard",0.969,1,1,-99,-0.099,0.57
2,"dotcolour","lowSC","easy",0.501,-1,1,-99,-0.099,0.57
2,"dotcolour","lowSC","average",0.551,1,1,-99,-0.099,0.57
2,"dotcolour","lowSC","hard",0.468,1,1,-99,-0.099,0.57
2,"dotcolour","lowSC","hard",0.569,1,0,-99,-0.099,0.57
2,"dotcolour","lowSC","easy",0.468,1,0,-99,-0.099,0.57
2,"dotcolour","lowSC","average",0.768,-1,1,-99,-0.099,0.57
2,"dotcolour","lowSC","hard",0.885,-1,0,-99,-0.099,0.57
2,"dotcolour","lowSC","hard",0.885,1,1,-99,-0.099,0.57
2,"dotcolour","lowSC","easy",0.501,1,1,-99,-0.099,0.57
2,"dotcolour","lowSC","hard",1.103,1,0,-99,-0.099,0.57
2,"dotcolour","lowSC","easy",0.634,-1,1,-99,-0.099,0.57
2,"dotcolour","lowSC","hard",0.702,1,1,-99,-0.099,0.66
2,"dotcolour","lowSC","hard",0.535,1,1,-99,-0.099,0.66
2,"dotcolour","lowSC","hard",0.585,1,1,-99,-0.099,0.66
2,"dotcolour","lowSC","hard",0.752,-1,1,-99,-0.099,0.66
2,"dotcolour","lowSC","hard",0.652,1,0,-99,-0.099,0.66
2,"dotcolour","lowSC","average",0.686,1,1,-99,-0.099,0.66
2,"dotcolour","lowSC","easy",0.534,-1,1,-99,-0.099,0.66
2,"dotcolour","lowSC","average",0.536,1,1,-99,-0.099,0.66
2,"dotcolour","lowSC","easy",0.552,1,1,-99,-0.099,0.66
2,"dotcolour","lowSC","easy",0.435,1,1,-99,-0.099,0.66
2,"dotcolour","lowSC","average",0.335,1,1,-99,-0.099,0.66
2,"dotcolour","lowSC","average",0.467,-1,1,-99,-0.099,0.66
2,"dotcolour","lowSC","average",0.535,1,1,-99,-0.099,0.66
2,"dotcolour","lowSC","easy",0.468,1,1,-99,-0.099,0.66
2,"dotcolour","lowSC","easy",0.452,1,1,-99,-0.099,0.66
2,"dotcolour","lowSC","average",0.434,1,1,-99,-0.099,0.66
2,"dotcolour","lowSC","average",0.652,-1,1,-99,-0.099,0.66
2,"dotcolour","lowSC","easy",0.618,-1,1,-99,-0.099,0.66
2,"dotcolour","lowSC","average",0.536,-1,1,-99,-0.099,0.66
2,"dotcolour","lowSC","easy",0.368,-1,1,-99,-0.099,0.66
2,"dotcolour","lowSC","hard",0.434,1,1,-99,-0.099,0.66
2,"dotcolour","lowSC","easy",0.502,-1,1,-99,-0.099,0.66
2,"dotcolour","lowSC","average",0.468,-1,1,-99,-0.099,0.66
2,"dotcolour","lowSC","easy",0.451,-1,1,-99,-0.099,0.66
2,"dotcolour","lowSC","average",0.451,1,1,-99,-0.099,0.61
2,"dotcolour","lowSC","average",0.403,-1,1,-99,-0.099,0.61
2,"dotcolour","lowSC","average",0.485,1,1,-99,-0.099,0.61
2,"dotcolour","lowSC","hard",0.651,-1,1,-99,-0.099,0.61
2,"dotcolour","lowSC","hard",0.653,-1,1,-99,-0.099,0.61
2,"dotcolour","lowSC","average",0.419,-1,1,-99,-0.099,0.61
2,"dotcolour","lowSC","average",0.602,-1,1,-99,-0.099,0.61
2,"dotcolour","lowSC","easy",0.435,-1,1,-99,-0.099,0.61
2,"dotcolour","lowSC","average",0.485,1,1,-99,-0.099,0.61
2,"dotcolour","lowSC","average",0.552,-1,1,-99,-0.099,0.61
2,"dotcolour","lowSC","hard",0.618,1,0,-99,-0.099,0.61
2,"dotcolour","lowSC","hard",0.718,1,1,-99,-0.099,0.61
2,"dotcolour","lowSC","average",0.451,1,1,-99,-0.099,0.61
2,"dotcolour","lowSC","average",0.451,1,0,-99,-0.099,0.61
2,"dotcolour","lowSC","hard",0.902,1,1,-99,-0.099,0.61
2,"dotcolour","lowSC","hard",0.485,1,1,-99,-0.099,0.61
2,"dotcolour","lowSC","hard",0.435,1,1,-99,-0.099,0.61
2,"dotcolour","lowSC","easy",0.385,1,1,-99,-0.099,0.61
2,"dotcolour","lowSC","easy",0.385,1,1,-99,-0.099,0.61
2,"dotcolour","lowSC","hard",0.534,1,1,-99,-0.099,0.61
2,"dotcolour","lowSC","hard",0.584,1,1,-99,-0.099,0.61
2,"dotcolour","lowSC","easy",1.185,1,1,-99,-0.099,0.61
2,"dotcolour","lowSC","average",0.686,1,0,-99,-0.099,0.61
2,"dotcolour","lowSC","hard",0.467,1,0,-99,-0.099,0.61
3,"xotask","lowSC","easy",0.802,-1,1,-99,-0.099,0.69
3,"xotask","lowSC","average",0.768,-1,1,-99,-0.099,0.69
3,"xotask","lowSC","hard",0.602,1,1,-99,-0.099,0.69
3,"xotask","lowSC","average",0.568,-1,1,-99,-0.099,0.69
3,"xotask","lowSC","easy",0.568,-1,1,-99,-0.099,0.69
3,"xotask","lowSC","hard",0.736,-1,1,-99,-0.099,0.69
3,"xotask","lowSC","hard",0.902,1,0,-99,-0.099,0.69
3,"xotask","lowSC","average",0.651,-1,1,-99,-0.099,0.69
3,"xotask","lowSC","hard",1.052,-1,0,-99,-0.099,0.69
3,"xotask","lowSC","hard",0.768,1,1,-99,-0.099,0.69
3,"xotask","lowSC","average",1.119,-1,1,-99,-0.099,0.69
3,"xotask","lowSC","easy",0.786,-1,1,-99,-0.099,0.69
3,"xotask","lowSC","hard",1.753,1,0,-99,-0.099,0.69
3,"xotask","lowSC","hard",1.953,-1,0,-99,-0.099,0.69
3,"xotask","lowSC","average",0.92,1,1,-99,-0.099,0.69
3,"xotask","lowSC","average",1.068,1,0,-99,-0.099,0.69
3,"xotask","lowSC","easy",0.702,-1,1,-99,-0.099,0.69
3,"xotask","lowSC","easy",0.6,-1,1,-99,-0.099,0.69
3,"xotask","lowSC","easy",0.535,1,1,-99,-0.099,0.69
3,"xotask","lowSC","hard",0.703,-1,0,-99,-0.099,0.69
3,"xotask","lowSC","easy",0.486,1,1,-99,-0.099,0.69
3,"xotask","lowSC","hard",0.569,-1,1,-99,-0.099,0.69
3,"xotask","lowSC","average",0.736,1,1,-99,-0.099,0.69
3,"xotask","lowSC","average",0.652,-1,0,-99,-0.099,0.69
3,"xotask","lowSC","average",0.535,-1,1,-99,-0.099,0.65
3,"xotask","lowSC","easy",0.668,-1,1,-99,-0.099,0.65
3,"xotask","lowSC","hard",0.685,1,1,-99,-0.099,0.65
3,"xotask","lowSC","hard",1.185,1,1,-99,-0.099,0.65
3,"xotask","lowSC","easy",0.551,-1,1,-99,-0.099,0.65
3,"xotask","lowSC","average",0.535,-1,1,-99,-0.099,0.65
3,"xotask","lowSC","hard",0.635,-1,0,-99,-0.099,0.65
3,"xotask","lowSC","average",0.702,-1,1,-99,-0.099,0.65
3,"xotask","lowSC","easy",0.568,1,1,-99,-0.099,0.65
3,"xotask","lowSC","hard",0.785,1,1,-99,-0.099,0.65
3,"xotask","lowSC","hard",0.584,1,0,-99,-0.099,0.65
3,"xotask","lowSC","easy",0.601,-1,1,-99,-0.099,0.65
3,"xotask","lowSC","easy",0.668,1,1,-99,-0.099,0.65
3,"xotask","lowSC","easy",0.602,-1,1,-99,-0.099,0.65
3,"xotask","lowSC","easy",0.985,1,0,-99,-0.099,0.65
3,"xotask","lowSC","hard",0.619,-1,1,-99,-0.099,0.65
3,"xotask","lowSC","average",0.802,1,1,-99,-0.099,0.65
3,"xotask","lowSC","easy",0.619,-1,1,-99,-0.099,0.65
3,"xotask","lowSC","easy",0.6,1,1,-99,-0.099,0.65
3,"xotask","lowSC","average",1.236,1,0,-99,-0.099,0.65
3,"xotask","lowSC","average",0.518,-1,0,-99,-0.099,0.65
3,"xotask","lowSC","average",0.568,-1,1,-99,-0.099,0.65
3,"xotask","lowSC","easy",0.535,-1,1,-99,-0.099,0.65
3,"xotask","lowSC","average",0.451,1,1,-99,-0.099,0.65
3,"xotask","lowSC","easy",0.452,-1,1,-99,-0.099,0.66
3,"xotask","lowSC","average",0.518,-1,1,-99,-0.099,0.66
3,"xotask","lowSC","hard",1.084,1,1,-99,-0.099,0.66
3,"xotask","lowSC","hard",0.802,1,1,-99,-0.099,0.66
3,"xotask","lowSC","average",0.551,-1,1,-99,-0.099,0.66
3,"xotask","lowSC","easy",0.618,1,1,-99,-0.099,0.66
3,"xotask","lowSC","average",0.535,1,1,-99,-0.099,0.66
3,"xotask","lowSC","hard",0.501,-1,1,-99,-0.099,0.66
3,"xotask","lowSC","easy",0.401,1,1,-99,-0.099,0.66
3,"xotask","lowSC","hard",0.519,1,1,-99,-0.099,0.66
3,"xotask","lowSC","hard",0.552,1,0,-99,-0.099,0.66
3,"xotask","lowSC","hard",0.936,-1,1,-99,-0.099,0.66
3,"xotask","lowSC","average",1.903,1,0,-99,-0.099,0.66
3,"xotask","lowSC","hard",0.502,-1,1,-99,-0.099,0.66
3,"xotask","lowSC","average",0.535,-1,1,-99,-0.099,0.66
3,"xotask","lowSC","average",0.485,-1,1,-99,-0.099,0.66
3,"xotask","lowSC","easy",0.584,1,1,-99,-0.099,0.66
3,"xotask","lowSC","average",0.551,-1,1,-99,-0.099,0.66
3,"xotask","lowSC","average",0.535,1,1,-99,-0.099,0.66
3,"xotask","lowSC","average",0.618,1,1,-99,-0.099,0.66
3,"xotask","lowSC","hard",0.467,1,1,-99,-0.099,0.66
3,"xotask","lowSC","easy",0.452,-1,1,-99,-0.099,0.66
3,"xotask","lowSC","hard",0.818,1,1,-99,-0.099,0.66
3,"xotask","lowSC","easy",0.418,-1,1,-99,-0.099,0.66
3,"xotask","lowSC","hard",0.568,1,1,-99,-0.099,0.56
3,"xotask","lowSC","easy",0.419,-1,1,-99,-0.099,0.56
3,"xotask","lowSC","average",0.485,-1,1,-99,-0.099,0.56
3,"xotask","lowSC","easy",0.435,1,1,-99,-0.099,0.56
3,"xotask","lowSC","average",0.501,1,1,-99,-0.099,0.56
3,"xotask","lowSC","easy",0.502,-1,1,-99,-0.099,0.56
3,"xotask","lowSC","easy",0.469,-1,1,-99,-0.099,0.56
3,"xotask","lowSC","hard",0.602,1,1,-99,-0.099,0.56
3,"xotask","lowSC","hard",0.469,1,1,-99,-0.099,0.56
3,"xotask","lowSC","easy",0.451,1,1,-99,-0.099,0.56
3,"xotask","lowSC","hard",0.869,1,1,-99,-0.099,0.56
3,"xotask","lowSC","hard",0.552,1,0,-99,-0.099,0.56
3,"xotask","lowSC","hard",1.136,1,1,-99,-0.099,0.56
3,"xotask","lowSC","easy",0.552,-1,1,-99,-0.099,0.56
3,"xotask","lowSC","easy",0.518,1,1,-99,-0.099,0.56
3,"xotask","lowSC","hard",0.869,1,0,-99,-0.099,0.56
3,"xotask","lowSC","hard",0.619,-1,1,-99,-0.099,0.56
3,"xotask","lowSC","average",0.535,-1,1,-99,-0.099,0.56
3,"xotask","lowSC","average",0.535,-1,1,-99,-0.099,0.56
3,"xotask","lowSC","easy",0.735,1,0,-99,-0.099,0.56
3,"xotask","lowSC","average",0.618,-1,1,-99,-0.099,0.56
3,"xotask","lowSC","hard",0.901,1,0,-99,-0.099,0.56
3,"xotask","lowSC","easy",0.585,1,1,-99,-0.099,0.56
3,"xotask","lowSC","easy",0.584,1,1,-99,-0.099,0.56
3,"xotask","lowSC","average",0.735,1,1,-99,-0.099,0.55
3,"xotask","lowSC","average",0.485,1,0,-99,-0.099,0.55
3,"xotask","lowSC","hard",0.784,1,1,-99,-0.099,0.55
3,"xotask","lowSC","hard",0.835,1,1,-99,-0.099,0.55
3,"xotask","lowSC","average",0.551,-1,0,-99,-0.099,0.55
3,"xotask","lowSC","hard",1.036,1,1,-99,-0.099,0.55
3,"xotask","lowSC","average",0.752,1,1,-99,-0.099,0.55
3,"xotask","lowSC","hard",0.686,-1,1,-99,-0.099,0.55
3,"xotask","lowSC","average",0.586,-1,1,-99,-0.099,0.55
3,"xotask","lowSC","average",0.601,1,1,-99,-0.099,0.55
3,"xotask","lowSC","hard",1.219,-1,1,-99,-0.099,0.55
3,"xotask","lowSC","easy",0.551,1,1,-99,-0.099,0.55
3,"xotask","lowSC","hard",0.852,-1,0,-99,-0.099,0.55
3,"xotask","lowSC","hard",0.418,1,1,-99,-0.099,0.55
3,"xotask","lowSC","average",0.652,1,1,-99,-0.099,0.55
3,"xotask","lowSC","hard",0.535,-1,1,-99,-0.099,0.55
3,"xotask","lowSC","easy",0.768,-1,1,-99,-0.099,0.55
3,"xotask","lowSC","easy",0.551,1,1,-99,-0.099,0.55
3,"xotask","lowSC","easy",0.618,-1,1,-99,-0.099,0.55
3,"xotask","lowSC","average",0.586,1,1,-99,-0.099,0.55
3,"xotask","lowSC","average",0.685,-1,1,-99,-0.099,0.55
3,"xotask","lowSC","hard",0.718,-1,0,-99,-0.099,0.55
3,"xotask","lowSC","easy",0.535,1,1,-99,-0.099,0.55
3,"xotask","lowSC","hard",0.684,-1,1,-99,-0.099,0.55
3,"dotcolour","highSC","average",0.552,1,1,-99,-0.099,0.89
3,"dotcolour","highSC","average",0.434,-1,1,-99,-0.099,0.89
3,"dotcolour","highSC","hard",0.435,-1,1,-99,-0.099,0.89
3,"dotcolour","highSC","average",0.45,1,1,-99,-0.099,0.89
3,"dotcolour","highSC","hard",0.435,-1,0,-99,-0.099,0.89
3,"dotcolour","highSC","average",0.484,1,0,-99,-0.099,0.89
3,"dotcolour","highSC","hard",0.819,1,1,-99,-0.099,0.89
3,"dotcolour","highSC","hard",0.685,-1,1,-99,-0.099,0.89
3,"dotcolour","highSC","hard",0.735,1,1,-99,-0.099,0.89
3,"dotcolour","highSC","hard",0.451,-1,1,-99,-0.099,0.89
3,"dotcolour","highSC","easy",0.451,1,1,-99,-0.099,0.89
3,"dotcolour","highSC","average",0.434,1,1,-99,-0.099,0.89
3,"dotcolour","highSC","hard",0.852,-1,0,-99,-0.099,0.89
3,"dotcolour","highSC","average",0.518,-1,1,-99,-0.099,0.89
3,"dotcolour","highSC","easy",0.435,1,1,-99,-0.099,0.89
3,"dotcolour","highSC","easy",0.418,1,1,-99,-0.099,0.89
3,"dotcolour","highSC","easy",0.484,-1,1,-99,-0.099,0.89
3,"dotcolour","highSC","average",0.618,-1,1,-99,-0.099,0.89
3,"dotcolour","highSC","easy",0.652,1,1,-99,-0.099,0.89
3,"dotcolour","highSC","hard",0.635,-1,0,-99,-0.099,0.89
3,"dotcolour","highSC","average",0.485,1,1,-99,-0.099,0.89
3,"dotcolour","highSC","average",0.402,-1,1,-99,-0.099,0.89
3,"dotcolour","highSC","average",0.451,1,0,-99,-0.099,0.89
3,"dotcolour","highSC","hard",0.668,-1,1,-99,-0.099,0.89
3,"dotcolour","highSC","easy",0.535,1,1,-99,-0.099,0.83
3,"dotcolour","highSC","easy",0.601,1,1,-99,-0.099,0.83
3,"dotcolour","highSC","average",0.735,1,1,-99,-0.099,0.83
3,"dotcolour","highSC","hard",0.835,-1,1,-99,-0.099,0.83
3,"dotcolour","highSC","average",0.902,1,1,-99,-0.099,0.83
3,"dotcolour","highSC","hard",0.569,-1,0,-99,-0.099,0.83
3,"dotcolour","highSC","average",0.485,1,1,-99,-0.099,0.83
3,"dotcolour","highSC","average",0.419,-1,1,-99,-0.099,0.83
3,"dotcolour","highSC","hard",0.568,-1,0,-99,-0.099,0.83
3,"dotcolour","highSC","easy",0.568,-1,1,-99,-0.099,0.83
3,"dotcolour","highSC","easy",0.485,1,1,-99,-0.099,0.83
3,"dotcolour","highSC","easy",0.468,1,1,-99,-0.099,0.83
3,"dotcolour","highSC","average",0.786,-1,1,-99,-0.099,0.83
3,"dotcolour","highSC","hard",0.584,1,0,-99,-0.099,0.83
3,"dotcolour","highSC","easy",0.468,-1,1,-99,-0.099,0.83
3,"dotcolour","highSC","hard",0.552,-1,1,-99,-0.099,0.83
3,"dotcolour","highSC","average",0.685,1,1,-99,-0.099,0.83
3,"dotcolour","highSC","hard",0.519,-1,1,-99,-0.099,0.83
3,"dotcolour","highSC","easy",0.435,1,1,-99,-0.099,0.83
3,"dotcolour","highSC","average",0.485,-1,1,-99,-0.099,0.83
3,"dotcolour","highSC","easy",0.518,-1,1,-99,-0.099,0.83
3,"dotcolour","highSC","average",0.501,-1,1,-99,-0.099,0.83
3,"dotcolour","highSC","average",0.618,1,1,-99,-0.099,0.83
3,"dotcolour","highSC","easy",0.434,-1,1,-99,-0.099,0.83
3,"dotcolour","highSC","hard",0.752,1,1,-99,-0.099,0.92
3,"dotcolour","highSC","average",0.485,-1,1,-99,-0.099,0.92
3,"dotcolour","highSC","easy",0.502,1,1,-99,-0.099,0.92
3,"dotcolour","highSC","average",0.534,-1,1,-99,-0.099,0.92
3,"dotcolour","highSC","easy",0.502,1,1,-99,-0.099,0.92
3,"dotcolour","highSC","average",0.484,-1,1,-99,-0.099,0.92
3,"dotcolour","highSC","hard",0.685,1,1,-99,-0.099,0.92
3,"dotcolour","highSC","average",0.368,-1,1,-99,-0.099,0.92
3,"dotcolour","highSC","hard",0.602,-1,1,-99,-0.099,0.92
3,"dotcolour","highSC","hard",0.752,-1,1,-99,-0.099,0.92
3,"dotcolour","highSC","easy",0.402,1,1,-99,-0.099,0.92
3,"dotcolour","highSC","hard",0.585,-1,1,-99,-0.099,0.92
3,"dotcolour","highSC","average",0.669,1,1,-99,-0.099,0.92
3,"dotcolour","highSC","average",0.602,1,1,-99,-0.099,0.92
3,"dotcolour","highSC","hard",0.719,1,1,-99,-0.099,0.92
3,"dotcolour","highSC","easy",0.485,-1,1,-99,-0.099,0.92
3,"dotcolour","highSC","average",0.501,-1,0,-99,-0.099,0.92
3,"dotcolour","highSC","average",0.652,-1,0,-99,-0.099,0.92
3,"dotcolour","highSC","average",0.568,1,1,-99,-0.099,0.92
3,"dotcolour","highSC","easy",0.718,1,1,-99,-0.099,0.92
3,"dotcolour","highSC","average",0.469,-1,1,-99,-0.099,0.92
3,"dotcolour","highSC","easy",0.585,-1,1,-99,-0.099,0.92
3,"dotcolour","highSC","easy",0.385,-1,1,-99,-0.099,0.92
3,"dotcolour","highSC","hard",0.452,1,1,-99,-0.099,0.92
3,"dotcolour","highSC","hard",0.451,1,0,-99,-0.099,0.98
3,"dotcolour","highSC","easy",0.435,-1,0,-99,-0.099,0.98
3,"dotcolour","highSC","average",0.669,-1,1,-99,-0.099,0.98
3,"dotcolour","highSC","easy",0.484,-1,1,-99,-0.099,0.98
3,"dotcolour","highSC","easy",0.352,1,1,-99,-0.099,0.98
3,"dotcolour","highSC","hard",0.469,-1,0,-99,-0.099,0.98
3,"dotcolour","highSC","average",0.469,-1,1,-99,-0.099,0.98
3,"dotcolour","highSC","hard",0.468,-1,0,-99,-0.099,0.98
3,"dotcolour","highSC","average",0.585,-1,1,-99,-0.099,0.98
3,"dotcolour","highSC","hard",0.986,-1,1,-99,-0.099,0.98
3,"dotcolour","highSC","average",0.517,-1,1,-99,-0.099,0.98
3,"dotcolour","highSC","easy",0.485,-1,1,-99,-0.099,0.98
3,"dotcolour","highSC","hard",1.302,1,1,-99,-0.099,0.98
3,"dotcolour","highSC","average",0.6,1,1,-99,-0.099,0.98
3,"dotcolour","highSC","easy",0.485,-1,1,-99,-0.099,0.98
3,"dotcolour","highSC","hard",0.451,-1,0,-99,-0.099,0.98
3,"dotcolour","highSC","easy",0.468,-1,1,-99,-0.099,0.98
3,"dotcolour","highSC","average",0.402,1,1,-99,-0.099,0.98
3,"dotcolour","highSC","hard",1.002,-1,0,-99,-0.099,0.98
3,"dotcolour","highSC","hard",0.568,-1,1,-99,-0.099,0.98
3,"dotcolour","highSC","easy",0.602,1,1,-99,-0.099,0.98
3,"dotcolour","highSC","average",0.485,-1,1,-99,-0.099,0.98
3,"dotcolour","highSC","hard",0.468,-1,1,-99,-0.099,0.98
3,"dotcolour","highSC","average",0.535,-1,1,-99,-0.099,0.98
3,"dotcolour","highSC","hard",0.301,1,1,-99,-0.099,0.85
3,"dotcolour","highSC","hard",1.252,1,1,-99,-0.099,0.85
3,"dotcolour","highSC","hard",0.769,1,1,-99,-0.099,0.85
3,"dotcolour","highSC","hard",0.435,-1,1,-99,-0.099,0.85
3,"dotcolour","highSC","easy",0.552,-1,1,-99,-0.099,0.85
3,"dotcolour","highSC","easy",0.435,-1,1,-99,-0.099,0.85
3,"dotcolour","highSC","average",0.618,1,1,-99,-0.099,0.85
3,"dotcolour","highSC","easy",0.501,1,1,-99,-0.099,0.85
3,"dotcolour","highSC","hard",1.185,1,0,-99,-0.099,0.85
3,"dotcolour","highSC","average",0.552,1,1,-99,-0.099,0.85
3,"dotcolour","highSC","easy",0.618,1,1,-99,-0.099,0.85
3,"dotcolour","highSC","easy",0.435,1,1,-99,-0.099,0.85
3,"dotcolour","highSC","average",0.585,1,1,-99,-0.099,0.85
3,"dotcolour","highSC","average",0.586,1,1,-99,-0.099,0.85
3,"dotcolour","highSC","hard",0.618,-1,1,-99,-0.099,0.85
3,"dotcolour","highSC","hard",0.751,1,1,-99,-0.099,0.85
3,"dotcolour","highSC","hard",0.519,1,1,-99,-0.099,0.85
3,"dotcolour","highSC","easy",0.485,1,1,-99,-0.099,0.85
3,"dotcolour","highSC","easy",0.518,-1,1,-99,-0.099,0.85
3,"dotcolour","highSC","hard",0.817,1,1,-99,-0.099,0.85
3,"dotcolour","highSC","average",0.886,-1,1,-99,-0.099,0.85
3,"dotcolour","highSC","hard",0.618,-1,1,-99,-0.099,0.85
3,"dotcolour","highSC","hard",0.568,1,1,-99,-0.099,0.85
3,"dotcolour","highSC","easy",0.451,1,1,-99,-0.099,0.85
3,"dotnumber","mediumSC","hard",0.62,1,1,-99,-0.099,0.72
3,"dotnumber","mediumSC","average",0.568,1,0,-99,-0.099,0.72
3,"dotnumber","mediumSC","average",0.652,1,0,-99,-0.099,0.72
3,"dotnumber","mediumSC","hard",0.385,1,1,-99,-0.099,0.72
3,"dotnumber","mediumSC","average",0.419,1,1,-99,-0.099,0.72
3,"dotnumber","mediumSC","easy",0.535,1,1,-99,-0.099,0.72
3,"dotnumber","mediumSC","average",0.484,1,1,-99,-0.099,0.72
3,"dotnumber","mediumSC","average",0.518,-1,1,-99,-0.099,0.72
3,"dotnumber","mediumSC","easy",0.467,1,1,-99,-0.099,0.72
3,"dotnumber","mediumSC","hard",0.468,1,1,-99,-0.099,0.72
3,"dotnumber","mediumSC","hard",0.518,1,1,-99,-0.099,0.72
3,"dotnumber","mediumSC","hard",0.401,-1,1,-99,-0.099,0.72
3,"dotnumber","mediumSC","average",0.569,1,1,-99,-0.099,0.72
3,"dotnumber","mediumSC","hard",0.468,1,1,-99,-0.099,0.72
3,"dotnumber","mediumSC","easy",0.417,1,0,-99,-0.099,0.72
3,"dotnumber","mediumSC","hard",0.619,-1,1,-99,-0.099,0.72
3,"dotnumber","mediumSC","hard",0.752,-1,1,-99,-0.099,0.72
3,"dotnumber","mediumSC","easy",0.485,-1,1,-99,-0.099,0.72
3,"dotnumber","mediumSC","average",0.403,1,1,-99,-0.099,0.72
3,"dotnumber","mediumSC","average",1.386,1,0,-99,-0.099,0.72
3,"dotnumber","mediumSC","average",0.785,-1,0,-99,-0.099,0.72
3,"dotnumber","mediumSC","easy",0.419,1,1,-99,-0.099,0.72
3,"dotnumber","mediumSC","average",0.501,1,1,-99,-0.099,0.72
3,"dotnumber","mediumSC","average",0.519,1,1,-99,-0.099,0.72
3,"dotnumber","mediumSC","average",0.469,-1,1,-99,-0.099,0.7
3,"dotnumber","mediumSC","average",0.485,-1,1,-99,-0.099,0.7
3,"dotnumber","mediumSC","average",0.668,-1,1,-99,-0.099,0.7
3,"dotnumber","mediumSC","average",0.651,1,1,-99,-0.099,0.7
3,"dotnumber","mediumSC","easy",0.451,-1,1,-99,-0.099,0.7
3,"dotnumber","mediumSC","hard",0.519,-1,0,-99,-0.099,0.7
3,"dotnumber","mediumSC","hard",0.718,-1,1,-99,-0.099,0.7
3,"dotnumber","mediumSC","easy",0.454,1,1,-99,-0.099,0.7
3,"dotnumber","mediumSC","easy",0.452,-1,1,-99,-0.099,0.7
3,"dotnumber","mediumSC","easy",0.451,-1,1,-99,-0.099,0.7
3,"dotnumber","mediumSC","easy",0.451,1,1,-99,-0.099,0.7
3,"dotnumber","mediumSC","hard",0.419,-1,1,-99,-0.099,0.7
3,"dotnumber","mediumSC","hard",0.485,1,1,-99,-0.099,0.7
3,"dotnumber","mediumSC","hard",0.384,-1,0,-99,-0.099,0.7
3,"dotnumber","mediumSC","average",0.419,1,1,-99,-0.099,0.7
3,"dotnumber","mediumSC","average",0.401,1,0,-99,-0.099,0.7
3,"dotnumber","mediumSC","average",0.502,-1,0,-99,-0.099,0.7
3,"dotnumber","mediumSC","hard",0.485,1,1,-99,-0.099,0.7
3,"dotnumber","mediumSC","average",0.501,-1,0,-99,-0.099,0.7
3,"dotnumber","mediumSC","hard",0.384,-1,0,-99,-0.099,0.7
3,"dotnumber","mediumSC","easy",0.419,-1,1,-99,-0.099,0.7
3,"dotnumber","mediumSC","average",0.418,-1,0,-99,-0.099,0.7
3,"dotnumber","mediumSC","hard",0.419,-1,1,-99,-0.099,0.7
3,"dotnumber","mediumSC","easy",0.685,1,1,-99,-0.099,0.7
3,"dotnumber","mediumSC","easy",0.368,-1,1,-99,-0.099,0.79
3,"dotnumber","mediumSC","average",0.435,-1,1,-99,-0.099,0.79
3,"dotnumber","mediumSC","easy",0.618,1,0,-99,-0.099,0.79
3,"dotnumber","mediumSC","average",0.485,-1,0,-99,-0.099,0.79
3,"dotnumber","mediumSC","hard",0.567,1,1,-99,-0.099,0.79
3,"dotnumber","mediumSC","hard",0.601,-1,1,-99,-0.099,0.79
3,"dotnumber","mediumSC","easy",0.669,1,0,-99,-0.099,0.79
3,"dotnumber","mediumSC","average",0.352,-1,1,-99,-0.099,0.79
3,"dotnumber","mediumSC","average",1.003,1,1,-99,-0.099,0.79
3,"dotnumber","mediumSC","hard",0.384,-1,0,-99,-0.099,0.79
3,"dotnumber","mediumSC","average",0.535,1,0,-99,-0.099,0.79
3,"dotnumber","mediumSC","hard",0.635,1,0,-99,-0.099,0.79
3,"dotnumber","mediumSC","hard",0.934,-1,1,-99,-0.099,0.79
3,"dotnumber","mediumSC","average",0.584,1,0,-99,-0.099,0.79
3,"dotnumber","mediumSC","easy",0.418,1,1,-99,-0.099,0.79
3,"dotnumber","mediumSC","easy",0.418,1,1,-99,-0.099,0.79
3,"dotnumber","mediumSC","easy",0.452,-1,1,-99,-0.099,0.79
3,"dotnumber","mediumSC","hard",0.618,1,0,-99,-0.099,0.79
3,"dotnumber","mediumSC","easy",0.537,-1,1,-99,-0.099,0.79
3,"dotnumber","mediumSC","easy",0.318,-1,1,-99,-0.099,0.79
3,"dotnumber","mediumSC","hard",0.434,-1,1,-99,-0.099,0.79
3,"dotnumber","mediumSC","average",0.518,-1,1,-99,-0.099,0.79
3,"dotnumber","mediumSC","hard",0.334,1,1,-99,-0.099,0.79
3,"dotnumber","mediumSC","easy",0.536,1,1,-99,-0.099,0.79
3,"dotnumber","mediumSC","average",0.518,-1,1,-99,-0.099,0.74
3,"dotnumber","mediumSC","easy",0.468,1,1,-99,-0.099,0.74
3,"dotnumber","mediumSC","hard",0.434,-1,0,-99,-0.099,0.74
3,"dotnumber","mediumSC","easy",0.485,-1,1,-99,-0.099,0.74
3,"dotnumber","mediumSC","easy",0.518,1,1,-99,-0.099,0.74
3,"dotnumber","mediumSC","hard",0.502,-1,0,-99,-0.099,0.74
3,"dotnumber","mediumSC","hard",0.869,1,0,-99,-0.099,0.74
3,"dotnumber","mediumSC","hard",0.418,1,0,-99,-0.099,0.74
3,"dotnumber","mediumSC","hard",0.568,1,0,-99,-0.099,0.74
3,"dotnumber","mediumSC","hard",0.652,1,0,-99,-0.099,0.74
3,"dotnumber","mediumSC","average",0.652,-1,0,-99,-0.099,0.74
3,"dotnumber","mediumSC","average",0.668,-1,1,-99,-0.099,0.74
3,"dotnumber","mediumSC","average",0.518,1,1,-99,-0.099,0.74
3,"dotnumber","mediumSC","average",0.401,1,1,-99,-0.099,0.74
3,"dotnumber","mediumSC","hard",0.518,1,0,-99,-0.099,0.74
3,"dotnumber","mediumSC","average",0.385,1,1,-99,-0.099,0.74
3,"dotnumber","mediumSC","average",0.351,-1,1,-99,-0.099,0.74
3,"dotnumber","mediumSC","average",0.435,1,1,-99,-0.099,0.74
3,"dotnumber","mediumSC","easy",0.469,-1,1,-99,-0.099,0.74
3,"dotnumber","mediumSC","hard",0.686,1,1,-99,-0.099,0.74
3,"dotnumber","mediumSC","hard",0.568,-1,0,-99,-0.099,0.74
3,"dotnumber","mediumSC","easy",0.468,1,1,-99,-0.099,0.74
3,"dotnumber","mediumSC","average",0.435,-1,1,-99,-0.099,0.74
3,"dotnumber","mediumSC","average",0.451,-1,1,-99,-0.099,0.74
3,"dotnumber","mediumSC","average",0.417,1,0,-99,-0.099,0.71
3,"dotnumber","mediumSC","hard",0.469,-1,1,-99,-0.099,0.71
3,"dotnumber","mediumSC","average",0.386,1,1,-99,-0.099,0.71
3,"dotnumber","mediumSC","easy",0.468,-1,1,-99,-0.099,0.71
3,"dotnumber","mediumSC","hard",0.502,1,1,-99,-0.099,0.71
3,"dotnumber","mediumSC","easy",0.518,1,0,-99,-0.099,0.71
3,"dotnumber","mediumSC","average",0.452,-1,1,-99,-0.099,0.71
3,"dotnumber","mediumSC","hard",0.584,-1,0,-99,-0.099,0.71
3,"dotnumber","mediumSC","easy",0.468,-1,1,-99,-0.099,0.71
3,"dotnumber","mediumSC","easy",0.518,-1,0,-99,-0.099,0.71
3,"dotnumber","mediumSC","easy",0.419,-1,1,-99,-0.099,0.71
3,"dotnumber","mediumSC","average",0.569,-1,1,-99,-0.099,0.71
3,"dotnumber","mediumSC","hard",0.585,-1,0,-99,-0.099,0.71
3,"dotnumber","mediumSC","hard",0.435,-1,0,-99,-0.099,0.71
3,"dotnumber","mediumSC","average",0.568,1,1,-99,-0.099,0.71
3,"dotnumber","mediumSC","hard",0.551,1,0,-99,-0.099,0.71
3,"dotnumber","mediumSC","average",0.518,1,1,-99,-0.099,0.71
3,"dotnumber","mediumSC","hard",0.519,1,1,-99,-0.099,0.71
3,"dotnumber","mediumSC","easy",0.368,-1,1,-99,-0.099,0.71
3,"dotnumber","mediumSC","hard",0.402,-1,1,-99,-0.099,0.71
3,"dotnumber","mediumSC","average",0.535,-1,1,-99,-0.099,0.71
3,"dotnumber","mediumSC","average",0.468,1,1,-99,-0.099,0.71
3,"dotnumber","mediumSC","easy",0.551,-1,1,-99,-0.099,0.71
3,"dotnumber","mediumSC","easy",0.585,1,1,-99,-0.099,0.71
4,"dotcolour","highSC","average",2.22,1,1,-99,-0.099,0.97
4,"dotcolour","highSC","hard",0.452,-1,0,-99,-0.099,0.97
4,"dotcolour","highSC","easy",0.519,-1,1,-99,-0.099,0.97
4,"dotcolour","highSC","average",0.651,-1,1,-99,-0.099,0.97
4,"dotcolour","highSC","average",1.319,-1,0,-99,-0.099,0.97
4,"dotcolour","highSC","easy",0.468,1,1,-99,-0.099,0.97
4,"dotcolour","highSC","easy",0.434,1,1,-99,-0.099,0.97
4,"dotcolour","highSC","easy",0.385,1,0,-99,-0.099,0.97
4,"dotcolour","highSC","easy",0.518,1,1,-99,-0.099,0.97
4,"dotcolour","highSC","hard",1.153,-1,1,-99,-0.099,0.97
4,"dotcolour","highSC","hard",0.569,-1,1,-99,-0.099,0.97
4,"dotcolour","highSC","easy",0.886,-1,1,-99,-0.099,0.97
4,"dotcolour","highSC","average",0.886,1,1,-99,-0.099,0.97
4,"dotcolour","highSC","average",0.467,-1,1,-99,-0.099,0.97
4,"dotcolour","highSC","hard",0.685,1,1,-99,-0.099,0.97
4,"dotcolour","highSC","hard",0.569,-1,1,-99,-0.099,0.97
4,"dotcolour","highSC","average",0.468,-1,1,-99,-0.099,0.97
4,"dotcolour","highSC","easy",0.668,-1,1,-99,-0.099,0.97
4,"dotcolour","highSC","hard",0.668,-1,1,-99,-0.099,0.97
4,"dotcolour","highSC","hard",0.535,-1,0,-99,-0.099,0.97
4,"dotcolour","highSC","hard",0.585,-1,0,-99,-0.099,0.97
4,"dotcolour","highSC","hard",0.536,-1,0,-99,-0.099,0.97
4,"dotcolour","highSC","hard",0.601,-1,1,-99,-0.099,0.97
4,"dotcolour","highSC","average",0.618,-1,1,-99,-0.099,0.97
4,"dotcolour","highSC","average",0.502,-1,1,-99,-0.099,0.83
4,"dotcolour","highSC","hard",0.918,1,1,-99,-0.099,0.83
4,"dotcolour","highSC","easy",0.453,-1,1,-99,-0.099,0.83
4,"dotcolour","highSC","easy",0.534,1,1,-99,-0.099,0.83
4,"dotcolour","highSC","hard",0.485,-1,0,-99,-0.099,0.83
4,"dotcolour","highSC","hard",0.902,-1,1,-99,-0.099,0.83
4,"dotcolour","highSC","hard",0.351,-1,1,-99,-0.099,0.83
4,"dotcolour","highSC","average",0.368,-1,1,-99,-0.099,0.83
4,"dotcolour","highSC","average",0.651,-1,1,-99,-0.099,0.83
4,"dotcolour","highSC","hard",0.352,-1,0,-99,-0.099,0.83
4,"dotcolour","highSC","easy",0.418,1,1,-99,-0.099,0.83
4,"dotcolour","highSC","hard",0.568,-1,1,-99,-0.099,0.83
4,"dotcolour","highSC","easy",0.569,-1,1,-99,-0.099,0.83
4,"dotcolour","highSC","easy",0.401,-1,1,-99,-0.099,0.83
4,"dotcolour","highSC","average",0.518,1,1,-99,-0.099,0.83
4,"dotcolour","highSC","hard",0.469,-1,1,-99,-0.099,0.83
4,"dotcolour","highSC","average",0.601,-1,1,-99,-0.099,0.83
4,"dotcolour","highSC","average",0.736,1,1,-99,-0.099,0.83
4,"dotcolour","highSC","hard",0.568,-1,1,-99,-0.099,0.83
4,"dotcolour","highSC","average",0.602,-1,0,-99,-0.099,0.83
4,"dotcolour","highSC","easy",0.586,-1,1,-99,-0.099,0.83
4,"dotcolour","highSC","average",0.569,-1,1,-99,-0.099,0.83
4,"dotcolour","highSC","easy",0.519,1,1,-99,-0.099,0.83
4,"dotcolour","highSC","average",0.702,-1,0,-99,-0.099,0.83
4,"dotcolour","highSC","average",0.501,1,1,-99,-0.099,0.94
4,"dotcolour","highSC","average",0.517,-1,1,-99,-0.099,0.94
4,"dotcolour","highSC","average",0.969,1,1,-99,-0.099,0.94
4,"dotcolour","highSC","hard",0.502,-1,0,-99,-0.099,0.94
4,"dotcolour","highSC","easy",0.501,-1,1,-99,-0.099,0.94
4,"dotcolour","highSC","easy",0.419,-1,1,-99,-0.099,0.94
4,"dotcolour","highSC","easy",0.552,1,1,-99,-0.099,0.94
4,"dotcolour","highSC","easy",0.502,-1,1,-99,-0.099,0.94
4,"dotcolour","highSC","hard",0.537,-1,1,-99,-0.099,0.94
4,"dotcolour","highSC","average",0.485,1,1,-99,-0.099,0.94
4,"dotcolour","highSC","easy",0.502,-1,1,-99,-0.099,0.94
4,"dotcolour","highSC","hard",0.719,-1,1,-99,-0.099,0.94
4,"dotcolour","highSC","easy",0.418,1,1,-99,-0.099,0.94
4,"dotcolour","highSC","hard",0.535,-1,1,-99,-0.099,0.94
4,"dotcolour","highSC","easy",0.551,1,0,-99,-0.099,0.94
4,"dotcolour","highSC","average",0.668,1,1,-99,-0.099,0.94
4,"dotcolour","highSC","hard",0.485,-1,1,-99,-0.099,0.94
4,"dotcolour","highSC","average",0.602,1,1,-99,-0.099,0.94
4,"dotcolour","highSC","average",0.468,-1,1,-99,-0.099,0.94
4,"dotcolour","highSC","hard",0.868,-1,1,-99,-0.099,0.94
4,"dotcolour","highSC","hard",0.768,1,0,-99,-0.099,0.94
4,"dotcolour","highSC","average",0.567,-1,1,-99,-0.099,0.94
4,"dotcolour","highSC","hard",0.769,1,1,-99,-0.099,0.94
4,"dotcolour","highSC","easy",0.719,1,1,-99,-0.099,0.94
4,"dotcolour","highSC","hard",0.735,-1,0,-99,-0.099,0.95
4,"dotcolour","highSC","easy",0.534,-1,1,-99,-0.099,0.95
4,"dotcolour","highSC","average",0.852,-1,1,-99,-0.099,0.95
4,"dotcolour","highSC","hard",0.619,1,1,-99,-0.099,0.95
4,"dotcolour","highSC","hard",0.518,-1,1,-99,-0.099,0.95
4,"dotcolour","highSC","average",0.517,1,1,-99,-0.099,0.95
4,"dotcolour","highSC","hard",0.467,-1,1,-99,-0.099,0.95
4,"dotcolour","highSC","easy",0.435,-1,1,-99,-0.099,0.95
4,"dotcolour","highSC","easy",0.484,1,1,-99,-0.099,0.95
4,"dotcolour","highSC","hard",0.485,-1,1,-99,-0.099,0.95
4,"dotcolour","highSC","easy",0.468,-1,1,-99,-0.099,0.95
4,"dotcolour","highSC","hard",0.568,1,0,-99,-0.099,0.95
4,"dotcolour","highSC","average",0.652,-1,0,-99,-0.099,0.95
4,"dotcolour","highSC","easy",0.401,-1,0,-99,-0.099,0.95
4,"dotcolour","highSC","easy",0.502,-1,1,-99,-0.099,0.95
4,"dotcolour","highSC","easy",0.568,1,1,-99,-0.099,0.95
4,"dotcolour","highSC","hard",0.484,-1,0,-99,-0.099,0.95
4,"dotcolour","highSC","average",0.602,-1,1,-99,-0.099,0.95
4,"dotcolour","highSC","hard",0.586,-1,0,-99,-0.099,0.95
4,"dotcolour","highSC","average",0.468,-1,1,-99,-0.099,0.95
4,"dotcolour","highSC","hard",0.469,-1,1,-99,-0.099,0.95
4,"dotcolour","highSC","hard",0.569,-1,0,-99,-0.099,0.95
4,"dotcolour","highSC","hard",0.518,-1,1,-99,-0.099,0.95
4,"dotcolour","highSC","hard",0.702,-1,1,-99,-0.099,0.95
4,"dotcolour","highSC","hard",0.668,-1,1,-99,-0.099,0.97
4,"dotcolour","highSC","hard",0.735,-1,0,-99,-0.099,0.97
4,"dotcolour","highSC","hard",0.535,1,1,-99,-0.099,0.97
4,"dotcolour","highSC","hard",0.585,-1,0,-99,-0.099,0.97
4,"dotcolour","highSC","hard",0.568,-1,0,-99,-0.099,0.97
4,"dotcolour","highSC","hard",0.601,-1,1,-99,-0.099,0.97
4,"dotcolour","highSC","average",0.484,-1,1,-99,-0.099,0.97
4,"dotcolour","highSC","easy",0.551,-1,1,-99,-0.099,0.97
4,"dotcolour","highSC","easy",0.586,-1,1,-99,-0.099,0.97
4,"dotcolour","highSC","hard",0.751,-1,0,-99,-0.099,0.97
4,"dotcolour","highSC","average",0.819,1,1,-99,-0.099,0.97
4,"dotcolour","highSC","easy",0.467,-1,1,-99,-0.099,0.97
4,"dotcolour","highSC","easy",0.651,-1,1,-99,-0.099,0.97
4,"dotcolour","highSC","average",0.534,1,1,-99,-0.099,0.97
4,"dotcolour","highSC","hard",0.535,-1,0,-99,-0.099,0.97
4,"dotcolour","highSC","easy",0.502,-1,1,-99,-0.099,0.97
4,"dotcolour","highSC","easy",0.384,-1,0,-99,-0.099,0.97
4,"dotcolour","highSC","average",0.851,1,1,-99,-0.099,0.97
4,"dotcolour","highSC","average",0.452,1,1,-99,-0.099,0.97
4,"dotcolour","highSC","average",0.451,-1,1,-99,-0.099,0.97
4,"dotcolour","highSC","easy",0.468,1,1,-99,-0.099,0.97
4,"dotcolour","highSC","easy",0.435,-1,0,-99,-0.099,0.97
4,"dotcolour","highSC","hard",0.501,-1,1,-99,-0.099,0.97
4,"dotcolour","highSC","hard",0.485,-1,0,-99,-0.099,0.97
4,"dotnumber","mediumSC","hard",0.735,-1,0,-99,-0.099,0.81
4,"dotnumber","mediumSC","average",0.769,-1,0,-99,-0.099,0.81
4,"dotnumber","mediumSC","easy",0.552,1,1,-99,-0.099,0.81
4,"dotnumber","mediumSC","easy",0.668,-1,1,-99,-0.099,0.81
4,"dotnumber","mediumSC","hard",0.484,-1,0,-99,-0.099,0.81
4,"dotnumber","mediumSC","easy",0.452,1,1,-99,-0.099,0.81
4,"dotnumber","mediumSC","hard",0.568,1,1,-99,-0.099,0.81
4,"dotnumber","mediumSC","hard",0.451,-1,0,-99,-0.099,0.81
4,"dotnumber","mediumSC","easy",0.485,1,0,-99,-0.099,0.81
4,"dotnumber","mediumSC","average",0.451,-1,0,-99,-0.099,0.81
4,"dotnumber","mediumSC","easy",0.701,1,0,-99,-0.099,0.81
4,"dotnumber","mediumSC","hard",0.469,-1,1,-99,-0.099,0.81
4,"dotnumber","mediumSC","hard",0.567,1,0,-99,-0.099,0.81
4,"dotnumber","mediumSC","hard",0.585,-1,1,-99,-0.099,0.81
4,"dotnumber","mediumSC","hard",0.502,1,1,-99,-0.099,0.81
4,"dotnumber","mediumSC","average",0.501,-1,0,-99,-0.099,0.81
4,"dotnumber","mediumSC","average",0.502,1,1,-99,-0.099,0.81
4,"dotnumber","mediumSC","average",0.585,1,1,-99,-0.099,0.81
4,"dotnumber","mediumSC","hard",0.635,1,1,-99,-0.099,0.81
4,"dotnumber","mediumSC","easy",0.568,1,1,-99,-0.099,0.81
4,"dotnumber","mediumSC","average",0.518,-1,1,-99,-0.099,0.81
4,"dotnumber","mediumSC","average",0.484,1,0,-99,-0.099,0.81
4,"dotnumber","mediumSC","hard",0.402,-1,0,-99,-0.099,0.81
4,"dotnumber","mediumSC","average",0.618,-1,1,-99,-0.099,0.81
4,"dotnumber","mediumSC","hard",0.635,1,1,-99,-0.099,0.75
4,"dotnumber","mediumSC","hard",0.518,-1,1,-99,-0.099,0.75
4,"dotnumber","mediumSC","average",0.535,1,1,-99,-0.099,0.75
4,"dotnumber","mediumSC","average",0.452,-1,1,-99,-0.099,0.75
4,"dotnumber","mediumSC","hard",0.451,-1,0,-99,-0.099,0.75
4,"dotnumber","mediumSC","hard",0.385,1,0,-99,-0.099,0.75
4,"dotnumber","mediumSC","hard",0.467,-1,0,-99,-0.099,0.75
4,"dotnumber","mediumSC","easy",0.385,-1,1,-99,-0.099,0.75
4,"dotnumber","mediumSC","hard",0.419,-1,0,-99,-0.099,0.75
4,"dotnumber","mediumSC","average",0.385,1,1,-99,-0.099,0.75
4,"dotnumber","mediumSC","hard",0.485,-1,0,-99,-0.099,0.75
4,"dotnumber","mediumSC","hard",0.602,1,0,-99,-0.099,0.75
4,"dotnumber","mediumSC","hard",0.568,-1,1,-99,-0.099,0.75
4,"dotnumber","mediumSC","average",0.502,-1,1,-99,-0.099,0.75
4,"dotnumber","mediumSC","hard",0.451,-1,1,-99,-0.099,0.75
4,"dotnumber","mediumSC","easy",0.535,-1,1,-99,-0.099,0.75
4,"dotnumber","mediumSC","average",0.568,1,1,-99,-0.099,0.75
4,"dotnumber","mediumSC","hard",0.602,1,0,-99,-0.099,0.75
4,"dotnumber","mediumSC","average",0.734,-1,0,-99,-0.099,0.75
4,"dotnumber","mediumSC","average",0.752,1,1,-99,-0.099,0.75
4,"dotnumber","mediumSC","average",0.901,-1,0,-99,-0.099,0.75
4,"dotnumber","mediumSC","hard",1.369,-1,0,-99,-0.099,0.75
4,"dotnumber","mediumSC","easy",0.818,1,1,-99,-0.099,0.75
4,"dotnumber","mediumSC","average",0.802,-1,1,-99,-0.099,0.75
4,"dotnumber","mediumSC","easy",0.801,1,1,-99,-0.099,0.77
4,"dotnumber","mediumSC","hard",0.818,-1,0,-99,-0.099,0.77
4,"dotnumber","mediumSC","average",0.719,-1,0,-99,-0.099,0.77
4,"dotnumber","mediumSC","easy",0.619,-1,1,-99,-0.099,0.77
4,"dotnumber","mediumSC","easy",0.702,-1,1,-99,-0.099,0.77
4,"dotnumber","mediumSC","easy",0.451,-1,0,-99,-0.099,0.77
4,"dotnumber","mediumSC","hard",0.851,-1,0,-99,-0.099,0.77
4,"dotnumber","mediumSC","average",0.685,-1,0,-99,-0.099,0.77
4,"dotnumber","mediumSC","easy",0.968,-1,0,-99,-0.099,0.77
4,"dotnumber","mediumSC","easy",0.551,-1,1,-99,-0.099,0.77
4,"dotnumber","mediumSC","average",0.568,1,1,-99,-0.099,0.77
4,"dotnumber","mediumSC","hard",0.701,1,0,-99,-0.099,0.77
4,"dotnumber","mediumSC","average",0.786,-1,0,-99,-0.099,0.77
4,"dotnumber","mediumSC","hard",0.8,1,1,-99,-0.099,0.77
4,"dotnumber","mediumSC","hard",1.051,1,1,-99,-0.099,0.77
4,"dotnumber","mediumSC","hard",0.484,-1,0,-99,-0.099,0.77
4,"dotnumber","mediumSC","hard",0.485,-1,0,-99,-0.099,0.77
4,"dotnumber","mediumSC","hard",0.418,-1,1,-99,-0.099,0.77
4,"dotnumber","mediumSC","easy",0.602,1,1,-99,-0.099,0.77
4,"dotnumber","mediumSC","average",0.567,-1,0,-99,-0.099,0.77
4,"dotnumber","mediumSC","easy",0.869,-1,1,-99,-0.099,0.77
4,"dotnumber","mediumSC","easy",0.568,-1,0,-99,-0.099,0.77
4,"dotnumber","mediumSC","easy",0.401,-1,1,-99,-0.099,0.77
4,"dotnumber","mediumSC","easy",0.536,1,1,-99,-0.099,0.77
4,"dotnumber","mediumSC","hard",0.451,1,0,-99,-0.099,0.71
4,"dotnumber","mediumSC","hard",0.434,1,0,-99,-0.099,0.71
4,"dotnumber","mediumSC","easy",0.685,-1,1,-99,-0.099,0.71
4,"dotnumber","mediumSC","average",0.385,-1,1,-99,-0.099,0.71
4,"dotnumber","mediumSC","easy",0.418,-1,1,-99,-0.099,0.71
4,"dotnumber","mediumSC","easy",0.401,-1,0,-99,-0.099,0.71
4,"dotnumber","mediumSC","average",0.586,1,1,-99,-0.099,0.71
4,"dotnumber","mediumSC","average",0.702,1,1,-99,-0.099,0.71
4,"dotnumber","mediumSC","hard",0.502,1,1,-99,-0.099,0.71
4,"dotnumber","mediumSC","hard",0.518,-1,0,-99,-0.099,0.71
4,"dotnumber","mediumSC","hard",0.486,-1,1,-99,-0.099,0.71
4,"dotnumber","mediumSC","easy",0.652,-1,1,-99,-0.099,0.71
4,"dotnumber","mediumSC","average",0.487,-1,1,-99,-0.099,0.71
4,"dotnumber","mediumSC","average",0.47,-1,1,-99,-0.099,0.71
4,"dotnumber","mediumSC","hard",0.469,-1,1,-99,-0.099,0.71
4,"dotnumber","mediumSC","hard",0.368,-1,1,-99,-0.099,0.71
4,"dotnumber","mediumSC","easy",0.451,-1,1,-99,-0.099,0.71
4,"dotnumber","mediumSC","hard",0.584,-1,0,-99,-0.099,0.71
4,"dotnumber","mediumSC","average",0.535,1,1,-99,-0.099,0.71
4,"dotnumber","mediumSC","easy",0.552,1,1,-99,-0.099,0.71
4,"dotnumber","mediumSC","easy",0.618,-1,1,-99,-0.099,0.71
4,"dotnumber","mediumSC","hard",0.451,-1,0,-99,-0.099,0.71
4,"dotnumber","mediumSC","average",0.786,-1,0,-99,-0.099,0.71
4,"dotnumber","mediumSC","hard",0.535,-1,1,-99,-0.099,0.71
4,"dotnumber","mediumSC","hard",0.518,-1,0,-99,-0.099,0.71
4,"dotnumber","mediumSC","easy",0.401,-1,1,-99,-0.099,0.71
4,"dotnumber","mediumSC","average",0.551,-1,1,-99,-0.099,0.71
4,"dotnumber","mediumSC","hard",0.517,-1,1,-99,-0.099,0.71
4,"dotnumber","mediumSC","average",0.352,-1,1,-99,-0.099,0.71
4,"dotnumber","mediumSC","average",0.517,1,0,-99,-0.099,0.71
4,"dotnumber","mediumSC","hard",0.519,1,1,-99,-0.099,0.71
4,"dotnumber","mediumSC","easy",1.185,-1,0,-99,-0.099,0.71
4,"dotnumber","mediumSC","average",0.502,-1,1,-99,-0.099,0.71
4,"dotnumber","mediumSC","hard",0.468,-1,1,-99,-0.099,0.71
4,"dotnumber","mediumSC","easy",0.619,1,1,-99,-0.099,0.71
4,"dotnumber","mediumSC","easy",0.735,-1,1,-99,-0.099,0.71
4,"dotnumber","mediumSC","hard",0.552,-1,1,-99,-0.099,0.71
4,"dotnumber","mediumSC","easy",0.402,-1,1,-99,-0.099,0.71
4,"dotnumber","mediumSC","hard",0.318,1,1,-99,-0.099,0.71
4,"dotnumber","mediumSC","average",0.268,-1,0,-99,-0.099,0.71
4,"dotnumber","mediumSC","easy",0.284,-1,0,-99,-0.099,0.71
4,"dotnumber","mediumSC","average",0.317,-1,1,-99,-0.099,0.71
4,"dotnumber","mediumSC","hard",0.385,1,0,-99,-0.099,0.71
4,"dotnumber","mediumSC","average",0.418,-1,0,-99,-0.099,0.71
4,"dotnumber","mediumSC","average",1.368,-1,0,-99,-0.099,0.71
4,"dotnumber","mediumSC","average",0.351,-1,0,-99,-0.099,0.71
4,"dotnumber","mediumSC","average",0.436,1,1,-99,-0.099,0.71
4,"dotnumber","mediumSC","hard",0.55,-1,0,-99,-0.099,0.71
4,"xotask","lowSC","hard",0.968,1,1,-99,-0.099,0.68
4,"xotask","lowSC","average",0.701,-1,1,-99,-0.099,0.68
4,"xotask","lowSC","average",0.518,-1,0,-99,-0.099,0.68
4,"xotask","lowSC","easy",0.518,-1,1,-99,-0.099,0.68
4,"xotask","lowSC","average",0.768,1,1,-99,-0.099,0.68
4,"xotask","lowSC","hard",0.752,-1,1,-99,-0.099,0.68
4,"xotask","lowSC","average",0.519,-1,1,-99,-0.099,0.68
4,"xotask","lowSC","easy",0.485,1,1,-99,-0.099,0.68
4,"xotask","lowSC","hard",0.569,-1,1,-99,-0.099,0.68
4,"xotask","lowSC","hard",0.586,-1,1,-99,-0.099,0.68
4,"xotask","lowSC","hard",0.518,-1,1,-99,-0.099,0.68
4,"xotask","lowSC","easy",0.485,-1,1,-99,-0.099,0.68
4,"xotask","lowSC","average",0.635,1,1,-99,-0.099,0.68
4,"xotask","lowSC","hard",0.585,-1,0,-99,-0.099,0.68
4,"xotask","lowSC","hard",0.784,1,1,-99,-0.099,0.68
4,"xotask","lowSC","average",0.569,1,1,-99,-0.099,0.68
4,"xotask","lowSC","easy",0.651,1,1,-99,-0.099,0.68
4,"xotask","lowSC","easy",0.618,-1,1,-99,-0.099,0.68
4,"xotask","lowSC","easy",0.702,-1,1,-99,-0.099,0.68
4,"xotask","lowSC","hard",0.634,-1,1,-99,-0.099,0.68
4,"xotask","lowSC","hard",0.868,1,0,-99,-0.099,0.68
4,"xotask","lowSC","average",0.735,1,1,-99,-0.099,0.68
4,"xotask","lowSC","easy",0.735,1,1,-99,-0.099,0.68
4,"xotask","lowSC","average",0.668,-1,1,-99,-0.099,0.68
4,"xotask","lowSC","average",0.602,-1,1,-99,-0.099,0.62
4,"xotask","lowSC","average",0.652,1,1,-99,-0.099,0.62
4,"xotask","lowSC","easy",0.651,1,1,-99,-0.099,0.62
4,"xotask","lowSC","easy",0.668,-1,1,-99,-0.099,0.62
4,"xotask","lowSC","average",0.535,-1,1,-99,-0.099,0.62
4,"xotask","lowSC","easy",0.518,-1,1,-99,-0.099,0.62
4,"xotask","lowSC","average",0.568,1,1,-99,-0.099,0.62
4,"xotask","lowSC","easy",0.568,1,1,-99,-0.099,0.62
4,"xotask","lowSC","average",1.552,-1,1,-99,-0.099,0.62
4,"xotask","lowSC","hard",0.551,1,1,-99,-0.099,0.62
4,"xotask","lowSC","hard",0.434,-1,1,-99,-0.099,0.62
4,"xotask","lowSC","hard",0.518,-1,1,-99,-0.099,0.62
4,"xotask","lowSC","hard",0.535,1,1,-99,-0.099,0.62
4,"xotask","lowSC","average",0.402,-1,1,-99,-0.099,0.62
4,"xotask","lowSC","average",0.401,1,1,-99,-0.099,0.62
4,"xotask","lowSC","average",0.401,1,1,-99,-0.099,0.62
4,"xotask","lowSC","easy",0.502,1,1,-99,-0.099,0.62
4,"xotask","lowSC","average",0.619,1,1,-99,-0.099,0.62
4,"xotask","lowSC","easy",0.584,1,1,-99,-0.099,0.62
4,"xotask","lowSC","average",0.535,-1,1,-99,-0.099,0.62
4,"xotask","lowSC","easy",0.435,-1,1,-99,-0.099,0.62
4,"xotask","lowSC","easy",0.485,-1,1,-99,-0.099,0.62
4,"xotask","lowSC","easy",0.434,-1,1,-99,-0.099,0.62
4,"xotask","lowSC","easy",0.485,-1,1,-99,-0.099,0.62
4,"xotask","lowSC","hard",0.467,-1,1,-99,-0.099,0.57
4,"xotask","lowSC","average",0.486,1,1,-99,-0.099,0.57
4,"xotask","lowSC","average",0.401,-1,1,-99,-0.099,0.57
4,"xotask","lowSC","average",0.502,1,1,-99,-0.099,0.57
4,"xotask","lowSC","average",0.551,1,1,-99,-0.099,0.57
4,"xotask","lowSC","average",0.452,1,1,-99,-0.099,0.57
4,"xotask","lowSC","average",0.919,-1,1,-99,-0.099,0.57
4,"xotask","lowSC","easy",0.485,1,1,-99,-0.099,0.57
4,"xotask","lowSC","hard",0.484,1,0,-99,-0.099,0.57
4,"xotask","lowSC","easy",0.435,-1,1,-99,-0.099,0.57
4,"xotask","lowSC","hard",0.386,-1,0,-99,-0.099,0.57
4,"xotask","lowSC","hard",0.485,-1,1,-99,-0.099,0.57
4,"xotask","lowSC","hard",0.502,-1,1,-99,-0.099,0.57
4,"xotask","lowSC","easy",0.402,1,1,-99,-0.099,0.57
4,"xotask","lowSC","hard",0.518,-1,0,-99,-0.099,0.57
4,"xotask","lowSC","easy",0.368,-1,0,-99,-0.099,0.57
4,"xotask","lowSC","easy",0.636,1,1,-99,-0.099,0.57
4,"xotask","lowSC","average",0.835,1,0,-99,-0.099,0.57
4,"xotask","lowSC","easy",0.518,-1,1,-99,-0.099,0.57
4,"xotask","lowSC","hard",0.468,-1,1,-99,-0.099,0.57
4,"xotask","lowSC","average",0.452,-1,1,-99,-0.099,0.57
4,"xotask","lowSC","hard",0.467,1,1,-99,-0.099,0.57
4,"xotask","lowSC","easy",0.418,1,1,-99,-0.099,0.57
4,"xotask","lowSC","hard",0.569,-1,1,-99,-0.099,0.57
4,"xotask","lowSC","hard",0.418,-1,1,-99,-0.099,0.55
4,"xotask","lowSC","easy",0.568,-1,1,-99,-0.099,0.55
4,"xotask","lowSC","average",0.468,-1,1,-99,-0.099,0.55
4,"xotask","lowSC","hard",0.585,-1,1,-99,-0.099,0.55
4,"xotask","lowSC","hard",0.719,-1,1,-99,-0.099,0.55
4,"xotask","lowSC","easy",0.418,-1,1,-99,-0.099,0.55
4,"xotask","lowSC","easy",0.485,-1,1,-99,-0.099,0.55
4,"xotask","lowSC","average",0.401,1,1,-99,-0.099,0.55
4,"xotask","lowSC","average",0.502,-1,0,-99,-0.099,0.55
4,"xotask","lowSC","hard",0.417,1,1,-99,-0.099,0.55
4,"xotask","lowSC","hard",0.568,-1,0,-99,-0.099,0.55
4,"xotask","lowSC","average",0.501,1,1,-99,-0.099,0.55
4,"xotask","lowSC","hard",1.068,1,0,-99,-0.099,0.55
4,"xotask","lowSC","easy",0.586,1,1,-99,-0.099,0.55
4,"xotask","lowSC","average",0.402,-1,1,-99,-0.099,0.55
4,"xotask","lowSC","easy",0.602,1,1,-99,-0.099,0.55
4,"xotask","lowSC","hard",0.569,1,1,-99,-0.099,0.55
4,"xotask","lowSC","easy",0.567,-1,1,-99,-0.099,0.55
4,"xotask","lowSC","average",0.802,1,1,-99,-0.099,0.55
4,"xotask","lowSC","easy",0.52,-1,1,-99,-0.099,0.55
4,"xotask","lowSC","hard",0.585,-1,1,-99,-0.099,0.55
4,"xotask","lowSC","average",0.551,1,1,-99,-0.099,0.55
4,"xotask","lowSC","hard",0.634,-1,1,-99,-0.099,0.55
4,"xotask","lowSC","hard",0.601,1,1,-99,-0.099,0.55
4,"xotask","lowSC","easy",0.684,-1,1,-99,-0.099,0.63
4,"xotask","lowSC","easy",0.602,1,1,-99,-0.099,0.63
4,"xotask","lowSC","easy",0.601,1,1,-99,-0.099,0.63
4,"xotask","lowSC","easy",0.618,-1,1,-99,-0.099,0.63
4,"xotask","lowSC","easy",0.551,-1,1,-99,-0.099,0.63
4,"xotask","lowSC","hard",0.5,-1,1,-99,-0.099,0.63
4,"xotask","lowSC","hard",0.635,-1,1,-99,-0.099,0.63
4,"xotask","lowSC","hard",0.719,-1,0,-99,-0.099,0.63
4,"xotask","lowSC","average",0.468,1,1,-99,-0.099,0.63
4,"xotask","lowSC","easy",0.602,-1,1,-99,-0.099,0.63
4,"xotask","lowSC","average",0.451,-1,1,-99,-0.099,0.63
4,"xotask","lowSC","easy",0.618,1,1,-99,-0.099,0.63
4,"xotask","lowSC","hard",0.567,-1,1,-99,-0.099,0.63
4,"xotask","lowSC","average",0.468,1,1,-99,-0.099,0.63
4,"xotask","lowSC","average",0.401,1,0,-99,-0.099,0.63
4,"xotask","lowSC","average",0.485,1,1,-99,-0.099,0.63
4,"xotask","lowSC","hard",0.368,1,1,-99,-0.099,0.63
4,"xotask","lowSC","easy",0.47,1,1,-99,-0.099,0.63
4,"xotask","lowSC","average",0.418,1,1,-99,-0.099,0.63
4,"xotask","lowSC","easy",0.385,1,0,-99,-0.099,0.63
4,"xotask","lowSC","average",0.619,1,1,-99,-0.099,0.63
4,"xotask","lowSC","hard",0.502,-1,1,-99,-0.099,0.63
4,"xotask","lowSC","average",0.586,-1,1,-99,-0.099,0.63
4,"xotask","lowSC","easy",0.668,-1,1,-99,-0.099,0.63
5,"dotnumber","mediumSC","average",1.403,1,0,-99,-0.099,0.74
5,"dotnumber","mediumSC","easy",0.634,-1,1,-99,-0.099,0.74
5,"dotnumber","mediumSC","easy",0.685,1,0,-99,-0.099,0.74
5,"dotnumber","mediumSC","hard",0.618,1,0,-99,-0.099,0.74
5,"dotnumber","mediumSC","easy",0.501,1,1,-99,-0.099,0.74
5,"dotnumber","mediumSC","easy",0.502,-1,1,-99,-0.099,0.74
5,"dotnumber","mediumSC","average",0.636,1,0,-99,-0.099,0.74
5,"dotnumber","mediumSC","easy",0.567,1,1,-99,-0.099,0.74
5,"dotnumber","mediumSC","easy",0.569,1,0,-99,-0.099,0.74
5,"dotnumber","mediumSC","easy",0.585,1,1,-99,-0.099,0.74
5,"dotnumber","mediumSC","hard",0.685,-1,0,-99,-0.099,0.74
5,"dotnumber","mediumSC","hard",0.602,1,0,-99,-0.099,0.74
5,"dotnumber","mediumSC","average",0.902,-1,1,-99,-0.099,0.74
5,"dotnumber","mediumSC","easy",0.585,1,1,-99,-0.099,0.74
5,"dotnumber","mediumSC","average",0.551,-1,1,-99,-0.099,0.74
5,"dotnumber","mediumSC","easy",0.567,-1,1,-99,-0.099,0.74
5,"dotnumber","mediumSC","hard",0.485,-1,1,-99,-0.099,0.74
5,"dotnumber","mediumSC","hard",0.451,-1,1,-99,-0.099,0.74
5,"dotnumber","mediumSC","average",0.652,-1,1,-99,-0.099,0.74
5,"dotnumber","mediumSC","hard",0.568,-1,0,-99,-0.099,0.74
5,"dotnumber","mediumSC","hard",0.619,1,1,-99,-0.099,0.74
5,"dotnumber","mediumSC","hard",0.635,-1,1,-99,-0.099,0.74
5,"dotnumber","mediumSC","average",0.635,-1,1,-99,-0.099,0.74
5,"dotnumber","mediumSC","average",0.802,1,0,-99,-0.099,0.74
5,"dotnumber","mediumSC","hard",0.535,-1,1,-99,-0.099,0.82
5,"dotnumber","mediumSC","hard",0.451,1,1,-99,-0.099,0.82
5,"dotnumber","mediumSC","easy",0.451,1,1,-99,-0.099,0.82
5,"dotnumber","mediumSC","average",0.485,1,1,-99,-0.099,0.82
5,"dotnumber","mediumSC","hard",0.535,-1,0,-99,-0.099,0.82
5,"dotnumber","mediumSC","average",0.603,1,0,-99,-0.099,0.82
5,"dotnumber","mediumSC","hard",0.552,1,1,-99,-0.099,0.82
5,"dotnumber","mediumSC","average",0.518,-1,1,-99,-0.099,0.82
5,"dotnumber","mediumSC","hard",0.535,-1,0,-99,-0.099,0.82
5,"dotnumber","mediumSC","average",0.501,-1,1,-99,-0.099,0.82
5,"dotnumber","mediumSC","hard",0.401,-1,0,-99,-0.099,0.82
5,"dotnumber","mediumSC","easy",0.418,-1,1,-99,-0.099,0.82
5,"dotnumber","mediumSC","average",0.702,-1,1,-99,-0.099,0.82
5,"dotnumber","mediumSC","hard",0.402,-1,1,-99,-0.099,0.82
5,"dotnumber","mediumSC","average",0.384,-1,1,-99,-0.099,0.82
5,"dotnumber","mediumSC","hard",0.418,-1,1,-99,-0.099,0.82
5,"dotnumber","mediumSC","hard",0.418,-1,0,-99,-0.099,0.82
5,"dotnumber","mediumSC","easy",0.485,1,1,-99,-0.099,0.82
5,"dotnumber","mediumSC","average",0.451,1,1,-99,-0.099,0.82
5,"dotnumber","mediumSC","hard",0.418,1,0,-99,-0.099,0.82
5,"dotnumber","mediumSC","hard",0.501,1,0,-99,-0.099,0.82
5,"dotnumber","mediumSC","easy",0.436,1,1,-99,-0.099,0.82
5,"dotnumber","mediumSC","hard",0.436,-1,1,-99,-0.099,0.82
5,"dotnumber","mediumSC","easy",0.401,1,1,-99,-0.099,0.82
5,"dotnumber","mediumSC","hard",0.418,-1,1,-99,-0.099,0.76
5,"dotnumber","mediumSC","easy",0.484,-1,1,-99,-0.099,0.76
5,"dotnumber","mediumSC","easy",0.318,-1,1,-99,-0.099,0.76
5,"dotnumber","mediumSC","average",0.386,-1,0,-99,-0.099,0.76
5,"dotnumber","mediumSC","easy",0.585,1,1,-99,-0.099,0.76
5,"dotnumber","mediumSC","hard",0.502,1,0,-99,-0.099,0.76
5,"dotnumber","mediumSC","hard",0.552,1,1,-99,-0.099,0.76
5,"dotnumber","mediumSC","hard",0.501,1,1,-99,-0.099,0.76
5,"dotnumber","mediumSC","hard",0.685,-1,0,-99,-0.099,0.76
5,"dotnumber","mediumSC","average",0.585,1,1,-99,-0.099,0.76
5,"dotnumber","mediumSC","easy",0.468,1,1,-99,-0.099,0.76
5,"dotnumber","mediumSC","easy",0.418,1,1,-99,-0.099,0.76
5,"dotnumber","mediumSC","hard",0.502,1,0,-99,-0.099,0.76
5,"dotnumber","mediumSC","hard",0.418,1,1,-99,-0.099,0.76
5,"dotnumber","mediumSC","easy",0.502,1,0,-99,-0.099,0.76
5,"dotnumber","mediumSC","average",0.418,-1,0,-99,-0.099,0.76
5,"dotnumber","mediumSC","easy",0.351,1,1,-99,-0.099,0.76
5,"dotnumber","mediumSC","hard",0.402,1,1,-99,-0.099,0.76
5,"dotnumber","mediumSC","hard",0.301,-1,1,-99,-0.099,0.76
5,"dotnumber","mediumSC","easy",0.351,-1,0,-99,-0.099,0.76
5,"dotnumber","mediumSC","average",0.536,-1,0,-99,-0.099,0.76
5,"dotnumber","mediumSC","average",0.785,1,1,-99,-0.099,0.76
5,"dotnumber","mediumSC","average",0.485,1,1,-99,-0.099,0.76
5,"dotnumber","mediumSC","hard",0.685,-1,0,-99,-0.099,0.76
5,"dotnumber","mediumSC","hard",0.735,-1,1,-99,-0.099,0.72
5,"dotnumber","mediumSC","easy",0.535,-1,1,-99,-0.099,0.72
5,"dotnumber","mediumSC","average",0.653,1,0,-99,-0.099,0.72
5,"dotnumber","mediumSC","easy",0.651,-1,1,-99,-0.099,0.72
5,"dotnumber","mediumSC","average",0.5,1,1,-99,-0.099,0.72
5,"dotnumber","mediumSC","hard",0.535,1,1,-99,-0.099,0.72
5,"dotnumber","mediumSC","hard",0.552,-1,1,-99,-0.099,0.72
5,"dotnumber","mediumSC","average",0.534,1,1,-99,-0.099,0.72
5,"dotnumber","mediumSC","easy",0.385,-1,1,-99,-0.099,0.72
5,"dotnumber","mediumSC","hard",0.485,1,0,-99,-0.099,0.72
5,"dotnumber","mediumSC","hard",0.502,-1,1,-99,-0.099,0.72
5,"dotnumber","mediumSC","easy",0.368,1,1,-99,-0.099,0.72
5,"dotnumber","mediumSC","average",0.418,1,1,-99,-0.099,0.72
5,"dotnumber","mediumSC","average",0.418,-1,1,-99,-0.099,0.72
5,"dotnumber","mediumSC","hard",0.452,-1,1,-99,-0.099,0.72
5,"dotnumber","mediumSC","hard",0.318,-1,0,-99,-0.099,0.72
5,"dotnumber","mediumSC","hard",0.485,1,1,-99,-0.099,0.72
5,"dotnumber","mediumSC","easy",0.385,1,1,-99,-0.099,0.72
5,"dotnumber","mediumSC","average",0.501,1,1,-99,-0.099,0.72
5,"dotnumber","mediumSC","easy",0.384,1,0,-99,-0.099,0.72
5,"dotnumber","mediumSC","easy",0.702,-1,1,-99,-0.099,0.72
5,"dotnumber","mediumSC","hard",0.385,-1,0,-99,-0.099,0.72
5,"dotnumber","mediumSC","easy",0.468,1,1,-99,-0.099,0.72
5,"dotnumber","mediumSC","easy",0.402,1,1,-99,-0.099,0.72
5,"dotnumber","mediumSC","hard",0.434,1,1,-99,-0.099,0.81
5,"dotnumber","mediumSC","average",0.467,1,0,-99,-0.099,0.81
5,"dotnumber","mediumSC","easy",0.435,-1,1,-99,-0.099,0.81
5,"dotnumber","mediumSC","easy",0.435,1,1,-99,-0.099,0.81
5,"dotnumber","mediumSC","hard",0.468,-1,1,-99,-0.099,0.81
5,"dotnumber","mediumSC","easy",0.501,-1,1,-99,-0.099,0.81
5,"dotnumber","mediumSC","easy",0.468,1,1,-99,-0.099,0.81
5,"dotnumber","mediumSC","easy",0.568,-1,0,-99,-0.099,0.81
5,"dotnumber","mediumSC","easy",0.802,1,0,-99,-0.099,0.81
5,"dotnumber","mediumSC","average",0.469,1,1,-99,-0.099,0.81
5,"dotnumber","mediumSC","hard",0.383,1,1,-99,-0.099,0.81
5,"dotnumber","mediumSC","easy",0.452,-1,1,-99,-0.099,0.81
5,"dotnumber","mediumSC","easy",0.918,-1,1,-99,-0.099,0.81
5,"dotnumber","mediumSC","average",0.435,-1,1,-99,-0.099,0.81
5,"dotnumber","mediumSC","average",0.468,-1,1,-99,-0.099,0.81
5,"dotnumber","mediumSC","easy",0.552,-1,1,-99,-0.099,0.81
5,"dotnumber","mediumSC","easy",0.502,-1,1,-99,-0.099,0.81
5,"dotnumber","mediumSC","hard",0.502,-1,1,-99,-0.099,0.81
5,"dotnumber","mediumSC","average",0.585,1,0,-99,-0.099,0.81
5,"dotnumber","mediumSC","hard",0.468,-1,1,-99,-0.099,0.81
5,"dotnumber","mediumSC","easy",0.552,1,1,-99,-0.099,0.81
5,"dotnumber","mediumSC","hard",0.502,1,0,-99,-0.099,0.81
5,"dotnumber","mediumSC","average",0.435,-1,0,-99,-0.099,0.81
5,"dotnumber","mediumSC","average",0.368,-1,0,-99,-0.099,0.81
5,"xotask","lowSC","easy",1.869,1,1,-99,-0.099,0.66
5,"xotask","lowSC","easy",0.868,-1,1,-99,-0.099,0.66
5,"xotask","lowSC","easy",0.535,-1,1,-99,-0.099,0.66
5,"xotask","lowSC","hard",0.702,1,1,-99,-0.099,0.66
5,"xotask","lowSC","hard",0.685,-1,1,-99,-0.099,0.66
5,"xotask","lowSC","average",0.734,-1,0,-99,-0.099,0.66
5,"xotask","lowSC","average",0.585,-1,0,-99,-0.099,0.66
5,"xotask","lowSC","average",0.734,-1,1,-99,-0.099,0.66
5,"xotask","lowSC","hard",0.568,1,1,-99,-0.099,0.66
5,"xotask","lowSC","hard",0.768,-1,1,-99,-0.099,0.66
5,"xotask","lowSC","average",0.735,-1,1,-99,-0.099,0.66
5,"xotask","lowSC","easy",0.618,1,1,-99,-0.099,0.66
5,"xotask","lowSC","easy",1.22,1,1,-99,-0.099,0.66
5,"xotask","lowSC","average",0.519,-1,1,-99,-0.099,0.66
5,"xotask","lowSC","easy",0.618,1,1,-99,-0.099,0.66
5,"xotask","lowSC","average",0.585,-1,1,-99,-0.099,0.66
5,"xotask","lowSC","easy",0.518,-1,1,-99,-0.099,0.66
5,"xotask","lowSC","average",0.553,-1,1,-99,-0.099,0.66
5,"xotask","lowSC","hard",0.568,1,1,-99,-0.099,0.66
5,"xotask","lowSC","hard",0.719,-1,0,-99,-0.099,0.66
5,"xotask","lowSC","hard",0.802,1,0,-99,-0.099,0.66
5,"xotask","lowSC","average",0.585,-1,1,-99,-0.099,0.66
5,"xotask","lowSC","easy",0.618,1,1,-99,-0.099,0.66
5,"xotask","lowSC","easy",0.485,-1,1,-99,-0.099,0.66
5,"xotask","lowSC","easy",0.552,1,1,-99,-0.099,0.57
5,"xotask","lowSC","average",0.584,-1,1,-99,-0.099,0.57
5,"xotask","lowSC","average",0.5,1,1,-99,-0.099,0.57
5,"xotask","lowSC","easy",0.668,1,1,-99,-0.099,0.57
5,"xotask","lowSC","average",0.418,1,1,-99,-0.099,0.57
5,"xotask","lowSC","average",0.518,1,1,-99,-0.099,0.57
5,"xotask","lowSC","average",0.568,-1,0,-99,-0.099,0.57
5,"xotask","lowSC","easy",0.585,-1,1,-99,-0.099,0.57
5,"xotask","lowSC","easy",0.452,1,1,-99,-0.099,0.57
5,"xotask","lowSC","average",0.469,-1,1,-99,-0.099,0.57
5,"xotask","lowSC","hard",0.518,-1,0,-99,-0.099,0.57
5,"xotask","lowSC","average",0.652,-1,1,-99,-0.099,0.57
5,"xotask","lowSC","average",0.669,1,1,-99,-0.099,0.57
5,"xotask","lowSC","easy",0.521,-1,1,-99,-0.099,0.57
5,"xotask","lowSC","average",0.485,1,1,-99,-0.099,0.57
5,"xotask","lowSC","easy",0.502,1,1,-99,-0.099,0.57
5,"xotask","lowSC","hard",0.384,1,0,-99,-0.099,0.57
5,"xotask","lowSC","hard",0.551,1,0,-99,-0.099,0.57
5,"xotask","lowSC","hard",0.769,1,1,-99,-0.099,0.57
5,"xotask","lowSC","hard",0.519,-1,1,-99,-0.099,0.57
5,"xotask","lowSC","easy",0.519,1,1,-99,-0.099,0.57
5,"xotask","lowSC","easy",0.669,-1,0,-99,-0.099,0.57
5,"xotask","lowSC","hard",0.718,-1,1,-99,-0.099,0.57
5,"xotask","lowSC","easy",0.519,-1,1,-99,-0.099,0.57
5,"xotask","lowSC","average",0.469,-1,1,-99,-0.099,0.63
5,"xotask","lowSC","hard",0.468,1,0,-99,-0.099,0.63
5,"xotask","lowSC","average",0.485,1,1,-99,-0.099,0.63
5,"xotask","lowSC","easy",0.469,-1,1,-99,-0.099,0.63
5,"xotask","lowSC","hard",0.552,-1,1,-99,-0.099,0.63
5,"xotask","lowSC","easy",0.534,-1,1,-99,-0.099,0.63
5,"xotask","lowSC","easy",0.451,-1,0,-99,-0.099,0.63
5,"xotask","lowSC","hard",0.618,-1,0,-99,-0.099,0.63
5,"xotask","lowSC","easy",0.551,-1,1,-99,-0.099,0.63
5,"xotask","lowSC","easy",0.469,-1,1,-99,-0.099,0.63
5,"xotask","lowSC","average",0.434,1,1,-99,-0.099,0.63
5,"xotask","lowSC","easy",0.384,1,0,-99,-0.099,0.63
5,"xotask","lowSC","easy",0.935,1,1,-99,-0.099,0.63
5,"xotask","lowSC","hard",0.552,1,1,-99,-0.099,0.63
5,"xotask","lowSC","easy",0.502,-1,1,-99,-0.099,0.63
5,"xotask","lowSC","easy",0.535,1,0,-99,-0.099,0.63
5,"xotask","lowSC","easy",0.519,1,1,-99,-0.099,0.63
5,"xotask","lowSC","average",0.535,1,0,-99,-0.099,0.63
5,"xotask","lowSC","average",0.535,-1,1,-99,-0.099,0.63
5,"xotask","lowSC","easy",0.585,-1,1,-99,-0.099,0.63
5,"xotask","lowSC","hard",0.517,1,1,-99,-0.099,0.63
5,"xotask","lowSC","hard",0.669,1,1,-99,-0.099,0.63
5,"xotask","lowSC","hard",0.485,1,1,-99,-0.099,0.63
5,"xotask","lowSC","hard",0.451,1,0,-99,-0.099,0.63
5,"xotask","lowSC","average",0.519,-1,0,-99,-0.099,0.63
5,"xotask","lowSC","average",0.618,1,0,-99,-0.099,0.63
5,"xotask","lowSC","average",0.652,-1,1,-99,-0.099,0.63
5,"xotask","lowSC","average",0.535,-1,1,-99,-0.099,0.63
5,"xotask","lowSC","average",0.619,-1,0,-99,-0.099,0.63
5,"xotask","lowSC","hard",0.953,1,0,-99,-0.099,0.63
5,"xotask","lowSC","easy",0.735,-1,1,-99,-0.099,0.63
5,"xotask","lowSC","easy",0.501,-1,1,-99,-0.099,0.63
5,"xotask","lowSC","easy",0.685,-1,1,-99,-0.099,0.63
5,"xotask","lowSC","average",0.785,-1,0,-99,-0.099,0.63
5,"xotask","lowSC","hard",0.602,1,1,-99,-0.099,0.63
5,"xotask","lowSC","hard",0.535,1,0,-99,-0.099,0.63
5,"xotask","lowSC","easy",0.836,-1,1,-99,-0.099,0.63
5,"xotask","lowSC","hard",0.919,1,0,-99,-0.099,0.63
5,"xotask","lowSC","easy",0.585,-1,1,-99,-0.099,0.63
5,"xotask","lowSC","easy",0.502,-1,1,-99,-0.099,0.63
5,"xotask","lowSC","average",0.468,-1,1,-99,-0.099,0.63
5,"xotask","lowSC","average",0.452,-1,1,-99,-0.099,0.63
5,"xotask","lowSC","average",0.619,-1,0,-99,-0.099,0.63
5,"xotask","lowSC","hard",0.601,1,1,-99,-0.099,0.63
5,"xotask","lowSC","hard",0.568,-1,0,-99,-0.099,0.63
5,"xotask","lowSC","hard",1.086,-1,1,-99,-0.099,0.63
5,"xotask","lowSC","easy",0.635,1,1,-99,-0.099,0.63
5,"xotask","lowSC","hard",0.686,1,1,-99,-0.099,0.63
5,"xotask","lowSC","easy",0.618,-1,1,-99,-0.099,0.62
5,"xotask","lowSC","easy",0.569,-1,1,-99,-0.099,0.62
5,"xotask","lowSC","hard",0.751,1,0,-99,-0.099,0.62
5,"xotask","lowSC","average",0.635,-1,1,-99,-0.099,0.62
5,"xotask","lowSC","easy",0.619,1,1,-99,-0.099,0.62
5,"xotask","lowSC","hard",0.719,-1,1,-99,-0.099,0.62
5,"xotask","lowSC","average",0.768,-1,1,-99,-0.099,0.62
5,"xotask","lowSC","easy",0.685,-1,1,-99,-0.099,0.62
5,"xotask","lowSC","hard",0.801,-1,1,-99,-0.099,0.62
5,"xotask","lowSC","average",0.535,1,1,-99,-0.099,0.62
5,"xotask","lowSC","average",0.768,-1,1,-99,-0.099,0.62
5,"xotask","lowSC","hard",0.485,1,1,-99,-0.099,0.62
5,"xotask","lowSC","hard",1.403,-1,1,-99,-0.099,0.62
5,"xotask","lowSC","easy",0.535,-1,1,-99,-0.099,0.62
5,"xotask","lowSC","average",0.468,-1,1,-99,-0.099,0.62
5,"xotask","lowSC","easy",0.618,-1,0,-99,-0.099,0.62
5,"xotask","lowSC","average",0.869,-1,1,-99,-0.099,0.62
5,"xotask","lowSC","easy",0.634,-1,1,-99,-0.099,0.62
5,"xotask","lowSC","easy",0.619,-1,1,-99,-0.099,0.62
5,"xotask","lowSC","easy",0.452,1,1,-99,-0.099,0.62
5,"xotask","lowSC","easy",0.669,1,0,-99,-0.099,0.62
5,"xotask","lowSC","average",0.568,-1,1,-99,-0.099,0.62
5,"xotask","lowSC","average",0.486,-1,1,-99,-0.099,0.62
5,"xotask","lowSC","hard",0.535,1,1,-99,-0.099,0.62
5,"dotcolour","highSC","average",1.319,1,0,-99,-0.099,0.96
5,"dotcolour","highSC","easy",0.501,1,1,-99,-0.099,0.96
5,"dotcolour","highSC","average",0.534,1,1,-99,-0.099,0.96
5,"dotcolour","highSC","easy",0.452,-1,1,-99,-0.099,0.96
5,"dotcolour","highSC","easy",0.468,1,1,-99,-0.099,0.96
5,"dotcolour","highSC","average",0.485,1,1,-99,-0.099,0.96
5,"dotcolour","highSC","hard",0.535,1,1,-99,-0.099,0.96
5,"dotcolour","highSC","hard",0.501,-1,1,-99,-0.099,0.96
5,"dotcolour","highSC","hard",0.502,1,1,-99,-0.099,0.96
5,"dotcolour","highSC","hard",0.585,1,1,-99,-0.099,0.96
5,"dotcolour","highSC","hard",0.585,1,1,-99,-0.099,0.96
5,"dotcolour","highSC","easy",0.501,1,1,-99,-0.099,0.96
5,"dotcolour","highSC","easy",0.518,1,1,-99,-0.099,0.96
5,"dotcolour","highSC","easy",0.518,1,1,-99,-0.099,0.96
5,"dotcolour","highSC","average",0.435,-1,1,-99,-0.099,0.96
5,"dotcolour","highSC","hard",0.469,1,1,-99,-0.099,0.96
5,"dotcolour","highSC","easy",0.451,-1,1,-99,-0.099,0.96
5,"dotcolour","highSC","hard",0.618,1,0,-99,-0.099,0.96
5,"dotcolour","highSC","average",0.535,1,0,-99,-0.099,0.96
5,"dotcolour","highSC","hard",0.568,1,1,-99,-0.099,0.96
5,"dotcolour","highSC","average",0.818,-1,1,-99,-0.099,0.96
5,"dotcolour","highSC","easy",0.468,1,1,-99,-0.099,0.96
5,"dotcolour","highSC","hard",0.551,1,1,-99,-0.099,0.96
5,"dotcolour","highSC","hard",0.801,-1,1,-99,-0.099,0.96
5,"dotcolour","highSC","hard",0.568,1,1,-99,-0.099,0.83
5,"dotcolour","highSC","average",0.551,1,1,-99,-0.099,0.83
5,"dotcolour","highSC","average",0.485,1,1,-99,-0.099,0.83
5,"dotcolour","highSC","hard",0.635,-1,0,-99,-0.099,0.83
5,"dotcolour","highSC","easy",0.468,1,1,-99,-0.099,0.83
5,"dotcolour","highSC","hard",0.568,-1,0,-99,-0.099,0.83
5,"dotcolour","highSC","average",0.551,1,0,-99,-0.099,0.83
5,"dotcolour","highSC","average",0.702,1,1,-99,-0.099,0.83
5,"dotcolour","highSC","easy",0.468,1,1,-99,-0.099,0.83
5,"dotcolour","highSC","easy",0.518,-1,1,-99,-0.099,0.83
5,"dotcolour","highSC","hard",0.836,-1,0,-99,-0.099,0.83
5,"dotcolour","highSC","average",0.469,-1,1,-99,-0.099,0.83
5,"dotcolour","highSC","hard",0.685,-1,0,-99,-0.099,0.83
5,"dotcolour","highSC","hard",0.853,1,1,-99,-0.099,0.83
5,"dotcolour","highSC","average",0.518,-1,1,-99,-0.099,0.83
5,"dotcolour","highSC","easy",0.452,1,1,-99,-0.099,0.83
5,"dotcolour","highSC","hard",0.67,1,0,-99,-0.099,0.83
5,"dotcolour","highSC","easy",0.434,-1,1,-99,-0.099,0.83
5,"dotcolour","highSC","hard",0.518,1,0,-99,-0.099,0.83
5,"dotcolour","highSC","hard",0.535,1,0,-99,-0.099,0.83
5,"dotcolour","highSC","average",0.552,1,1,-99,-0.099,0.83
5,"dotcolour","highSC","average",0.502,-1,1,-99,-0.099,0.83
5,"dotcolour","highSC","hard",0.602,1,0,-99,-0.099,0.83
5,"dotcolour","highSC","hard",0.735,-1,1,-99,-0.099,0.83
5,"dotcolour","highSC","easy",0.535,1,0,-99,-0.099,0.91
5,"dotcolour","highSC","easy",0.585,1,1,-99,-0.099,0.91
5,"dotcolour","highSC","average",0.519,-1,1,-99,-0.099,0.91
5,"dotcolour","highSC","average",0.552,1,1,-99,-0.099,0.91
5,"dotcolour","highSC","average",0.519,-1,1,-99,-0.099,0.91
5,"dotcolour","highSC","average",0.585,-1,1,-99,-0.099,0.91
5,"dotcolour","highSC","easy",0.485,-1,1,-99,-0.099,0.91
5,"dotcolour","highSC","hard",0.617,1,0,-99,-0.099,0.91
5,"dotcolour","highSC","average",0.618,-1,1,-99,-0.099,0.91
5,"dotcolour","highSC","easy",0.585,1,1,-99,-0.099,0.91
5,"dotcolour","highSC","easy",0.518,-1,1,-99,-0.099,0.91
5,"dotcolour","highSC","hard",0.652,1,1,-99,-0.099,0.91
5,"dotcolour","highSC","easy",0.685,-1,1,-99,-0.099,0.91
5,"dotcolour","highSC","easy",0.502,1,1,-99,-0.099,0.91
5,"dotcolour","highSC","easy",0.519,1,1,-99,-0.099,0.91
5,"dotcolour","highSC","easy",0.467,-1,1,-99,-0.099,0.91
5,"dotcolour","highSC","easy",0.534,-1,1,-99,-0.099,0.91
5,"dotcolour","highSC","hard",0.485,1,0,-99,-0.099,0.91
5,"dotcolour","highSC","average",0.469,-1,1,-99,-0.099,0.91
5,"dotcolour","highSC","easy",0.451,1,1,-99,-0.099,0.91
5,"dotcolour","highSC","hard",0.719,-1,0,-99,-0.099,0.91
5,"dotcolour","highSC","average",0.418,-1,1,-99,-0.099,0.91
5,"dotcolour","highSC","average",0.535,1,1,-99,-0.099,0.91
5,"dotcolour","highSC","hard",0.634,1,0,-99,-0.099,0.91
5,"dotcolour","highSC","easy",0.468,-1,1,-99,-0.099,0.93
5,"dotcolour","highSC","average",0.484,1,1,-99,-0.099,0.93
5,"dotcolour","highSC","easy",0.468,1,1,-99,-0.099,0.93
5,"dotcolour","highSC","average",0.485,1,1,-99,-0.099,0.93
5,"dotcolour","highSC","average",0.451,-1,1,-99,-0.099,0.93
5,"dotcolour","highSC","easy",0.434,1,1,-99,-0.099,0.93
5,"dotcolour","highSC","easy",0.435,1,1,-99,-0.099,0.93
5,"dotcolour","highSC","hard",0.602,-1,1,-99,-0.099,0.93
5,"dotcolour","highSC","hard",0.585,-1,1,-99,-0.099,0.93
5,"dotcolour","highSC","average",0.451,1,1,-99,-0.099,0.93
5,"dotcolour","highSC","average",0.534,-1,1,-99,-0.099,0.93
5,"dotcolour","highSC","hard",0.651,-1,1,-99,-0.099,0.93
5,"dotcolour","highSC","hard",1.37,1,1,-99,-0.099,0.93
5,"dotcolour","highSC","easy",0.485,-1,1,-99,-0.099,0.93
5,"dotcolour","highSC","hard",0.435,1,1,-99,-0.099,0.93
5,"dotcolour","highSC","hard",0.803,-1,0,-99,-0.099,0.93
5,"dotcolour","highSC","hard",0.552,1,1,-99,-0.099,0.93
5,"dotcolour","highSC","average",0.534,-1,1,-99,-0.099,0.93
5,"dotcolour","highSC","average",1.102,1,1,-99,-0.099,0.93
5,"dotcolour","highSC","easy",0.485,1,1,-99,-0.099,0.93
5,"dotcolour","highSC","easy",0.451,-1,1,-99,-0.099,0.93
5,"dotcolour","highSC","easy",0.451,-1,0,-99,-0.099,0.93
5,"dotcolour","highSC","hard",0.77,-1,1,-99,-0.099,0.93
5,"dotcolour","highSC","easy",0.519,-1,1,-99,-0.099,0.93
5,"dotcolour","highSC","average",0.618,-1,1,-99,-0.099,0.91
5,"dotcolour","highSC","hard",0.501,-1,0,-99,-0.099,0.91
5,"dotcolour","highSC","easy",0.469,1,1,-99,-0.099,0.91
5,"dotcolour","highSC","easy",0.501,-1,1,-99,-0.099,0.91
5,"dotcolour","highSC","easy",0.45,1,1,-99,-0.099,0.91
5,"dotcolour","highSC","easy",0.468,1,1,-99,-0.099,0.91
5,"dotcolour","highSC","average",0.484,1,1,-99,-0.099,0.91
5,"dotcolour","highSC","average",0.501,1,1,-99,-0.099,0.91
5,"dotcolour","highSC","easy",0.484,-1,1,-99,-0.099,0.91
5,"dotcolour","highSC","easy",0.451,-1,1,-99,-0.099,0.91
5,"dotcolour","highSC","hard",0.584,1,0,-99,-0.099,0.91
5,"dotcolour","highSC","average",0.501,1,1,-99,-0.099,0.91
5,"dotcolour","highSC","hard",0.868,-1,1,-99,-0.099,0.91
5,"dotcolour","highSC","hard",0.485,-1,0,-99,-0.099,0.91
5,"dotcolour","highSC","average",0.802,1,1,-99,-0.099,0.91
5,"dotcolour","highSC","easy",0.5,-1,1,-99,-0.099,0.91
5,"dotcolour","highSC","easy",0.436,1,0,-99,-0.099,0.91
5,"dotcolour","highSC","hard",0.501,1,0,-99,-0.099,0.91
5,"dotcolour","highSC","easy",0.451,1,1,-99,-0.099,0.91
5,"dotcolour","highSC","average",0.402,-1,1,-99,-0.099,0.91
5,"dotcolour","highSC","easy",0.402,-1,1,-99,-0.099,0.91
5,"dotcolour","highSC","average",0.469,1,1,-99,-0.099,0.91
5,"dotcolour","highSC","hard",0.485,1,1,-99,-0.099,0.91
5,"dotcolour","highSC","easy",0.452,1,1,-99,-0.099,0.91
6,"xotask","highSC","hard",4.139,1,1,-99,-0.099,0.95
6,"xotask","highSC","average",1.003,1,1,-99,-0.099,0.95
6,"xotask","highSC","hard",1.62,-1,0,-99,-0.099,0.95
6,"xotask","highSC","hard",1.186,-1,1,-99,-0.099,0.95
6,"xotask","highSC","easy",0.818,1,1,-99,-0.099,0.95
6,"xotask","highSC","hard",1.435,-1,1,-99,-0.099,0.95
6,"xotask","highSC","average",1.92,-1,0,-99,-0.099,0.95
6,"xotask","highSC","easy",1.319,-1,1,-99,-0.099,0.95
6,"xotask","highSC","average",1.219,1,1,-99,-0.099,0.95
6,"xotask","highSC","average",1.252,1,1,-99,-0.099,0.95
6,"xotask","highSC","easy",0.952,-1,1,-99,-0.099,0.95
6,"xotask","highSC","easy",1.452,-1,1,-99,-0.099,0.95
6,"xotask","highSC","average",0.768,-1,1,-99,-0.099,0.95
6,"xotask","highSC","easy",0.72,-1,1,-99,-0.099,0.95
6,"xotask","highSC","average",1.086,1,1,-99,-0.099,0.95
6,"xotask","highSC","average",1.336,-1,1,-99,-0.099,0.95
6,"xotask","highSC","average",1.72,-1,0,-99,-0.099,0.95
6,"xotask","highSC","hard",0.668,1,1,-99,-0.099,0.95
6,"xotask","highSC","average",1.168,-1,1,-99,-0.099,0.95
6,"xotask","highSC","easy",0.986,-1,1,-99,-0.099,0.95
6,"xotask","highSC","hard",2.053,-1,1,-99,-0.099,0.95
6,"xotask","highSC","average",1.386,-1,1,-99,-0.099,0.95
6,"xotask","highSC","hard",2.637,-1,1,-99,-0.099,0.95
6,"xotask","highSC","hard",2.387,1,0,-99,-0.099,0.82
6,"xotask","highSC","easy",0.901,-1,1,-99,-0.099,0.82
6,"xotask","highSC","average",1.001,1,0,-99,-0.099,0.82
6,"xotask","highSC","hard",1.253,1,1,-99,-0.099,0.82
6,"xotask","highSC","average",0.769,1,1,-99,-0.099,0.82
6,"xotask","highSC","easy",0.735,-1,1,-99,-0.099,0.82
6,"xotask","highSC","easy",0.635,1,1,-99,-0.099,0.82
6,"xotask","highSC","average",0.836,-1,1,-99,-0.099,0.82
6,"xotask","highSC","hard",0.752,1,1,-99,-0.099,0.82
6,"xotask","highSC","hard",1.286,-1,0,-99,-0.099,0.82
6,"xotask","highSC","easy",0.617,-1,1,-99,-0.099,0.82
6,"xotask","highSC","hard",0.952,-1,1,-99,-0.099,0.82
6,"xotask","highSC","average",0.868,-1,1,-99,-0.099,0.82
6,"xotask","highSC","easy",0.785,-1,1,-99,-0.099,0.82
6,"xotask","highSC","hard",1.051,1,1,-99,-0.099,0.82
6,"xotask","highSC","average",0.635,1,1,-99,-0.099,0.82
6,"xotask","highSC","average",0.819,-1,1,-99,-0.099,0.82
6,"xotask","highSC","easy",0.802,1,1,-99,-0.099,0.82
6,"xotask","highSC","easy",0.568,-1,1,-99,-0.099,0.82
6,"xotask","highSC","average",1.253,-1,0,-99,-0.099,0.82
6,"xotask","highSC","hard",0.769,-1,1,-99,-0.099,0.82
6,"xotask","highSC","hard",0.718,1,1,-99,-0.099,0.82
6,"xotask","highSC","hard",0.719,1,1,-99,-0.099,0.82
6,"xotask","highSC","average",0.636,1,1,-99,-0.099,0.82
6,"xotask","highSC","average",0.818,1,1,-99,-0.099,0.89
6,"xotask","highSC","average",0.719,1,1,-99,-0.099,0.89
6,"xotask","highSC","average",0.619,-1,1,-99,-0.099,0.89
6,"xotask","highSC","easy",0.619,1,1,-99,-0.099,0.89
6,"xotask","highSC","hard",0.785,-1,1,-99,-0.099,0.89
6,"xotask","highSC","average",1.168,1,1,-99,-0.099,0.89
6,"xotask","highSC","hard",0.719,-1,1,-99,-0.099,0.89
6,"xotask","highSC","easy",0.885,-1,1,-99,-0.099,0.89
6,"xotask","highSC","easy",0.586,1,1,-99,-0.099,0.89
6,"xotask","highSC","easy",0.485,-1,1,-99,-0.099,0.89
6,"xotask","highSC","easy",0.684,-1,0,-99,-0.099,0.89
6,"xotask","highSC","average",1.102,-1,1,-99,-0.099,0.89
6,"xotask","highSC","hard",1.319,1,1,-99,-0.099,0.89
6,"xotask","highSC","easy",0.869,1,1,-99,-0.099,0.89
6,"xotask","highSC","hard",2.353,1,0,-99,-0.099,0.89
6,"xotask","highSC","hard",0.785,1,1,-99,-0.099,0.89
6,"xotask","highSC","hard",1.134,-1,0,-99,-0.099,0.89
6,"xotask","highSC","hard",0.736,1,1,-99,-0.099,0.89
6,"xotask","highSC","easy",0.635,-1,1,-99,-0.099,0.89
6,"xotask","highSC","easy",0.685,1,1,-99,-0.099,0.89
6,"xotask","highSC","easy",0.669,1,1,-99,-0.099,0.89
6,"xotask","highSC","average",0.635,-1,1,-99,-0.099,0.89
6,"xotask","highSC","average",1.352,1,0,-99,-0.099,0.89
6,"xotask","highSC","easy",0.734,1,1,-99,-0.099,0.89
6,"xotask","highSC","easy",0.601,-1,1,-99,-0.099,0.95
6,"xotask","highSC","average",1.151,-1,0,-99,-0.099,0.95
6,"xotask","highSC","average",0.685,1,1,-99,-0.099,0.95
6,"xotask","highSC","average",0.752,-1,1,-99,-0.099,0.95
6,"xotask","highSC","average",1.152,-1,1,-99,-0.099,0.95
6,"xotask","highSC","hard",1.652,1,0,-99,-0.099,0.95
6,"xotask","highSC","average",1.386,-1,1,-99,-0.099,0.95
6,"xotask","highSC","hard",0.802,1,1,-99,-0.099,0.95
6,"xotask","highSC","hard",1.186,1,1,-99,-0.099,0.95
6,"xotask","highSC","easy",0.568,-1,1,-99,-0.099,0.95
6,"xotask","highSC","hard",0.818,-1,1,-99,-0.099,0.95
6,"xotask","highSC","easy",0.652,1,1,-99,-0.099,0.95
6,"xotask","highSC","easy",0.935,-1,1,-99,-0.099,0.95
6,"xotask","highSC","easy",0.718,-1,1,-99,-0.099,0.95
6,"xotask","highSC","average",0.801,1,1,-99,-0.099,0.95
6,"xotask","highSC","average",0.869,1,1,-99,-0.099,0.95
6,"xotask","highSC","easy",0.735,1,1,-99,-0.099,0.95
6,"xotask","highSC","easy",0.718,-1,1,-99,-0.099,0.95
6,"xotask","highSC","hard",0.685,1,1,-99,-0.099,0.95
6,"xotask","highSC","easy",0.652,1,1,-99,-0.099,0.95
6,"xotask","highSC","average",0.635,-1,1,-99,-0.099,0.95
6,"xotask","highSC","hard",0.685,1,0,-99,-0.099,0.95
6,"xotask","highSC","hard",1.67,1,1,-99,-0.099,0.95
6,"xotask","highSC","hard",1.003,-1,1,-99,-0.099,0.95
6,"xotask","highSC","easy",0.834,-1,1,-99,-0.099,0.94
6,"xotask","highSC","hard",0.986,-1,1,-99,-0.099,0.94
6,"xotask","highSC","average",0.618,1,1,-99,-0.099,0.94
6,"xotask","highSC","easy",0.718,1,1,-99,-0.099,0.94
6,"xotask","highSC","easy",0.952,-1,1,-99,-0.099,0.94
6,"xotask","highSC","hard",1.32,1,1,-99,-0.099,0.94
6,"xotask","highSC","hard",1.086,-1,1,-99,-0.099,0.94
6,"xotask","highSC","easy",0.634,-1,1,-99,-0.099,0.94
6,"xotask","highSC","easy",0.885,-1,1,-99,-0.099,0.94
6,"xotask","highSC","average",0.602,1,1,-99,-0.099,0.94
6,"xotask","highSC","easy",1.22,-1,1,-99,-0.099,0.94
6,"xotask","highSC","easy",0.635,1,1,-99,-0.099,0.94
6,"xotask","highSC","average",1.319,-1,1,-99,-0.099,0.94
6,"xotask","highSC","hard",1.219,1,0,-99,-0.099,0.94
6,"xotask","highSC","easy",0.635,-1,1,-99,-0.099,0.94
6,"xotask","highSC","easy",0.784,-1,1,-99,-0.099,0.94
6,"xotask","highSC","average",0.585,1,1,-99,-0.099,0.94
6,"xotask","highSC","average",1.069,-1,1,-99,-0.099,0.94
6,"xotask","highSC","hard",1.002,-1,1,-99,-0.099,0.94
6,"xotask","highSC","hard",0.769,-1,1,-99,-0.099,0.94
6,"xotask","highSC","average",1.135,1,0,-99,-0.099,0.94
6,"xotask","highSC","easy",0.785,-1,0,-99,-0.099,0.94
6,"xotask","highSC","easy",0.702,1,1,-99,-0.099,0.94
6,"xotask","highSC","average",0.884,1,1,-99,-0.099,0.94
6,"dotcolour","mediumSC","average",0.902,-1,1,-99,-0.099,0.8
6,"dotcolour","mediumSC","easy",0.602,-1,1,-99,-0.099,0.8
6,"dotcolour","mediumSC","average",0.919,-1,1,-99,-0.099,0.8
6,"dotcolour","mediumSC","hard",0.935,-1,0,-99,-0.099,0.8
6,"dotcolour","mediumSC","easy",0.585,-1,1,-99,-0.099,0.8
6,"dotcolour","mediumSC","easy",0.584,-1,1,-99,-0.099,0.8
6,"dotcolour","mediumSC","average",0.769,1,1,-99,-0.099,0.8
6,"dotcolour","mediumSC","average",0.485,1,1,-99,-0.099,0.8
6,"dotcolour","mediumSC","hard",0.902,-1,1,-99,-0.099,0.8
6,"dotcolour","mediumSC","average",0.769,-1,1,-99,-0.099,0.8
6,"dotcolour","mediumSC","easy",0.484,1,1,-99,-0.099,0.8
6,"dotcolour","mediumSC","hard",0.719,1,1,-99,-0.099,0.8
6,"dotcolour","mediumSC","average",0.652,-1,1,-99,-0.099,0.8
6,"dotcolour","mediumSC","easy",0.635,-1,1,-99,-0.099,0.8
6,"dotcolour","mediumSC","hard",0.484,1,0,-99,-0.099,0.8
6,"dotcolour","mediumSC","easy",0.484,1,1,-99,-0.099,0.8
6,"dotcolour","mediumSC","easy",0.568,1,1,-99,-0.099,0.8
6,"dotcolour","mediumSC","average",0.985,-1,0,-99,-0.099,0.8
6,"dotcolour","mediumSC","easy",0.518,1,1,-99,-0.099,0.8
6,"dotcolour","mediumSC","hard",0.685,-1,1,-99,-0.099,0.8
6,"dotcolour","mediumSC","average",0.568,-1,1,-99,-0.099,0.8
6,"dotcolour","mediumSC","hard",0.786,1,1,-99,-0.099,0.8
6,"dotcolour","mediumSC","easy",0.585,-1,1,-99,-0.099,0.8
6,"dotcolour","mediumSC","hard",0.552,1,0,-99,-0.099,0.8
6,"dotcolour","mediumSC","hard",0.985,-1,0,-99,-0.099,0.69
6,"dotcolour","mediumSC","average",0.653,-1,1,-99,-0.099,0.69
6,"dotcolour","mediumSC","hard",0.585,1,1,-99,-0.099,0.69
6,"dotcolour","mediumSC","average",0.568,-1,1,-99,-0.099,0.69
6,"dotcolour","mediumSC","average",0.667,1,1,-99,-0.099,0.69
6,"dotcolour","mediumSC","average",0.551,-1,1,-99,-0.099,0.69
6,"dotcolour","mediumSC","easy",0.468,1,1,-99,-0.099,0.69
6,"dotcolour","mediumSC","easy",0.618,1,1,-99,-0.099,0.69
6,"dotcolour","mediumSC","average",0.502,-1,1,-99,-0.099,0.69
6,"dotcolour","mediumSC","easy",0.485,1,1,-99,-0.099,0.69
6,"dotcolour","mediumSC","hard",0.685,-1,1,-99,-0.099,0.69
6,"dotcolour","mediumSC","average",0.568,-1,1,-99,-0.099,0.69
6,"dotcolour","mediumSC","easy",0.702,1,1,-99,-0.099,0.69
6,"dotcolour","mediumSC","easy",0.601,1,1,-99,-0.099,0.69
6,"dotcolour","mediumSC","easy",0.518,1,1,-99,-0.099,0.69
6,"dotcolour","mediumSC","average",0.602,1,1,-99,-0.099,0.69
6,"dotcolour","mediumSC","average",0.619,1,1,-99,-0.099,0.69
6,"dotcolour","mediumSC","easy",0.518,-1,1,-99,-0.099,0.69
6,"dotcolour","mediumSC","hard",0.803,-1,1,-99,-0.099,0.69
6,"dotcolour","mediumSC","easy",0.685,1,1,-99,-0.099,0.69
6,"dotcolour","mediumSC","easy",0.568,-1,1,-99,-0.099,0.69
6,"dotcolour","mediumSC","average",0.752,1,1,-99,-0.099,0.69
6,"dotcolour","mediumSC","easy",0.501,-1,1,-99,-0.099,0.69
6,"dotcolour","mediumSC","hard",0.835,-1,0,-99,-0.099,0.69
6,"dotcolour","mediumSC","easy",0.752,1,1,-99,-0.099,0.76
6,"dotcolour","mediumSC","hard",0.752,-1,1,-99,-0.099,0.76
6,"dotcolour","mediumSC","easy",0.735,-1,1,-99,-0.099,0.76
6,"dotcolour","mediumSC","hard",1.035,-1,0,-99,-0.099,0.76
6,"dotcolour","mediumSC","hard",0.768,-1,1,-99,-0.099,0.76
6,"dotcolour","mediumSC","average",0.585,1,1,-99,-0.099,0.76
6,"dotcolour","mediumSC","hard",0.719,-1,0,-99,-0.099,0.76
6,"dotcolour","mediumSC","easy",0.551,-1,0,-99,-0.099,0.76
6,"dotcolour","mediumSC","average",0.767,-1,1,-99,-0.099,0.76
6,"dotcolour","mediumSC","hard",1.136,-1,1,-99,-0.099,0.76
6,"dotcolour","mediumSC","easy",0.686,-1,1,-99,-0.099,0.76
6,"dotcolour","mediumSC","average",0.768,-1,1,-99,-0.099,0.76
6,"dotcolour","mediumSC","average",0.801,1,1,-99,-0.099,0.76
6,"dotcolour","mediumSC","hard",1.203,1,1,-99,-0.099,0.76
6,"dotcolour","mediumSC","hard",1.036,1,1,-99,-0.099,0.76
6,"dotcolour","mediumSC","easy",0.534,-1,1,-99,-0.099,0.76
6,"dotcolour","mediumSC","average",0.602,1,1,-99,-0.099,0.76
6,"dotcolour","mediumSC","easy",0.835,1,1,-99,-0.099,0.76
6,"dotcolour","mediumSC","hard",0.668,-1,1,-99,-0.099,0.76
6,"dotcolour","mediumSC","easy",0.618,1,1,-99,-0.099,0.76
6,"dotcolour","mediumSC","average",0.568,1,1,-99,-0.099,0.76
6,"dotcolour","mediumSC","hard",0.886,-1,1,-99,-0.099,0.76
6,"dotcolour","mediumSC","easy",0.702,-1,1,-99,-0.099,0.76
6,"dotcolour","mediumSC","hard",0.802,-1,0,-99,-0.099,0.76
6,"dotcolour","mediumSC","hard",0.868,1,1,-99,-0.099,0.76
6,"dotcolour","mediumSC","average",1.386,1,1,-99,-0.099,0.76
6,"dotcolour","mediumSC","hard",0.653,-1,1,-99,-0.099,0.76
6,"dotcolour","mediumSC","easy",0.485,1,1,-99,-0.099,0.76
6,"dotcolour","mediumSC","easy",0.585,1,1,-99,-0.099,0.76
6,"dotcolour","mediumSC","average",0.501,-1,1,-99,-0.099,0.76
6,"dotcolour","mediumSC","average",0.601,1,1,-99,-0.099,0.76
6,"dotcolour","mediumSC","average",1.002,-1,1,-99,-0.099,0.76
6,"dotcolour","mediumSC","easy",0.618,-1,1,-99,-0.099,0.76
6,"dotcolour","mediumSC","hard",0.718,1,1,-99,-0.099,0.76
6,"dotcolour","mediumSC","hard",0.685,-1,1,-99,-0.099,0.76
6,"dotcolour","mediumSC","easy",0.601,-1,1,-99,-0.099,0.76
6,"dotcolour","mediumSC","hard",1.836,-1,1,-99,-0.099,0.76
6,"dotcolour","mediumSC","hard",0.752,1,1,-99,-0.099,0.76
6,"dotcolour","mediumSC","easy",0.603,-1,1,-99,-0.099,0.76
6,"dotcolour","mediumSC","easy",0.935,-1,1,-99,-0.099,0.76
6,"dotcolour","mediumSC","hard",1.135,-1,1,-99,-0.099,0.76
6,"dotcolour","mediumSC","average",0.617,-1,1,-99,-0.099,0.76
6,"dotcolour","mediumSC","hard",0.919,1,1,-99,-0.099,0.76
6,"dotcolour","mediumSC","hard",0.868,-1,0,-99,-0.099,0.76
6,"dotcolour","mediumSC","easy",0.635,-1,1,-99,-0.099,0.76
6,"dotcolour","mediumSC","easy",0.668,1,1,-99,-0.099,0.76
6,"dotcolour","mediumSC","hard",1.419,-1,1,-99,-0.099,0.76
6,"dotcolour","mediumSC","easy",0.601,1,1,-99,-0.099,0.76
6,"dotcolour","mediumSC","hard",0.652,-1,1,-99,-0.099,0.77
6,"dotcolour","mediumSC","average",0.552,1,1,-99,-0.099,0.77
6,"dotcolour","mediumSC","easy",0.518,1,1,-99,-0.099,0.77
6,"dotcolour","mediumSC","easy",0.585,-1,1,-99,-0.099,0.77
6,"dotcolour","mediumSC","average",0.502,1,1,-99,-0.099,0.77
6,"dotcolour","mediumSC","average",0.702,-1,1,-99,-0.099,0.77
6,"dotcolour","mediumSC","average",0.786,-1,1,-99,-0.099,0.77
6,"dotcolour","mediumSC","average",0.535,-1,1,-99,-0.099,0.77
6,"dotcolour","mediumSC","average",0.653,-1,1,-99,-0.099,0.77
6,"dotcolour","mediumSC","average",0.701,1,1,-99,-0.099,0.77
6,"dotcolour","mediumSC","hard",0.902,-1,1,-99,-0.099,0.77
6,"dotcolour","mediumSC","hard",1.052,1,0,-99,-0.099,0.77
6,"dotcolour","mediumSC","average",0.82,1,1,-99,-0.099,0.77
6,"dotcolour","mediumSC","hard",0.819,-1,1,-99,-0.099,0.77
6,"dotcolour","mediumSC","easy",0.586,1,1,-99,-0.099,0.77
6,"dotcolour","mediumSC","average",0.653,1,1,-99,-0.099,0.77
6,"dotcolour","mediumSC","hard",0.819,1,1,-99,-0.099,0.77
6,"dotcolour","mediumSC","hard",0.718,1,1,-99,-0.099,0.77
6,"dotcolour","mediumSC","easy",0.518,1,1,-99,-0.099,0.77
6,"dotcolour","mediumSC","hard",0.668,-1,0,-99,-0.099,0.77
6,"dotcolour","mediumSC","hard",0.685,-1,0,-99,-0.099,0.77
6,"dotcolour","mediumSC","average",0.502,1,1,-99,-0.099,0.77
6,"dotcolour","mediumSC","easy",0.535,-1,1,-99,-0.099,0.77
6,"dotcolour","mediumSC","average",0.669,-1,1,-99,-0.099,0.77
6,"dotnumber","lowSC","easy",1.353,-1,1,-99,-0.099,0.69
6,"dotnumber","lowSC","easy",0.618,1,1,-99,-0.099,0.69
6,"dotnumber","lowSC","easy",1.053,1,1,-99,-0.099,0.69
6,"dotnumber","lowSC","average",0.685,1,1,-99,-0.099,0.69
6,"dotnumber","lowSC","hard",0.686,1,1,-99,-0.099,0.69
6,"dotnumber","lowSC","hard",0.551,1,0,-99,-0.099,0.69
6,"dotnumber","lowSC","hard",0.618,1,1,-99,-0.099,0.69
6,"dotnumber","lowSC","average",0.602,-1,1,-99,-0.099,0.69
6,"dotnumber","lowSC","average",0.835,-1,1,-99,-0.099,0.69
6,"dotnumber","lowSC","average",0.635,1,1,-99,-0.099,0.69
6,"dotnumber","lowSC","easy",0.485,-1,1,-99,-0.099,0.69
6,"dotnumber","lowSC","easy",0.518,1,1,-99,-0.099,0.69
6,"dotnumber","lowSC","average",1.102,1,1,-99,-0.099,0.69
6,"dotnumber","lowSC","easy",0.534,-1,1,-99,-0.099,0.69
6,"dotnumber","lowSC","hard",0.768,1,1,-99,-0.099,0.69
6,"dotnumber","lowSC","hard",0.903,1,0,-99,-0.099,0.69
6,"dotnumber","lowSC","easy",0.585,-1,1,-99,-0.099,0.69
6,"dotnumber","lowSC","easy",0.852,1,0,-99,-0.099,0.69
6,"dotnumber","lowSC","hard",0.635,1,0,-99,-0.099,0.69
6,"dotnumber","lowSC","average",0.687,1,1,-99,-0.099,0.69
6,"dotnumber","lowSC","average",0.835,1,0,-99,-0.099,0.69
6,"dotnumber","lowSC","easy",0.601,1,1,-99,-0.099,0.69
6,"dotnumber","lowSC","easy",0.67,-1,1,-99,-0.099,0.69
6,"dotnumber","lowSC","hard",0.602,-1,1,-99,-0.099,0.69
6,"dotnumber","lowSC","easy",0.586,-1,1,-99,-0.099,0.55
6,"dotnumber","lowSC","hard",0.652,1,1,-99,-0.099,0.55
6,"dotnumber","lowSC","easy",0.585,-1,1,-99,-0.099,0.55
6,"dotnumber","lowSC","easy",0.785,1,0,-99,-0.099,0.55
6,"dotnumber","lowSC","hard",0.618,1,0,-99,-0.099,0.55
6,"dotnumber","lowSC","easy",0.735,-1,1,-99,-0.099,0.55
6,"dotnumber","lowSC","easy",0.835,-1,1,-99,-0.099,0.55
6,"dotnumber","lowSC","hard",0.885,-1,1,-99,-0.099,0.55
6,"dotnumber","lowSC","average",0.852,1,0,-99,-0.099,0.55
6,"dotnumber","lowSC","easy",0.668,1,1,-99,-0.099,0.55
6,"dotnumber","lowSC","hard",0.869,1,1,-99,-0.099,0.55
6,"dotnumber","lowSC","hard",0.618,1,0,-99,-0.099,0.55
6,"dotnumber","lowSC","easy",0.535,1,1,-99,-0.099,0.55
6,"dotnumber","lowSC","easy",0.752,1,1,-99,-0.099,0.55
6,"dotnumber","lowSC","easy",1.002,-1,1,-99,-0.099,0.55
6,"dotnumber","lowSC","hard",0.568,1,0,-99,-0.099,0.55
6,"dotnumber","lowSC","easy",0.652,1,1,-99,-0.099,0.55
6,"dotnumber","lowSC","hard",0.852,1,1,-99,-0.099,0.55
6,"dotnumber","lowSC","easy",0.701,1,1,-99,-0.099,0.55
6,"dotnumber","lowSC","average",0.685,1,0,-99,-0.099,0.55
6,"dotnumber","lowSC","hard",0.651,-1,1,-99,-0.099,0.55
6,"dotnumber","lowSC","easy",0.485,1,1,-99,-0.099,0.55
6,"dotnumber","lowSC","easy",0.568,1,1,-99,-0.099,0.55
6,"dotnumber","lowSC","hard",0.568,1,1,-99,-0.099,0.55
6,"dotnumber","lowSC","easy",0.651,-1,1,-99,-0.099,0.56
6,"dotnumber","lowSC","easy",0.651,1,1,-99,-0.099,0.56
6,"dotnumber","lowSC","hard",0.686,1,1,-99,-0.099,0.56
6,"dotnumber","lowSC","hard",0.651,-1,1,-99,-0.099,0.56
6,"dotnumber","lowSC","easy",0.601,1,1,-99,-0.099,0.56
6,"dotnumber","lowSC","average",0.586,1,1,-99,-0.099,0.56
6,"dotnumber","lowSC","hard",0.501,-1,1,-99,-0.099,0.56
6,"dotnumber","lowSC","easy",0.601,1,1,-99,-0.099,0.56
6,"dotnumber","lowSC","average",0.602,1,1,-99,-0.099,0.56
6,"dotnumber","lowSC","average",0.552,-1,1,-99,-0.099,0.56
6,"dotnumber","lowSC","hard",0.753,1,1,-99,-0.099,0.56
6,"dotnumber","lowSC","average",0.585,1,1,-99,-0.099,0.56
6,"dotnumber","lowSC","hard",0.901,1,1,-99,-0.099,0.56
6,"dotnumber","lowSC","easy",0.485,1,1,-99,-0.099,0.56
6,"dotnumber","lowSC","easy",0.651,1,1,-99,-0.099,0.56
6,"dotnumber","lowSC","easy",0.602,-1,1,-99,-0.099,0.56
6,"dotnumber","lowSC","easy",0.619,-1,1,-99,-0.099,0.56
6,"dotnumber","lowSC","hard",0.718,1,0,-99,-0.099,0.56
6,"dotnumber","lowSC","hard",0.751,1,0,-99,-0.099,0.56
6,"dotnumber","lowSC","easy",0.718,1,1,-99,-0.099,0.56
6,"dotnumber","lowSC","average",0.484,-1,1,-99,-0.099,0.56
6,"dotnumber","lowSC","hard",0.818,1,0,-99,-0.099,0.56
6,"dotnumber","lowSC","easy",0.585,-1,1,-99,-0.099,0.56
6,"dotnumber","lowSC","average",0.319,1,1,-99,-0.099,0.56
6,"dotnumber","lowSC","easy",0.318,-1,1,-99,-0.099,0.62
6,"dotnumber","lowSC","average",0.3,1,1,-99,-0.099,0.62
6,"dotnumber","lowSC","easy",0.335,1,1,-99,-0.099,0.62
6,"dotnumber","lowSC","hard",0.334,-1,0,-99,-0.099,0.62
6,"dotnumber","lowSC","hard",0.251,1,0,-99,-0.099,0.62
6,"dotnumber","lowSC","average",0.235,-1,0,-99,-0.099,0.62
6,"dotnumber","lowSC","easy",0.334,1,0,-99,-0.099,0.62
6,"dotnumber","lowSC","easy",0.585,1,1,-99,-0.099,0.62
6,"dotnumber","lowSC","hard",0.619,1,1,-99,-0.099,0.62
6,"dotnumber","lowSC","easy",0.985,-1,1,-99,-0.099,0.62
6,"dotnumber","lowSC","average",0.618,-1,1,-99,-0.099,0.62
6,"dotnumber","lowSC","easy",0.603,1,1,-99,-0.099,0.62
6,"dotnumber","lowSC","easy",0.519,1,1,-99,-0.099,0.62
6,"dotnumber","lowSC","hard",0.719,-1,1,-99,-0.099,0.62
6,"dotnumber","lowSC","hard",0.519,1,1,-99,-0.099,0.62
6,"dotnumber","lowSC","easy",0.519,-1,1,-99,-0.099,0.62
6,"dotnumber","lowSC","hard",0.55,1,1,-99,-0.099,0.62
6,"dotnumber","lowSC","average",0.485,1,1,-99,-0.099,0.62
6,"dotnumber","lowSC","hard",0.585,1,1,-99,-0.099,0.62
6,"dotnumber","lowSC","easy",0.551,1,1,-99,-0.099,0.62
6,"dotnumber","lowSC","average",0.585,-1,0,-99,-0.099,0.62
6,"dotnumber","lowSC","hard",0.501,1,1,-99,-0.099,0.62
6,"dotnumber","lowSC","average",0.584,1,1,-99,-0.099,0.62
6,"dotnumber","lowSC","hard",0.484,-1,0,-99,-0.099,0.55
6,"dotnumber","lowSC","easy",0.434,1,1,-99,-0.099,0.55
6,"dotnumber","lowSC","average",0.518,-1,1,-99,-0.099,0.55
6,"dotnumber","lowSC","average",0.384,1,1,-99,-0.099,0.55
6,"dotnumber","lowSC","easy",0.502,1,1,-99,-0.099,0.55
6,"dotnumber","lowSC","hard",0.485,1,0,-99,-0.099,0.55
6,"dotnumber","lowSC","easy",0.735,1,1,-99,-0.099,0.55
6,"dotnumber","lowSC","easy",0.435,-1,1,-99,-0.099,0.55
6,"dotnumber","lowSC","hard",0.519,1,0,-99,-0.099,0.55
6,"dotnumber","lowSC","hard",0.468,1,1,-99,-0.099,0.55
6,"dotnumber","lowSC","hard",0.635,-1,0,-99,-0.099,0.55
6,"dotnumber","lowSC","average",0.835,1,0,-99,-0.099,0.55
6,"dotnumber","lowSC","easy",0.618,-1,1,-99,-0.099,0.55
6,"dotnumber","lowSC","hard",0.519,1,0,-99,-0.099,0.55
6,"dotnumber","lowSC","easy",0.267,-1,1,-99,-0.099,0.55
6,"dotnumber","lowSC","easy",0.435,1,1,-99,-0.099,0.55
6,"dotnumber","lowSC","hard",0.518,1,1,-99,-0.099,0.55
6,"dotnumber","lowSC","average",0.385,-1,1,-99,-0.099,0.55
6,"dotnumber","lowSC","average",0.352,1,1,-99,-0.099,0.55
6,"dotnumber","lowSC","hard",0.769,1,1,-99,-0.099,0.55
6,"dotnumber","lowSC","easy",0.518,1,1,-99,-0.099,0.55
6,"dotnumber","lowSC","easy",0.435,1,1,-99,-0.099,0.55
6,"dotnumber","lowSC","average",0.735,-1,0,-99,-0.099,0.55
6,"dotnumber","lowSC","hard",0.568,1,0,-99,-0.099,0.55
7,"dotcolour","mediumSC","easy",2.854,1,1,-99,-0.099,0.79
7,"dotcolour","mediumSC","easy",1.102,-1,1,-99,-0.099,0.79
7,"dotcolour","mediumSC","hard",1.553,-1,0,-99,-0.099,0.79
7,"dotcolour","mediumSC","average",0.869,-1,1,-99,-0.099,0.79
7,"dotcolour","mediumSC","average",1.085,-1,1,-99,-0.099,0.79
7,"dotcolour","mediumSC","hard",1.135,-1,1,-99,-0.099,0.79
7,"dotcolour","mediumSC","average",0.885,-1,1,-99,-0.099,0.79
7,"dotcolour","mediumSC","hard",1.535,-1,1,-99,-0.099,0.79
7,"dotcolour","mediumSC","easy",1.219,-1,1,-99,-0.099,0.79
7,"dotcolour","mediumSC","hard",1.37,1,1,-99,-0.099,0.79
7,"dotcolour","mediumSC","average",0.718,1,1,-99,-0.099,0.79
7,"dotcolour","mediumSC","easy",0.869,-1,1,-99,-0.099,0.79
7,"dotcolour","mediumSC","hard",1.118,-1,1,-99,-0.099,0.79
7,"dotcolour","mediumSC","hard",1.47,-1,1,-99,-0.099,0.79
7,"dotcolour","mediumSC","average",1.068,1,1,-99,-0.099,0.79
7,"dotcolour","mediumSC","easy",0.902,1,1,-99,-0.099,0.79
7,"dotcolour","mediumSC","average",0.736,-1,1,-99,-0.099,0.79
7,"dotcolour","mediumSC","average",0.754,1,1,-99,-0.099,0.79
7,"dotcolour","mediumSC","hard",1.82,1,1,-99,-0.099,0.79
7,"dotcolour","mediumSC","easy",0.652,1,1,-99,-0.099,0.79
7,"dotcolour","mediumSC","hard",1.67,1,0,-99,-0.099,0.79
7,"dotcolour","mediumSC","average",0.536,-1,1,-99,-0.099,0.79
7,"dotcolour","mediumSC","average",0.435,-1,1,-99,-0.099,0.79
7,"dotcolour","mediumSC","average",1.003,1,1,-99,-0.099,0.79
7,"dotcolour","mediumSC","average",0.669,-1,1,-99,-0.099,0.73
7,"dotcolour","mediumSC","hard",0.535,-1,1,-99,-0.099,0.73
7,"dotcolour","mediumSC","easy",0.702,1,1,-99,-0.099,0.73
7,"dotcolour","mediumSC","hard",0.818,-1,1,-99,-0.099,0.73
7,"dotcolour","mediumSC","average",0.786,1,1,-99,-0.099,0.73
7,"dotcolour","mediumSC","hard",0.768,-1,1,-99,-0.099,0.73
7,"dotcolour","mediumSC","easy",0.719,-1,1,-99,-0.099,0.73
7,"dotcolour","mediumSC","easy",0.668,-1,1,-99,-0.099,0.73
7,"dotcolour","mediumSC","average",0.651,-1,1,-99,-0.099,0.73
7,"dotcolour","mediumSC","average",0.651,1,1,-99,-0.099,0.73
7,"dotcolour","mediumSC","hard",1.202,-1,0,-99,-0.099,0.73
7,"dotcolour","mediumSC","hard",0.752,-1,0,-99,-0.099,0.73
7,"dotcolour","mediumSC","easy",0.802,-1,1,-99,-0.099,0.73
7,"dotcolour","mediumSC","average",0.551,1,1,-99,-0.099,0.73
7,"dotcolour","mediumSC","easy",0.702,-1,1,-99,-0.099,0.73
7,"dotcolour","mediumSC","average",1.202,-1,1,-99,-0.099,0.73
7,"dotcolour","mediumSC","hard",1.119,1,0,-99,-0.099,0.73
7,"dotcolour","mediumSC","average",0.569,1,1,-99,-0.099,0.73
7,"dotcolour","mediumSC","easy",0.735,-1,1,-99,-0.099,0.73
7,"dotcolour","mediumSC","average",0.702,-1,1,-99,-0.099,0.73
7,"dotcolour","mediumSC","hard",1.636,-1,0,-99,-0.099,0.73
7,"dotcolour","mediumSC","average",0.685,1,1,-99,-0.099,0.73
7,"dotcolour","mediumSC","average",0.636,-1,1,-99,-0.099,0.73
7,"dotcolour","mediumSC","hard",2.437,1,0,-99,-0.099,0.73
7,"dotcolour","mediumSC","average",0.835,-1,1,-99,-0.099,0.7
7,"dotcolour","mediumSC","hard",1.47,-1,1,-99,-0.099,0.7
7,"dotcolour","mediumSC","easy",0.685,-1,1,-99,-0.099,0.7
7,"dotcolour","mediumSC","easy",1.069,-1,1,-99,-0.099,0.7
7,"dotcolour","mediumSC","easy",0.818,1,1,-99,-0.099,0.7
7,"dotcolour","mediumSC","hard",1.086,-1,0,-99,-0.099,0.7
7,"dotcolour","mediumSC","average",0.752,1,1,-99,-0.099,0.7
7,"dotcolour","mediumSC","hard",0.702,-1,1,-99,-0.099,0.7
7,"dotcolour","mediumSC","easy",0.585,-1,1,-99,-0.099,0.7
7,"dotcolour","mediumSC","hard",0.853,1,1,-99,-0.099,0.7
7,"dotcolour","mediumSC","average",0.819,-1,1,-99,-0.099,0.7
7,"dotcolour","mediumSC","average",0.618,1,1,-99,-0.099,0.7
7,"dotcolour","mediumSC","easy",0.751,1,1,-99,-0.099,0.7
7,"dotcolour","mediumSC","average",0.535,1,1,-99,-0.099,0.7
7,"dotcolour","mediumSC","average",0.652,1,1,-99,-0.099,0.7
7,"dotcolour","mediumSC","hard",1.052,1,1,-99,-0.099,0.7
7,"dotcolour","mediumSC","easy",0.718,1,1,-99,-0.099,0.7
7,"dotcolour","mediumSC","easy",0.751,1,1,-99,-0.099,0.7
7,"dotcolour","mediumSC","average",1.084,1,1,-99,-0.099,0.7
7,"dotcolour","mediumSC","hard",0.869,-1,0,-99,-0.099,0.7
7,"dotcolour","mediumSC","easy",0.584,-1,1,-99,-0.099,0.7
7,"dotcolour","mediumSC","easy",0.502,-1,1,-99,-0.099,0.7
7,"dotcolour","mediumSC","average",0.685,1,1,-99,-0.099,0.7
7,"dotcolour","mediumSC","easy",0.584,-1,1,-99,-0.099,0.7
7,"dotcolour","mediumSC","easy",0.517,-1,1,-99,-0.099,0.73
7,"dotcolour","mediumSC","easy",0.584,1,1,-99,-0.099,0.73
7,"dotcolour","mediumSC","average",0.602,1,1,-99,-0.099,0.73
7,"dotcolour","mediumSC","easy",0.569,-1,1,-99,-0.099,0.73
7,"dotcolour","mediumSC","hard",0.768,-1,1,-99,-0.099,0.73
7,"dotcolour","mediumSC","easy",0.569,1,1,-99,-0.099,0.73
7,"dotcolour","mediumSC","average",0.669,-1,1,-99,-0.099,0.73
7,"dotcolour","mediumSC","hard",1.32,1,1,-99,-0.099,0.73
7,"dotcolour","mediumSC","average",0.618,1,1,-99,-0.099,0.73
7,"dotcolour","mediumSC","hard",1.569,-1,1,-99,-0.099,0.73
7,"dotcolour","mediumSC","easy",0.603,-1,1,-99,-0.099,0.73
7,"dotcolour","mediumSC","average",0.617,1,1,-99,-0.099,0.73
7,"dotcolour","mediumSC","average",0.919,1,1,-99,-0.099,0.73
7,"dotcolour","mediumSC","easy",0.551,-1,1,-99,-0.099,0.73
7,"dotcolour","mediumSC","easy",0.818,-1,1,-99,-0.099,0.73
7,"dotcolour","mediumSC","hard",1.036,-1,0,-99,-0.099,0.73
7,"dotcolour","mediumSC","average",0.552,1,1,-99,-0.099,0.73
7,"dotcolour","mediumSC","average",0.551,1,1,-99,-0.099,0.73
7,"dotcolour","mediumSC","hard",0.935,-1,1,-99,-0.099,0.73
7,"dotcolour","mediumSC","hard",0.585,-1,1,-99,-0.099,0.73
7,"dotcolour","mediumSC","easy",0.518,-1,1,-99,-0.099,0.73
7,"dotcolour","mediumSC","average",0.535,1,1,-99,-0.099,0.73
7,"dotcolour","mediumSC","average",0.568,-1,1,-99,-0.099,0.73
7,"dotcolour","mediumSC","easy",0.552,1,1,-99,-0.099,0.73
7,"dotcolour","mediumSC","hard",0.618,-1,1,-99,-0.099,0.73
7,"dotcolour","mediumSC","average",0.353,-1,1,-99,-0.099,0.73
7,"dotcolour","mediumSC","average",0.567,-1,1,-99,-0.099,0.73
7,"dotcolour","mediumSC","hard",0.551,-1,1,-99,-0.099,0.73
7,"dotcolour","mediumSC","hard",1.036,1,1,-99,-0.099,0.73
7,"dotcolour","mediumSC","average",0.601,-1,1,-99,-0.099,0.73
7,"dotcolour","mediumSC","average",0.635,1,1,-99,-0.099,0.73
7,"dotcolour","mediumSC","average",0.736,1,1,-99,-0.099,0.73
7,"dotcolour","mediumSC","average",0.601,-1,1,-99,-0.099,0.73
7,"dotcolour","mediumSC","hard",1.919,1,1,-99,-0.099,0.73
7,"dotcolour","mediumSC","average",0.636,1,1,-99,-0.099,0.73
7,"dotcolour","mediumSC","easy",0.651,1,1,-99,-0.099,0.73
7,"dotcolour","mediumSC","easy",0.835,-1,1,-99,-0.099,0.73
7,"dotcolour","mediumSC","hard",1.068,-1,0,-99,-0.099,0.73
7,"dotcolour","mediumSC","easy",0.552,1,1,-99,-0.099,0.73
7,"dotcolour","mediumSC","easy",0.586,-1,1,-99,-0.099,0.73
7,"dotcolour","mediumSC","easy",0.584,-1,1,-99,-0.099,0.73
7,"dotcolour","mediumSC","easy",0.701,1,1,-99,-0.099,0.73
7,"dotcolour","mediumSC","average",0.634,1,1,-99,-0.099,0.73
7,"dotcolour","mediumSC","easy",0.669,1,1,-99,-0.099,0.73
7,"dotcolour","mediumSC","hard",0.619,-1,0,-99,-0.099,0.73
7,"dotcolour","mediumSC","average",0.735,1,1,-99,-0.099,0.73
7,"dotcolour","mediumSC","average",0.702,1,1,-99,-0.099,0.73
7,"dotcolour","mediumSC","easy",0.653,-1,1,-99,-0.099,0.73
7,"dotnumber","lowSC","hard",1.569,1,1,-99,-0.099,0.68
7,"dotnumber","lowSC","easy",0.635,1,1,-99,-0.099,0.68
7,"dotnumber","lowSC","easy",0.568,1,1,-99,-0.099,0.68
7,"dotnumber","lowSC","average",0.568,1,1,-99,-0.099,0.68
7,"dotnumber","lowSC","hard",1.835,1,0,-99,-0.099,0.68
7,"dotnumber","lowSC","hard",1.235,1,0,-99,-0.099,0.68
7,"dotnumber","lowSC","easy",1.052,-1,1,-99,-0.099,0.68
7,"dotnumber","lowSC","average",0.701,1,1,-99,-0.099,0.68
7,"dotnumber","lowSC","hard",1.302,1,1,-99,-0.099,0.68
7,"dotnumber","lowSC","average",0.552,-1,1,-99,-0.099,0.68
7,"dotnumber","lowSC","average",0.518,1,1,-99,-0.099,0.68
7,"dotnumber","lowSC","average",1.051,-1,1,-99,-0.099,0.68
7,"dotnumber","lowSC","average",1.352,-1,1,-99,-0.099,0.68
7,"dotnumber","lowSC","average",0.652,1,0,-99,-0.099,0.68
7,"dotnumber","lowSC","average",1.169,-1,1,-99,-0.099,0.68
7,"dotnumber","lowSC","easy",0.603,1,1,-99,-0.099,0.68
7,"dotnumber","lowSC","easy",0.619,-1,1,-99,-0.099,0.68
7,"dotnumber","lowSC","hard",0.736,1,0,-99,-0.099,0.68
7,"dotnumber","lowSC","hard",0.785,-1,1,-99,-0.099,0.68
7,"dotnumber","lowSC","easy",1.253,-1,1,-99,-0.099,0.68
7,"dotnumber","lowSC","average",1.453,-1,1,-99,-0.099,0.68
7,"dotnumber","lowSC","average",0.652,1,1,-99,-0.099,0.68
7,"dotnumber","lowSC","average",0.801,1,1,-99,-0.099,0.68
7,"dotnumber","lowSC","average",0.701,1,1,-99,-0.099,0.68
7,"dotnumber","lowSC","easy",0.651,-1,1,-99,-0.099,0.55
7,"dotnumber","lowSC","hard",0.569,1,1,-99,-0.099,0.55
7,"dotnumber","lowSC","average",1.168,-1,1,-99,-0.099,0.55
7,"dotnumber","lowSC","hard",0.585,1,0,-99,-0.099,0.55
7,"dotnumber","lowSC","average",0.569,1,1,-99,-0.099,0.55
7,"dotnumber","lowSC","hard",0.802,1,0,-99,-0.099,0.55
7,"dotnumber","lowSC","easy",0.618,1,1,-99,-0.099,0.55
7,"dotnumber","lowSC","hard",1.135,-1,1,-99,-0.099,0.55
7,"dotnumber","lowSC","average",0.685,1,1,-99,-0.099,0.55
7,"dotnumber","lowSC","hard",0.735,1,1,-99,-0.099,0.55
7,"dotnumber","lowSC","hard",0.918,-1,0,-99,-0.099,0.55
7,"dotnumber","lowSC","hard",0.586,1,0,-99,-0.099,0.55
7,"dotnumber","lowSC","average",0.618,1,1,-99,-0.099,0.55
7,"dotnumber","lowSC","easy",0.568,-1,1,-99,-0.099,0.55
7,"dotnumber","lowSC","hard",0.752,1,1,-99,-0.099,0.55
7,"dotnumber","lowSC","easy",0.568,-1,1,-99,-0.099,0.55
7,"dotnumber","lowSC","easy",0.684,1,1,-99,-0.099,0.55
7,"dotnumber","lowSC","hard",0.651,1,0,-99,-0.099,0.55
7,"dotnumber","lowSC","hard",0.801,1,1,-99,-0.099,0.55
7,"dotnumber","lowSC","hard",0.768,-1,0,-99,-0.099,0.55
7,"dotnumber","lowSC","average",0.985,1,0,-99,-0.099,0.55
7,"dotnumber","lowSC","average",0.768,-1,1,-99,-0.099,0.55
7,"dotnumber","lowSC","easy",0.619,1,1,-99,-0.099,0.55
7,"dotnumber","lowSC","easy",0.552,1,1,-99,-0.099,0.55
7,"dotnumber","lowSC","average",0.651,1,1,-99,-0.099,0.65
7,"dotnumber","lowSC","easy",0.634,-1,1,-99,-0.099,0.65
7,"dotnumber","lowSC","easy",0.619,1,1,-99,-0.099,0.65
7,"dotnumber","lowSC","average",0.767,1,1,-99,-0.099,0.65
7,"dotnumber","lowSC","easy",0.902,1,1,-99,-0.099,0.65
7,"dotnumber","lowSC","easy",0.884,1,0,-99,-0.099,0.65
7,"dotnumber","lowSC","hard",0.651,1,0,-99,-0.099,0.65
7,"dotnumber","lowSC","hard",0.802,1,1,-99,-0.099,0.65
7,"dotnumber","lowSC","easy",0.852,1,1,-99,-0.099,0.65
7,"dotnumber","lowSC","average",0.953,1,0,-99,-0.099,0.65
7,"dotnumber","lowSC","easy",0.702,-1,1,-99,-0.099,0.65
7,"dotnumber","lowSC","average",0.685,-1,1,-99,-0.099,0.65
7,"dotnumber","lowSC","easy",0.535,-1,1,-99,-0.099,0.65
7,"dotnumber","lowSC","average",0.685,-1,1,-99,-0.099,0.65
7,"dotnumber","lowSC","easy",0.702,1,1,-99,-0.099,0.65
7,"dotnumber","lowSC","hard",1.436,1,1,-99,-0.099,0.65
7,"dotnumber","lowSC","average",0.802,-1,0,-99,-0.099,0.65
7,"dotnumber","lowSC","easy",0.685,1,1,-99,-0.099,0.65
7,"dotnumber","lowSC","easy",0.635,1,1,-99,-0.099,0.65
7,"dotnumber","lowSC","average",0.734,1,0,-99,-0.099,0.65
7,"dotnumber","lowSC","average",0.868,1,0,-99,-0.099,0.65
7,"dotnumber","lowSC","easy",0.585,1,1,-99,-0.099,0.65
7,"dotnumber","lowSC","hard",0.686,-1,1,-99,-0.099,0.65
7,"dotnumber","lowSC","average",0.718,1,1,-99,-0.099,0.65
7,"dotnumber","lowSC","hard",1.436,-1,0,-99,-0.099,0.58
7,"dotnumber","lowSC","average",2.037,-1,1,-99,-0.099,0.58
7,"dotnumber","lowSC","easy",0.601,1,1,-99,-0.099,0.58
7,"dotnumber","lowSC","easy",2.104,-1,1,-99,-0.099,0.58
7,"dotnumber","lowSC","easy",0.819,-1,1,-99,-0.099,0.58
7,"dotnumber","lowSC","hard",1.169,1,0,-99,-0.099,0.58
7,"dotnumber","lowSC","hard",0.785,1,0,-99,-0.099,0.58
7,"dotnumber","lowSC","average",0.869,-1,1,-99,-0.099,0.58
7,"dotnumber","lowSC","hard",0.585,1,0,-99,-0.099,0.58
7,"dotnumber","lowSC","easy",0.618,1,1,-99,-0.099,0.58
7,"dotnumber","lowSC","average",0.769,-1,1,-99,-0.099,0.58
7,"dotnumber","lowSC","easy",0.618,1,1,-99,-0.099,0.58
7,"dotnumber","lowSC","average",0.568,-1,1,-99,-0.099,0.58
7,"dotnumber","lowSC","average",0.484,1,1,-99,-0.099,0.58
7,"dotnumber","lowSC","easy",0.701,1,0,-99,-0.099,0.58
7,"dotnumber","lowSC","hard",0.502,-1,1,-99,-0.099,0.58
7,"dotnumber","lowSC","average",0.469,1,0,-99,-0.099,0.58
7,"dotnumber","lowSC","hard",0.518,1,1,-99,-0.099,0.58
7,"dotnumber","lowSC","hard",0.651,-1,1,-99,-0.099,0.58
7,"dotnumber","lowSC","easy",0.569,1,1,-99,-0.099,0.58
7,"dotnumber","lowSC","easy",0.652,1,1,-99,-0.099,0.58
7,"dotnumber","lowSC","average",0.652,1,1,-99,-0.099,0.58
7,"dotnumber","lowSC","hard",0.869,1,1,-99,-0.099,0.58
7,"dotnumber","lowSC","easy",1.168,1,1,-99,-0.099,0.58
7,"dotnumber","lowSC","hard",0.651,1,1,-99,-0.099,0.54
7,"dotnumber","lowSC","easy",0.552,-1,1,-99,-0.099,0.54
7,"dotnumber","lowSC","hard",0.685,1,0,-99,-0.099,0.54
7,"dotnumber","lowSC","easy",0.617,-1,1,-99,-0.099,0.54
7,"dotnumber","lowSC","easy",0.619,1,1,-99,-0.099,0.54
7,"dotnumber","lowSC","average",0.669,-1,1,-99,-0.099,0.54
7,"dotnumber","lowSC","easy",0.802,-1,1,-99,-0.099,0.54
7,"dotnumber","lowSC","hard",0.835,1,1,-99,-0.099,0.54
7,"dotnumber","lowSC","easy",0.485,1,1,-99,-0.099,0.54
7,"dotnumber","lowSC","hard",0.418,1,1,-99,-0.099,0.54
7,"dotnumber","lowSC","average",0.668,1,1,-99,-0.099,0.54
7,"dotnumber","lowSC","average",0.585,-1,1,-99,-0.099,0.54
7,"dotnumber","lowSC","hard",0.619,-1,0,-99,-0.099,0.54
7,"dotnumber","lowSC","easy",0.552,1,1,-99,-0.099,0.54
7,"dotnumber","lowSC","hard",0.584,-1,1,-99,-0.099,0.54
7,"dotnumber","lowSC","easy",0.468,1,1,-99,-0.099,0.54
7,"dotnumber","lowSC","average",0.552,1,1,-99,-0.099,0.54
7,"dotnumber","lowSC","average",0.501,1,1,-99,-0.099,0.54
7,"dotnumber","lowSC","hard",0.585,-1,0,-99,-0.099,0.54
7,"dotnumber","lowSC","average",0.551,1,1,-99,-0.099,0.54
7,"dotnumber","lowSC","hard",0.585,-1,1,-99,-0.099,0.54
7,"dotnumber","lowSC","easy",0.668,-1,1,-99,-0.099,0.54
7,"dotnumber","lowSC","hard",0.584,1,0,-99,-0.099,0.54
7,"dotnumber","lowSC","easy",0.384,-1,1,-99,-0.099,0.54
7,"xotask","highSC","hard",0.919,1,1,-99,-0.099,0.97
7,"xotask","highSC","easy",0.568,-1,1,-99,-0.099,0.97
7,"xotask","highSC","easy",0.502,-1,1,-99,-0.099,0.97
7,"xotask","highSC","hard",0.351,1,1,-99,-0.099,0.97
7,"xotask","highSC","average",0.501,1,1,-99,-0.099,0.97
7,"xotask","highSC","average",0.433,-1,0,-99,-0.099,0.97
7,"xotask","highSC","hard",0.385,-1,1,-99,-0.099,0.97
7,"xotask","highSC","easy",0.418,1,1,-99,-0.099,0.97
7,"xotask","highSC","hard",0.368,1,1,-99,-0.099,0.97
7,"xotask","highSC","easy",0.67,1,1,-99,-0.099,0.97
7,"xotask","highSC","hard",0.452,1,1,-99,-0.099,0.97
7,"xotask","highSC","hard",0.368,1,1,-99,-0.099,0.97
7,"xotask","highSC","average",0.585,-1,1,-99,-0.099,0.97
7,"xotask","highSC","hard",0.284,1,1,-99,-0.099,0.97
7,"xotask","highSC","easy",0.351,1,0,-99,-0.099,0.97
7,"xotask","highSC","easy",0.519,1,1,-99,-0.099,0.97
7,"xotask","highSC","average",0.468,-1,1,-99,-0.099,0.97
7,"xotask","highSC","average",0.836,-1,1,-99,-0.099,0.97
7,"xotask","highSC","hard",0.384,1,0,-99,-0.099,0.97
7,"xotask","highSC","average",0.484,1,1,-99,-0.099,0.97
7,"xotask","highSC","average",0.518,1,1,-99,-0.099,0.97
7,"xotask","highSC","average",0.551,1,0,-99,-0.099,0.97
7,"xotask","highSC","hard",0.902,-1,1,-99,-0.099,0.97
7,"xotask","highSC","hard",0.518,1,1,-99,-0.099,0.97
7,"xotask","highSC","easy",0.452,1,1,-99,-0.099,0.83
7,"xotask","highSC","hard",0.635,-1,0,-99,-0.099,0.83
7,"xotask","highSC","easy",0.519,1,1,-99,-0.099,0.83
7,"xotask","highSC","easy",0.385,1,1,-99,-0.099,0.83
7,"xotask","highSC","hard",0.836,-1,1,-99,-0.099,0.83
7,"xotask","highSC","easy",0.385,1,0,-99,-0.099,0.83
7,"xotask","highSC","easy",0.569,1,1,-99,-0.099,0.83
7,"xotask","highSC","hard",0.535,1,0,-99,-0.099,0.83
7,"xotask","highSC","easy",0.569,-1,1,-99,-0.099,0.83
7,"xotask","highSC","hard",0.402,-1,1,-99,-0.099,0.83
7,"xotask","highSC","hard",0.568,1,0,-99,-0.099,0.83
7,"xotask","highSC","hard",1.536,1,0,-99,-0.099,0.83
7,"xotask","highSC","average",0.518,1,1,-99,-0.099,0.83
7,"xotask","highSC","hard",0.602,1,1,-99,-0.099,0.83
7,"xotask","highSC","easy",0.401,1,1,-99,-0.099,0.83
7,"xotask","highSC","hard",0.635,1,1,-99,-0.099,0.83
7,"xotask","highSC","easy",0.502,-1,1,-99,-0.099,0.83
7,"xotask","highSC","hard",0.567,1,0,-99,-0.099,0.83
7,"xotask","highSC","easy",0.368,-1,1,-99,-0.099,0.83
7,"xotask","highSC","average",0.452,1,1,-99,-0.099,0.83
7,"xotask","highSC","hard",0.368,1,1,-99,-0.099,0.83
7,"xotask","highSC","easy",0.502,-1,1,-99,-0.099,0.83
7,"xotask","highSC","hard",0.335,-1,0,-99,-0.099,0.83
7,"xotask","highSC","easy",0.384,1,1,-99,-0.099,0.83
7,"xotask","highSC","hard",0.652,-1,1,-99,-0.099,0.93
7,"xotask","highSC","easy",0.367,1,1,-99,-0.099,0.93
7,"xotask","highSC","hard",0.419,1,1,-99,-0.099,0.93
7,"xotask","highSC","average",0.45,-1,1,-99,-0.099,0.93
7,"xotask","highSC","average",0.335,1,0,-99,-0.099,0.93
7,"xotask","highSC","average",0.385,-1,1,-99,-0.099,0.93
7,"xotask","highSC","average",0.385,1,0,-99,-0.099,0.93
7,"xotask","highSC","easy",0.568,1,1,-99,-0.099,0.93
7,"xotask","highSC","easy",0.451,-1,1,-99,-0.099,0.93
7,"xotask","highSC","easy",0.451,-1,1,-99,-0.099,0.93
7,"xotask","highSC","hard",0.436,-1,1,-99,-0.099,0.93
7,"xotask","highSC","hard",0.319,-1,1,-99,-0.099,0.93
7,"xotask","highSC","hard",0.602,-1,1,-99,-0.099,0.93
7,"xotask","highSC","hard",0.301,1,1,-99,-0.099,0.93
7,"xotask","highSC","hard",0.435,1,1,-99,-0.099,0.93
7,"xotask","highSC","easy",0.384,1,1,-99,-0.099,0.93
7,"xotask","highSC","average",0.735,-1,0,-99,-0.099,0.93
7,"xotask","highSC","average",0.368,1,1,-99,-0.099,0.93
7,"xotask","highSC","hard",0.685,-1,1,-99,-0.099,0.93
7,"xotask","highSC","easy",0.368,1,1,-99,-0.099,0.93
7,"xotask","highSC","hard",0.451,1,1,-99,-0.099,0.93
7,"xotask","highSC","average",0.468,1,1,-99,-0.099,0.93
7,"xotask","highSC","easy",0.352,1,0,-99,-0.099,0.93
7,"xotask","highSC","hard",0.634,1,1,-99,-0.099,0.93
7,"xotask","highSC","hard",0.635,1,1,-99,-0.099,0.89
7,"xotask","highSC","hard",0.352,-1,0,-99,-0.099,0.89
7,"xotask","highSC","easy",0.535,1,1,-99,-0.099,0.89
7,"xotask","highSC","average",0.401,1,1,-99,-0.099,0.89
7,"xotask","highSC","average",0.552,1,1,-99,-0.099,0.89
7,"xotask","highSC","hard",0.267,-1,1,-99,-0.099,0.89
7,"xotask","highSC","easy",0.302,1,1,-99,-0.099,0.89
7,"xotask","highSC","average",0.285,1,1,-99,-0.099,0.89
7,"xotask","highSC","easy",0.718,-1,1,-99,-0.099,0.89
7,"xotask","highSC","easy",0.518,-1,1,-99,-0.099,0.89
7,"xotask","highSC","average",0.351,-1,1,-99,-0.099,0.89
7,"xotask","highSC","average",0.352,1,1,-99,-0.099,0.89
7,"xotask","highSC","hard",0.402,1,0,-99,-0.099,0.89
7,"xotask","highSC","hard",0.302,1,1,-99,-0.099,0.89
7,"xotask","highSC","hard",0.334,1,1,-99,-0.099,0.89
7,"xotask","highSC","hard",0.585,1,1,-99,-0.099,0.89
7,"xotask","highSC","hard",0.636,-1,1,-99,-0.099,0.89
7,"xotask","highSC","average",0.336,1,0,-99,-0.099,0.89
7,"xotask","highSC","easy",0.685,-1,1,-99,-0.099,0.89
7,"xotask","highSC","hard",0.585,1,0,-99,-0.099,0.89
7,"xotask","highSC","easy",0.568,1,1,-99,-0.099,0.89
7,"xotask","highSC","easy",0.537,-1,1,-99,-0.099,0.89
7,"xotask","highSC","hard",0.502,-1,0,-99,-0.099,0.89
7,"xotask","highSC","hard",0.985,1,1,-99,-0.099,0.89
7,"xotask","highSC","hard",0.518,1,1,-99,-0.099,0.9
7,"xotask","highSC","average",0.5,1,1,-99,-0.099,0.9
7,"xotask","highSC","hard",0.569,-1,1,-99,-0.099,0.9
7,"xotask","highSC","easy",0.535,-1,1,-99,-0.099,0.9
7,"xotask","highSC","easy",0.568,-1,1,-99,-0.099,0.9
7,"xotask","highSC","easy",0.401,-1,1,-99,-0.099,0.9
7,"xotask","highSC","average",0.518,1,1,-99,-0.099,0.9
7,"xotask","highSC","hard",0.534,-1,1,-99,-0.099,0.9
7,"xotask","highSC","hard",0.335,1,1,-99,-0.099,0.9
7,"xotask","highSC","average",0.317,-1,0,-99,-0.099,0.9
7,"xotask","highSC","easy",0.668,1,1,-99,-0.099,0.9
7,"xotask","highSC","easy",0.435,1,1,-99,-0.099,0.9
7,"xotask","highSC","easy",1.068,1,1,-99,-0.099,0.9
7,"xotask","highSC","easy",0.634,1,1,-99,-0.099,0.9
7,"xotask","highSC","hard",0.668,-1,0,-99,-0.099,0.9
7,"xotask","highSC","easy",0.519,-1,1,-99,-0.099,0.9
7,"xotask","highSC","hard",0.468,-1,1,-99,-0.099,0.9
7,"xotask","highSC","hard",0.852,1,0,-99,-0.099,0.9
7,"xotask","highSC","average",0.518,-1,1,-99,-0.099,0.9
7,"xotask","highSC","easy",0.617,-1,1,-99,-0.099,0.9
7,"xotask","highSC","average",0.535,1,1,-99,-0.099,0.9
7,"xotask","highSC","average",0.469,-1,1,-99,-0.099,0.9
7,"xotask","highSC","average",0.467,-1,1,-99,-0.099,0.9
7,"xotask","highSC","average",0.469,1,0,-99,-0.099,0.9
8,"dotnumber","lowSC","average",0.952,1,1,-99,-0.099,0.66
8,"dotnumber","lowSC","hard",0.751,1,1,-99,-0.099,0.66
8,"dotnumber","lowSC","easy",0.434,1,1,-99,-0.099,0.66
8,"dotnumber","lowSC","average",0.551,1,0,-99,-0.099,0.66
8,"dotnumber","lowSC","average",0.485,-1,0,-99,-0.099,0.66
8,"dotnumber","lowSC","easy",0.484,1,1,-99,-0.099,0.66
8,"dotnumber","lowSC","easy",0.468,-1,1,-99,-0.099,0.66
8,"dotnumber","lowSC","easy",0.602,-1,1,-99,-0.099,0.66
8,"dotnumber","lowSC","hard",0.485,1,1,-99,-0.099,0.66
8,"dotnumber","lowSC","average",0.568,1,1,-99,-0.099,0.66
8,"dotnumber","lowSC","hard",0.552,-1,1,-99,-0.099,0.66
8,"dotnumber","lowSC","easy",0.485,1,0,-99,-0.099,0.66
8,"dotnumber","lowSC","average",0.602,-1,1,-99,-0.099,0.66
8,"dotnumber","lowSC","hard",1.052,1,1,-99,-0.099,0.66
8,"dotnumber","lowSC","average",0.769,1,0,-99,-0.099,0.66
8,"dotnumber","lowSC","easy",0.851,1,1,-99,-0.099,0.66
8,"dotnumber","lowSC","hard",0.619,-1,1,-99,-0.099,0.66
8,"dotnumber","lowSC","easy",0.569,1,1,-99,-0.099,0.66
8,"dotnumber","lowSC","average",0.536,1,1,-99,-0.099,0.66
8,"dotnumber","lowSC","easy",0.584,-1,1,-99,-0.099,0.66
8,"dotnumber","lowSC","hard",0.518,-1,0,-99,-0.099,0.66
8,"dotnumber","lowSC","hard",0.754,-1,0,-99,-0.099,0.66
8,"dotnumber","lowSC","easy",0.585,-1,1,-99,-0.099,0.66
8,"dotnumber","lowSC","easy",0.568,-1,1,-99,-0.099,0.66
8,"dotnumber","lowSC","hard",0.769,1,0,-99,-0.099,0.64
8,"dotnumber","lowSC","hard",0.885,-1,1,-99,-0.099,0.64
8,"dotnumber","lowSC","easy",0.736,-1,1,-99,-0.099,0.64
8,"dotnumber","lowSC","hard",0.635,1,0,-99,-0.099,0.64
8,"dotnumber","lowSC","easy",0.601,1,1,-99,-0.099,0.64
8,"dotnumber","lowSC","hard",0.585,-1,0,-99,-0.099,0.64
8,"dotnumber","lowSC","average",0.652,1,1,-99,-0.099,0.64
8,"dotnumber","lowSC","easy",0.669,1,1,-99,-0.099,0.64
8,"dotnumber","lowSC","hard",0.501,-1,1,-99,-0.099,0.64
8,"dotnumber","lowSC","average",0.553,-1,1,-99,-0.099,0.64
8,"dotnumber","lowSC","average",0.568,1,1,-99,-0.099,0.64
8,"dotnumber","lowSC","hard",0.585,-1,1,-99,-0.099,0.64
8,"dotnumber","lowSC","easy",0.585,-1,1,-99,-0.099,0.64
8,"dotnumber","lowSC","easy",0.468,-1,1,-99,-0.099,0.64
8,"dotnumber","lowSC","easy",0.569,-1,1,-99,-0.099,0.64
8,"dotnumber","lowSC","average",0.551,1,1,-99,-0.099,0.64
8,"dotnumber","lowSC","hard",0.835,-1,1,-99,-0.099,0.64
8,"dotnumber","lowSC","average",0.434,1,1,-99,-0.099,0.64
8,"dotnumber","lowSC","hard",0.585,-1,0,-99,-0.099,0.64
8,"dotnumber","lowSC","easy",0.569,1,1,-99,-0.099,0.64
8,"dotnumber","lowSC","average",0.519,-1,1,-99,-0.099,0.64
8,"dotnumber","lowSC","easy",0.601,1,1,-99,-0.099,0.64
8,"dotnumber","lowSC","hard",0.519,-1,1,-99,-0.099,0.64
8,"dotnumber","lowSC","easy",0.534,1,1,-99,-0.099,0.64
8,"dotnumber","lowSC","average",0.535,-1,1,-99,-0.099,0.56
8,"dotnumber","lowSC","average",0.435,1,1,-99,-0.099,0.56
8,"dotnumber","lowSC","easy",0.636,-1,1,-99,-0.099,0.56
8,"dotnumber","lowSC","easy",0.483,-1,1,-99,-0.099,0.56
8,"dotnumber","lowSC","average",0.502,1,0,-99,-0.099,0.56
8,"dotnumber","lowSC","hard",0.518,-1,0,-99,-0.099,0.56
8,"dotnumber","lowSC","hard",0.752,-1,0,-99,-0.099,0.56
8,"dotnumber","lowSC","easy",0.468,1,1,-99,-0.099,0.56
8,"dotnumber","lowSC","average",0.535,-1,1,-99,-0.099,0.56
8,"dotnumber","lowSC","average",0.585,-1,1,-99,-0.099,0.56
8,"dotnumber","lowSC","average",0.568,1,1,-99,-0.099,0.56
8,"dotnumber","lowSC","easy",0.535,1,1,-99,-0.099,0.56
8,"dotnumber","lowSC","hard",0.719,-1,0,-99,-0.099,0.56
8,"dotnumber","lowSC","easy",0.468,1,1,-99,-0.099,0.56
8,"dotnumber","lowSC","easy",0.502,-1,1,-99,-0.099,0.56
8,"dotnumber","lowSC","easy",0.568,-1,1,-99,-0.099,0.56
8,"dotnumber","lowSC","hard",0.669,1,0,-99,-0.099,0.56
8,"dotnumber","lowSC","hard",0.618,1,1,-99,-0.099,0.56
8,"dotnumber","lowSC","easy",0.419,1,1,-99,-0.099,0.56
8,"dotnumber","lowSC","easy",0.552,1,1,-99,-0.099,0.56
8,"dotnumber","lowSC","average",0.384,-1,0,-99,-0.099,0.56
8,"dotnumber","lowSC","easy",0.552,-1,1,-99,-0.099,0.56
8,"dotnumber","lowSC","average",0.385,1,0,-99,-0.099,0.56
8,"dotnumber","lowSC","hard",0.551,-1,1,-99,-0.099,0.56
8,"dotnumber","lowSC","hard",0.568,1,1,-99,-0.099,0.58
8,"dotnumber","lowSC","easy",0.568,1,1,-99,-0.099,0.58
8,"dotnumber","lowSC","easy",0.585,-1,0,-99,-0.099,0.58
8,"dotnumber","lowSC","easy",0.618,-1,1,-99,-0.099,0.58
8,"dotnumber","lowSC","hard",0.651,1,1,-99,-0.099,0.58
8,"dotnumber","lowSC","hard",0.551,-1,0,-99,-0.099,0.58
8,"dotnumber","lowSC","hard",0.619,1,0,-99,-0.099,0.58
8,"dotnumber","lowSC","easy",0.584,1,1,-99,-0.099,0.58
8,"dotnumber","lowSC","average",0.669,1,1,-99,-0.099,0.58
8,"dotnumber","lowSC","easy",0.668,-1,1,-99,-0.099,0.58
8,"dotnumber","lowSC","average",0.684,-1,1,-99,-0.099,0.58
8,"dotnumber","lowSC","average",0.551,-1,0,-99,-0.099,0.58
8,"dotnumber","lowSC","average",0.719,1,0,-99,-0.099,0.58
8,"dotnumber","lowSC","hard",0.468,-1,1,-99,-0.099,0.58
8,"dotnumber","lowSC","average",0.718,1,1,-99,-0.099,0.58
8,"dotnumber","lowSC","hard",0.652,-1,1,-99,-0.099,0.58
8,"dotnumber","lowSC","average",0.501,1,1,-99,-0.099,0.58
8,"dotnumber","lowSC","hard",0.703,-1,0,-99,-0.099,0.58
8,"dotnumber","lowSC","easy",0.835,1,1,-99,-0.099,0.58
8,"dotnumber","lowSC","hard",0.635,-1,0,-99,-0.099,0.58
8,"dotnumber","lowSC","average",0.618,1,1,-99,-0.099,0.58
8,"dotnumber","lowSC","easy",0.385,1,1,-99,-0.099,0.58
8,"dotnumber","lowSC","average",0.601,-1,1,-99,-0.099,0.58
8,"dotnumber","lowSC","easy",0.5,1,1,-99,-0.099,0.58
8,"dotnumber","lowSC","average",0.669,1,1,-99,-0.099,0.57
8,"dotnumber","lowSC","easy",0.485,1,1,-99,-0.099,0.57
8,"dotnumber","lowSC","easy",0.519,1,1,-99,-0.099,0.57
8,"dotnumber","lowSC","average",0.685,-1,1,-99,-0.099,0.57
8,"dotnumber","lowSC","easy",0.736,1,0,-99,-0.099,0.57
8,"dotnumber","lowSC","average",0.568,-1,1,-99,-0.099,0.57
8,"dotnumber","lowSC","average",0.501,1,1,-99,-0.099,0.57
8,"dotnumber","lowSC","hard",0.451,-1,1,-99,-0.099,0.57
8,"dotnumber","lowSC","average",0.585,-1,1,-99,-0.099,0.57
8,"dotnumber","lowSC","hard",0.701,-1,1,-99,-0.099,0.57
8,"dotnumber","lowSC","easy",0.634,-1,1,-99,-0.099,0.57
8,"dotnumber","lowSC","hard",0.551,1,1,-99,-0.099,0.57
8,"dotnumber","lowSC","average",0.618,-1,1,-99,-0.099,0.57
8,"dotnumber","lowSC","hard",0.569,-1,0,-99,-0.099,0.57
8,"dotnumber","lowSC","easy",0.535,-1,1,-99,-0.099,0.57
8,"dotnumber","lowSC","easy",0.536,-1,1,-99,-0.099,0.57
8,"dotnumber","lowSC","hard",0.534,-1,0,-99,-0.099,0.57
8,"dotnumber","lowSC","easy",0.585,-1,1,-99,-0.099,0.57
8,"dotnumber","lowSC","hard",0.568,-1,1,-99,-0.099,0.57
8,"dotnumber","lowSC","average",0.501,1,1,-99,-0.099,0.57
8,"dotnumber","lowSC","hard",0.685,1,1,-99,-0.099,0.57
8,"dotnumber","lowSC","average",0.57,1,1,-99,-0.099,0.57
8,"dotnumber","lowSC","easy",0.585,-1,1,-99,-0.099,0.57
8,"dotnumber","lowSC","hard",0.551,-1,0,-99,-0.099,0.57
8,"xotask","highSC","easy",0.852,1,1,-99,-0.099,0.97
8,"xotask","highSC","average",0.502,-1,1,-99,-0.099,0.97
8,"xotask","highSC","easy",0.536,-1,1,-99,-0.099,0.97
8,"xotask","highSC","hard",0.334,1,0,-99,-0.099,0.97
8,"xotask","highSC","easy",0.435,1,0,-99,-0.099,0.97
8,"xotask","highSC","easy",0.418,-1,1,-99,-0.099,0.97
8,"xotask","highSC","easy",0.418,1,1,-99,-0.099,0.97
8,"xotask","highSC","average",0.619,-1,0,-99,-0.099,0.97
8,"xotask","highSC","average",0.484,-1,1,-99,-0.099,0.97
8,"xotask","highSC","hard",0.684,1,1,-99,-0.099,0.97
8,"xotask","highSC","average",0.502,1,0,-99,-0.099,0.97
8,"xotask","highSC","hard",0.451,-1,0,-99,-0.099,0.97
8,"xotask","highSC","average",0.652,-1,0,-99,-0.099,0.97
8,"xotask","highSC","average",0.484,-1,0,-99,-0.099,0.97
8,"xotask","highSC","hard",0.701,-1,0,-99,-0.099,0.97
8,"xotask","highSC","easy",0.335,1,1,-99,-0.099,0.97
8,"xotask","highSC","easy",0.369,1,1,-99,-0.099,0.97
8,"xotask","highSC","hard",0.389,1,0,-99,-0.099,0.97
8,"xotask","highSC","easy",0.368,-1,1,-99,-0.099,0.97
8,"xotask","highSC","average",0.568,1,1,-99,-0.099,0.97
8,"xotask","highSC","average",0.368,-1,1,-99,-0.099,0.97
8,"xotask","highSC","easy",0.418,1,0,-99,-0.099,0.97
8,"xotask","highSC","easy",0.452,-1,1,-99,-0.099,0.97
8,"xotask","highSC","easy",0.452,1,1,-99,-0.099,0.97
8,"xotask","highSC","average",0.368,1,0,-99,-0.099,0.82
8,"xotask","highSC","easy",0.351,-1,1,-99,-0.099,0.82
8,"xotask","highSC","hard",0.385,-1,1,-99,-0.099,0.82
8,"xotask","highSC","average",0.385,-1,1,-99,-0.099,0.82
8,"xotask","highSC","hard",0.317,-1,0,-99,-0.099,0.82
8,"xotask","highSC","hard",0.351,1,0,-99,-0.099,0.82
8,"xotask","highSC","hard",0.502,-1,1,-99,-0.099,0.82
8,"xotask","highSC","average",0.319,1,1,-99,-0.099,0.82
8,"xotask","highSC","easy",0.367,1,1,-99,-0.099,0.82
8,"xotask","highSC","easy",0.452,1,0,-99,-0.099,0.82
8,"xotask","highSC","easy",0.268,-1,0,-99,-0.099,0.82
8,"xotask","highSC","average",0.435,-1,1,-99,-0.099,0.82
8,"xotask","highSC","hard",0.501,1,0,-99,-0.099,0.82
8,"xotask","highSC","hard",0.418,1,1,-99,-0.099,0.82
8,"xotask","highSC","average",0.318,-1,1,-99,-0.099,0.82
8,"xotask","highSC","easy",0.419,1,1,-99,-0.099,0.82
8,"xotask","highSC","average",0.418,1,1,-99,-0.099,0.82
8,"xotask","highSC","easy",0.468,1,1,-99,-0.099,0.82
8,"xotask","highSC","hard",0.434,-1,1,-99,-0.099,0.82
8,"xotask","highSC","hard",0.485,1,1,-99,-0.099,0.82
8,"xotask","highSC","easy",0.402,-1,1,-99,-0.099,0.82
8,"xotask","highSC","average",0.485,1,1,-99,-0.099,0.82
8,"xotask","highSC","easy",0.469,-1,1,-99,-0.099,0.82
8,"xotask","highSC","easy",0.318,1,1,-99,-0.099,0.82
8,"xotask","highSC","easy",0.418,1,0,-99,-0.099,0.97
8,"xotask","highSC","hard",0.317,-1,1,-99,-0.099,0.97
8,"xotask","highSC","average",0.386,1,1,-99,-0.099,0.97
8,"xotask","highSC","average",0.467,1,1,-99,-0.099,0.97
8,"xotask","highSC","average",0.319,1,0,-99,-0.099,0.97
8,"xotask","highSC","easy",0.301,-1,0,-99,-0.099,0.97
8,"xotask","highSC","hard",0.468,-1,0,-99,-0.099,0.97
8,"xotask","highSC","easy",0.768,1,1,-99,-0.099,0.97
8,"xotask","highSC","hard",0.369,1,1,-99,-0.099,0.97
8,"xotask","highSC","hard",0.419,1,1,-99,-0.099,0.97
8,"xotask","highSC","hard",0.451,-1,0,-99,-0.099,0.97
8,"xotask","highSC","hard",0.435,1,1,-99,-0.099,0.97
8,"xotask","highSC","hard",0.568,1,0,-99,-0.099,0.97
8,"xotask","highSC","easy",0.451,-1,1,-99,-0.099,0.97
8,"xotask","highSC","average",0.352,-1,1,-99,-0.099,0.97
8,"xotask","highSC","hard",0.4,-1,0,-99,-0.099,0.97
8,"xotask","highSC","easy",0.335,1,1,-99,-0.099,0.97
8,"xotask","highSC","easy",0.335,1,1,-99,-0.099,0.97
8,"xotask","highSC","average",0.486,1,1,-99,-0.099,0.97
8,"xotask","highSC","easy",0.335,1,0,-99,-0.099,0.97
8,"xotask","highSC","average",0.334,-1,1,-99,-0.099,0.97
8,"xotask","highSC","average",0.435,-1,1,-99,-0.099,0.97
8,"xotask","highSC","hard",0.369,-1,0,-99,-0.099,0.97
8,"xotask","highSC","hard",0.285,-1,1,-99,-0.099,0.97
8,"xotask","highSC","average",0.401,1,1,-99,-0.099,0.86
8,"xotask","highSC","hard",0.234,1,0,-99,-0.099,0.86
8,"xotask","highSC","average",0.418,1,0,-99,-0.099,0.86
8,"xotask","highSC","easy",0.368,1,0,-99,-0.099,0.86
8,"xotask","highSC","hard",0.335,-1,1,-99,-0.099,0.86
8,"xotask","highSC","easy",0.451,-1,0,-99,-0.099,0.86
8,"xotask","highSC","hard",0.386,1,0,-99,-0.099,0.86
8,"xotask","highSC","hard",0.517,1,0,-99,-0.099,0.86
8,"xotask","highSC","average",0.368,-1,1,-99,-0.099,0.86
8,"xotask","highSC","hard",0.351,-1,1,-99,-0.099,0.86
8,"xotask","highSC","average",0.601,1,1,-99,-0.099,0.86
8,"xotask","highSC","average",0.652,-1,0,-99,-0.099,0.86
8,"xotask","highSC","easy",0.768,-1,0,-99,-0.099,0.86
8,"xotask","highSC","hard",0.935,-1,0,-99,-0.099,0.86
8,"xotask","highSC","hard",0.435,1,0,-99,-0.099,0.86
8,"xotask","highSC","average",0.401,1,1,-99,-0.099,0.86
8,"xotask","highSC","average",0.335,1,1,-99,-0.099,0.86
8,"xotask","highSC","easy",0.334,1,1,-99,-0.099,0.86
8,"xotask","highSC","average",0.435,1,0,-99,-0.099,0.86
8,"xotask","highSC","average",0.3,-1,1,-99,-0.099,0.86
8,"xotask","highSC","easy",0.385,-1,1,-99,-0.099,0.86
8,"xotask","highSC","easy",0.318,-1,1,-99,-0.099,0.86
8,"xotask","highSC","hard",0.402,-1,1,-99,-0.099,0.86
8,"xotask","highSC","hard",0.385,1,0,-99,-0.099,0.86
8,"xotask","highSC","hard",0.435,1,1,-99,-0.099,0.92
8,"xotask","highSC","hard",0.401,-1,1,-99,-0.099,0.92
8,"xotask","highSC","hard",0.402,-1,1,-99,-0.099,0.92
8,"xotask","highSC","hard",0.435,-1,0,-99,-0.099,0.92
8,"xotask","highSC","easy",0.586,-1,1,-99,-0.099,0.92
8,"xotask","highSC","average",0.335,1,1,-99,-0.099,0.92
8,"xotask","highSC","average",0.352,1,1,-99,-0.099,0.92
8,"xotask","highSC","average",0.352,1,0,-99,-0.099,0.92
8,"xotask","highSC","average",0.368,-1,1,-99,-0.099,0.92
8,"xotask","highSC","easy",0.551,-1,0,-99,-0.099,0.92
8,"xotask","highSC","average",0.452,1,0,-99,-0.099,0.92
8,"xotask","highSC","hard",0.485,-1,1,-99,-0.099,0.92
8,"xotask","highSC","average",0.786,1,1,-99,-0.099,0.92
8,"xotask","highSC","easy",0.318,1,0,-99,-0.099,0.92
8,"xotask","highSC","average",0.268,-1,1,-99,-0.099,0.92
8,"xotask","highSC","hard",0.302,-1,0,-99,-0.099,0.92
8,"xotask","highSC","hard",0.535,-1,1,-99,-0.099,0.92
8,"xotask","highSC","hard",0.351,1,0,-99,-0.099,0.92
8,"xotask","highSC","hard",0.452,1,0,-99,-0.099,0.92
8,"xotask","highSC","easy",0.436,1,0,-99,-0.099,0.92
8,"xotask","highSC","hard",0.368,-1,0,-99,-0.099,0.92
8,"xotask","highSC","easy",0.551,1,1,-99,-0.099,0.92
8,"xotask","highSC","easy",0.418,-1,1,-99,-0.099,0.92
8,"xotask","highSC","average",0.485,-1,1,-99,-0.099,0.92
8,"dotcolour","mediumSC","easy",0.552,-1,1,-99,-0.099,0.76
8,"dotcolour","mediumSC","easy",0.451,-1,1,-99,-0.099,0.76
8,"dotcolour","mediumSC","average",0.535,1,1,-99,-0.099,0.76
8,"dotcolour","mediumSC","easy",0.401,-1,1,-99,-0.099,0.76
8,"dotcolour","mediumSC","easy",0.435,-1,0,-99,-0.099,0.76
8,"dotcolour","mediumSC","easy",0.401,1,1,-99,-0.099,0.76
8,"dotcolour","mediumSC","easy",0.435,1,0,-99,-0.099,0.76
8,"dotcolour","mediumSC","easy",0.352,-1,1,-99,-0.099,0.76
8,"dotcolour","mediumSC","hard",0.5,1,1,-99,-0.099,0.76
8,"dotcolour","mediumSC","easy",0.452,1,1,-99,-0.099,0.76
8,"dotcolour","mediumSC","average",0.501,-1,0,-99,-0.099,0.76
8,"dotcolour","mediumSC","hard",0.668,-1,0,-99,-0.099,0.76
8,"dotcolour","mediumSC","average",0.452,1,1,-99,-0.099,0.76
8,"dotcolour","mediumSC","hard",0.585,1,0,-99,-0.099,0.76
8,"dotcolour","mediumSC","average",0.385,-1,1,-99,-0.099,0.76
8,"dotcolour","mediumSC","easy",0.519,1,1,-99,-0.099,0.76
8,"dotcolour","mediumSC","average",0.435,-1,1,-99,-0.099,0.76
8,"dotcolour","mediumSC","hard",0.401,1,1,-99,-0.099,0.76
8,"dotcolour","mediumSC","hard",0.418,1,1,-99,-0.099,0.76
8,"dotcolour","mediumSC","hard",0.468,-1,1,-99,-0.099,0.76
8,"dotcolour","mediumSC","easy",0.418,1,1,-99,-0.099,0.76
8,"dotcolour","mediumSC","hard",0.585,1,1,-99,-0.099,0.76
8,"dotcolour","mediumSC","average",0.501,-1,1,-99,-0.099,0.76
8,"dotcolour","mediumSC","hard",0.619,1,1,-99,-0.099,0.76
8,"dotcolour","mediumSC","hard",0.335,-1,0,-99,-0.099,0.69
8,"dotcolour","mediumSC","easy",0.318,1,1,-99,-0.099,0.69
8,"dotcolour","mediumSC","hard",0.619,-1,0,-99,-0.099,0.69
8,"dotcolour","mediumSC","easy",0.335,1,1,-99,-0.099,0.69
8,"dotcolour","mediumSC","hard",0.418,1,0,-99,-0.099,0.69
8,"dotcolour","mediumSC","easy",0.401,-1,1,-99,-0.099,0.69
8,"dotcolour","mediumSC","average",0.368,1,1,-99,-0.099,0.69
8,"dotcolour","mediumSC","easy",0.402,-1,1,-99,-0.099,0.69
8,"dotcolour","mediumSC","average",0.417,-1,1,-99,-0.099,0.69
8,"dotcolour","mediumSC","easy",0.319,1,1,-99,-0.099,0.69
8,"dotcolour","mediumSC","hard",0.319,1,0,-99,-0.099,0.69
8,"dotcolour","mediumSC","average",0.318,-1,1,-99,-0.099,0.69
8,"dotcolour","mediumSC","easy",0.535,-1,1,-99,-0.099,0.69
8,"dotcolour","mediumSC","average",0.368,1,1,-99,-0.099,0.69
8,"dotcolour","mediumSC","hard",0.401,-1,1,-99,-0.099,0.69
8,"dotcolour","mediumSC","average",0.351,1,1,-99,-0.099,0.69
8,"dotcolour","mediumSC","average",0.435,1,0,-99,-0.099,0.69
8,"dotcolour","mediumSC","average",0.335,1,1,-99,-0.099,0.69
8,"dotcolour","mediumSC","hard",0.304,-1,1,-99,-0.099,0.69
8,"dotcolour","mediumSC","easy",0.669,1,1,-99,-0.099,0.69
8,"dotcolour","mediumSC","easy",0.251,-1,0,-99,-0.099,0.69
8,"dotcolour","mediumSC","easy",0.451,1,1,-99,-0.099,0.69
8,"dotcolour","mediumSC","easy",0.352,-1,1,-99,-0.099,0.69
8,"dotcolour","mediumSC","average",0.334,-1,1,-99,-0.099,0.69
8,"dotcolour","mediumSC","average",0.435,1,1,-99,-0.099,0.81
8,"dotcolour","mediumSC","easy",0.419,-1,0,-99,-0.099,0.81
8,"dotcolour","mediumSC","easy",0.267,1,0,-99,-0.099,0.81
8,"dotcolour","mediumSC","average",0.385,1,1,-99,-0.099,0.81
8,"dotcolour","mediumSC","hard",0.284,-1,1,-99,-0.099,0.81
8,"dotcolour","mediumSC","hard",0.304,1,1,-99,-0.099,0.81
8,"dotcolour","mediumSC","hard",0.652,1,0,-99,-0.099,0.81
8,"dotcolour","mediumSC","easy",0.402,-1,0,-99,-0.099,0.81
8,"dotcolour","mediumSC","easy",0.702,1,1,-99,-0.099,0.81
8,"dotcolour","mediumSC","easy",0.452,-1,1,-99,-0.099,0.81
8,"dotcolour","mediumSC","hard",0.402,1,1,-99,-0.099,0.81
8,"dotcolour","mediumSC","hard",0.284,1,0,-99,-0.099,0.81
8,"dotcolour","mediumSC","average",0.686,1,1,-99,-0.099,0.81
8,"dotcolour","mediumSC","easy",0.401,1,1,-99,-0.099,0.81
8,"dotcolour","mediumSC","average",0.385,1,1,-99,-0.099,0.81
8,"dotcolour","mediumSC","hard",0.352,1,0,-99,-0.099,0.81
8,"dotcolour","mediumSC","easy",0.434,-1,1,-99,-0.099,0.81
8,"dotcolour","mediumSC","hard",0.335,-1,0,-99,-0.099,0.81
8,"dotcolour","mediumSC","easy",0.318,1,1,-99,-0.099,0.81
8,"dotcolour","mediumSC","easy",0.352,1,0,-99,-0.099,0.81
8,"dotcolour","mediumSC","easy",0.384,1,1,-99,-0.099,0.81
8,"dotcolour","mediumSC","average",0.419,-1,1,-99,-0.099,0.81
8,"dotcolour","mediumSC","average",0.535,-1,1,-99,-0.099,0.81
8,"dotcolour","mediumSC","average",0.285,1,0,-99,-0.099,0.81
8,"dotcolour","mediumSC","average",0.401,1,0,-99,-0.099,0.7
8,"dotcolour","mediumSC","easy",0.351,-1,1,-99,-0.099,0.7
8,"dotcolour","mediumSC","easy",0.335,-1,1,-99,-0.099,0.7
8,"dotcolour","mediumSC","hard",0.334,-1,1,-99,-0.099,0.7
8,"dotcolour","mediumSC","average",0.968,-1,1,-99,-0.099,0.7
8,"dotcolour","mediumSC","easy",0.351,1,1,-99,-0.099,0.7
8,"dotcolour","mediumSC","average",0.318,-1,0,-99,-0.099,0.7
8,"dotcolour","mediumSC","average",0.401,1,1,-99,-0.099,0.7
8,"dotcolour","mediumSC","easy",0.302,1,1,-99,-0.099,0.7
8,"dotcolour","mediumSC","hard",0.418,1,1,-99,-0.099,0.7
8,"dotcolour","mediumSC","average",0.468,-1,1,-99,-0.099,0.7
8,"dotcolour","mediumSC","average",0.335,1,0,-99,-0.099,0.7
8,"dotcolour","mediumSC","hard",0.569,1,1,-99,-0.099,0.7
8,"dotcolour","mediumSC","hard",0.485,1,1,-99,-0.099,0.7
8,"dotcolour","mediumSC","easy",0.418,1,1,-99,-0.099,0.7
8,"dotcolour","mediumSC","average",0.334,-1,1,-99,-0.099,0.7
8,"dotcolour","mediumSC","hard",0.335,1,0,-99,-0.099,0.7
8,"dotcolour","mediumSC","easy",0.451,1,0,-99,-0.099,0.7
8,"dotcolour","mediumSC","hard",0.585,1,1,-99,-0.099,0.7
8,"dotcolour","mediumSC","easy",0.285,-1,0,-99,-0.099,0.7
8,"dotcolour","mediumSC","easy",1.052,1,1,-99,-0.099,0.7
8,"dotcolour","mediumSC","hard",0.869,-1,1,-99,-0.099,0.7
8,"dotcolour","mediumSC","average",0.485,-1,1,-99,-0.099,0.7
8,"dotcolour","mediumSC","hard",0.618,-1,0,-99,-0.099,0.7
8,"dotcolour","mediumSC","hard",0.384,1,1,-99,-0.099,0.72
8,"dotcolour","mediumSC","average",0.419,1,0,-99,-0.099,0.72
8,"dotcolour","mediumSC","easy",0.402,1,1,-99,-0.099,0.72
8,"dotcolour","mediumSC","average",0.435,1,1,-99,-0.099,0.72
8,"dotcolour","mediumSC","easy",0.635,-1,1,-99,-0.099,0.72
8,"dotcolour","mediumSC","hard",0.451,-1,0,-99,-0.099,0.72
8,"dotcolour","mediumSC","easy",0.318,1,1,-99,-0.099,0.72
8,"dotcolour","mediumSC","average",0.535,1,1,-99,-0.099,0.72
8,"dotcolour","mediumSC","hard",0.552,1,1,-99,-0.099,0.72
8,"dotcolour","mediumSC","hard",0.368,1,1,-99,-0.099,0.72
8,"dotcolour","mediumSC","easy",0.434,-1,1,-99,-0.099,0.72
8,"dotcolour","mediumSC","easy",0.401,-1,1,-99,-0.099,0.72
8,"dotcolour","mediumSC","average",0.551,1,0,-99,-0.099,0.72
8,"dotcolour","mediumSC","hard",0.635,-1,1,-99,-0.099,0.72
8,"dotcolour","mediumSC","easy",0.534,1,1,-99,-0.099,0.72
8,"dotcolour","mediumSC","hard",0.402,-1,1,-99,-0.099,0.72
8,"dotcolour","mediumSC","average",0.368,1,1,-99,-0.099,0.72
8,"dotcolour","mediumSC","easy",0.485,1,1,-99,-0.099,0.72
8,"dotcolour","mediumSC","hard",0.501,-1,1,-99,-0.099,0.72
8,"dotcolour","mediumSC","average",0.619,-1,1,-99,-0.099,0.72
8,"dotcolour","mediumSC","easy",0.435,-1,1,-99,-0.099,0.72
8,"dotcolour","mediumSC","average",0.418,-1,1,-99,-0.099,0.72
8,"dotcolour","mediumSC","hard",0.468,-1,1,-99,-0.099,0.72
8,"dotcolour","mediumSC","hard",0.467,1,0,-99,-0.099,0.72
9,"xotask","mediumSC","average",3.42,1,0,-99,-0.099,0.77
9,"xotask","mediumSC","easy",0.769,1,1,-99,-0.099,0.77
9,"xotask","mediumSC","average",0.835,1,1,-99,-0.099,0.77
9,"xotask","mediumSC","easy",2.771,-1,1,-99,-0.099,0.77
9,"xotask","mediumSC","easy",0.701,1,1,-99,-0.099,0.77
9,"xotask","mediumSC","hard",0.617,1,1,-99,-0.099,0.77
9,"xotask","mediumSC","easy",1.62,1,1,-99,-0.099,0.77
9,"xotask","mediumSC","average",1.853,-1,0,-99,-0.099,0.77
9,"xotask","mediumSC","hard",0.869,1,1,-99,-0.099,0.77
9,"xotask","mediumSC","hard",2.553,1,0,-99,-0.099,0.77
9,"xotask","mediumSC","hard",1.886,-1,1,-99,-0.099,0.77
9,"xotask","mediumSC","average",0.701,1,1,-99,-0.099,0.77
9,"xotask","mediumSC","hard",1.001,-1,1,-99,-0.099,0.77
9,"xotask","mediumSC","hard",0.868,-1,1,-99,-0.099,0.77
9,"xotask","mediumSC","easy",0.885,1,1,-99,-0.099,0.77
9,"xotask","mediumSC","average",1.069,1,0,-99,-0.099,0.77
9,"xotask","mediumSC","hard",1.402,-1,0,-99,-0.099,0.77
9,"xotask","mediumSC","easy",0.718,-1,1,-99,-0.099,0.77
9,"xotask","mediumSC","easy",0.935,1,1,-99,-0.099,0.77
9,"xotask","mediumSC","hard",1.686,1,0,-99,-0.099,0.77
9,"xotask","mediumSC","easy",0.552,-1,1,-99,-0.099,0.77
9,"xotask","mediumSC","average",0.668,1,1,-99,-0.099,0.77
9,"xotask","mediumSC","hard",1.019,1,1,-99,-0.099,0.72
9,"xotask","mediumSC","average",0.669,-1,1,-99,-0.099,0.72
9,"xotask","mediumSC","average",0.585,1,1,-99,-0.099,0.72
9,"xotask","mediumSC","hard",0.969,-1,0,-99,-0.099,0.72
9,"xotask","mediumSC","easy",1.303,1,1,-99,-0.099,0.72
9,"xotask","mediumSC","average",1.068,-1,1,-99,-0.099,0.72
9,"xotask","mediumSC","average",1.453,1,1,-99,-0.099,0.72
9,"xotask","mediumSC","average",0.868,1,1,-99,-0.099,0.72
9,"xotask","mediumSC","hard",0.768,-1,1,-99,-0.099,0.72
9,"xotask","mediumSC","hard",0.768,-1,1,-99,-0.099,0.72
9,"xotask","mediumSC","easy",0.618,-1,1,-99,-0.099,0.72
9,"xotask","mediumSC","average",0.752,1,1,-99,-0.099,0.72
9,"xotask","mediumSC","hard",1.569,-1,1,-99,-0.099,0.72
9,"xotask","mediumSC","average",1.269,1,1,-99,-0.099,0.72
9,"xotask","mediumSC","average",0.668,1,1,-99,-0.099,0.72
9,"xotask","mediumSC","average",0.651,1,1,-99,-0.099,0.72
9,"xotask","mediumSC","hard",1.403,-1,1,-99,-0.099,0.72
9,"xotask","mediumSC","hard",0.835,-1,1,-99,-0.099,0.72
9,"xotask","mediumSC","average",2.137,1,0,-99,-0.099,0.72
9,"xotask","mediumSC","hard",0.718,1,1,-99,-0.099,0.72
9,"xotask","mediumSC","hard",0.768,-1,1,-99,-0.099,0.72
9,"xotask","mediumSC","average",1.736,1,0,-99,-0.099,0.72
9,"xotask","mediumSC","average",1.853,-1,1,-99,-0.099,0.72
9,"xotask","mediumSC","average",0.635,1,1,-99,-0.099,0.72
9,"xotask","mediumSC","easy",1.97,-1,1,-99,-0.099,0.76
9,"xotask","mediumSC","average",2.07,-1,1,-99,-0.099,0.76
9,"xotask","mediumSC","average",0.985,1,1,-99,-0.099,0.76
9,"xotask","mediumSC","easy",0.918,1,1,-99,-0.099,0.76
9,"xotask","mediumSC","average",0.703,-1,1,-99,-0.099,0.76
9,"xotask","mediumSC","hard",0.867,-1,1,-99,-0.099,0.76
9,"xotask","mediumSC","average",0.869,1,1,-99,-0.099,0.76
9,"xotask","mediumSC","average",0.751,1,1,-99,-0.099,0.76
9,"xotask","mediumSC","hard",0.668,-1,0,-99,-0.099,0.76
9,"xotask","mediumSC","hard",1.152,1,1,-99,-0.099,0.76
9,"xotask","mediumSC","average",1.119,1,1,-99,-0.099,0.76
9,"xotask","mediumSC","average",0.884,1,1,-99,-0.099,0.76
9,"xotask","mediumSC","hard",1.736,1,0,-99,-0.099,0.76
9,"xotask","mediumSC","average",0.785,-1,1,-99,-0.099,0.76
9,"xotask","mediumSC","average",1.386,-1,1,-99,-0.099,0.76
9,"xotask","mediumSC","hard",0.701,-1,1,-99,-0.099,0.76
9,"xotask","mediumSC","easy",0.601,-1,1,-99,-0.099,0.76
9,"xotask","mediumSC","easy",0.685,-1,1,-99,-0.099,0.76
9,"xotask","mediumSC","average",1.086,1,1,-99,-0.099,0.76
9,"xotask","mediumSC","easy",1.303,1,1,-99,-0.099,0.76
9,"xotask","mediumSC","hard",0.735,-1,1,-99,-0.099,0.76
9,"xotask","mediumSC","average",0.869,1,1,-99,-0.099,0.76
9,"xotask","mediumSC","average",0.785,-1,1,-99,-0.099,0.76
9,"xotask","mediumSC","average",1.034,1,1,-99,-0.099,0.76
9,"xotask","mediumSC","average",0.785,1,1,-99,-0.099,0.74
9,"xotask","mediumSC","hard",0.818,1,1,-99,-0.099,0.74
9,"xotask","mediumSC","average",0.785,1,1,-99,-0.099,0.74
9,"xotask","mediumSC","hard",0.735,-1,1,-99,-0.099,0.74
9,"xotask","mediumSC","average",1.019,-1,0,-99,-0.099,0.74
9,"xotask","mediumSC","easy",0.836,1,1,-99,-0.099,0.74
9,"xotask","mediumSC","easy",0.853,1,1,-99,-0.099,0.74
9,"xotask","mediumSC","hard",0.885,1,1,-99,-0.099,0.74
9,"xotask","mediumSC","average",0.836,-1,1,-99,-0.099,0.74
9,"xotask","mediumSC","hard",0.769,-1,1,-99,-0.099,0.74
9,"xotask","mediumSC","hard",1.553,1,0,-99,-0.099,0.74
9,"xotask","mediumSC","hard",0.902,-1,1,-99,-0.099,0.74
9,"xotask","mediumSC","average",0.836,1,1,-99,-0.099,0.74
9,"xotask","mediumSC","easy",0.768,-1,1,-99,-0.099,0.74
9,"xotask","mediumSC","average",0.719,-1,1,-99,-0.099,0.74
9,"xotask","mediumSC","average",0.852,1,0,-99,-0.099,0.74
9,"xotask","mediumSC","hard",1.236,1,1,-99,-0.099,0.74
9,"xotask","mediumSC","easy",0.668,-1,1,-99,-0.099,0.74
9,"xotask","mediumSC","hard",0.703,1,1,-99,-0.099,0.74
9,"xotask","mediumSC","average",0.769,-1,1,-99,-0.099,0.74
9,"xotask","mediumSC","hard",0.652,1,0,-99,-0.099,0.74
9,"xotask","mediumSC","easy",0.635,1,1,-99,-0.099,0.74
9,"xotask","mediumSC","easy",0.651,1,1,-99,-0.099,0.74
9,"xotask","mediumSC","average",1.786,1,0,-99,-0.099,0.74
9,"xotask","mediumSC","easy",0.885,-1,1,-99,-0.099,0.81
9,"xotask","mediumSC","average",1.419,-1,1,-99,-0.099,0.81
9,"xotask","mediumSC","easy",0.719,1,1,-99,-0.099,0.81
9,"xotask","mediumSC","average",0.753,1,1,-99,-0.099,0.81
9,"xotask","mediumSC","easy",0.651,-1,1,-99,-0.099,0.81
9,"xotask","mediumSC","easy",0.752,-1,1,-99,-0.099,0.81
9,"xotask","mediumSC","easy",0.668,-1,1,-99,-0.099,0.81
9,"xotask","mediumSC","easy",0.802,1,1,-99,-0.099,0.81
9,"xotask","mediumSC","hard",1.335,1,1,-99,-0.099,0.81
9,"xotask","mediumSC","easy",0.719,-1,1,-99,-0.099,0.81
9,"xotask","mediumSC","average",0.919,1,1,-99,-0.099,0.81
9,"xotask","mediumSC","hard",0.985,-1,1,-99,-0.099,0.81
9,"xotask","mediumSC","easy",0.702,-1,1,-99,-0.099,0.81
9,"xotask","mediumSC","average",1.435,-1,1,-99,-0.099,0.81
9,"xotask","mediumSC","hard",0.754,-1,1,-99,-0.099,0.81
9,"xotask","mediumSC","hard",1.219,-1,1,-99,-0.099,0.81
9,"xotask","mediumSC","hard",1.519,-1,1,-99,-0.099,0.81
9,"xotask","mediumSC","hard",0.803,-1,1,-99,-0.099,0.81
9,"xotask","mediumSC","easy",0.885,1,1,-99,-0.099,0.81
9,"xotask","mediumSC","easy",0.801,-1,0,-99,-0.099,0.81
9,"xotask","mediumSC","hard",1.569,-1,0,-99,-0.099,0.81
9,"xotask","mediumSC","hard",0.736,-1,1,-99,-0.099,0.81
9,"xotask","mediumSC","average",0.668,-1,1,-99,-0.099,0.81
9,"xotask","mediumSC","hard",0.785,1,1,-99,-0.099,0.81
9,"dotcolour","lowSC","average",1.62,-1,1,-99,-0.099,0.66
9,"dotcolour","lowSC","hard",2.92,1,0,-99,-0.099,0.66
9,"dotcolour","lowSC","easy",0.618,-1,1,-99,-0.099,0.66
9,"dotcolour","lowSC","easy",0.585,-1,1,-99,-0.099,0.66
9,"dotcolour","lowSC","average",0.603,1,1,-99,-0.099,0.66
9,"dotcolour","lowSC","easy",0.685,1,1,-99,-0.099,0.66
9,"dotcolour","lowSC","hard",1.653,-1,0,-99,-0.099,0.66
9,"dotcolour","lowSC","average",1.385,1,1,-99,-0.099,0.66
9,"dotcolour","lowSC","hard",0.735,-1,0,-99,-0.099,0.66
9,"dotcolour","lowSC","easy",0.769,-1,1,-99,-0.099,0.66
9,"dotcolour","lowSC","average",1.536,-1,1,-99,-0.099,0.66
9,"dotcolour","lowSC","easy",0.486,1,1,-99,-0.099,0.66
9,"dotcolour","lowSC","hard",1.219,1,1,-99,-0.099,0.66
9,"dotcolour","lowSC","easy",0.735,1,1,-99,-0.099,0.66
9,"dotcolour","lowSC","average",0.702,1,1,-99,-0.099,0.66
9,"dotcolour","lowSC","easy",0.786,1,1,-99,-0.099,0.66
9,"dotcolour","lowSC","average",0.685,-1,1,-99,-0.099,0.66
9,"dotcolour","lowSC","average",0.536,1,1,-99,-0.099,0.66
9,"dotcolour","lowSC","easy",0.634,1,1,-99,-0.099,0.66
9,"dotcolour","lowSC","easy",0.618,1,1,-99,-0.099,0.66
9,"dotcolour","lowSC","average",1.402,-1,1,-99,-0.099,0.66
9,"dotcolour","lowSC","easy",0.485,1,1,-99,-0.099,0.66
9,"dotcolour","lowSC","hard",1.702,1,1,-99,-0.099,0.66
9,"dotcolour","lowSC","hard",0.734,-1,1,-99,-0.099,0.66
9,"dotcolour","lowSC","easy",0.702,1,1,-99,-0.099,0.6
9,"dotcolour","lowSC","easy",0.752,-1,1,-99,-0.099,0.6
9,"dotcolour","lowSC","hard",0.601,-1,1,-99,-0.099,0.6
9,"dotcolour","lowSC","hard",1.519,1,0,-99,-0.099,0.6
9,"dotcolour","lowSC","average",0.618,1,1,-99,-0.099,0.6
9,"dotcolour","lowSC","easy",0.569,-1,1,-99,-0.099,0.6
9,"dotcolour","lowSC","easy",0.785,-1,1,-99,-0.099,0.6
9,"dotcolour","lowSC","average",0.702,1,1,-99,-0.099,0.6
9,"dotcolour","lowSC","hard",1.736,-1,1,-99,-0.099,0.6
9,"dotcolour","lowSC","average",0.617,1,1,-99,-0.099,0.6
9,"dotcolour","lowSC","average",0.602,-1,1,-99,-0.099,0.6
9,"dotcolour","lowSC","easy",0.517,-1,1,-99,-0.099,0.6
9,"dotcolour","lowSC","hard",0.953,1,0,-99,-0.099,0.6
9,"dotcolour","lowSC","hard",0.934,-1,0,-99,-0.099,0.6
9,"dotcolour","lowSC","hard",1.185,1,1,-99,-0.099,0.6
9,"dotcolour","lowSC","hard",0.919,1,1,-99,-0.099,0.6
9,"dotcolour","lowSC","average",0.752,-1,1,-99,-0.099,0.6
9,"dotcolour","lowSC","hard",0.802,-1,0,-99,-0.099,0.6
9,"dotcolour","lowSC","easy",0.568,-1,1,-99,-0.099,0.6
9,"dotcolour","lowSC","average",0.519,1,1,-99,-0.099,0.6
9,"dotcolour","lowSC","easy",0.569,-1,1,-99,-0.099,0.6
9,"dotcolour","lowSC","hard",1.836,-1,0,-99,-0.099,0.6
9,"dotcolour","lowSC","easy",0.685,1,1,-99,-0.099,0.6
9,"dotcolour","lowSC","hard",0.685,-1,1,-99,-0.099,0.6
9,"dotcolour","lowSC","average",1.053,1,1,-99,-0.099,0.57
9,"dotcolour","lowSC","hard",1.736,1,1,-99,-0.099,0.57
9,"dotcolour","lowSC","easy",0.685,-1,1,-99,-0.099,0.57
9,"dotcolour","lowSC","average",1.001,1,1,-99,-0.099,0.57
9,"dotcolour","lowSC","easy",0.635,-1,1,-99,-0.099,0.57
9,"dotcolour","lowSC","easy",0.835,-1,1,-99,-0.099,0.57
9,"dotcolour","lowSC","hard",1.903,1,1,-99,-0.099,0.57
9,"dotcolour","lowSC","easy",0.802,-1,1,-99,-0.099,0.57
9,"dotcolour","lowSC","average",0.818,-1,1,-99,-0.099,0.57
9,"dotcolour","lowSC","hard",1.436,1,0,-99,-0.099,0.57
9,"dotcolour","lowSC","easy",0.769,1,1,-99,-0.099,0.57
9,"dotcolour","lowSC","hard",1.569,-1,1,-99,-0.099,0.57
9,"dotcolour","lowSC","easy",0.819,1,1,-99,-0.099,0.57
9,"dotcolour","lowSC","hard",3.639,1,1,-99,-0.099,0.57
9,"dotcolour","lowSC","easy",0.735,1,1,-99,-0.099,0.57
9,"dotcolour","lowSC","average",0.585,-1,1,-99,-0.099,0.57
9,"dotcolour","lowSC","hard",1.886,-1,1,-99,-0.099,0.57
9,"dotcolour","lowSC","average",1.052,1,1,-99,-0.099,0.57
9,"dotcolour","lowSC","hard",0.8,-1,1,-99,-0.099,0.57
9,"dotcolour","lowSC","hard",0.902,1,1,-99,-0.099,0.57
9,"dotcolour","lowSC","hard",1.086,1,1,-99,-0.099,0.57
9,"dotcolour","lowSC","average",0.835,1,1,-99,-0.099,0.57
9,"dotcolour","lowSC","easy",0.785,-1,1,-99,-0.099,0.57
9,"dotcolour","lowSC","hard",1.552,-1,1,-99,-0.099,0.57
9,"dotcolour","lowSC","average",0.586,-1,1,-99,-0.099,0.57
9,"dotcolour","lowSC","hard",0.651,-1,1,-99,-0.099,0.57
9,"dotcolour","lowSC","easy",0.802,1,1,-99,-0.099,0.57
9,"dotcolour","lowSC","average",3.471,1,1,-99,-0.099,0.57
9,"dotcolour","lowSC","easy",0.501,-1,1,-99,-0.099,0.57
9,"dotcolour","lowSC","average",0.485,-1,1,-99,-0.099,0.57
9,"dotcolour","lowSC","hard",1.72,1,1,-99,-0.099,0.57
9,"dotcolour","lowSC","easy",0.635,-1,1,-99,-0.099,0.57
9,"dotcolour","lowSC","average",0.685,-1,0,-99,-0.099,0.57
9,"dotcolour","lowSC","easy",0.668,1,1,-99,-0.099,0.57
9,"dotcolour","lowSC","hard",1.002,-1,1,-99,-0.099,0.57
9,"dotcolour","lowSC","hard",1.469,-1,1,-99,-0.099,0.57
9,"dotcolour","lowSC","average",1.101,1,1,-99,-0.099,0.57
9,"dotcolour","lowSC","average",1.119,1,1,-99,-0.099,0.57
9,"dotcolour","lowSC","easy",0.684,-1,1,-99,-0.099,0.57
9,"dotcolour","lowSC","hard",1.436,1,1,-99,-0.099,0.57
9,"dotcolour","lowSC","easy",0.853,1,1,-99,-0.099,0.57
9,"dotcolour","lowSC","easy",0.752,1,1,-99,-0.099,0.57
9,"dotcolour","lowSC","average",1.552,1,1,-99,-0.099,0.57
9,"dotcolour","lowSC","hard",0.685,-1,1,-99,-0.099,0.57
9,"dotcolour","lowSC","average",0.886,1,1,-99,-0.099,0.57
9,"dotcolour","lowSC","average",0.635,-1,1,-99,-0.099,0.57
9,"dotcolour","lowSC","hard",1.654,1,0,-99,-0.099,0.57
9,"dotcolour","lowSC","easy",0.651,1,1,-99,-0.099,0.57
9,"dotcolour","lowSC","average",0.719,-1,1,-99,-0.099,0.54
9,"dotcolour","lowSC","hard",1.453,-1,1,-99,-0.099,0.54
9,"dotcolour","lowSC","hard",0.902,1,1,-99,-0.099,0.54
9,"dotcolour","lowSC","average",0.936,-1,1,-99,-0.099,0.54
9,"dotcolour","lowSC","average",0.651,-1,1,-99,-0.099,0.54
9,"dotcolour","lowSC","easy",0.685,-1,1,-99,-0.099,0.54
9,"dotcolour","lowSC","hard",0.852,-1,1,-99,-0.099,0.54
9,"dotcolour","lowSC","easy",0.752,1,1,-99,-0.099,0.54
9,"dotcolour","lowSC","easy",0.903,-1,1,-99,-0.099,0.54
9,"dotcolour","lowSC","average",0.936,1,1,-99,-0.099,0.54
9,"dotcolour","lowSC","easy",0.735,-1,1,-99,-0.099,0.54
9,"dotcolour","lowSC","easy",0.986,1,1,-99,-0.099,0.54
9,"dotcolour","lowSC","easy",0.952,1,1,-99,-0.099,0.54
9,"dotcolour","lowSC","average",2.17,1,1,-99,-0.099,0.54
9,"dotcolour","lowSC","average",0.702,-1,1,-99,-0.099,0.54
9,"dotcolour","lowSC","easy",0.768,1,1,-99,-0.099,0.54
9,"dotcolour","lowSC","easy",4.823,1,0,-99,-0.099,0.54
9,"dotcolour","lowSC","average",1.402,1,1,-99,-0.099,0.54
9,"dotcolour","lowSC","hard",1.87,-1,1,-99,-0.099,0.54
9,"dotcolour","lowSC","hard",0.885,-1,1,-99,-0.099,0.54
9,"dotcolour","lowSC","average",0.601,-1,1,-99,-0.099,0.54
9,"dotcolour","lowSC","easy",0.736,-1,1,-99,-0.099,0.54
9,"dotcolour","lowSC","easy",0.618,1,1,-99,-0.099,0.54
9,"dotnumber","highSC","easy",1.503,-1,1,-99,-0.099,0.92
9,"dotnumber","highSC","hard",0.702,1,0,-99,-0.099,0.92
9,"dotnumber","highSC","average",1.552,1,0,-99,-0.099,0.92
9,"dotnumber","highSC","easy",0.635,-1,1,-99,-0.099,0.92
9,"dotnumber","highSC","hard",0.786,1,1,-99,-0.099,0.92
9,"dotnumber","highSC","easy",0.601,1,1,-99,-0.099,0.92
9,"dotnumber","highSC","hard",1.085,1,1,-99,-0.099,0.92
9,"dotnumber","highSC","average",1.135,1,1,-99,-0.099,0.92
9,"dotnumber","highSC","easy",1.519,-1,0,-99,-0.099,0.92
9,"dotnumber","highSC","hard",0.685,-1,0,-99,-0.099,0.92
9,"dotnumber","highSC","hard",0.719,1,1,-99,-0.099,0.92
9,"dotnumber","highSC","hard",1.954,-1,1,-99,-0.099,0.92
9,"dotnumber","highSC","easy",0.718,-1,1,-99,-0.099,0.92
9,"dotnumber","highSC","easy",0.634,1,1,-99,-0.099,0.92
9,"dotnumber","highSC","easy",0.752,-1,1,-99,-0.099,0.92
9,"dotnumber","highSC","hard",0.702,1,0,-99,-0.099,0.92
9,"dotnumber","highSC","average",0.77,-1,1,-99,-0.099,0.92
9,"dotnumber","highSC","hard",0.885,1,0,-99,-0.099,0.92
9,"dotnumber","highSC","average",1.386,1,1,-99,-0.099,0.92
9,"dotnumber","highSC","easy",0.585,1,1,-99,-0.099,0.92
9,"dotnumber","highSC","average",0.968,-1,1,-99,-0.099,0.92
9,"dotnumber","highSC","hard",0.752,1,0,-99,-0.099,0.92
9,"dotnumber","highSC","easy",0.702,1,1,-99,-0.099,0.92
9,"dotnumber","highSC","average",1.269,1,0,-99,-0.099,0.92
9,"dotnumber","highSC","easy",0.635,-1,1,-99,-0.099,0.82
9,"dotnumber","highSC","average",1.17,-1,0,-99,-0.099,0.82
9,"dotnumber","highSC","average",0.586,1,1,-99,-0.099,0.82
9,"dotnumber","highSC","hard",0.617,-1,1,-99,-0.099,0.82
9,"dotnumber","highSC","hard",0.935,-1,0,-99,-0.099,0.82
9,"dotnumber","highSC","average",0.719,1,0,-99,-0.099,0.82
9,"dotnumber","highSC","hard",1.085,-1,0,-99,-0.099,0.82
9,"dotnumber","highSC","average",0.601,1,1,-99,-0.099,0.82
9,"dotnumber","highSC","easy",0.651,-1,1,-99,-0.099,0.82
9,"dotnumber","highSC","hard",0.819,-1,0,-99,-0.099,0.82
9,"dotnumber","highSC","hard",0.569,-1,0,-99,-0.099,0.82
9,"dotnumber","highSC","easy",0.936,-1,1,-99,-0.099,0.82
9,"dotnumber","highSC","easy",0.586,1,1,-99,-0.099,0.82
9,"dotnumber","highSC","average",0.586,-1,1,-99,-0.099,0.82
9,"dotnumber","highSC","hard",2.686,-1,1,-99,-0.099,0.82
9,"dotnumber","highSC","easy",1.152,-1,1,-99,-0.099,0.82
9,"dotnumber","highSC","easy",0.919,-1,1,-99,-0.099,0.82
9,"dotnumber","highSC","easy",0.969,-1,0,-99,-0.099,0.82
9,"dotnumber","highSC","hard",1.152,-1,0,-99,-0.099,0.82
9,"dotnumber","highSC","hard",2.921,-1,0,-99,-0.099,0.82
9,"dotnumber","highSC","average",1.085,1,1,-99,-0.099,0.82
9,"dotnumber","highSC","hard",1.587,1,0,-99,-0.099,0.82
9,"dotnumber","highSC","easy",0.584,1,1,-99,-0.099,0.82
9,"dotnumber","highSC","average",1.152,1,1,-99,-0.099,0.82
9,"dotnumber","highSC","average",0.752,1,1,-99,-0.099,0.9
9,"dotnumber","highSC","average",0.618,1,1,-99,-0.099,0.9
9,"dotnumber","highSC","easy",1.052,-1,1,-99,-0.099,0.9
9,"dotnumber","highSC","average",1.519,-1,1,-99,-0.099,0.9
9,"dotnumber","highSC","hard",0.702,1,1,-99,-0.099,0.9
9,"dotnumber","highSC","hard",1.184,1,1,-99,-0.099,0.9
9,"dotnumber","highSC","easy",0.502,1,1,-99,-0.099,0.9
9,"dotnumber","highSC","easy",0.518,1,1,-99,-0.099,0.9
9,"dotnumber","highSC","easy",0.936,-1,1,-99,-0.099,0.9
9,"dotnumber","highSC","easy",1.886,1,1,-99,-0.099,0.9
9,"dotnumber","highSC","easy",1.787,-1,1,-99,-0.099,0.9
9,"dotnumber","highSC","hard",0.951,-1,1,-99,-0.099,0.9
9,"dotnumber","highSC","hard",0.936,-1,1,-99,-0.099,0.9
9,"dotnumber","highSC","average",0.635,1,1,-99,-0.099,0.9
9,"dotnumber","highSC","easy",0.567,1,1,-99,-0.099,0.9
9,"dotnumber","highSC","average",0.418,1,1,-99,-0.099,0.9
9,"dotnumber","highSC","hard",0.569,1,1,-99,-0.099,0.9
9,"dotnumber","highSC","hard",0.853,-1,1,-99,-0.099,0.9
9,"dotnumber","highSC","easy",0.551,1,1,-99,-0.099,0.9
9,"dotnumber","highSC","easy",0.502,1,1,-99,-0.099,0.9
9,"dotnumber","highSC","average",0.701,-1,1,-99,-0.099,0.9
9,"dotnumber","highSC","average",1.169,-1,1,-99,-0.099,0.9
9,"dotnumber","highSC","easy",0.601,-1,1,-99,-0.099,0.9
9,"dotnumber","highSC","easy",0.668,-1,1,-99,-0.099,0.9
9,"dotnumber","highSC","hard",2.236,-1,1,-99,-0.099,0.87
9,"dotnumber","highSC","average",0.935,-1,0,-99,-0.099,0.87
9,"dotnumber","highSC","average",0.651,-1,1,-99,-0.099,0.87
9,"dotnumber","highSC","easy",0.669,-1,1,-99,-0.099,0.87
9,"dotnumber","highSC","easy",0.635,1,1,-99,-0.099,0.87
9,"dotnumber","highSC","easy",0.668,-1,1,-99,-0.099,0.87
9,"dotnumber","highSC","average",0.801,-1,1,-99,-0.099,0.87
9,"dotnumber","highSC","hard",1.102,-1,1,-99,-0.099,0.87
9,"dotnumber","highSC","average",0.552,1,1,-99,-0.099,0.87
9,"dotnumber","highSC","hard",2.637,-1,1,-99,-0.099,0.87
9,"dotnumber","highSC","easy",0.468,1,1,-99,-0.099,0.87
9,"dotnumber","highSC","average",0.685,-1,1,-99,-0.099,0.87
9,"dotnumber","highSC","average",0.701,-1,1,-99,-0.099,0.87
9,"dotnumber","highSC","hard",0.635,1,1,-99,-0.099,0.87
9,"dotnumber","highSC","average",0.568,-1,1,-99,-0.099,0.87
9,"dotnumber","highSC","average",0.736,-1,0,-99,-0.099,0.87
9,"dotnumber","highSC","average",1.169,1,0,-99,-0.099,0.87
9,"dotnumber","highSC","easy",0.734,-1,1,-99,-0.099,0.87
9,"dotnumber","highSC","easy",1.236,1,1,-99,-0.099,0.87
9,"dotnumber","highSC","easy",1.119,1,1,-99,-0.099,0.87
9,"dotnumber","highSC","average",0.585,1,1,-99,-0.099,0.87
9,"dotnumber","highSC","hard",1.136,1,0,-99,-0.099,0.87
9,"dotnumber","highSC","easy",0.769,-1,1,-99,-0.099,0.87
9,"dotnumber","highSC","easy",0.651,-1,1,-99,-0.099,0.87
9,"dotnumber","highSC","hard",2.037,-1,1,-99,-0.099,0.91
9,"dotnumber","highSC","hard",1.887,1,0,-99,-0.099,0.91
9,"dotnumber","highSC","easy",0.952,1,1,-99,-0.099,0.91
9,"dotnumber","highSC","hard",1.586,-1,1,-99,-0.099,0.91
9,"dotnumber","highSC","easy",0.602,1,1,-99,-0.099,0.91
9,"dotnumber","highSC","hard",0.752,-1,0,-99,-0.099,0.91
9,"dotnumber","highSC","average",1.136,1,1,-99,-0.099,0.91
9,"dotnumber","highSC","average",1.019,-1,1,-99,-0.099,0.91
9,"dotnumber","highSC","hard",1.02,1,0,-99,-0.099,0.91
9,"dotnumber","highSC","easy",1.152,-1,1,-99,-0.099,0.91
9,"dotnumber","highSC","hard",0.752,-1,1,-99,-0.099,0.91
9,"dotnumber","highSC","hard",0.785,-1,0,-99,-0.099,0.91
9,"dotnumber","highSC","average",0.652,-1,1,-99,-0.099,0.91
9,"dotnumber","highSC","average",0.602,1,1,-99,-0.099,0.91
9,"dotnumber","highSC","easy",0.718,-1,1,-99,-0.099,0.91
9,"dotnumber","highSC","average",0.518,-1,1,-99,-0.099,0.91
9,"dotnumber","highSC","average",0.536,-1,1,-99,-0.099,0.91
9,"dotnumber","highSC","easy",0.702,-1,1,-99,-0.099,0.91
9,"dotnumber","highSC","easy",0.735,-1,1,-99,-0.099,0.91
9,"dotnumber","highSC","easy",0.601,1,1,-99,-0.099,0.91
9,"dotnumber","highSC","easy",1.202,1,1,-99,-0.099,0.91
9,"dotnumber","highSC","easy",0.601,-1,1,-99,-0.099,0.91
9,"dotnumber","highSC","easy",0.736,1,1,-99,-0.099,0.91
9,"dotnumber","highSC","hard",0.702,1,1,-99,-0.099,0.91
11,"dotnumber","highSC","average",1.386,-1,1,-99,-0.099,0.97
11,"dotnumber","highSC","average",0.869,1,0,-99,-0.099,0.97
11,"dotnumber","highSC","average",1.187,1,1,-99,-0.099,0.97
11,"dotnumber","highSC","hard",0.802,-1,1,-99,-0.099,0.97
11,"dotnumber","highSC","hard",1.185,1,1,-99,-0.099,0.97
11,"dotnumber","highSC","hard",0.885,-1,1,-99,-0.099,0.97
11,"dotnumber","highSC","easy",0.953,-1,0,-99,-0.099,0.97
11,"dotnumber","highSC","average",0.802,-1,1,-99,-0.099,0.97
11,"dotnumber","highSC","hard",0.785,-1,1,-99,-0.099,0.97
11,"dotnumber","highSC","hard",0.852,1,1,-99,-0.099,0.97
11,"dotnumber","highSC","average",0.818,-1,1,-99,-0.099,0.97
11,"dotnumber","highSC","hard",0.835,1,1,-99,-0.099,0.97
11,"dotnumber","highSC","hard",1.502,1,0,-99,-0.099,0.97
11,"dotnumber","highSC","easy",0.718,-1,1,-99,-0.099,0.97
11,"dotnumber","highSC","hard",0.768,1,1,-99,-0.099,0.97
11,"dotnumber","highSC","average",0.685,1,1,-99,-0.099,0.97
11,"dotnumber","highSC","easy",0.684,1,1,-99,-0.099,0.97
11,"dotnumber","highSC","average",0.701,-1,1,-99,-0.099,0.97
11,"dotnumber","highSC","average",0.669,-1,0,-99,-0.099,0.97
11,"dotnumber","highSC","easy",0.868,1,1,-99,-0.099,0.97
11,"dotnumber","highSC","average",1.136,-1,0,-99,-0.099,0.97
11,"dotnumber","highSC","average",0.619,1,1,-99,-0.099,0.97
11,"dotnumber","highSC","easy",0.568,-1,1,-99,-0.099,0.97
11,"dotnumber","highSC","easy",0.852,1,0,-99,-0.099,0.97
11,"dotnumber","highSC","hard",0.902,-1,0,-99,-0.099,0.83
11,"dotnumber","highSC","hard",0.902,-1,1,-99,-0.099,0.83
11,"dotnumber","highSC","hard",1.352,1,1,-99,-0.099,0.83
11,"dotnumber","highSC","average",1.019,-1,1,-99,-0.099,0.83
11,"dotnumber","highSC","hard",0.902,-1,1,-99,-0.099,0.83
11,"dotnumber","highSC","average",1.703,-1,0,-99,-0.099,0.83
11,"dotnumber","highSC","average",1.003,-1,1,-99,-0.099,0.83
11,"dotnumber","highSC","average",0.901,-1,1,-99,-0.099,0.83
11,"dotnumber","highSC","average",0.786,1,1,-99,-0.099,0.83
11,"dotnumber","highSC","hard",0.886,1,1,-99,-0.099,0.83
11,"dotnumber","highSC","average",0.718,1,1,-99,-0.099,0.83
11,"dotnumber","highSC","easy",0.769,1,1,-99,-0.099,0.83
11,"dotnumber","highSC","average",0.685,1,1,-99,-0.099,0.83
11,"dotnumber","highSC","easy",0.668,-1,1,-99,-0.099,0.83
11,"dotnumber","highSC","easy",0.601,-1,1,-99,-0.099,0.83
11,"dotnumber","highSC","average",0.668,-1,1,-99,-0.099,0.83
11,"dotnumber","highSC","hard",1.002,1,0,-99,-0.099,0.83
11,"dotnumber","highSC","hard",0.75,1,1,-99,-0.099,0.83
11,"dotnumber","highSC","hard",0.735,-1,0,-99,-0.099,0.83
11,"dotnumber","highSC","hard",0.669,1,0,-99,-0.099,0.83
11,"dotnumber","highSC","easy",0.768,1,1,-99,-0.099,0.83
11,"dotnumber","highSC","easy",0.618,-1,1,-99,-0.099,0.83
11,"dotnumber","highSC","hard",0.636,1,0,-99,-0.099,0.83
11,"dotnumber","highSC","average",1.136,-1,1,-99,-0.099,0.83
11,"dotnumber","highSC","average",0.785,-1,1,-99,-0.099,0.91
11,"dotnumber","highSC","easy",2.204,-1,1,-99,-0.099,0.91
11,"dotnumber","highSC","average",0.668,1,1,-99,-0.099,0.91
11,"dotnumber","highSC","average",1.252,-1,1,-99,-0.099,0.91
11,"dotnumber","highSC","hard",1.052,-1,1,-99,-0.099,0.91
11,"dotnumber","highSC","average",0.618,1,1,-99,-0.099,0.91
11,"dotnumber","highSC","easy",0.652,-1,1,-99,-0.099,0.91
11,"dotnumber","highSC","hard",0.769,-1,1,-99,-0.099,0.91
11,"dotnumber","highSC","hard",0.737,-1,1,-99,-0.099,0.91
11,"dotnumber","highSC","average",0.904,-1,1,-99,-0.099,0.91
11,"dotnumber","highSC","average",0.618,1,1,-99,-0.099,0.91
11,"dotnumber","highSC","average",0.668,1,1,-99,-0.099,0.91
11,"dotnumber","highSC","average",0.735,1,1,-99,-0.099,0.91
11,"dotnumber","highSC","average",0.518,1,1,-99,-0.099,0.91
11,"dotnumber","highSC","hard",0.635,-1,0,-99,-0.099,0.91
11,"dotnumber","highSC","average",0.601,-1,1,-99,-0.099,0.91
11,"dotnumber","highSC","easy",0.569,-1,1,-99,-0.099,0.91
11,"dotnumber","highSC","easy",0.502,1,1,-99,-0.099,0.91
11,"dotnumber","highSC","easy",0.601,-1,1,-99,-0.099,0.91
11,"dotnumber","highSC","hard",0.602,-1,1,-99,-0.099,0.91
11,"dotnumber","highSC","easy",0.535,1,1,-99,-0.099,0.91
11,"dotnumber","highSC","hard",0.718,1,0,-99,-0.099,0.91
11,"dotnumber","highSC","hard",0.685,-1,1,-99,-0.099,0.91
11,"dotnumber","highSC","hard",0.685,-1,0,-99,-0.099,0.91
11,"dotnumber","highSC","hard",0.586,1,0,-99,-0.099,0.9
11,"dotnumber","highSC","average",0.634,-1,1,-99,-0.099,0.9
11,"dotnumber","highSC","easy",0.785,-1,0,-99,-0.099,0.9
11,"dotnumber","highSC","easy",0.802,1,1,-99,-0.099,0.9
11,"dotnumber","highSC","hard",0.669,1,0,-99,-0.099,0.9
11,"dotnumber","highSC","hard",0.835,1,0,-99,-0.099,0.9
11,"dotnumber","highSC","easy",0.802,1,0,-99,-0.099,0.9
11,"dotnumber","highSC","hard",0.685,-1,0,-99,-0.099,0.9
11,"dotnumber","highSC","easy",0.619,1,1,-99,-0.099,0.9
11,"dotnumber","highSC","easy",0.936,-1,1,-99,-0.099,0.9
11,"dotnumber","highSC","easy",0.634,1,1,-99,-0.099,0.9
11,"dotnumber","highSC","average",0.968,1,1,-99,-0.099,0.9
11,"dotnumber","highSC","easy",1.804,1,1,-99,-0.099,0.9
11,"dotnumber","highSC","easy",0.852,1,1,-99,-0.099,0.9
11,"dotnumber","highSC","easy",0.568,-1,1,-99,-0.099,0.9
11,"dotnumber","highSC","average",0.684,-1,1,-99,-0.099,0.9
11,"dotnumber","highSC","easy",0.568,-1,1,-99,-0.099,0.9
11,"dotnumber","highSC","hard",0.635,1,0,-99,-0.099,0.9
11,"dotnumber","highSC","average",0.636,1,1,-99,-0.099,0.9
11,"dotnumber","highSC","average",0.669,1,1,-99,-0.099,0.9
11,"dotnumber","highSC","easy",0.602,1,1,-99,-0.099,0.9
11,"dotnumber","highSC","average",0.568,-1,1,-99,-0.099,0.9
11,"dotnumber","highSC","easy",0.802,1,1,-99,-0.099,0.9
11,"dotnumber","highSC","easy",0.651,1,1,-99,-0.099,0.9
11,"dotnumber","highSC","average",0.702,-1,1,-99,-0.099,0.86
11,"dotnumber","highSC","hard",0.685,-1,1,-99,-0.099,0.86
11,"dotnumber","highSC","hard",0.651,1,0,-99,-0.099,0.86
11,"dotnumber","highSC","average",0.684,-1,1,-99,-0.099,0.86
11,"dotnumber","highSC","easy",0.669,1,1,-99,-0.099,0.86
11,"dotnumber","highSC","hard",0.685,-1,0,-99,-0.099,0.86
11,"dotnumber","highSC","hard",0.636,1,0,-99,-0.099,0.86
11,"dotnumber","highSC","easy",0.469,1,1,-99,-0.099,0.86
11,"dotnumber","highSC","hard",0.434,1,0,-99,-0.099,0.86
11,"dotnumber","highSC","hard",0.586,-1,1,-99,-0.099,0.86
11,"dotnumber","highSC","hard",0.635,-1,1,-99,-0.099,0.86
11,"dotnumber","highSC","easy",0.702,1,1,-99,-0.099,0.86
11,"dotnumber","highSC","easy",0.585,-1,1,-99,-0.099,0.86
11,"dotnumber","highSC","easy",2.753,1,1,-99,-0.099,0.86
11,"dotnumber","highSC","easy",0.636,-1,1,-99,-0.099,0.86
11,"dotnumber","highSC","average",0.885,1,1,-99,-0.099,0.86
11,"dotnumber","highSC","hard",0.718,1,1,-99,-0.099,0.86
11,"dotnumber","highSC","hard",0.6,-1,0,-99,-0.099,0.86
11,"dotnumber","highSC","average",0.634,-1,1,-99,-0.099,0.86
11,"dotnumber","highSC","easy",1.119,-1,1,-99,-0.099,0.86
11,"dotnumber","highSC","average",0.902,1,0,-99,-0.099,0.86
11,"dotnumber","highSC","hard",0.568,-1,1,-99,-0.099,0.86
11,"dotnumber","highSC","easy",0.502,-1,1,-99,-0.099,0.86
11,"xotask","mediumSC","hard",3.872,1,1,-99,-0.099,0.74
11,"xotask","mediumSC","average",2.437,-1,0,-99,-0.099,0.74
11,"xotask","mediumSC","easy",1.686,-1,1,-99,-0.099,0.74
11,"xotask","mediumSC","easy",0.703,-1,1,-99,-0.099,0.74
11,"xotask","mediumSC","average",1.302,1,1,-99,-0.099,0.74
11,"xotask","mediumSC","average",1.905,-1,0,-99,-0.099,0.74
11,"xotask","mediumSC","hard",1.052,1,0,-99,-0.099,0.74
11,"xotask","mediumSC","hard",0.819,1,0,-99,-0.099,0.74
11,"xotask","mediumSC","easy",0.936,-1,1,-99,-0.099,0.74
11,"xotask","mediumSC","easy",0.769,1,1,-99,-0.099,0.74
11,"xotask","mediumSC","average",0.852,1,1,-99,-0.099,0.74
11,"xotask","mediumSC","hard",0.685,1,1,-99,-0.099,0.74
11,"xotask","mediumSC","hard",0.902,1,1,-99,-0.099,0.74
11,"xotask","mediumSC","hard",0.935,-1,1,-99,-0.099,0.74
11,"xotask","mediumSC","easy",0.735,-1,1,-99,-0.099,0.74
11,"xotask","mediumSC","easy",0.585,1,1,-99,-0.099,0.74
11,"xotask","mediumSC","hard",1.085,1,0,-99,-0.099,0.74
11,"xotask","mediumSC","average",0.785,-1,1,-99,-0.099,0.74
11,"xotask","mediumSC","average",0.752,-1,1,-99,-0.099,0.74
11,"xotask","mediumSC","average",0.652,1,1,-99,-0.099,0.74
11,"xotask","mediumSC","hard",0.584,-1,1,-99,-0.099,0.74
11,"xotask","mediumSC","easy",0.684,1,1,-99,-0.099,0.74
11,"xotask","mediumSC","average",0.701,-1,1,-99,-0.099,0.74
11,"xotask","mediumSC","average",0.668,1,1,-99,-0.099,0.74
11,"xotask","mediumSC","average",0.869,-1,1,-99,-0.099,0.79
11,"xotask","mediumSC","average",0.618,-1,1,-99,-0.099,0.79
11,"xotask","mediumSC","hard",0.568,1,1,-99,-0.099,0.79
11,"xotask","mediumSC","average",0.752,1,0,-99,-0.099,0.79
11,"xotask","mediumSC","hard",0.718,1,1,-99,-0.099,0.79
11,"xotask","mediumSC","hard",0.635,1,1,-99,-0.099,0.79
11,"xotask","mediumSC","hard",0.551,-1,1,-99,-0.099,0.79
11,"xotask","mediumSC","average",0.569,1,1,-99,-0.099,0.79
11,"xotask","mediumSC","average",0.634,-1,1,-99,-0.099,0.79
11,"xotask","mediumSC","easy",0.486,1,1,-99,-0.099,0.79
11,"xotask","mediumSC","easy",0.586,-1,1,-99,-0.099,0.79
11,"xotask","mediumSC","hard",1.636,1,1,-99,-0.099,0.79
11,"xotask","mediumSC","average",0.734,1,0,-99,-0.099,0.79
11,"xotask","mediumSC","hard",0.669,-1,0,-99,-0.099,0.79
11,"xotask","mediumSC","easy",0.802,1,1,-99,-0.099,0.79
11,"xotask","mediumSC","easy",0.802,-1,1,-99,-0.099,0.79
11,"xotask","mediumSC","hard",0.835,1,1,-99,-0.099,0.79
11,"xotask","mediumSC","hard",0.718,-1,1,-99,-0.099,0.79
11,"xotask","mediumSC","average",0.701,-1,0,-99,-0.099,0.79
11,"xotask","mediumSC","hard",0.718,-1,1,-99,-0.099,0.79
11,"xotask","mediumSC","hard",0.585,-1,1,-99,-0.099,0.79
11,"xotask","mediumSC","hard",1.27,-1,1,-99,-0.099,0.79
11,"xotask","mediumSC","hard",0.87,1,0,-99,-0.099,0.79
11,"xotask","mediumSC","average",0.685,-1,1,-99,-0.099,0.79
11,"xotask","mediumSC","average",1.453,1,1,-99,-0.099,0.73
11,"xotask","mediumSC","hard",0.801,-1,1,-99,-0.099,0.73
11,"xotask","mediumSC","hard",1.036,-1,1,-99,-0.099,0.73
11,"xotask","mediumSC","average",0.902,1,1,-99,-0.099,0.73
11,"xotask","mediumSC","easy",0.653,-1,1,-99,-0.099,0.73
11,"xotask","mediumSC","average",0.685,-1,1,-99,-0.099,0.73
11,"xotask","mediumSC","average",0.686,-1,1,-99,-0.099,0.73
11,"xotask","mediumSC","hard",0.919,1,1,-99,-0.099,0.73
11,"xotask","mediumSC","easy",1.101,1,1,-99,-0.099,0.73
11,"xotask","mediumSC","easy",0.734,1,1,-99,-0.099,0.73
11,"xotask","mediumSC","easy",0.452,1,1,-99,-0.099,0.73
11,"xotask","mediumSC","average",0.401,1,1,-99,-0.099,0.73
11,"xotask","mediumSC","hard",0.719,1,0,-99,-0.099,0.73
11,"xotask","mediumSC","easy",0.551,-1,1,-99,-0.099,0.73
11,"xotask","mediumSC","hard",0.635,1,1,-99,-0.099,0.73
11,"xotask","mediumSC","average",0.618,1,1,-99,-0.099,0.73
11,"xotask","mediumSC","hard",0.669,1,1,-99,-0.099,0.73
11,"xotask","mediumSC","average",0.585,1,1,-99,-0.099,0.73
11,"xotask","mediumSC","average",0.669,-1,1,-99,-0.099,0.73
11,"xotask","mediumSC","hard",0.567,1,1,-99,-0.099,0.73
11,"xotask","mediumSC","hard",0.651,1,0,-99,-0.099,0.73
11,"xotask","mediumSC","easy",0.435,1,1,-99,-0.099,0.73
11,"xotask","mediumSC","easy",0.685,1,1,-99,-0.099,0.73
11,"xotask","mediumSC","easy",0.535,-1,1,-99,-0.099,0.73
11,"xotask","mediumSC","average",1.436,-1,0,-99,-0.099,0.76
11,"xotask","mediumSC","easy",0.635,-1,1,-99,-0.099,0.76
11,"xotask","mediumSC","hard",0.567,-1,0,-99,-0.099,0.76
11,"xotask","mediumSC","hard",0.635,-1,0,-99,-0.099,0.76
11,"xotask","mediumSC","hard",0.719,-1,1,-99,-0.099,0.76
11,"xotask","mediumSC","average",0.602,-1,1,-99,-0.099,0.76
11,"xotask","mediumSC","easy",0.485,-1,1,-99,-0.099,0.76
11,"xotask","mediumSC","easy",0.536,-1,1,-99,-0.099,0.76
11,"xotask","mediumSC","average",0.652,1,1,-99,-0.099,0.76
11,"xotask","mediumSC","easy",0.519,-1,1,-99,-0.099,0.76
11,"xotask","mediumSC","average",0.869,1,0,-99,-0.099,0.76
11,"xotask","mediumSC","easy",0.486,-1,0,-99,-0.099,0.76
11,"xotask","mediumSC","hard",0.719,1,1,-99,-0.099,0.76
11,"xotask","mediumSC","average",1.436,-1,1,-99,-0.099,0.76
11,"xotask","mediumSC","average",0.601,-1,1,-99,-0.099,0.76
11,"xotask","mediumSC","hard",0.685,1,1,-99,-0.099,0.76
11,"xotask","mediumSC","average",0.718,-1,1,-99,-0.099,0.76
11,"xotask","mediumSC","average",0.519,1,1,-99,-0.099,0.76
11,"xotask","mediumSC","easy",0.585,1,1,-99,-0.099,0.76
11,"xotask","mediumSC","easy",1.219,1,1,-99,-0.099,0.76
11,"xotask","mediumSC","easy",1.052,1,1,-99,-0.099,0.76
11,"xotask","mediumSC","average",0.601,1,1,-99,-0.099,0.76
11,"xotask","mediumSC","easy",0.669,1,1,-99,-0.099,0.76
11,"xotask","mediumSC","average",0.468,1,1,-99,-0.099,0.76
11,"xotask","mediumSC","easy",0.584,-1,1,-99,-0.099,0.74
11,"xotask","mediumSC","average",0.518,-1,0,-99,-0.099,0.74
11,"xotask","mediumSC","average",0.534,1,1,-99,-0.099,0.74
11,"xotask","mediumSC","hard",0.869,-1,0,-99,-0.099,0.74
11,"xotask","mediumSC","average",2.087,1,0,-99,-0.099,0.74
11,"xotask","mediumSC","average",0.753,1,1,-99,-0.099,0.74
11,"xotask","mediumSC","average",0.485,-1,1,-99,-0.099,0.74
11,"xotask","mediumSC","easy",0.685,1,1,-99,-0.099,0.74
11,"xotask","mediumSC","easy",0.484,1,1,-99,-0.099,0.74
11,"xotask","mediumSC","average",2.136,1,0,-99,-0.099,0.74
11,"xotask","mediumSC","average",0.752,1,1,-99,-0.099,0.74
11,"xotask","mediumSC","hard",0.735,-1,1,-99,-0.099,0.74
11,"xotask","mediumSC","easy",0.886,1,1,-99,-0.099,0.74
11,"xotask","mediumSC","easy",0.735,1,1,-99,-0.099,0.74
11,"xotask","mediumSC","easy",0.519,-1,1,-99,-0.099,0.74
11,"xotask","mediumSC","average",0.468,1,1,-99,-0.099,0.74
11,"xotask","mediumSC","easy",0.736,-1,1,-99,-0.099,0.74
11,"xotask","mediumSC","hard",0.519,1,0,-99,-0.099,0.74
11,"xotask","mediumSC","hard",0.602,1,0,-99,-0.099,0.74
11,"xotask","mediumSC","average",0.451,-1,0,-99,-0.099,0.74
11,"xotask","mediumSC","average",0.618,-1,1,-99,-0.099,0.74
11,"xotask","mediumSC","hard",0.569,1,1,-99,-0.099,0.74
11,"xotask","mediumSC","easy",0.736,1,1,-99,-0.099,0.74
11,"xotask","mediumSC","average",0.735,1,1,-99,-0.099,0.74
11,"dotcolour","lowSC","hard",1.469,-1,0,-99,-0.099,0.67
11,"dotcolour","lowSC","easy",0.869,-1,1,-99,-0.099,0.67
11,"dotcolour","lowSC","average",0.819,-1,1,-99,-0.099,0.67
11,"dotcolour","lowSC","average",0.968,-1,1,-99,-0.099,0.67
11,"dotcolour","lowSC","average",0.618,1,1,-99,-0.099,0.67
11,"dotcolour","lowSC","hard",0.935,1,1,-99,-0.099,0.67
11,"dotcolour","lowSC","average",0.669,1,1,-99,-0.099,0.67
11,"dotcolour","lowSC","average",0.618,1,1,-99,-0.099,0.67
11,"dotcolour","lowSC","easy",0.568,1,1,-99,-0.099,0.67
11,"dotcolour","lowSC","easy",0.519,-1,1,-99,-0.099,0.67
11,"dotcolour","lowSC","hard",0.903,-1,0,-99,-0.099,0.67
11,"dotcolour","lowSC","average",0.752,1,1,-99,-0.099,0.67
11,"dotcolour","lowSC","hard",0.869,1,1,-99,-0.099,0.67
11,"dotcolour","lowSC","easy",0.634,1,1,-99,-0.099,0.67
11,"dotcolour","lowSC","easy",0.485,1,1,-99,-0.099,0.67
11,"dotcolour","lowSC","easy",0.502,1,1,-99,-0.099,0.67
11,"dotcolour","lowSC","easy",0.418,-1,1,-99,-0.099,0.67
11,"dotcolour","lowSC","average",0.552,1,1,-99,-0.099,0.67
11,"dotcolour","lowSC","average",0.552,-1,1,-99,-0.099,0.67
11,"dotcolour","lowSC","easy",0.502,-1,1,-99,-0.099,0.67
11,"dotcolour","lowSC","average",0.401,-1,1,-99,-0.099,0.67
11,"dotcolour","lowSC","easy",0.518,1,1,-99,-0.099,0.67
11,"dotcolour","lowSC","easy",0.483,1,1,-99,-0.099,0.67
11,"dotcolour","lowSC","hard",0.519,-1,0,-99,-0.099,0.67
11,"dotcolour","lowSC","hard",0.568,-1,0,-99,-0.099,0.65
11,"dotcolour","lowSC","easy",0.484,-1,1,-99,-0.099,0.65
11,"dotcolour","lowSC","average",0.701,-1,0,-99,-0.099,0.65
11,"dotcolour","lowSC","average",0.535,1,1,-99,-0.099,0.65
11,"dotcolour","lowSC","hard",0.635,1,0,-99,-0.099,0.65
11,"dotcolour","lowSC","average",0.469,-1,1,-99,-0.099,0.65
11,"dotcolour","lowSC","hard",0.719,1,0,-99,-0.099,0.65
11,"dotcolour","lowSC","easy",0.518,1,1,-99,-0.099,0.65
11,"dotcolour","lowSC","easy",0.584,-1,1,-99,-0.099,0.65
11,"dotcolour","lowSC","hard",0.685,1,0,-99,-0.099,0.65
11,"dotcolour","lowSC","hard",0.668,1,1,-99,-0.099,0.65
11,"dotcolour","lowSC","easy",0.569,1,1,-99,-0.099,0.65
11,"dotcolour","lowSC","easy",0.686,-1,1,-99,-0.099,0.65
11,"dotcolour","lowSC","hard",0.651,-1,1,-99,-0.099,0.65
11,"dotcolour","lowSC","easy",0.535,1,1,-99,-0.099,0.65
11,"dotcolour","lowSC","average",0.535,-1,1,-99,-0.099,0.65
11,"dotcolour","lowSC","easy",0.485,-1,0,-99,-0.099,0.65
11,"dotcolour","lowSC","easy",0.551,1,1,-99,-0.099,0.65
11,"dotcolour","lowSC","hard",0.602,-1,0,-99,-0.099,0.65
11,"dotcolour","lowSC","hard",0.569,1,0,-99,-0.099,0.65
11,"dotcolour","lowSC","easy",0.534,-1,1,-99,-0.099,0.65
11,"dotcolour","lowSC","average",0.535,1,1,-99,-0.099,0.65
11,"dotcolour","lowSC","average",0.451,1,1,-99,-0.099,0.65
11,"dotcolour","lowSC","hard",0.518,-1,1,-99,-0.099,0.65
11,"dotcolour","lowSC","easy",0.518,1,1,-99,-0.099,0.56
11,"dotcolour","lowSC","average",0.584,-1,1,-99,-0.099,0.56
11,"dotcolour","lowSC","easy",0.452,1,1,-99,-0.099,0.56
11,"dotcolour","lowSC","easy",0.385,-1,1,-99,-0.099,0.56
11,"dotcolour","lowSC","hard",0.568,-1,1,-99,-0.099,0.56
11,"dotcolour","lowSC","average",0.501,1,1,-99,-0.099,0.56
11,"dotcolour","lowSC","easy",0.451,-1,1,-99,-0.099,0.56
11,"dotcolour","lowSC","average",0.535,1,1,-99,-0.099,0.56
11,"dotcolour","lowSC","hard",0.684,-1,1,-99,-0.099,0.56
11,"dotcolour","lowSC","hard",0.584,-1,1,-99,-0.099,0.56
11,"dotcolour","lowSC","average",0.435,-1,1,-99,-0.099,0.56
11,"dotcolour","lowSC","easy",0.485,1,1,-99,-0.099,0.56
11,"dotcolour","lowSC","average",0.585,-1,1,-99,-0.099,0.56
11,"dotcolour","lowSC","easy",0.535,1,1,-99,-0.099,0.56
11,"dotcolour","lowSC","easy",0.651,-1,1,-99,-0.099,0.56
11,"dotcolour","lowSC","easy",0.451,-1,1,-99,-0.099,0.56
11,"dotcolour","lowSC","easy",0.401,-1,1,-99,-0.099,0.56
11,"dotcolour","lowSC","hard",0.401,-1,1,-99,-0.099,0.56
11,"dotcolour","lowSC","hard",1.136,1,1,-99,-0.099,0.56
11,"dotcolour","lowSC","hard",0.686,1,1,-99,-0.099,0.56
11,"dotcolour","lowSC","hard",0.635,-1,1,-99,-0.099,0.56
11,"dotcolour","lowSC","hard",0.568,-1,1,-99,-0.099,0.56
11,"dotcolour","lowSC","easy",0.468,-1,1,-99,-0.099,0.56
11,"dotcolour","lowSC","easy",0.434,-1,1,-99,-0.099,0.56
11,"dotcolour","lowSC","easy",0.401,1,1,-99,-0.099,0.59
11,"dotcolour","lowSC","hard",0.451,-1,0,-99,-0.099,0.59
11,"dotcolour","lowSC","easy",0.467,-1,1,-99,-0.099,0.59
11,"dotcolour","lowSC","hard",0.434,-1,1,-99,-0.099,0.59
11,"dotcolour","lowSC","easy",0.368,-1,1,-99,-0.099,0.59
11,"dotcolour","lowSC","hard",0.635,-1,1,-99,-0.099,0.59
11,"dotcolour","lowSC","hard",0.485,-1,0,-99,-0.099,0.59
11,"dotcolour","lowSC","hard",0.485,1,1,-99,-0.099,0.59
11,"dotcolour","lowSC","average",0.519,1,1,-99,-0.099,0.59
11,"dotcolour","lowSC","hard",0.602,1,0,-99,-0.099,0.59
11,"dotcolour","lowSC","easy",0.585,-1,1,-99,-0.099,0.59
11,"dotcolour","lowSC","average",0.618,-1,1,-99,-0.099,0.59
11,"dotcolour","lowSC","average",0.636,1,1,-99,-0.099,0.59
11,"dotcolour","lowSC","hard",0.551,1,0,-99,-0.099,0.59
11,"dotcolour","lowSC","average",0.518,-1,1,-99,-0.099,0.59
11,"dotcolour","lowSC","easy",0.519,-1,0,-99,-0.099,0.59
11,"dotcolour","lowSC","easy",0.518,-1,1,-99,-0.099,0.59
11,"dotcolour","lowSC","easy",0.519,1,1,-99,-0.099,0.59
11,"dotcolour","lowSC","average",0.552,-1,1,-99,-0.099,0.59
11,"dotcolour","lowSC","easy",0.702,1,1,-99,-0.099,0.59
11,"dotcolour","lowSC","average",0.485,1,1,-99,-0.099,0.59
11,"dotcolour","lowSC","hard",0.569,-1,0,-99,-0.099,0.59
11,"dotcolour","lowSC","average",0.567,-1,0,-99,-0.099,0.59
11,"dotcolour","lowSC","average",0.519,1,0,-99,-0.099,0.59
11,"dotcolour","lowSC","average",1.035,-1,1,-99,-0.099,0.66
11,"dotcolour","lowSC","hard",0.602,1,1,-99,-0.099,0.66
11,"dotcolour","lowSC","easy",1.403,1,1,-99,-0.099,0.66
11,"dotcolour","lowSC","hard",0.702,1,1,-99,-0.099,0.66
11,"dotcolour","lowSC","easy",0.602,1,1,-99,-0.099,0.66
11,"dotcolour","lowSC","easy",0.518,-1,1,-99,-0.099,0.66
11,"dotcolour","lowSC","average",1.103,1,1,-99,-0.099,0.66
11,"dotcolour","lowSC","hard",0.802,1,0,-99,-0.099,0.66
11,"dotcolour","lowSC","easy",0.869,-1,1,-99,-0.099,0.66
11,"dotcolour","lowSC","easy",0.535,1,1,-99,-0.099,0.66
11,"dotcolour","lowSC","hard",0.651,-1,1,-99,-0.099,0.66
11,"dotcolour","lowSC","average",0.852,-1,1,-99,-0.099,0.66
11,"dotcolour","lowSC","easy",0.569,1,0,-99,-0.099,0.66
11,"dotcolour","lowSC","average",0.768,1,0,-99,-0.099,0.66
11,"dotcolour","lowSC","average",0.552,1,1,-99,-0.099,0.66
11,"dotcolour","lowSC","hard",0.468,1,1,-99,-0.099,0.66
11,"dotcolour","lowSC","average",0.468,1,1,-99,-0.099,0.66
11,"dotcolour","lowSC","hard",0.384,1,1,-99,-0.099,0.66
11,"dotcolour","lowSC","easy",0.551,1,1,-99,-0.099,0.66
11,"dotcolour","lowSC","hard",0.601,-1,1,-99,-0.099,0.66
11,"dotcolour","lowSC","easy",0.484,1,1,-99,-0.099,0.66
11,"dotcolour","lowSC","average",1.069,1,1,-99,-0.099,0.66
11,"dotcolour","lowSC","easy",0.502,-1,1,-99,-0.099,0.66
11,"dotcolour","lowSC","hard",1.118,-1,0,-99,-0.099,0.66
12,"xotask","lowSC","hard",2.337,-1,0,-99,-0.099,0.67
12,"xotask","lowSC","average",1.203,-1,1,-99,-0.099,0.67
12,"xotask","lowSC","easy",1.119,-1,1,-99,-0.099,0.67
12,"xotask","lowSC","easy",0.901,1,1,-99,-0.099,0.67
12,"xotask","lowSC","hard",1.319,-1,0,-99,-0.099,0.67
12,"xotask","lowSC","easy",0.918,-1,1,-99,-0.099,0.67
12,"xotask","lowSC","hard",0.868,-1,1,-99,-0.099,0.67
12,"xotask","lowSC","easy",0.851,-1,1,-99,-0.099,0.67
12,"xotask","lowSC","average",0.935,-1,1,-99,-0.099,0.67
12,"xotask","lowSC","easy",1.385,-1,1,-99,-0.099,0.67
12,"xotask","lowSC","average",0.902,1,1,-99,-0.099,0.67
12,"xotask","lowSC","hard",0.868,1,1,-99,-0.099,0.67
12,"xotask","lowSC","hard",1.102,1,1,-99,-0.099,0.67
12,"xotask","lowSC","average",1.053,1,1,-99,-0.099,0.67
12,"xotask","lowSC","average",1.386,1,1,-99,-0.099,0.67
12,"xotask","lowSC","average",0.903,1,1,-99,-0.099,0.67
12,"xotask","lowSC","hard",0.835,1,1,-99,-0.099,0.67
12,"xotask","lowSC","average",1.069,1,0,-99,-0.099,0.67
12,"xotask","lowSC","hard",1.035,-1,1,-99,-0.099,0.67
12,"xotask","lowSC","easy",0.819,-1,1,-99,-0.099,0.67
12,"xotask","lowSC","hard",0.769,-1,1,-99,-0.099,0.67
12,"xotask","lowSC","average",0.985,-1,0,-99,-0.099,0.67
12,"xotask","lowSC","hard",0.852,1,1,-99,-0.099,0.67
12,"xotask","lowSC","easy",0.819,-1,0,-99,-0.099,0.67
12,"xotask","lowSC","average",0.768,1,1,-99,-0.099,0.59
12,"xotask","lowSC","average",1.152,1,1,-99,-0.099,0.59
12,"xotask","lowSC","hard",0.719,1,1,-99,-0.099,0.59
12,"xotask","lowSC","average",0.685,1,0,-99,-0.099,0.59
12,"xotask","lowSC","hard",0.702,-1,1,-99,-0.099,0.59
12,"xotask","lowSC","easy",0.719,1,1,-99,-0.099,0.59
12,"xotask","lowSC","easy",0.585,1,1,-99,-0.099,0.59
12,"xotask","lowSC","hard",1.002,-1,1,-99,-0.099,0.59
12,"xotask","lowSC","easy",0.619,1,1,-99,-0.099,0.59
12,"xotask","lowSC","easy",0.752,1,1,-99,-0.099,0.59
12,"xotask","lowSC","hard",1.019,1,1,-99,-0.099,0.59
12,"xotask","lowSC","average",0.501,-1,1,-99,-0.099,0.59
12,"xotask","lowSC","average",1.069,1,1,-99,-0.099,0.59
12,"xotask","lowSC","easy",0.736,1,1,-99,-0.099,0.59
12,"xotask","lowSC","average",0.719,-1,1,-99,-0.099,0.59
12,"xotask","lowSC","average",0.568,1,1,-99,-0.099,0.59
12,"xotask","lowSC","hard",1.168,1,0,-99,-0.099,0.59
12,"xotask","lowSC","easy",0.551,1,0,-99,-0.099,0.59
12,"xotask","lowSC","easy",0.902,-1,0,-99,-0.099,0.59
12,"xotask","lowSC","hard",0.685,1,1,-99,-0.099,0.59
12,"xotask","lowSC","average",0.734,-1,1,-99,-0.099,0.59
12,"xotask","lowSC","hard",0.752,1,1,-99,-0.099,0.59
12,"xotask","lowSC","hard",0.618,-1,1,-99,-0.099,0.59
12,"xotask","lowSC","easy",0.385,1,0,-99,-0.099,0.59
12,"xotask","lowSC","average",0.719,1,1,-99,-0.099,0.54
12,"xotask","lowSC","hard",0.552,-1,1,-99,-0.099,0.54
12,"xotask","lowSC","average",0.618,-1,1,-99,-0.099,0.54
12,"xotask","lowSC","easy",0.585,1,1,-99,-0.099,0.54
12,"xotask","lowSC","easy",0.686,1,1,-99,-0.099,0.54
12,"xotask","lowSC","average",0.751,-1,1,-99,-0.099,0.54
12,"xotask","lowSC","hard",0.903,-1,0,-99,-0.099,0.54
12,"xotask","lowSC","hard",0.836,-1,1,-99,-0.099,0.54
12,"xotask","lowSC","average",0.701,-1,1,-99,-0.099,0.54
12,"xotask","lowSC","easy",0.618,-1,0,-99,-0.099,0.54
12,"xotask","lowSC","easy",0.818,-1,1,-99,-0.099,0.54
12,"xotask","lowSC","easy",0.802,1,1,-99,-0.099,0.54
12,"xotask","lowSC","hard",0.852,1,1,-99,-0.099,0.54
12,"xotask","lowSC","hard",0.835,-1,1,-99,-0.099,0.54
12,"xotask","lowSC","easy",0.617,-1,0,-99,-0.099,0.54
12,"xotask","lowSC","easy",0.634,-1,1,-99,-0.099,0.54
12,"xotask","lowSC","hard",0.687,1,1,-99,-0.099,0.54
12,"xotask","lowSC","hard",0.567,-1,1,-99,-0.099,0.54
12,"xotask","lowSC","hard",0.668,-1,0,-99,-0.099,0.54
12,"xotask","lowSC","hard",0.852,-1,0,-99,-0.099,0.54
12,"xotask","lowSC","easy",0.602,1,1,-99,-0.099,0.54
12,"xotask","lowSC","average",0.585,1,1,-99,-0.099,0.54
12,"xotask","lowSC","average",0.651,1,1,-99,-0.099,0.54
12,"xotask","lowSC","easy",0.601,1,1,-99,-0.099,0.54
12,"xotask","lowSC","average",0.701,-1,1,-99,-0.099,0.65
12,"xotask","lowSC","average",1.436,-1,0,-99,-0.099,0.65
12,"xotask","lowSC","easy",0.602,-1,1,-99,-0.099,0.65
12,"xotask","lowSC","average",0.518,1,1,-99,-0.099,0.65
12,"xotask","lowSC","average",0.652,-1,1,-99,-0.099,0.65
12,"xotask","lowSC","hard",0.601,-1,1,-99,-0.099,0.65
12,"xotask","lowSC","hard",0.718,1,1,-99,-0.099,0.65
12,"xotask","lowSC","hard",0.751,1,1,-99,-0.099,0.65
12,"xotask","lowSC","easy",0.552,-1,1,-99,-0.099,0.65
12,"xotask","lowSC","hard",0.769,-1,0,-99,-0.099,0.65
12,"xotask","lowSC","average",0.484,1,0,-99,-0.099,0.65
12,"xotask","lowSC","hard",0.551,-1,1,-99,-0.099,0.65
12,"xotask","lowSC","average",0.651,1,1,-99,-0.099,0.65
12,"xotask","lowSC","easy",0.668,1,1,-99,-0.099,0.65
12,"xotask","lowSC","average",0.619,1,1,-99,-0.099,0.65
12,"xotask","lowSC","hard",0.651,-1,1,-99,-0.099,0.65
12,"xotask","lowSC","easy",0.502,1,1,-99,-0.099,0.65
12,"xotask","lowSC","average",0.836,1,1,-99,-0.099,0.65
12,"xotask","lowSC","average",0.552,-1,1,-99,-0.099,0.65
12,"xotask","lowSC","average",1.086,-1,1,-99,-0.099,0.65
12,"xotask","lowSC","hard",0.769,1,1,-99,-0.099,0.65
12,"xotask","lowSC","easy",0.653,-1,1,-99,-0.099,0.65
12,"xotask","lowSC","average",0.618,1,1,-99,-0.099,0.65
12,"xotask","lowSC","easy",0.568,1,1,-99,-0.099,0.65
12,"xotask","lowSC","hard",0.669,-1,1,-99,-0.099,0.6
12,"xotask","lowSC","easy",0.602,1,1,-99,-0.099,0.6
12,"xotask","lowSC","average",0.836,1,0,-99,-0.099,0.6
12,"xotask","lowSC","average",0.719,1,1,-99,-0.099,0.6
12,"xotask","lowSC","easy",1.353,-1,1,-99,-0.099,0.6
12,"xotask","lowSC","easy",0.552,1,1,-99,-0.099,0.6
12,"xotask","lowSC","easy",0.518,-1,1,-99,-0.099,0.6
12,"xotask","lowSC","easy",0.468,-1,1,-99,-0.099,0.6
12,"xotask","lowSC","easy",0.502,-1,1,-99,-0.099,0.6
12,"xotask","lowSC","easy",0.552,1,1,-99,-0.099,0.6
12,"xotask","lowSC","average",0.418,-1,1,-99,-0.099,0.6
12,"xotask","lowSC","hard",0.285,1,0,-99,-0.099,0.6
12,"xotask","lowSC","easy",0.553,-1,0,-99,-0.099,0.6
12,"xotask","lowSC","average",0.736,1,1,-99,-0.099,0.6
12,"xotask","lowSC","hard",1.252,-1,0,-99,-0.099,0.6
12,"xotask","lowSC","easy",0.668,-1,1,-99,-0.099,0.6
12,"xotask","lowSC","hard",1.52,1,0,-99,-0.099,0.6
12,"xotask","lowSC","average",0.419,-1,1,-99,-0.099,0.6
12,"xotask","lowSC","average",0.886,-1,0,-99,-0.099,0.6
12,"xotask","lowSC","average",0.769,-1,0,-99,-0.099,0.6
12,"xotask","lowSC","average",0.702,1,1,-99,-0.099,0.6
12,"xotask","lowSC","easy",0.619,1,1,-99,-0.099,0.6
12,"xotask","lowSC","hard",1.002,1,1,-99,-0.099,0.6
12,"xotask","lowSC","average",0.602,1,1,-99,-0.099,0.6
12,"dotcolour","highSC","hard",1.352,1,1,-99,-0.099,0.95
12,"dotcolour","highSC","average",0.702,-1,1,-99,-0.099,0.95
12,"dotcolour","highSC","hard",1.234,1,0,-99,-0.099,0.95
12,"dotcolour","highSC","hard",0.801,1,0,-99,-0.099,0.95
12,"dotcolour","highSC","easy",0.535,-1,1,-99,-0.099,0.95
12,"dotcolour","highSC","average",0.668,-1,1,-99,-0.099,0.95
12,"dotcolour","highSC","average",0.518,1,1,-99,-0.099,0.95
12,"dotcolour","highSC","average",0.552,-1,1,-99,-0.099,0.95
12,"dotcolour","highSC","hard",0.585,1,1,-99,-0.099,0.95
12,"dotcolour","highSC","easy",0.402,-1,1,-99,-0.099,0.95
12,"dotcolour","highSC","average",0.601,1,1,-99,-0.099,0.95
12,"dotcolour","highSC","easy",0.568,1,1,-99,-0.099,0.95
12,"dotcolour","highSC","easy",0.55,1,0,-99,-0.099,0.95
12,"dotcolour","highSC","easy",0.484,1,1,-99,-0.099,0.95
12,"dotcolour","highSC","easy",0.518,-1,1,-99,-0.099,0.95
12,"dotcolour","highSC","easy",0.617,-1,1,-99,-0.099,0.95
12,"dotcolour","highSC","average",0.818,1,0,-99,-0.099,0.95
12,"dotcolour","highSC","average",0.635,1,1,-99,-0.099,0.95
12,"dotcolour","highSC","hard",0.652,1,0,-99,-0.099,0.95
12,"dotcolour","highSC","easy",0.551,1,1,-99,-0.099,0.95
12,"dotcolour","highSC","hard",0.684,1,0,-99,-0.099,0.95
12,"dotcolour","highSC","easy",0.568,1,1,-99,-0.099,0.95
12,"dotcolour","highSC","hard",0.869,1,1,-99,-0.099,0.95
12,"dotcolour","highSC","easy",0.551,1,1,-99,-0.099,0.95
12,"dotcolour","highSC","easy",0.501,1,1,-99,-0.099,0.83
12,"dotcolour","highSC","easy",0.552,-1,1,-99,-0.099,0.83
12,"dotcolour","highSC","average",0.535,1,1,-99,-0.099,0.83
12,"dotcolour","highSC","hard",0.668,1,0,-99,-0.099,0.83
12,"dotcolour","highSC","average",0.452,1,1,-99,-0.099,0.83
12,"dotcolour","highSC","hard",0.501,1,1,-99,-0.099,0.83
12,"dotcolour","highSC","hard",0.635,1,0,-99,-0.099,0.83
12,"dotcolour","highSC","average",0.835,-1,1,-99,-0.099,0.83
12,"dotcolour","highSC","average",0.551,1,1,-99,-0.099,0.83
12,"dotcolour","highSC","easy",0.518,1,1,-99,-0.099,0.83
12,"dotcolour","highSC","hard",0.934,-1,1,-99,-0.099,0.83
12,"dotcolour","highSC","easy",0.752,-1,1,-99,-0.099,0.83
12,"dotcolour","highSC","hard",1.119,1,0,-99,-0.099,0.83
12,"dotcolour","highSC","average",0.418,1,1,-99,-0.099,0.83
12,"dotcolour","highSC","average",0.568,-1,1,-99,-0.099,0.83
12,"dotcolour","highSC","hard",0.418,1,1,-99,-0.099,0.83
12,"dotcolour","highSC","easy",0.467,1,1,-99,-0.099,0.83
12,"dotcolour","highSC","easy",0.451,1,1,-99,-0.099,0.83
12,"dotcolour","highSC","hard",0.652,1,1,-99,-0.099,0.83
12,"dotcolour","highSC","average",0.585,1,1,-99,-0.099,0.83
12,"dotcolour","highSC","average",0.836,-1,1,-99,-0.099,0.83
12,"dotcolour","highSC","average",0.718,-1,1,-99,-0.099,0.83
12,"dotcolour","highSC","easy",0.468,1,1,-99,-0.099,0.83
12,"dotcolour","highSC","easy",0.435,1,1,-99,-0.099,0.83
12,"dotcolour","highSC","hard",0.401,1,0,-99,-0.099,0.96
12,"dotcolour","highSC","easy",0.418,1,1,-99,-0.099,0.96
12,"dotcolour","highSC","easy",0.502,-1,1,-99,-0.099,0.96
12,"dotcolour","highSC","easy",0.418,1,1,-99,-0.099,0.96
12,"dotcolour","highSC","average",0.535,-1,1,-99,-0.099,0.96
12,"dotcolour","highSC","easy",0.568,-1,1,-99,-0.099,0.96
12,"dotcolour","highSC","average",0.501,1,1,-99,-0.099,0.96
12,"dotcolour","highSC","average",1.169,1,1,-99,-0.099,0.96
12,"dotcolour","highSC","easy",0.518,1,1,-99,-0.099,0.96
12,"dotcolour","highSC","average",0.735,-1,1,-99,-0.099,0.96
12,"dotcolour","highSC","average",0.385,1,1,-99,-0.099,0.96
12,"dotcolour","highSC","hard",0.451,-1,1,-99,-0.099,0.96
12,"dotcolour","highSC","average",0.819,-1,1,-99,-0.099,0.96
12,"dotcolour","highSC","hard",0.517,-1,1,-99,-0.099,0.96
12,"dotcolour","highSC","easy",0.652,-1,1,-99,-0.099,0.96
12,"dotcolour","highSC","hard",0.885,1,0,-99,-0.099,0.96
12,"dotcolour","highSC","average",0.552,1,1,-99,-0.099,0.96
12,"dotcolour","highSC","easy",0.435,1,1,-99,-0.099,0.96
12,"dotcolour","highSC","easy",0.535,-1,1,-99,-0.099,0.96
12,"dotcolour","highSC","hard",0.902,1,0,-99,-0.099,0.96
12,"dotcolour","highSC","easy",0.518,-1,1,-99,-0.099,0.96
12,"dotcolour","highSC","average",0.502,1,1,-99,-0.099,0.96
12,"dotcolour","highSC","easy",0.551,-1,1,-99,-0.099,0.96
12,"dotcolour","highSC","easy",0.485,1,1,-99,-0.099,0.96
12,"dotcolour","highSC","average",0.619,-1,1,-99,-0.099,0.98
12,"dotcolour","highSC","easy",0.551,1,1,-99,-0.099,0.98
12,"dotcolour","highSC","average",0.468,1,1,-99,-0.099,0.98
12,"dotcolour","highSC","average",0.535,-1,1,-99,-0.099,0.98
12,"dotcolour","highSC","average",0.685,-1,1,-99,-0.099,0.98
12,"dotcolour","highSC","hard",0.367,1,0,-99,-0.099,0.98
12,"dotcolour","highSC","hard",0.936,-1,1,-99,-0.099,0.98
12,"dotcolour","highSC","easy",0.585,-1,1,-99,-0.099,0.98
12,"dotcolour","highSC","average",0.385,1,1,-99,-0.099,0.98
12,"dotcolour","highSC","hard",0.685,1,1,-99,-0.099,0.98
12,"dotcolour","highSC","easy",0.484,-1,1,-99,-0.099,0.98
12,"dotcolour","highSC","average",0.752,1,0,-99,-0.099,0.98
12,"dotcolour","highSC","easy",0.535,1,1,-99,-0.099,0.98
12,"dotcolour","highSC","easy",0.468,-1,1,-99,-0.099,0.98
12,"dotcolour","highSC","hard",0.751,1,1,-99,-0.099,0.98
12,"dotcolour","highSC","easy",0.418,-1,1,-99,-0.099,0.98
12,"dotcolour","highSC","average",0.535,-1,1,-99,-0.099,0.98
12,"dotcolour","highSC","average",0.452,-1,1,-99,-0.099,0.98
12,"dotcolour","highSC","hard",0.652,1,0,-99,-0.099,0.98
12,"dotcolour","highSC","hard",0.668,1,0,-99,-0.099,0.98
12,"dotcolour","highSC","hard",0.684,1,1,-99,-0.099,0.98
12,"dotcolour","highSC","easy",0.535,1,1,-99,-0.099,0.98
12,"dotcolour","highSC","easy",0.535,1,1,-99,-0.099,0.98
12,"dotcolour","highSC","hard",0.586,1,1,-99,-0.099,0.98
12,"dotcolour","highSC","easy",0.502,-1,1,-99,-0.099,0.86
12,"dotcolour","highSC","average",0.669,1,0,-99,-0.099,0.86
12,"dotcolour","highSC","average",0.669,1,1,-99,-0.099,0.86
12,"dotcolour","highSC","hard",0.603,1,1,-99,-0.099,0.86
12,"dotcolour","highSC","average",0.601,-1,1,-99,-0.099,0.86
12,"dotcolour","highSC","average",0.569,1,1,-99,-0.099,0.86
12,"dotcolour","highSC","average",0.635,1,1,-99,-0.099,0.86
12,"dotcolour","highSC","hard",1.286,-1,0,-99,-0.099,0.86
12,"dotcolour","highSC","average",0.734,-1,1,-99,-0.099,0.86
12,"dotcolour","highSC","hard",0.819,-1,1,-99,-0.099,0.86
12,"dotcolour","highSC","average",0.635,-1,1,-99,-0.099,0.86
12,"dotcolour","highSC","easy",0.518,1,1,-99,-0.099,0.86
12,"dotcolour","highSC","average",1.137,1,1,-99,-0.099,0.86
12,"dotcolour","highSC","average",0.634,1,0,-99,-0.099,0.86
12,"dotcolour","highSC","easy",0.501,1,1,-99,-0.099,0.86
12,"dotcolour","highSC","average",0.486,1,1,-99,-0.099,0.86
12,"dotcolour","highSC","hard",0.636,1,0,-99,-0.099,0.86
12,"dotcolour","highSC","average",0.552,1,0,-99,-0.099,0.86
12,"dotcolour","highSC","easy",0.518,1,1,-99,-0.099,0.86
12,"dotcolour","highSC","hard",0.552,1,1,-99,-0.099,0.86
12,"dotcolour","highSC","hard",0.519,1,1,-99,-0.099,0.86
12,"dotcolour","highSC","easy",0.552,-1,1,-99,-0.099,0.86
12,"dotcolour","highSC","hard",0.903,1,0,-99,-0.099,0.86
12,"dotcolour","highSC","easy",0.518,1,1,-99,-0.099,0.86
12,"dotnumber","mediumSC","easy",1.019,1,1,-99,-0.099,0.79
12,"dotnumber","mediumSC","hard",1.286,-1,1,-99,-0.099,0.79
12,"dotnumber","mediumSC","easy",0.55,1,1,-99,-0.099,0.79
12,"dotnumber","mediumSC","average",0.569,-1,1,-99,-0.099,0.79
12,"dotnumber","mediumSC","hard",1.153,-1,0,-99,-0.099,0.79
12,"dotnumber","mediumSC","average",0.568,1,0,-99,-0.099,0.79
12,"dotnumber","mediumSC","easy",0.534,1,1,-99,-0.099,0.79
12,"dotnumber","mediumSC","average",0.485,1,0,-99,-0.099,0.79
12,"dotnumber","mediumSC","easy",0.619,1,1,-99,-0.099,0.79
12,"dotnumber","mediumSC","average",0.535,-1,1,-99,-0.099,0.79
12,"dotnumber","mediumSC","easy",0.402,1,1,-99,-0.099,0.79
12,"dotnumber","mediumSC","hard",0.535,1,1,-99,-0.099,0.79
12,"dotnumber","mediumSC","easy",0.534,-1,1,-99,-0.099,0.79
12,"dotnumber","mediumSC","hard",0.484,1,0,-99,-0.099,0.79
12,"dotnumber","mediumSC","easy",0.484,-1,1,-99,-0.099,0.79
12,"dotnumber","mediumSC","average",0.785,1,1,-99,-0.099,0.79
12,"dotnumber","mediumSC","average",0.685,-1,1,-99,-0.099,0.79
12,"dotnumber","mediumSC","hard",0.835,1,0,-99,-0.099,0.79
12,"dotnumber","mediumSC","hard",0.536,1,1,-99,-0.099,0.79
12,"dotnumber","mediumSC","easy",0.652,1,0,-99,-0.099,0.79
12,"dotnumber","mediumSC","easy",0.651,-1,1,-99,-0.099,0.79
12,"dotnumber","mediumSC","easy",0.603,-1,1,-99,-0.099,0.79
12,"dotnumber","mediumSC","average",0.718,1,0,-99,-0.099,0.79
12,"dotnumber","mediumSC","hard",0.652,-1,0,-99,-0.099,0.79
12,"dotnumber","mediumSC","average",0.352,1,0,-99,-0.099,0.72
12,"dotnumber","mediumSC","easy",0.501,-1,1,-99,-0.099,0.72
12,"dotnumber","mediumSC","easy",0.552,1,1,-99,-0.099,0.72
12,"dotnumber","mediumSC","hard",1.019,-1,0,-99,-0.099,0.72
12,"dotnumber","mediumSC","hard",0.452,1,0,-99,-0.099,0.72
12,"dotnumber","mediumSC","average",0.502,1,1,-99,-0.099,0.72
12,"dotnumber","mediumSC","hard",0.518,-1,0,-99,-0.099,0.72
12,"dotnumber","mediumSC","easy",0.635,-1,1,-99,-0.099,0.72
12,"dotnumber","mediumSC","hard",1.019,-1,1,-99,-0.099,0.72
12,"dotnumber","mediumSC","easy",0.601,-1,1,-99,-0.099,0.72
12,"dotnumber","mediumSC","average",0.484,1,1,-99,-0.099,0.72
12,"dotnumber","mediumSC","hard",0.535,1,1,-99,-0.099,0.72
12,"dotnumber","mediumSC","easy",0.534,-1,0,-99,-0.099,0.72
12,"dotnumber","mediumSC","average",0.52,1,0,-99,-0.099,0.72
12,"dotnumber","mediumSC","easy",0.368,-1,1,-99,-0.099,0.72
12,"dotnumber","mediumSC","average",1.285,-1,1,-99,-0.099,0.72
12,"dotnumber","mediumSC","hard",0.703,-1,1,-99,-0.099,0.72
12,"dotnumber","mediumSC","easy",0.618,-1,1,-99,-0.099,0.72
12,"dotnumber","mediumSC","hard",0.569,1,1,-99,-0.099,0.72
12,"dotnumber","mediumSC","easy",0.468,1,1,-99,-0.099,0.72
12,"dotnumber","mediumSC","average",0.435,1,1,-99,-0.099,0.72
12,"dotnumber","mediumSC","easy",0.484,1,1,-99,-0.099,0.72
12,"dotnumber","mediumSC","hard",0.468,-1,1,-99,-0.099,0.72
12,"dotnumber","mediumSC","easy",0.718,1,1,-99,-0.099,0.72
12,"dotnumber","mediumSC","easy",0.602,1,1,-99,-0.099,0.72
12,"dotnumber","mediumSC","average",0.535,-1,1,-99,-0.099,0.72
12,"dotnumber","mediumSC","hard",1.119,-1,1,-99,-0.099,0.72
12,"dotnumber","mediumSC","easy",0.602,-1,1,-99,-0.099,0.72
12,"dotnumber","mediumSC","easy",0.552,1,1,-99,-0.099,0.72
12,"dotnumber","mediumSC","average",0.35,1,1,-99,-0.099,0.72
12,"dotnumber","mediumSC","average",0.468,1,1,-99,-0.099,0.72
12,"dotnumber","mediumSC","easy",0.468,1,1,-99,-0.099,0.72
12,"dotnumber","mediumSC","easy",0.568,-1,1,-99,-0.099,0.72
12,"dotnumber","mediumSC","hard",0.802,-1,1,-99,-0.099,0.72
12,"dotnumber","mediumSC","hard",1.369,1,1,-99,-0.099,0.72
12,"dotnumber","mediumSC","average",0.434,-1,1,-99,-0.099,0.72
12,"dotnumber","mediumSC","average",0.618,-1,1,-99,-0.099,0.72
12,"dotnumber","mediumSC","average",0.919,-1,1,-99,-0.099,0.72
12,"dotnumber","mediumSC","easy",0.435,-1,1,-99,-0.099,0.72
12,"dotnumber","mediumSC","easy",0.418,-1,1,-99,-0.099,0.72
12,"dotnumber","mediumSC","easy",0.501,-1,1,-99,-0.099,0.72
12,"dotnumber","mediumSC","hard",0.369,-1,0,-99,-0.099,0.72
12,"dotnumber","mediumSC","average",0.452,-1,1,-99,-0.099,0.72
12,"dotnumber","mediumSC","average",0.369,1,0,-99,-0.099,0.72
12,"dotnumber","mediumSC","average",0.501,1,1,-99,-0.099,0.72
12,"dotnumber","mediumSC","easy",0.418,1,1,-99,-0.099,0.72
12,"dotnumber","mediumSC","easy",0.434,-1,1,-99,-0.099,0.72
12,"dotnumber","mediumSC","easy",0.501,1,1,-99,-0.099,0.78
12,"dotnumber","mediumSC","hard",0.318,-1,1,-99,-0.099,0.78
12,"dotnumber","mediumSC","average",0.301,1,1,-99,-0.099,0.78
12,"dotnumber","mediumSC","hard",0.367,1,1,-99,-0.099,0.78
12,"dotnumber","mediumSC","hard",0.268,1,1,-99,-0.099,0.78
12,"dotnumber","mediumSC","easy",0.351,1,1,-99,-0.099,0.78
12,"dotnumber","mediumSC","average",0.352,-1,1,-99,-0.099,0.78
12,"dotnumber","mediumSC","average",0.319,1,0,-99,-0.099,0.78
12,"dotnumber","mediumSC","average",0.551,-1,1,-99,-0.099,0.78
12,"dotnumber","mediumSC","easy",0.452,1,1,-99,-0.099,0.78
12,"dotnumber","mediumSC","hard",0.384,-1,0,-99,-0.099,0.78
12,"dotnumber","mediumSC","easy",0.485,1,1,-99,-0.099,0.78
12,"dotnumber","mediumSC","hard",0.668,1,0,-99,-0.099,0.78
12,"dotnumber","mediumSC","hard",0.518,1,0,-99,-0.099,0.78
12,"dotnumber","mediumSC","hard",0.568,1,0,-99,-0.099,0.78
12,"dotnumber","mediumSC","average",0.367,-1,0,-99,-0.099,0.78
12,"dotnumber","mediumSC","easy",0.502,-1,1,-99,-0.099,0.78
12,"dotnumber","mediumSC","easy",0.602,1,0,-99,-0.099,0.78
12,"dotnumber","mediumSC","average",0.552,1,1,-99,-0.099,0.78
12,"dotnumber","mediumSC","easy",0.486,1,1,-99,-0.099,0.78
12,"dotnumber","mediumSC","hard",0.435,1,0,-99,-0.099,0.78
12,"dotnumber","mediumSC","easy",0.435,-1,1,-99,-0.099,0.78
12,"dotnumber","mediumSC","hard",0.601,1,1,-99,-0.099,0.78
12,"dotnumber","mediumSC","average",0.585,-1,1,-99,-0.099,0.78
12,"dotnumber","mediumSC","average",0.886,1,1,-99,-0.099,0.75
12,"dotnumber","mediumSC","hard",0.502,1,1,-99,-0.099,0.75
12,"dotnumber","mediumSC","easy",0.519,1,1,-99,-0.099,0.75
12,"dotnumber","mediumSC","easy",0.401,1,1,-99,-0.099,0.75
12,"dotnumber","mediumSC","average",0.502,1,1,-99,-0.099,0.75
12,"dotnumber","mediumSC","easy",1.852,1,0,-99,-0.099,0.75
12,"dotnumber","mediumSC","hard",0.385,1,1,-99,-0.099,0.75
12,"dotnumber","mediumSC","hard",0.469,1,1,-99,-0.099,0.75
12,"dotnumber","mediumSC","easy",0.568,1,1,-99,-0.099,0.75
12,"dotnumber","mediumSC","hard",0.469,-1,0,-99,-0.099,0.75
12,"dotnumber","mediumSC","average",1.302,-1,1,-99,-0.099,0.75
12,"dotnumber","mediumSC","easy",1.437,-1,1,-99,-0.099,0.75
12,"dotnumber","mediumSC","average",0.985,-1,1,-99,-0.099,0.75
12,"dotnumber","mediumSC","average",0.303,1,1,-99,-0.099,0.75
12,"dotnumber","mediumSC","easy",0.302,-1,1,-99,-0.099,0.75
12,"dotnumber","mediumSC","average",0.435,1,1,-99,-0.099,0.75
12,"dotnumber","mediumSC","average",0.601,-1,1,-99,-0.099,0.75
12,"dotnumber","mediumSC","hard",0.335,-1,1,-99,-0.099,0.75
12,"dotnumber","mediumSC","hard",0.417,1,0,-99,-0.099,0.75
12,"dotnumber","mediumSC","easy",0.569,-1,1,-99,-0.099,0.75
12,"dotnumber","mediumSC","average",0.451,1,1,-99,-0.099,0.75
12,"dotnumber","mediumSC","hard",0.234,-1,1,-99,-0.099,0.75
13,"dotcolour","highSC","easy",0.785,1,1,-99,-0.099,0.91
13,"dotcolour","highSC","average",0.786,1,1,-99,-0.099,0.91
13,"dotcolour","highSC","average",0.652,-1,1,-99,-0.099,0.91
13,"dotcolour","highSC","easy",0.668,-1,1,-99,-0.099,0.91
13,"dotcolour","highSC","hard",0.702,1,0,-99,-0.099,0.91
13,"dotcolour","highSC","hard",0.635,-1,0,-99,-0.099,0.91
13,"dotcolour","highSC","average",0.768,-1,1,-99,-0.099,0.91
13,"dotcolour","highSC","hard",0.618,1,1,-99,-0.099,0.91
13,"dotcolour","highSC","average",1.486,-1,0,-99,-0.099,0.91
13,"dotcolour","highSC","hard",0.752,1,1,-99,-0.099,0.91
13,"dotcolour","highSC","average",0.634,1,1,-99,-0.099,0.91
13,"dotcolour","highSC","average",0.668,1,1,-99,-0.099,0.91
13,"dotcolour","highSC","hard",1.32,1,0,-99,-0.099,0.91
13,"dotcolour","highSC","hard",0.685,-1,1,-99,-0.099,0.91
13,"dotcolour","highSC","hard",0.451,1,1,-99,-0.099,0.91
13,"dotcolour","highSC","hard",0.585,-1,1,-99,-0.099,0.91
13,"dotcolour","highSC","hard",0.719,-1,1,-99,-0.099,0.91
13,"dotcolour","highSC","hard",0.852,1,0,-99,-0.099,0.91
13,"dotcolour","highSC","hard",0.835,1,1,-99,-0.099,0.91
13,"dotcolour","highSC","average",0.652,1,1,-99,-0.099,0.91
13,"dotcolour","highSC","hard",0.702,-1,0,-99,-0.099,0.91
13,"dotcolour","highSC","average",1.052,1,1,-99,-0.099,0.91
13,"dotcolour","highSC","easy",0.569,-1,1,-99,-0.099,0.91
13,"dotcolour","highSC","average",0.652,-1,1,-99,-0.099,0.91
13,"dotcolour","highSC","average",0.718,-1,1,-99,-0.099,0.82
13,"dotcolour","highSC","easy",0.668,-1,1,-99,-0.099,0.82
13,"dotcolour","highSC","hard",0.868,-1,1,-99,-0.099,0.82
13,"dotcolour","highSC","average",0.468,-1,1,-99,-0.099,0.82
13,"dotcolour","highSC","easy",0.569,1,1,-99,-0.099,0.82
13,"dotcolour","highSC","hard",0.702,-1,0,-99,-0.099,0.82
13,"dotcolour","highSC","average",0.634,1,1,-99,-0.099,0.82
13,"dotcolour","highSC","easy",0.618,1,1,-99,-0.099,0.82
13,"dotcolour","highSC","easy",0.601,-1,1,-99,-0.099,0.82
13,"dotcolour","highSC","hard",0.718,-1,0,-99,-0.099,0.82
13,"dotcolour","highSC","average",0.736,-1,1,-99,-0.099,0.82
13,"dotcolour","highSC","hard",0.635,-1,1,-99,-0.099,0.82
13,"dotcolour","highSC","easy",0.719,-1,1,-99,-0.099,0.82
13,"dotcolour","highSC","average",0.552,1,1,-99,-0.099,0.82
13,"dotcolour","highSC","average",0.567,-1,1,-99,-0.099,0.82
13,"dotcolour","highSC","hard",0.619,-1,1,-99,-0.099,0.82
13,"dotcolour","highSC","average",0.418,1,1,-99,-0.099,0.82
13,"dotcolour","highSC","easy",0.501,1,1,-99,-0.099,0.82
13,"dotcolour","highSC","hard",0.684,-1,0,-99,-0.099,0.82
13,"dotcolour","highSC","average",0.551,-1,1,-99,-0.099,0.82
13,"dotcolour","highSC","hard",0.552,-1,0,-99,-0.099,0.82
13,"dotcolour","highSC","easy",0.485,1,1,-99,-0.099,0.82
13,"dotcolour","highSC","average",0.718,-1,1,-99,-0.099,0.82
13,"dotcolour","highSC","easy",0.418,1,1,-99,-0.099,0.82
13,"dotcolour","highSC","hard",0.685,-1,0,-99,-0.099,0.88
13,"dotcolour","highSC","hard",0.484,1,1,-99,-0.099,0.88
13,"dotcolour","highSC","hard",0.368,-1,1,-99,-0.099,0.88
13,"dotcolour","highSC","hard",0.651,-1,1,-99,-0.099,0.88
13,"dotcolour","highSC","hard",0.802,-1,0,-99,-0.099,0.88
13,"dotcolour","highSC","easy",0.568,1,1,-99,-0.099,0.88
13,"dotcolour","highSC","average",0.652,-1,1,-99,-0.099,0.88
13,"dotcolour","highSC","average",0.535,-1,1,-99,-0.099,0.88
13,"dotcolour","highSC","easy",0.552,1,1,-99,-0.099,0.88
13,"dotcolour","highSC","hard",0.618,-1,1,-99,-0.099,0.88
13,"dotcolour","highSC","average",0.485,-1,1,-99,-0.099,0.88
13,"dotcolour","highSC","average",0.552,1,1,-99,-0.099,0.88
13,"dotcolour","highSC","average",0.618,1,1,-99,-0.099,0.88
13,"dotcolour","highSC","easy",0.468,-1,1,-99,-0.099,0.88
13,"dotcolour","highSC","easy",0.401,1,0,-99,-0.099,0.88
13,"dotcolour","highSC","average",0.584,1,1,-99,-0.099,0.88
13,"dotcolour","highSC","easy",0.535,1,1,-99,-0.099,0.88
13,"dotcolour","highSC","easy",0.451,-1,1,-99,-0.099,0.88
13,"dotcolour","highSC","average",0.618,-1,1,-99,-0.099,0.88
13,"dotcolour","highSC","easy",0.534,1,1,-99,-0.099,0.88
13,"dotcolour","highSC","average",0.536,-1,1,-99,-0.099,0.88
13,"dotcolour","highSC","easy",0.584,-1,1,-99,-0.099,0.88
13,"dotcolour","highSC","hard",0.552,-1,0,-99,-0.099,0.88
13,"dotcolour","highSC","easy",0.436,-1,1,-99,-0.099,0.88
13,"dotcolour","highSC","hard",0.468,-1,0,-99,-0.099,0.98
13,"dotcolour","highSC","average",1.519,-1,1,-99,-0.099,0.98
13,"dotcolour","highSC","average",0.602,1,1,-99,-0.099,0.98
13,"dotcolour","highSC","hard",1.101,1,0,-99,-0.099,0.98
13,"dotcolour","highSC","easy",0.601,1,1,-99,-0.099,0.98
13,"dotcolour","highSC","hard",0.635,-1,0,-99,-0.099,0.98
13,"dotcolour","highSC","easy",0.467,1,1,-99,-0.099,0.98
13,"dotcolour","highSC","hard",0.602,-1,0,-99,-0.099,0.98
13,"dotcolour","highSC","easy",0.418,-1,1,-99,-0.099,0.98
13,"dotcolour","highSC","hard",0.618,-1,1,-99,-0.099,0.98
13,"dotcolour","highSC","hard",0.602,1,1,-99,-0.099,0.98
13,"dotcolour","highSC","easy",0.451,1,1,-99,-0.099,0.98
13,"dotcolour","highSC","easy",1.603,1,1,-99,-0.099,0.98
13,"dotcolour","highSC","hard",0.652,-1,1,-99,-0.099,0.98
13,"dotcolour","highSC","average",0.601,-1,0,-99,-0.099,0.98
13,"dotcolour","highSC","average",0.586,-1,1,-99,-0.099,0.98
13,"dotcolour","highSC","average",0.502,1,1,-99,-0.099,0.98
13,"dotcolour","highSC","average",0.586,-1,0,-99,-0.099,0.98
13,"dotcolour","highSC","easy",0.536,1,1,-99,-0.099,0.98
13,"dotcolour","highSC","hard",0.652,-1,0,-99,-0.099,0.98
13,"dotcolour","highSC","average",0.601,-1,1,-99,-0.099,0.98
13,"dotcolour","highSC","easy",0.435,-1,1,-99,-0.099,0.98
13,"dotcolour","highSC","hard",0.602,1,1,-99,-0.099,0.98
13,"dotcolour","highSC","easy",0.402,-1,1,-99,-0.099,0.98
13,"dotcolour","highSC","average",0.401,-1,1,-99,-0.099,0.98
13,"dotcolour","highSC","average",0.568,-1,1,-99,-0.099,0.98
13,"dotcolour","highSC","hard",0.534,-1,0,-99,-0.099,0.98
13,"dotcolour","highSC","hard",0.585,-1,1,-99,-0.099,0.98
13,"dotcolour","highSC","easy",0.435,-1,1,-99,-0.099,0.98
13,"dotcolour","highSC","hard",0.702,-1,1,-99,-0.099,0.98
13,"dotcolour","highSC","hard",0.752,1,0,-99,-0.099,0.98
13,"dotcolour","highSC","average",0.451,1,1,-99,-0.099,0.98
13,"dotcolour","highSC","easy",0.601,-1,1,-99,-0.099,0.98
13,"dotcolour","highSC","easy",0.518,1,1,-99,-0.099,0.98
13,"dotcolour","highSC","average",0.585,-1,1,-99,-0.099,0.98
13,"dotcolour","highSC","average",0.551,-1,1,-99,-0.099,0.98
13,"dotcolour","highSC","hard",0.685,-1,1,-99,-0.099,0.98
13,"dotcolour","highSC","hard",0.701,1,1,-99,-0.099,0.98
13,"dotcolour","highSC","average",0.652,-1,1,-99,-0.099,0.98
13,"dotcolour","highSC","easy",0.502,-1,1,-99,-0.099,0.98
13,"dotcolour","highSC","average",0.568,1,1,-99,-0.099,0.98
13,"dotcolour","highSC","hard",0.718,-1,1,-99,-0.099,0.98
13,"dotcolour","highSC","hard",0.803,1,1,-99,-0.099,0.98
13,"dotcolour","highSC","hard",0.668,-1,0,-99,-0.099,0.98
13,"dotcolour","highSC","average",0.601,1,1,-99,-0.099,0.98
13,"dotcolour","highSC","easy",0.485,1,1,-99,-0.099,0.98
13,"dotcolour","highSC","average",0.585,-1,1,-99,-0.099,0.98
13,"dotcolour","highSC","hard",0.802,-1,0,-99,-0.099,0.98
13,"dotnumber","mediumSC","hard",0.635,1,1,-99,-0.099,0.82
13,"dotnumber","mediumSC","hard",0.501,-1,0,-99,-0.099,0.82
13,"dotnumber","mediumSC","average",0.452,1,1,-99,-0.099,0.82
13,"dotnumber","mediumSC","average",0.552,-1,0,-99,-0.099,0.82
13,"dotnumber","mediumSC","easy",0.618,1,1,-99,-0.099,0.82
13,"dotnumber","mediumSC","easy",0.552,1,1,-99,-0.099,0.82
13,"dotnumber","mediumSC","hard",0.568,-1,1,-99,-0.099,0.82
13,"dotnumber","mediumSC","average",0.653,-1,1,-99,-0.099,0.82
13,"dotnumber","mediumSC","hard",0.467,-1,1,-99,-0.099,0.82
13,"dotnumber","mediumSC","easy",0.451,-1,1,-99,-0.099,0.82
13,"dotnumber","mediumSC","hard",0.586,-1,1,-99,-0.099,0.82
13,"dotnumber","mediumSC","average",0.518,-1,0,-99,-0.099,0.82
13,"dotnumber","mediumSC","hard",0.585,1,1,-99,-0.099,0.82
13,"dotnumber","mediumSC","average",0.668,-1,0,-99,-0.099,0.82
13,"dotnumber","mediumSC","easy",0.469,1,1,-99,-0.099,0.82
13,"dotnumber","mediumSC","hard",0.468,1,1,-99,-0.099,0.82
13,"dotnumber","mediumSC","hard",0.535,-1,0,-99,-0.099,0.82
13,"dotnumber","mediumSC","average",0.501,1,1,-99,-0.099,0.82
13,"dotnumber","mediumSC","easy",0.484,1,1,-99,-0.099,0.82
13,"dotnumber","mediumSC","average",0.668,1,0,-99,-0.099,0.82
13,"dotnumber","mediumSC","average",0.518,-1,1,-99,-0.099,0.82
13,"dotnumber","mediumSC","average",0.551,1,1,-99,-0.099,0.82
13,"dotnumber","mediumSC","easy",0.602,-1,1,-99,-0.099,0.82
13,"dotnumber","mediumSC","average",0.401,1,0,-99,-0.099,0.82
13,"dotnumber","mediumSC","average",0.402,-1,1,-99,-0.099,0.79
13,"dotnumber","mediumSC","hard",0.385,-1,1,-99,-0.099,0.79
13,"dotnumber","mediumSC","easy",0.519,-1,1,-99,-0.099,0.79
13,"dotnumber","mediumSC","hard",0.651,1,0,-99,-0.099,0.79
13,"dotnumber","mediumSC","easy",0.568,1,1,-99,-0.099,0.79
13,"dotnumber","mediumSC","average",0.501,1,1,-99,-0.099,0.79
13,"dotnumber","mediumSC","average",0.785,-1,1,-99,-0.099,0.79
13,"dotnumber","mediumSC","average",0.419,1,1,-99,-0.099,0.79
13,"dotnumber","mediumSC","easy",0.484,1,1,-99,-0.099,0.79
13,"dotnumber","mediumSC","easy",0.502,-1,1,-99,-0.099,0.79
13,"dotnumber","mediumSC","hard",0.636,-1,0,-99,-0.099,0.79
13,"dotnumber","mediumSC","hard",0.585,1,1,-99,-0.099,0.79
13,"dotnumber","mediumSC","hard",0.618,-1,1,-99,-0.099,0.79
13,"dotnumber","mediumSC","average",0.401,1,0,-99,-0.099,0.79
13,"dotnumber","mediumSC","average",0.802,1,1,-99,-0.099,0.79
13,"dotnumber","mediumSC","average",0.402,1,1,-99,-0.099,0.79
13,"dotnumber","mediumSC","hard",0.701,-1,1,-99,-0.099,0.79
13,"dotnumber","mediumSC","average",0.468,1,0,-99,-0.099,0.79
13,"dotnumber","mediumSC","average",0.519,-1,0,-99,-0.099,0.79
13,"dotnumber","mediumSC","average",0.368,1,1,-99,-0.099,0.79
13,"dotnumber","mediumSC","average",0.452,-1,1,-99,-0.099,0.79
13,"dotnumber","mediumSC","easy",0.585,1,1,-99,-0.099,0.79
13,"dotnumber","mediumSC","hard",0.418,1,1,-99,-0.099,0.79
13,"dotnumber","mediumSC","hard",0.636,1,1,-99,-0.099,0.79
13,"dotnumber","mediumSC","average",0.534,1,0,-99,-0.099,0.79
13,"dotnumber","mediumSC","hard",0.651,1,0,-99,-0.099,0.79
13,"dotnumber","mediumSC","average",0.669,-1,1,-99,-0.099,0.79
13,"dotnumber","mediumSC","average",0.902,1,1,-99,-0.099,0.79
13,"dotnumber","mediumSC","hard",0.569,1,1,-99,-0.099,0.79
13,"dotnumber","mediumSC","average",0.685,-1,1,-99,-0.099,0.79
13,"dotnumber","mediumSC","easy",0.417,1,1,-99,-0.099,0.79
13,"dotnumber","mediumSC","easy",0.618,-1,1,-99,-0.099,0.79
13,"dotnumber","mediumSC","easy",0.535,1,1,-99,-0.099,0.79
13,"dotnumber","mediumSC","hard",0.585,-1,1,-99,-0.099,0.79
13,"dotnumber","mediumSC","hard",0.652,-1,1,-99,-0.099,0.79
13,"dotnumber","mediumSC","average",0.419,1,1,-99,-0.099,0.79
13,"dotnumber","mediumSC","easy",0.636,-1,1,-99,-0.099,0.79
13,"dotnumber","mediumSC","hard",0.585,1,1,-99,-0.099,0.79
13,"dotnumber","mediumSC","hard",0.468,1,0,-99,-0.099,0.79
13,"dotnumber","mediumSC","hard",0.585,-1,1,-99,-0.099,0.79
13,"dotnumber","mediumSC","hard",0.401,1,1,-99,-0.099,0.79
13,"dotnumber","mediumSC","hard",0.401,1,1,-99,-0.099,0.79
13,"dotnumber","mediumSC","easy",0.451,1,1,-99,-0.099,0.79
13,"dotnumber","mediumSC","hard",0.552,1,0,-99,-0.099,0.79
13,"dotnumber","mediumSC","average",0.552,-1,1,-99,-0.099,0.79
13,"dotnumber","mediumSC","average",0.552,-1,1,-99,-0.099,0.79
13,"dotnumber","mediumSC","hard",0.485,1,1,-99,-0.099,0.79
13,"dotnumber","mediumSC","hard",0.384,1,0,-99,-0.099,0.79
13,"dotnumber","mediumSC","average",0.402,1,0,-99,-0.099,0.77
13,"dotnumber","mediumSC","easy",0.669,-1,1,-99,-0.099,0.77
13,"dotnumber","mediumSC","hard",0.518,1,0,-99,-0.099,0.77
13,"dotnumber","mediumSC","average",0.402,-1,0,-99,-0.099,0.77
13,"dotnumber","mediumSC","hard",0.701,-1,1,-99,-0.099,0.77
13,"dotnumber","mediumSC","easy",0.518,1,1,-99,-0.099,0.77
13,"dotnumber","mediumSC","hard",0.618,-1,1,-99,-0.099,0.77
13,"dotnumber","mediumSC","easy",0.618,-1,1,-99,-0.099,0.77
13,"dotnumber","mediumSC","easy",0.486,-1,1,-99,-0.099,0.77
13,"dotnumber","mediumSC","hard",0.636,1,0,-99,-0.099,0.77
13,"dotnumber","mediumSC","average",0.468,-1,1,-99,-0.099,0.77
13,"dotnumber","mediumSC","hard",0.717,1,1,-99,-0.099,0.77
13,"dotnumber","mediumSC","easy",0.502,1,1,-99,-0.099,0.77
13,"dotnumber","mediumSC","easy",0.619,-1,1,-99,-0.099,0.77
13,"dotnumber","mediumSC","easy",0.535,1,1,-99,-0.099,0.77
13,"dotnumber","mediumSC","average",0.602,-1,1,-99,-0.099,0.77
13,"dotnumber","mediumSC","average",0.501,1,1,-99,-0.099,0.77
13,"dotnumber","mediumSC","average",0.669,-1,1,-99,-0.099,0.77
13,"dotnumber","mediumSC","easy",0.669,-1,1,-99,-0.099,0.77
13,"dotnumber","mediumSC","hard",0.686,-1,1,-99,-0.099,0.77
13,"dotnumber","mediumSC","average",0.702,1,1,-99,-0.099,0.77
13,"dotnumber","mediumSC","easy",0.618,1,1,-99,-0.099,0.77
13,"dotnumber","mediumSC","easy",0.702,1,1,-99,-0.099,0.77
13,"dotnumber","mediumSC","hard",0.602,-1,1,-99,-0.099,0.77
13,"dotnumber","mediumSC","hard",0.535,-1,1,-99,-0.099,0.78
13,"dotnumber","mediumSC","average",0.652,-1,0,-99,-0.099,0.78
13,"dotnumber","mediumSC","hard",0.685,1,1,-99,-0.099,0.78
13,"dotnumber","mediumSC","easy",0.635,1,1,-99,-0.099,0.78
13,"dotnumber","mediumSC","average",0.802,1,1,-99,-0.099,0.78
13,"dotnumber","mediumSC","average",0.669,-1,1,-99,-0.099,0.78
13,"dotnumber","mediumSC","average",0.718,-1,1,-99,-0.099,0.78
13,"dotnumber","mediumSC","easy",0.551,-1,1,-99,-0.099,0.78
13,"dotnumber","mediumSC","average",0.651,-1,1,-99,-0.099,0.78
13,"dotnumber","mediumSC","easy",0.803,1,1,-99,-0.099,0.78
13,"dotnumber","mediumSC","easy",0.618,1,1,-99,-0.099,0.78
13,"dotnumber","mediumSC","easy",0.518,-1,1,-99,-0.099,0.78
13,"dotnumber","mediumSC","easy",0.602,-1,1,-99,-0.099,0.78
13,"dotnumber","mediumSC","average",0.584,-1,1,-99,-0.099,0.78
13,"dotnumber","mediumSC","average",0.801,1,1,-99,-0.099,0.78
13,"dotnumber","mediumSC","hard",0.685,1,1,-99,-0.099,0.78
13,"dotnumber","mediumSC","hard",0.536,1,1,-99,-0.099,0.78
13,"dotnumber","mediumSC","average",0.535,1,1,-99,-0.099,0.78
13,"dotnumber","mediumSC","average",0.618,1,1,-99,-0.099,0.78
13,"dotnumber","mediumSC","hard",0.652,1,0,-99,-0.099,0.78
13,"dotnumber","mediumSC","average",0.618,1,1,-99,-0.099,0.78
13,"dotnumber","mediumSC","hard",0.602,1,1,-99,-0.099,0.78
13,"dotnumber","mediumSC","easy",0.586,1,1,-99,-0.099,0.78
13,"dotnumber","mediumSC","easy",0.752,1,1,-99,-0.099,0.78
13,"xotask","lowSC","hard",0.802,-1,1,-99,-0.099,0.66
13,"xotask","lowSC","hard",0.652,1,1,-99,-0.099,0.66
13,"xotask","lowSC","easy",0.451,1,1,-99,-0.099,0.66
13,"xotask","lowSC","average",0.584,1,0,-99,-0.099,0.66
13,"xotask","lowSC","easy",0.451,1,1,-99,-0.099,0.66
13,"xotask","lowSC","hard",0.752,-1,0,-99,-0.099,0.66
13,"xotask","lowSC","hard",0.602,-1,1,-99,-0.099,0.66
13,"xotask","lowSC","easy",0.601,-1,1,-99,-0.099,0.66
13,"xotask","lowSC","average",0.601,-1,1,-99,-0.099,0.66
13,"xotask","lowSC","average",0.485,1,1,-99,-0.099,0.66
13,"xotask","lowSC","hard",0.434,1,0,-99,-0.099,0.66
13,"xotask","lowSC","average",0.618,1,1,-99,-0.099,0.66
13,"xotask","lowSC","hard",1.052,-1,1,-99,-0.099,0.66
13,"xotask","lowSC","average",0.652,1,1,-99,-0.099,0.66
13,"xotask","lowSC","easy",0.584,1,1,-99,-0.099,0.66
13,"xotask","lowSC","average",0.636,-1,1,-99,-0.099,0.66
13,"xotask","lowSC","average",0.751,-1,1,-99,-0.099,0.66
13,"xotask","lowSC","hard",0.986,1,1,-99,-0.099,0.66
13,"xotask","lowSC","average",0.618,-1,1,-99,-0.099,0.66
13,"xotask","lowSC","easy",0.502,-1,1,-99,-0.099,0.66
13,"xotask","lowSC","easy",0.551,1,1,-99,-0.099,0.66
13,"xotask","lowSC","average",0.518,-1,1,-99,-0.099,0.66
13,"xotask","lowSC","average",0.535,-1,1,-99,-0.099,0.66
13,"xotask","lowSC","average",0.618,1,1,-99,-0.099,0.66
13,"xotask","lowSC","hard",0.585,-1,1,-99,-0.099,0.62
13,"xotask","lowSC","hard",0.635,1,1,-99,-0.099,0.62
13,"xotask","lowSC","hard",0.552,-1,0,-99,-0.099,0.62
13,"xotask","lowSC","easy",0.719,1,1,-99,-0.099,0.62
13,"xotask","lowSC","hard",0.619,1,1,-99,-0.099,0.62
13,"xotask","lowSC","average",0.684,-1,1,-99,-0.099,0.62
13,"xotask","lowSC","easy",0.635,-1,1,-99,-0.099,0.62
13,"xotask","lowSC","easy",0.569,-1,1,-99,-0.099,0.62
13,"xotask","lowSC","easy",0.72,-1,1,-99,-0.099,0.62
13,"xotask","lowSC","average",0.769,-1,1,-99,-0.099,0.62
13,"xotask","lowSC","average",0.568,1,1,-99,-0.099,0.62
13,"xotask","lowSC","easy",0.601,1,1,-99,-0.099,0.62
13,"xotask","lowSC","average",0.719,-1,1,-99,-0.099,0.62
13,"xotask","lowSC","average",0.602,1,1,-99,-0.099,0.62
13,"xotask","lowSC","average",0.468,1,0,-99,-0.099,0.62
13,"xotask","lowSC","hard",0.619,-1,1,-99,-0.099,0.62
13,"xotask","lowSC","hard",0.484,1,0,-99,-0.099,0.62
13,"xotask","lowSC","average",0.752,-1,1,-99,-0.099,0.62
13,"xotask","lowSC","easy",0.502,1,1,-99,-0.099,0.62
13,"xotask","lowSC","easy",0.384,-1,1,-99,-0.099,0.62
13,"xotask","lowSC","hard",0.536,1,1,-99,-0.099,0.62
13,"xotask","lowSC","average",0.485,1,1,-99,-0.099,0.62
13,"xotask","lowSC","easy",0.469,1,1,-99,-0.099,0.62
13,"xotask","lowSC","easy",0.551,1,0,-99,-0.099,0.62
13,"xotask","lowSC","easy",0.502,1,1,-99,-0.099,0.56
13,"xotask","lowSC","easy",0.535,1,1,-99,-0.099,0.56
13,"xotask","lowSC","easy",0.435,1,1,-99,-0.099,0.56
13,"xotask","lowSC","easy",0.635,-1,1,-99,-0.099,0.56
13,"xotask","lowSC","hard",0.602,-1,0,-99,-0.099,0.56
13,"xotask","lowSC","average",0.551,1,1,-99,-0.099,0.56
13,"xotask","lowSC","hard",0.501,-1,1,-99,-0.099,0.56
13,"xotask","lowSC","average",0.635,-1,1,-99,-0.099,0.56
13,"xotask","lowSC","hard",0.635,-1,0,-99,-0.099,0.56
13,"xotask","lowSC","easy",0.718,-1,1,-99,-0.099,0.56
13,"xotask","lowSC","easy",0.668,-1,1,-99,-0.099,0.56
13,"xotask","lowSC","average",0.502,1,1,-99,-0.099,0.56
13,"xotask","lowSC","average",0.918,-1,1,-99,-0.099,0.56
13,"xotask","lowSC","hard",0.551,-1,1,-99,-0.099,0.56
13,"xotask","lowSC","average",0.618,1,1,-99,-0.099,0.56
13,"xotask","lowSC","average",0.552,1,1,-99,-0.099,0.56
13,"xotask","lowSC","easy",0.635,1,0,-99,-0.099,0.56
13,"xotask","lowSC","easy",0.468,1,1,-99,-0.099,0.56
13,"xotask","lowSC","hard",1.103,-1,0,-99,-0.099,0.56
13,"xotask","lowSC","hard",0.635,-1,1,-99,-0.099,0.56
13,"xotask","lowSC","easy",0.518,1,1,-99,-0.099,0.56
13,"xotask","lowSC","hard",0.585,-1,1,-99,-0.099,0.56
13,"xotask","lowSC","easy",0.601,-1,1,-99,-0.099,0.56
13,"xotask","lowSC","hard",0.568,-1,1,-99,-0.099,0.56
13,"xotask","lowSC","hard",0.634,-1,1,-99,-0.099,0.58
13,"xotask","lowSC","easy",0.568,1,1,-99,-0.099,0.58
13,"xotask","lowSC","hard",0.669,1,1,-99,-0.099,0.58
13,"xotask","lowSC","easy",0.618,-1,1,-99,-0.099,0.58
13,"xotask","lowSC","hard",0.736,1,0,-99,-0.099,0.58
13,"xotask","lowSC","average",0.568,-1,1,-99,-0.099,0.58
13,"xotask","lowSC","easy",0.618,1,1,-99,-0.099,0.58
13,"xotask","lowSC","hard",0.502,1,1,-99,-0.099,0.58
13,"xotask","lowSC","hard",0.635,1,1,-99,-0.099,0.58
13,"xotask","lowSC","average",0.568,1,1,-99,-0.099,0.58
13,"xotask","lowSC","easy",0.552,1,1,-99,-0.099,0.58
13,"xotask","lowSC","easy",0.585,-1,1,-99,-0.099,0.58
13,"xotask","lowSC","average",0.635,1,0,-99,-0.099,0.58
13,"xotask","lowSC","average",0.619,1,1,-99,-0.099,0.58
13,"xotask","lowSC","hard",0.735,-1,0,-99,-0.099,0.58
13,"xotask","lowSC","hard",0.535,1,1,-99,-0.099,0.58
13,"xotask","lowSC","average",0.435,1,1,-99,-0.099,0.58
13,"xotask","lowSC","hard",0.485,1,0,-99,-0.099,0.58
13,"xotask","lowSC","average",0.485,1,1,-99,-0.099,0.58
13,"xotask","lowSC","hard",0.502,1,0,-99,-0.099,0.58
13,"xotask","lowSC","hard",0.518,-1,1,-99,-0.099,0.58
13,"xotask","lowSC","hard",0.551,1,1,-99,-0.099,0.58
13,"xotask","lowSC","hard",0.536,-1,1,-99,-0.099,0.58
13,"xotask","lowSC","easy",0.485,-1,1,-99,-0.099,0.58
13,"xotask","lowSC","hard",0.452,-1,0,-99,-0.099,0.64
13,"xotask","lowSC","average",0.434,-1,0,-99,-0.099,0.64
13,"xotask","lowSC","easy",0.519,1,1,-99,-0.099,0.64
13,"xotask","lowSC","average",0.518,-1,1,-99,-0.099,0.64
13,"xotask","lowSC","easy",0.435,-1,1,-99,-0.099,0.64
13,"xotask","lowSC","easy",0.435,1,1,-99,-0.099,0.64
13,"xotask","lowSC","hard",0.485,-1,0,-99,-0.099,0.64
13,"xotask","lowSC","hard",0.418,1,0,-99,-0.099,0.64
13,"xotask","lowSC","hard",0.402,-1,1,-99,-0.099,0.64
13,"xotask","lowSC","easy",0.485,1,1,-99,-0.099,0.64
13,"xotask","lowSC","hard",0.468,-1,0,-99,-0.099,0.64
13,"xotask","lowSC","hard",0.485,1,0,-99,-0.099,0.64
13,"xotask","lowSC","hard",0.836,1,1,-99,-0.099,0.64
13,"xotask","lowSC","hard",0.568,1,1,-99,-0.099,0.64
13,"xotask","lowSC","average",0.518,1,1,-99,-0.099,0.64
13,"xotask","lowSC","hard",0.635,-1,1,-99,-0.099,0.64
13,"xotask","lowSC","hard",0.601,-1,0,-99,-0.099,0.64
13,"xotask","lowSC","easy",0.552,-1,1,-99,-0.099,0.64
13,"xotask","lowSC","hard",0.752,1,1,-99,-0.099,0.64
13,"xotask","lowSC","average",0.751,1,1,-99,-0.099,0.64
13,"xotask","lowSC","hard",0.568,1,1,-99,-0.099,0.64
13,"xotask","lowSC","easy",0.568,-1,1,-99,-0.099,0.64
13,"xotask","lowSC","easy",0.601,-1,1,-99,-0.099,0.64
13,"xotask","lowSC","hard",0.601,1,1,-99,-0.099,0.64
14,"dotnumber","mediumSC","easy",0.868,1,1,-99,-0.099,0.7
14,"dotnumber","mediumSC","average",0.72,1,1,-99,-0.099,0.7
14,"dotnumber","mediumSC","hard",0.652,-1,1,-99,-0.099,0.7
14,"dotnumber","mediumSC","average",0.602,1,1,-99,-0.099,0.7
14,"dotnumber","mediumSC","easy",0.685,1,1,-99,-0.099,0.7
14,"dotnumber","mediumSC","average",0.985,1,1,-99,-0.099,0.7
14,"dotnumber","mediumSC","hard",0.652,-1,0,-99,-0.099,0.7
14,"dotnumber","mediumSC","easy",0.585,1,1,-99,-0.099,0.7
14,"dotnumber","mediumSC","average",0.634,-1,1,-99,-0.099,0.7
14,"dotnumber","mediumSC","average",1.186,-1,0,-99,-0.099,0.7
14,"dotnumber","mediumSC","easy",0.568,-1,1,-99,-0.099,0.7
14,"dotnumber","mediumSC","average",0.736,-1,1,-99,-0.099,0.7
14,"dotnumber","mediumSC","average",0.584,-1,1,-99,-0.099,0.7
14,"dotnumber","mediumSC","easy",0.652,-1,1,-99,-0.099,0.7
14,"dotnumber","mediumSC","easy",0.501,-1,1,-99,-0.099,0.7
14,"dotnumber","mediumSC","hard",0.552,1,1,-99,-0.099,0.7
14,"dotnumber","mediumSC","easy",0.518,-1,1,-99,-0.099,0.7
14,"dotnumber","mediumSC","hard",0.652,1,0,-99,-0.099,0.7
14,"dotnumber","mediumSC","hard",0.751,-1,0,-99,-0.099,0.7
14,"dotnumber","mediumSC","average",0.602,1,1,-99,-0.099,0.7
14,"dotnumber","mediumSC","easy",0.735,1,1,-99,-0.099,0.7
14,"dotnumber","mediumSC","hard",0.601,-1,1,-99,-0.099,0.7
14,"dotnumber","mediumSC","average",0.518,1,1,-99,-0.099,0.7
14,"dotnumber","mediumSC","easy",0.669,-1,1,-99,-0.099,0.7
14,"dotnumber","mediumSC","average",0.501,1,1,-99,-0.099,0.7
14,"dotnumber","mediumSC","average",0.669,-1,0,-99,-0.099,0.7
14,"dotnumber","mediumSC","easy",0.601,-1,1,-99,-0.099,0.7
14,"dotnumber","mediumSC","hard",0.585,1,0,-99,-0.099,0.7
14,"dotnumber","mediumSC","average",0.618,1,1,-99,-0.099,0.7
14,"dotnumber","mediumSC","hard",0.717,1,0,-99,-0.099,0.7
14,"dotnumber","mediumSC","hard",0.685,1,1,-99,-0.099,0.7
14,"dotnumber","mediumSC","average",0.685,1,1,-99,-0.099,0.7
14,"dotnumber","mediumSC","hard",0.902,1,0,-99,-0.099,0.7
14,"dotnumber","mediumSC","average",0.719,-1,0,-99,-0.099,0.7
14,"dotnumber","mediumSC","easy",0.518,-1,1,-99,-0.099,0.7
14,"dotnumber","mediumSC","easy",0.635,1,1,-99,-0.099,0.7
14,"dotnumber","mediumSC","easy",0.502,1,1,-99,-0.099,0.7
14,"dotnumber","mediumSC","average",0.502,1,1,-99,-0.099,0.7
14,"dotnumber","mediumSC","easy",0.502,1,1,-99,-0.099,0.7
14,"dotnumber","mediumSC","average",0.536,-1,1,-99,-0.099,0.7
14,"dotnumber","mediumSC","easy",0.553,1,1,-99,-0.099,0.7
14,"dotnumber","mediumSC","easy",0.452,-1,1,-99,-0.099,0.7
14,"dotnumber","mediumSC","hard",0.569,1,1,-99,-0.099,0.7
14,"dotnumber","mediumSC","average",0.619,1,1,-99,-0.099,0.7
14,"dotnumber","mediumSC","hard",0.619,1,1,-99,-0.099,0.7
14,"dotnumber","mediumSC","average",0.619,1,0,-99,-0.099,0.7
14,"dotnumber","mediumSC","average",0.685,1,1,-99,-0.099,0.7
14,"dotnumber","mediumSC","easy",0.669,1,1,-99,-0.099,0.7
14,"dotnumber","mediumSC","average",0.885,1,1,-99,-0.099,0.69
14,"dotnumber","mediumSC","average",0.618,1,1,-99,-0.099,0.69
14,"dotnumber","mediumSC","easy",0.586,1,1,-99,-0.099,0.69
14,"dotnumber","mediumSC","hard",0.669,-1,0,-99,-0.099,0.69
14,"dotnumber","mediumSC","easy",0.819,1,0,-99,-0.099,0.69
14,"dotnumber","mediumSC","hard",0.535,-1,1,-99,-0.099,0.69
14,"dotnumber","mediumSC","average",0.502,-1,1,-99,-0.099,0.69
14,"dotnumber","mediumSC","hard",0.568,1,0,-99,-0.099,0.69
14,"dotnumber","mediumSC","easy",0.568,1,1,-99,-0.099,0.69
14,"dotnumber","mediumSC","easy",0.652,1,1,-99,-0.099,0.69
14,"dotnumber","mediumSC","average",0.552,-1,1,-99,-0.099,0.69
14,"dotnumber","mediumSC","average",0.568,-1,0,-99,-0.099,0.69
14,"dotnumber","mediumSC","hard",0.635,1,1,-99,-0.099,0.69
14,"dotnumber","mediumSC","average",0.585,-1,1,-99,-0.099,0.69
14,"dotnumber","mediumSC","hard",0.485,-1,1,-99,-0.099,0.69
14,"dotnumber","mediumSC","hard",0.451,-1,1,-99,-0.099,0.69
14,"dotnumber","mediumSC","easy",0.485,1,1,-99,-0.099,0.69
14,"dotnumber","mediumSC","hard",0.585,-1,1,-99,-0.099,0.69
14,"dotnumber","mediumSC","average",0.802,-1,0,-99,-0.099,0.69
14,"dotnumber","mediumSC","easy",0.518,1,1,-99,-0.099,0.69
14,"dotnumber","mediumSC","hard",0.452,1,1,-99,-0.099,0.69
14,"dotnumber","mediumSC","average",0.518,-1,1,-99,-0.099,0.69
14,"dotnumber","mediumSC","hard",0.634,1,0,-99,-0.099,0.69
14,"dotnumber","mediumSC","average",0.568,1,1,-99,-0.099,0.69
14,"dotnumber","mediumSC","hard",0.653,1,1,-99,-0.099,0.71
14,"dotnumber","mediumSC","hard",0.501,-1,0,-99,-0.099,0.71
14,"dotnumber","mediumSC","easy",0.517,1,1,-99,-0.099,0.71
14,"dotnumber","mediumSC","average",0.451,1,1,-99,-0.099,0.71
14,"dotnumber","mediumSC","average",0.484,-1,1,-99,-0.099,0.71
14,"dotnumber","mediumSC","hard",0.435,1,1,-99,-0.099,0.71
14,"dotnumber","mediumSC","average",0.435,-1,1,-99,-0.099,0.71
14,"dotnumber","mediumSC","easy",0.436,1,1,-99,-0.099,0.71
14,"dotnumber","mediumSC","easy",0.501,1,1,-99,-0.099,0.71
14,"dotnumber","mediumSC","average",0.502,-1,1,-99,-0.099,0.71
14,"dotnumber","mediumSC","hard",1.186,-1,1,-99,-0.099,0.71
14,"dotnumber","mediumSC","hard",0.569,1,0,-99,-0.099,0.71
14,"dotnumber","mediumSC","average",0.535,1,1,-99,-0.099,0.71
14,"dotnumber","mediumSC","easy",0.417,-1,1,-99,-0.099,0.71
14,"dotnumber","mediumSC","hard",0.602,1,0,-99,-0.099,0.71
14,"dotnumber","mediumSC","easy",0.452,1,1,-99,-0.099,0.71
14,"dotnumber","mediumSC","hard",0.452,1,1,-99,-0.099,0.71
14,"dotnumber","mediumSC","hard",0.718,-1,1,-99,-0.099,0.71
14,"dotnumber","mediumSC","average",0.469,1,1,-99,-0.099,0.71
14,"dotnumber","mediumSC","hard",0.485,-1,0,-99,-0.099,0.71
14,"dotnumber","mediumSC","hard",0.502,1,0,-99,-0.099,0.71
14,"dotnumber","mediumSC","hard",0.435,-1,0,-99,-0.099,0.71
14,"dotnumber","mediumSC","easy",0.453,1,1,-99,-0.099,0.71
14,"dotnumber","mediumSC","hard",0.435,1,0,-99,-0.099,0.71
14,"dotnumber","mediumSC","average",0.451,-1,1,-99,-0.099,0.79
14,"dotnumber","mediumSC","hard",0.452,-1,1,-99,-0.099,0.79
14,"dotnumber","mediumSC","hard",0.385,-1,1,-99,-0.099,0.79
14,"dotnumber","mediumSC","hard",0.368,1,1,-99,-0.099,0.79
14,"dotnumber","mediumSC","hard",0.469,-1,0,-99,-0.099,0.79
14,"dotnumber","mediumSC","hard",0.518,-1,0,-99,-0.099,0.79
14,"dotnumber","mediumSC","easy",0.952,-1,1,-99,-0.099,0.79
14,"dotnumber","mediumSC","average",0.468,-1,1,-99,-0.099,0.79
14,"dotnumber","mediumSC","hard",0.451,-1,1,-99,-0.099,0.79
14,"dotnumber","mediumSC","average",0.368,-1,0,-99,-0.099,0.79
14,"dotnumber","mediumSC","average",0.668,1,1,-99,-0.099,0.79
14,"dotnumber","mediumSC","hard",0.551,1,0,-99,-0.099,0.79
14,"dotnumber","mediumSC","average",0.551,-1,1,-99,-0.099,0.79
14,"dotnumber","mediumSC","easy",0.435,-1,1,-99,-0.099,0.79
14,"dotnumber","mediumSC","average",0.553,-1,1,-99,-0.099,0.79
14,"dotnumber","mediumSC","easy",0.485,1,1,-99,-0.099,0.79
14,"dotnumber","mediumSC","hard",0.468,1,0,-99,-0.099,0.79
14,"dotnumber","mediumSC","easy",0.501,1,1,-99,-0.099,0.79
14,"dotnumber","mediumSC","hard",0.568,1,1,-99,-0.099,0.79
14,"dotnumber","mediumSC","easy",0.435,-1,1,-99,-0.099,0.79
14,"dotnumber","mediumSC","hard",0.386,-1,1,-99,-0.099,0.79
14,"dotnumber","mediumSC","average",0.451,1,1,-99,-0.099,0.79
14,"dotnumber","mediumSC","average",0.569,1,0,-99,-0.099,0.79
14,"dotnumber","mediumSC","average",0.602,1,1,-99,-0.099,0.79
14,"xotask","lowSC","easy",2.203,1,1,-99,-0.099,0.66
14,"xotask","lowSC","average",0.769,-1,1,-99,-0.099,0.66
14,"xotask","lowSC","hard",0.586,-1,1,-99,-0.099,0.66
14,"xotask","lowSC","hard",0.601,1,1,-99,-0.099,0.66
14,"xotask","lowSC","easy",0.718,-1,1,-99,-0.099,0.66
14,"xotask","lowSC","average",0.702,-1,1,-99,-0.099,0.66
14,"xotask","lowSC","average",0.517,1,1,-99,-0.099,0.66
14,"xotask","lowSC","average",0.568,1,1,-99,-0.099,0.66
14,"xotask","lowSC","easy",0.519,-1,1,-99,-0.099,0.66
14,"xotask","lowSC","hard",0.652,1,1,-99,-0.099,0.66
14,"xotask","lowSC","hard",0.601,-1,1,-99,-0.099,0.66
14,"xotask","lowSC","average",0.468,1,1,-99,-0.099,0.66
14,"xotask","lowSC","easy",0.752,1,1,-99,-0.099,0.66
14,"xotask","lowSC","hard",0.585,1,1,-99,-0.099,0.66
14,"xotask","lowSC","easy",0.519,1,1,-99,-0.099,0.66
14,"xotask","lowSC","hard",0.868,-1,0,-99,-0.099,0.66
14,"xotask","lowSC","hard",0.751,1,1,-99,-0.099,0.66
14,"xotask","lowSC","hard",0.485,-1,1,-99,-0.099,0.66
14,"xotask","lowSC","hard",0.484,-1,1,-99,-0.099,0.66
14,"xotask","lowSC","easy",0.651,1,1,-99,-0.099,0.66
14,"xotask","lowSC","easy",0.502,-1,1,-99,-0.099,0.66
14,"xotask","lowSC","easy",0.635,-1,1,-99,-0.099,0.66
14,"xotask","lowSC","average",0.502,1,1,-99,-0.099,0.66
14,"xotask","lowSC","easy",0.619,-1,1,-99,-0.099,0.66
14,"xotask","lowSC","average",0.918,-1,1,-99,-0.099,0.56
14,"xotask","lowSC","average",0.618,1,1,-99,-0.099,0.56
14,"xotask","lowSC","average",0.584,1,1,-99,-0.099,0.56
14,"xotask","lowSC","easy",0.585,1,1,-99,-0.099,0.56
14,"xotask","lowSC","average",0.585,1,1,-99,-0.099,0.56
14,"xotask","lowSC","hard",0.635,-1,1,-99,-0.099,0.56
14,"xotask","lowSC","hard",0.587,-1,1,-99,-0.099,0.56
14,"xotask","lowSC","hard",0.852,-1,0,-99,-0.099,0.56
14,"xotask","lowSC","average",0.618,-1,1,-99,-0.099,0.56
14,"xotask","lowSC","easy",0.669,1,1,-99,-0.099,0.56
14,"xotask","lowSC","easy",0.784,1,1,-99,-0.099,0.56
14,"xotask","lowSC","hard",0.868,-1,0,-99,-0.099,0.56
14,"xotask","lowSC","hard",2.003,-1,1,-99,-0.099,0.56
14,"xotask","lowSC","easy",0.72,-1,1,-99,-0.099,0.56
14,"xotask","lowSC","hard",0.469,1,1,-99,-0.099,0.56
14,"xotask","lowSC","easy",0.618,-1,1,-99,-0.099,0.56
14,"xotask","lowSC","average",0.535,1,0,-99,-0.099,0.56
14,"xotask","lowSC","hard",0.569,-1,0,-99,-0.099,0.56
14,"xotask","lowSC","easy",0.468,-1,1,-99,-0.099,0.56
14,"xotask","lowSC","easy",0.735,-1,1,-99,-0.099,0.56
14,"xotask","lowSC","easy",0.585,-1,1,-99,-0.099,0.56
14,"xotask","lowSC","easy",0.483,1,1,-99,-0.099,0.56
14,"xotask","lowSC","hard",0.484,1,0,-99,-0.099,0.56
14,"xotask","lowSC","hard",0.535,1,1,-99,-0.099,0.56
14,"xotask","lowSC","average",0.652,-1,1,-99,-0.099,0.59
14,"xotask","lowSC","hard",0.635,1,1,-99,-0.099,0.59
14,"xotask","lowSC","hard",0.368,-1,1,-99,-0.099,0.59
14,"xotask","lowSC","easy",0.369,-1,1,-99,-0.099,0.59
14,"xotask","lowSC","easy",0.501,-1,1,-99,-0.099,0.59
14,"xotask","lowSC","hard",0.369,-1,1,-99,-0.099,0.59
14,"xotask","lowSC","hard",0.618,1,1,-99,-0.099,0.59
14,"xotask","lowSC","average",0.469,1,0,-99,-0.099,0.59
14,"xotask","lowSC","average",0.418,-1,0,-99,-0.099,0.59
14,"xotask","lowSC","easy",0.401,-1,1,-99,-0.099,0.59
14,"xotask","lowSC","hard",0.469,-1,1,-99,-0.099,0.59
14,"xotask","lowSC","average",0.435,-1,0,-99,-0.099,0.59
14,"xotask","lowSC","easy",0.651,1,1,-99,-0.099,0.59
14,"xotask","lowSC","easy",0.619,1,1,-99,-0.099,0.59
14,"xotask","lowSC","easy",0.569,-1,1,-99,-0.099,0.59
14,"xotask","lowSC","average",0.685,1,1,-99,-0.099,0.59
14,"xotask","lowSC","average",0.618,-1,1,-99,-0.099,0.59
14,"xotask","lowSC","hard",0.719,1,0,-99,-0.099,0.59
14,"xotask","lowSC","average",0.519,1,1,-99,-0.099,0.59
14,"xotask","lowSC","hard",0.518,1,1,-99,-0.099,0.59
14,"xotask","lowSC","hard",0.701,1,1,-99,-0.099,0.59
14,"xotask","lowSC","average",0.568,1,1,-99,-0.099,0.59
14,"xotask","lowSC","easy",0.534,-1,1,-99,-0.099,0.59
14,"xotask","lowSC","easy",0.586,1,0,-99,-0.099,0.59
14,"xotask","lowSC","average",0.769,-1,1,-99,-0.099,0.64
14,"xotask","lowSC","hard",0.569,-1,1,-99,-0.099,0.64
14,"xotask","lowSC","average",0.701,1,1,-99,-0.099,0.64
14,"xotask","lowSC","easy",0.585,-1,1,-99,-0.099,0.64
14,"xotask","lowSC","easy",0.635,-1,1,-99,-0.099,0.64
14,"xotask","lowSC","easy",0.735,-1,0,-99,-0.099,0.64
14,"xotask","lowSC","hard",0.668,-1,0,-99,-0.099,0.64
14,"xotask","lowSC","hard",0.902,1,1,-99,-0.099,0.64
14,"xotask","lowSC","hard",0.652,-1,1,-99,-0.099,0.64
14,"xotask","lowSC","easy",0.685,1,1,-99,-0.099,0.64
14,"xotask","lowSC","easy",0.368,-1,1,-99,-0.099,0.64
14,"xotask","lowSC","easy",0.585,1,1,-99,-0.099,0.64
14,"xotask","lowSC","average",0.868,-1,1,-99,-0.099,0.64
14,"xotask","lowSC","easy",0.702,1,1,-99,-0.099,0.64
14,"xotask","lowSC","average",0.603,1,1,-99,-0.099,0.64
14,"xotask","lowSC","average",1.053,-1,0,-99,-0.099,0.64
14,"xotask","lowSC","average",0.902,1,1,-99,-0.099,0.64
14,"xotask","lowSC","average",0.667,-1,1,-99,-0.099,0.64
14,"xotask","lowSC","easy",0.651,1,1,-99,-0.099,0.64
14,"xotask","lowSC","average",0.586,-1,1,-99,-0.099,0.64
14,"xotask","lowSC","hard",0.602,1,1,-99,-0.099,0.64
14,"xotask","lowSC","easy",0.619,-1,1,-99,-0.099,0.64
14,"xotask","lowSC","hard",0.651,1,0,-99,-0.099,0.64
14,"xotask","lowSC","average",0.517,1,1,-99,-0.099,0.64
14,"xotask","lowSC","hard",0.601,1,1,-99,-0.099,0.55
14,"xotask","lowSC","hard",0.619,-1,1,-99,-0.099,0.55
14,"xotask","lowSC","easy",1.169,-1,1,-99,-0.099,0.55
14,"xotask","lowSC","average",0.619,1,1,-99,-0.099,0.55
14,"xotask","lowSC","easy",0.519,-1,1,-99,-0.099,0.55
14,"xotask","lowSC","average",0.703,1,0,-99,-0.099,0.55
14,"xotask","lowSC","easy",0.618,-1,1,-99,-0.099,0.55
14,"xotask","lowSC","hard",0.785,-1,0,-99,-0.099,0.55
14,"xotask","lowSC","hard",0.669,-1,1,-99,-0.099,0.55
14,"xotask","lowSC","easy",0.419,1,1,-99,-0.099,0.55
14,"xotask","lowSC","average",0.534,1,1,-99,-0.099,0.55
14,"xotask","lowSC","hard",0.434,1,1,-99,-0.099,0.55
14,"xotask","lowSC","easy",0.752,1,1,-99,-0.099,0.55
14,"xotask","lowSC","hard",0.536,1,1,-99,-0.099,0.55
14,"xotask","lowSC","hard",0.619,1,1,-99,-0.099,0.55
14,"xotask","lowSC","easy",0.502,1,1,-99,-0.099,0.55
14,"xotask","lowSC","easy",0.518,-1,1,-99,-0.099,0.55
14,"xotask","lowSC","hard",0.551,-1,1,-99,-0.099,0.55
14,"xotask","lowSC","easy",0.552,-1,1,-99,-0.099,0.55
14,"xotask","lowSC","hard",0.484,-1,0,-99,-0.099,0.55
14,"xotask","lowSC","easy",0.602,-1,1,-99,-0.099,0.55
14,"xotask","lowSC","average",0.568,1,0,-99,-0.099,0.55
14,"xotask","lowSC","easy",0.435,-1,1,-99,-0.099,0.55
14,"xotask","lowSC","easy",0.736,-1,1,-99,-0.099,0.55
14,"dotcolour","highSC","hard",1.352,1,1,-99,-0.099,0.94
14,"dotcolour","highSC","average",0.652,-1,1,-99,-0.099,0.94
14,"dotcolour","highSC","easy",0.501,-1,1,-99,-0.099,0.94
14,"dotcolour","highSC","average",0.419,-1,1,-99,-0.099,0.94
14,"dotcolour","highSC","easy",0.469,-1,1,-99,-0.099,0.94
14,"dotcolour","highSC","easy",0.486,1,1,-99,-0.099,0.94
14,"dotcolour","highSC","easy",0.451,1,1,-99,-0.099,0.94
14,"dotcolour","highSC","easy",0.385,-1,1,-99,-0.099,0.94
14,"dotcolour","highSC","average",0.501,-1,1,-99,-0.099,0.94
14,"dotcolour","highSC","hard",0.568,1,1,-99,-0.099,0.94
14,"dotcolour","highSC","average",0.719,1,1,-99,-0.099,0.94
14,"dotcolour","highSC","easy",0.419,1,1,-99,-0.099,0.94
14,"dotcolour","highSC","hard",1.235,1,0,-99,-0.099,0.94
14,"dotcolour","highSC","average",0.635,-1,1,-99,-0.099,0.94
14,"dotcolour","highSC","hard",0.635,1,1,-99,-0.099,0.94
14,"dotcolour","highSC","average",0.519,1,1,-99,-0.099,0.94
14,"dotcolour","highSC","average",0.585,-1,1,-99,-0.099,0.94
14,"dotcolour","highSC","easy",0.617,1,1,-99,-0.099,0.94
14,"dotcolour","highSC","average",0.552,-1,1,-99,-0.099,0.94
14,"dotcolour","highSC","easy",0.686,-1,1,-99,-0.099,0.94
14,"dotcolour","highSC","easy",0.435,-1,1,-99,-0.099,0.94
14,"dotcolour","highSC","average",0.534,-1,1,-99,-0.099,0.94
14,"dotcolour","highSC","average",0.518,1,0,-99,-0.099,0.94
14,"dotcolour","highSC","average",0.686,-1,1,-99,-0.099,0.94
14,"dotcolour","highSC","average",0.568,1,1,-99,-0.099,0.83
14,"dotcolour","highSC","easy",0.385,-1,1,-99,-0.099,0.83
14,"dotcolour","highSC","average",0.484,1,1,-99,-0.099,0.83
14,"dotcolour","highSC","hard",0.434,1,0,-99,-0.099,0.83
14,"dotcolour","highSC","average",0.451,1,1,-99,-0.099,0.83
14,"dotcolour","highSC","easy",0.485,1,1,-99,-0.099,0.83
14,"dotcolour","highSC","hard",0.417,1,1,-99,-0.099,0.83
14,"dotcolour","highSC","average",0.368,-1,1,-99,-0.099,0.83
14,"dotcolour","highSC","easy",0.468,1,1,-99,-0.099,0.83
14,"dotcolour","highSC","average",0.386,-1,1,-99,-0.099,0.83
14,"dotcolour","highSC","average",0.402,-1,1,-99,-0.099,0.83
14,"dotcolour","highSC","hard",0.435,-1,1,-99,-0.099,0.83
14,"dotcolour","highSC","easy",0.453,-1,1,-99,-0.099,0.83
14,"dotcolour","highSC","hard",0.484,1,0,-99,-0.099,0.83
14,"dotcolour","highSC","easy",0.436,-1,0,-99,-0.099,0.83
14,"dotcolour","highSC","hard",0.635,1,1,-99,-0.099,0.83
14,"dotcolour","highSC","average",0.467,1,1,-99,-0.099,0.83
14,"dotcolour","highSC","average",0.435,1,1,-99,-0.099,0.83
14,"dotcolour","highSC","easy",0.469,-1,1,-99,-0.099,0.83
14,"dotcolour","highSC","average",0.401,-1,1,-99,-0.099,0.83
14,"dotcolour","highSC","easy",0.318,-1,1,-99,-0.099,0.83
14,"dotcolour","highSC","easy",0.301,-1,0,-99,-0.099,0.83
14,"dotcolour","highSC","easy",0.435,-1,1,-99,-0.099,0.83
14,"dotcolour","highSC","hard",0.418,1,1,-99,-0.099,0.83
14,"dotcolour","highSC","easy",0.318,1,1,-99,-0.099,0.97
14,"dotcolour","highSC","hard",0.418,-1,1,-99,-0.099,0.97
14,"dotcolour","highSC","hard",0.435,1,1,-99,-0.099,0.97
14,"dotcolour","highSC","hard",0.451,-1,1,-99,-0.099,0.97
14,"dotcolour","highSC","hard",0.384,1,1,-99,-0.099,0.97
14,"dotcolour","highSC","hard",0.352,1,1,-99,-0.099,0.97
14,"dotcolour","highSC","hard",0.317,-1,0,-99,-0.099,0.97
14,"dotcolour","highSC","hard",0.434,1,1,-99,-0.099,0.97
14,"dotcolour","highSC","hard",0.25,1,0,-99,-0.099,0.97
14,"dotcolour","highSC","easy",0.352,1,1,-99,-0.099,0.97
14,"dotcolour","highSC","average",0.385,1,1,-99,-0.099,0.97
14,"dotcolour","highSC","easy",0.601,-1,1,-99,-0.099,0.97
14,"dotcolour","highSC","easy",0.652,-1,1,-99,-0.099,0.97
14,"dotcolour","highSC","average",0.518,1,1,-99,-0.099,0.97
14,"dotcolour","highSC","easy",0.568,-1,1,-99,-0.099,0.97
14,"dotcolour","highSC","easy",0.435,-1,1,-99,-0.099,0.97
14,"dotcolour","highSC","easy",0.485,-1,1,-99,-0.099,0.97
14,"dotcolour","highSC","average",0.368,1,1,-99,-0.099,0.97
14,"dotcolour","highSC","easy",0.484,1,1,-99,-0.099,0.97
14,"dotcolour","highSC","average",0.351,1,1,-99,-0.099,0.97
14,"dotcolour","highSC","hard",0.634,1,1,-99,-0.099,0.97
14,"dotcolour","highSC","hard",0.352,-1,1,-99,-0.099,0.97
14,"dotcolour","highSC","average",0.352,-1,1,-99,-0.099,0.97
14,"dotcolour","highSC","average",0.402,-1,1,-99,-0.099,0.97
14,"dotcolour","highSC","average",0.402,-1,1,-99,-0.099,0.91
14,"dotcolour","highSC","average",0.535,-1,1,-99,-0.099,0.91
14,"dotcolour","highSC","easy",0.434,1,1,-99,-0.099,0.91
14,"dotcolour","highSC","average",0.319,1,1,-99,-0.099,0.91
14,"dotcolour","highSC","easy",0.519,-1,1,-99,-0.099,0.91
14,"dotcolour","highSC","hard",0.435,1,1,-99,-0.099,0.91
14,"dotcolour","highSC","hard",0.635,1,1,-99,-0.099,0.91
14,"dotcolour","highSC","easy",0.485,-1,1,-99,-0.099,0.91
14,"dotcolour","highSC","easy",0.501,1,1,-99,-0.099,0.91
14,"dotcolour","highSC","easy",0.318,-1,1,-99,-0.099,0.91
14,"dotcolour","highSC","easy",0.284,-1,0,-99,-0.099,0.91
14,"dotcolour","highSC","average",0.468,-1,1,-99,-0.099,0.91
14,"dotcolour","highSC","easy",0.702,1,1,-99,-0.099,0.91
14,"dotcolour","highSC","average",0.502,1,1,-99,-0.099,0.91
14,"dotcolour","highSC","hard",0.385,1,0,-99,-0.099,0.91
14,"dotcolour","highSC","average",0.619,1,1,-99,-0.099,0.91
14,"dotcolour","highSC","easy",0.535,-1,1,-99,-0.099,0.91
14,"dotcolour","highSC","easy",0.469,1,0,-99,-0.099,0.91
14,"dotcolour","highSC","average",0.418,-1,1,-99,-0.099,0.91
14,"dotcolour","highSC","hard",0.703,-1,1,-99,-0.099,0.91
14,"dotcolour","highSC","easy",0.567,1,1,-99,-0.099,0.91
14,"dotcolour","highSC","easy",0.567,-1,1,-99,-0.099,0.91
14,"dotcolour","highSC","average",0.601,-1,1,-99,-0.099,0.91
14,"dotcolour","highSC","hard",0.467,1,1,-99,-0.099,0.91
14,"dotcolour","highSC","hard",0.668,1,0,-99,-0.099,0.94
14,"dotcolour","highSC","easy",0.502,1,1,-99,-0.099,0.94
14,"dotcolour","highSC","easy",0.418,1,0,-99,-0.099,0.94
14,"dotcolour","highSC","average",0.618,-1,1,-99,-0.099,0.94
14,"dotcolour","highSC","hard",0.868,1,0,-99,-0.099,0.94
14,"dotcolour","highSC","hard",0.552,1,1,-99,-0.099,0.94
14,"dotcolour","highSC","average",0.619,-1,1,-99,-0.099,0.94
14,"dotcolour","highSC","hard",0.635,-1,1,-99,-0.099,0.94
14,"dotcolour","highSC","hard",0.634,1,1,-99,-0.099,0.94
14,"dotcolour","highSC","hard",0.468,1,1,-99,-0.099,0.94
14,"dotcolour","highSC","average",0.553,1,1,-99,-0.099,0.94
14,"dotcolour","highSC","easy",0.885,-1,1,-99,-0.099,0.94
14,"dotcolour","highSC","average",0.435,-1,1,-99,-0.099,0.94
14,"dotcolour","highSC","hard",0.435,-1,1,-99,-0.099,0.94
14,"dotcolour","highSC","average",0.517,1,1,-99,-0.099,0.94
14,"dotcolour","highSC","easy",0.918,-1,1,-99,-0.099,0.94
14,"dotcolour","highSC","easy",0.435,1,1,-99,-0.099,0.94
14,"dotcolour","highSC","easy",0.484,1,1,-99,-0.099,0.94
14,"dotcolour","highSC","average",0.401,1,1,-99,-0.099,0.94
14,"dotcolour","highSC","average",0.568,1,1,-99,-0.099,0.94
14,"dotcolour","highSC","average",0.451,1,1,-99,-0.099,0.94
14,"dotcolour","highSC","easy",0.335,1,1,-99,-0.099,0.94
14,"dotcolour","highSC","hard",0.352,1,1,-99,-0.099,0.94
14,"dotcolour","highSC","average",0.385,1,1,-99,-0.099,0.94
15,"xotask","highSC","easy",3.238,-1,1,-99,-0.099,0.87
15,"xotask","highSC","easy",1.536,-1,1,-99,-0.099,0.87
15,"xotask","highSC","hard",0.718,1,0,-99,-0.099,0.87
15,"xotask","highSC","hard",1.352,1,1,-99,-0.099,0.87
15,"xotask","highSC","hard",0.551,-1,1,-99,-0.099,0.87
15,"xotask","highSC","hard",0.568,-1,1,-99,-0.099,0.87
15,"xotask","highSC","easy",0.485,-1,1,-99,-0.099,0.87
15,"xotask","highSC","easy",0.551,-1,1,-99,-0.099,0.87
15,"xotask","highSC","hard",0.519,1,1,-99,-0.099,0.87
15,"xotask","highSC","hard",0.518,1,1,-99,-0.099,0.87
15,"xotask","highSC","average",0.635,-1,1,-99,-0.099,0.87
15,"xotask","highSC","hard",0.585,-1,1,-99,-0.099,0.87
15,"xotask","highSC","hard",3.004,-1,1,-99,-0.099,0.87
15,"xotask","highSC","easy",0.636,-1,1,-99,-0.099,0.87
15,"xotask","highSC","easy",0.584,1,1,-99,-0.099,0.87
15,"xotask","highSC","average",0.619,-1,1,-99,-0.099,0.87
15,"xotask","highSC","easy",0.452,1,1,-99,-0.099,0.87
15,"xotask","highSC","average",0.602,-1,1,-99,-0.099,0.87
15,"xotask","highSC","hard",0.535,1,0,-99,-0.099,0.87
15,"xotask","highSC","average",0.519,1,1,-99,-0.099,0.87
15,"xotask","highSC","hard",0.602,-1,1,-99,-0.099,0.87
15,"xotask","highSC","easy",0.567,-1,1,-99,-0.099,0.87
15,"xotask","highSC","average",0.601,-1,1,-99,-0.099,0.87
15,"xotask","highSC","hard",0.485,-1,0,-99,-0.099,0.87
15,"xotask","highSC","average",0.534,-1,1,-99,-0.099,0.84
15,"xotask","highSC","hard",0.701,-1,0,-99,-0.099,0.84
15,"xotask","highSC","average",0.552,1,1,-99,-0.099,0.84
15,"xotask","highSC","easy",0.601,1,1,-99,-0.099,0.84
15,"xotask","highSC","easy",0.619,1,1,-99,-0.099,0.84
15,"xotask","highSC","average",0.669,-1,0,-99,-0.099,0.84
15,"xotask","highSC","hard",1.519,-1,0,-99,-0.099,0.84
15,"xotask","highSC","average",0.569,1,1,-99,-0.099,0.84
15,"xotask","highSC","easy",0.501,1,1,-99,-0.099,0.84
15,"xotask","highSC","easy",0.535,-1,1,-99,-0.099,0.84
15,"xotask","highSC","hard",0.635,-1,0,-99,-0.099,0.84
15,"xotask","highSC","easy",0.468,1,1,-99,-0.099,0.84
15,"xotask","highSC","easy",1.469,-1,1,-99,-0.099,0.84
15,"xotask","highSC","easy",0.619,1,1,-99,-0.099,0.84
15,"xotask","highSC","easy",0.518,1,1,-99,-0.099,0.84
15,"xotask","highSC","easy",0.652,-1,1,-99,-0.099,0.84
15,"xotask","highSC","average",0.751,1,1,-99,-0.099,0.84
15,"xotask","highSC","average",0.601,-1,1,-99,-0.099,0.84
15,"xotask","highSC","hard",0.786,1,1,-99,-0.099,0.84
15,"xotask","highSC","easy",0.668,1,1,-99,-0.099,0.84
15,"xotask","highSC","easy",0.568,-1,1,-99,-0.099,0.84
15,"xotask","highSC","hard",0.785,-1,1,-99,-0.099,0.84
15,"xotask","highSC","average",0.551,-1,0,-99,-0.099,0.84
15,"xotask","highSC","average",0.585,-1,1,-99,-0.099,0.84
15,"xotask","highSC","easy",0.518,-1,1,-99,-0.099,0.89
15,"xotask","highSC","hard",0.434,1,1,-99,-0.099,0.89
15,"xotask","highSC","average",0.418,-1,1,-99,-0.099,0.89
15,"xotask","highSC","easy",0.585,-1,1,-99,-0.099,0.89
15,"xotask","highSC","easy",0.735,1,0,-99,-0.099,0.89
15,"xotask","highSC","easy",0.618,1,1,-99,-0.099,0.89
15,"xotask","highSC","hard",0.551,-1,1,-99,-0.099,0.89
15,"xotask","highSC","average",0.718,-1,1,-99,-0.099,0.89
15,"xotask","highSC","average",0.452,-1,1,-99,-0.099,0.89
15,"xotask","highSC","hard",0.502,-1,0,-99,-0.099,0.89
15,"xotask","highSC","hard",0.484,1,1,-99,-0.099,0.89
15,"xotask","highSC","hard",0.518,-1,1,-99,-0.099,0.89
15,"xotask","highSC","average",0.568,-1,1,-99,-0.099,0.89
15,"xotask","highSC","average",0.468,-1,1,-99,-0.099,0.89
15,"xotask","highSC","easy",0.669,1,1,-99,-0.099,0.89
15,"xotask","highSC","average",0.452,-1,1,-99,-0.099,0.89
15,"xotask","highSC","average",0.501,1,1,-99,-0.099,0.89
15,"xotask","highSC","average",0.518,-1,0,-99,-0.099,0.89
15,"xotask","highSC","hard",0.435,1,1,-99,-0.099,0.89
15,"xotask","highSC","average",0.569,-1,0,-99,-0.099,0.89
15,"xotask","highSC","average",0.468,-1,1,-99,-0.099,0.89
15,"xotask","highSC","average",0.585,1,1,-99,-0.099,0.89
15,"xotask","highSC","easy",0.485,1,1,-99,-0.099,0.89
15,"xotask","highSC","hard",0.451,-1,0,-99,-0.099,0.89
15,"xotask","highSC","hard",0.685,1,0,-99,-0.099,0.87
15,"xotask","highSC","hard",0.502,-1,0,-99,-0.099,0.87
15,"xotask","highSC","hard",0.501,-1,0,-99,-0.099,0.87
15,"xotask","highSC","average",0.402,-1,1,-99,-0.099,0.87
15,"xotask","highSC","average",0.451,-1,1,-99,-0.099,0.87
15,"xotask","highSC","easy",0.435,1,1,-99,-0.099,0.87
15,"xotask","highSC","average",0.568,1,1,-99,-0.099,0.87
15,"xotask","highSC","hard",0.502,-1,1,-99,-0.099,0.87
15,"xotask","highSC","hard",0.452,-1,1,-99,-0.099,0.87
15,"xotask","highSC","easy",0.467,1,1,-99,-0.099,0.87
15,"xotask","highSC","hard",0.602,1,0,-99,-0.099,0.87
15,"xotask","highSC","hard",0.519,-1,1,-99,-0.099,0.87
15,"xotask","highSC","easy",0.718,-1,1,-99,-0.099,0.87
15,"xotask","highSC","average",0.385,1,1,-99,-0.099,0.87
15,"xotask","highSC","average",0.518,-1,1,-99,-0.099,0.87
15,"xotask","highSC","easy",0.502,1,1,-99,-0.099,0.87
15,"xotask","highSC","easy",0.484,-1,1,-99,-0.099,0.87
15,"xotask","highSC","average",0.402,1,1,-99,-0.099,0.87
15,"xotask","highSC","hard",0.418,-1,1,-99,-0.099,0.87
15,"xotask","highSC","easy",0.417,-1,1,-99,-0.099,0.87
15,"xotask","highSC","average",0.368,-1,1,-99,-0.099,0.87
15,"xotask","highSC","average",0.485,-1,1,-99,-0.099,0.87
15,"xotask","highSC","average",0.551,-1,1,-99,-0.099,0.87
15,"xotask","highSC","easy",0.568,-1,1,-99,-0.099,0.87
15,"xotask","highSC","hard",0.634,1,1,-99,-0.099,0.89
15,"xotask","highSC","easy",0.568,-1,1,-99,-0.099,0.89
15,"xotask","highSC","hard",0.484,-1,1,-99,-0.099,0.89
15,"xotask","highSC","average",0.402,1,1,-99,-0.099,0.89
15,"xotask","highSC","average",0.467,-1,1,-99,-0.099,0.89
15,"xotask","highSC","hard",0.602,1,1,-99,-0.099,0.89
15,"xotask","highSC","hard",0.685,1,1,-99,-0.099,0.89
15,"xotask","highSC","easy",0.402,-1,1,-99,-0.099,0.89
15,"xotask","highSC","easy",0.468,-1,1,-99,-0.099,0.89
15,"xotask","highSC","average",0.452,-1,1,-99,-0.099,0.89
15,"xotask","highSC","hard",0.835,-1,0,-99,-0.099,0.89
15,"xotask","highSC","average",0.417,1,1,-99,-0.099,0.89
15,"xotask","highSC","average",0.518,-1,1,-99,-0.099,0.89
15,"xotask","highSC","average",0.452,1,1,-99,-0.099,0.89
15,"xotask","highSC","easy",0.485,1,1,-99,-0.099,0.89
15,"xotask","highSC","average",0.435,-1,0,-99,-0.099,0.89
15,"xotask","highSC","average",0.435,1,1,-99,-0.099,0.89
15,"xotask","highSC","easy",0.468,-1,1,-99,-0.099,0.89
15,"xotask","highSC","average",0.418,1,1,-99,-0.099,0.89
15,"xotask","highSC","average",0.418,1,0,-99,-0.099,0.89
15,"xotask","highSC","easy",0.484,1,1,-99,-0.099,0.89
15,"xotask","highSC","average",0.602,1,1,-99,-0.099,0.89
15,"xotask","highSC","average",0.735,-1,0,-99,-0.099,0.89
15,"xotask","highSC","hard",0.635,1,1,-99,-0.099,0.89
15,"dotcolour","mediumSC","easy",0.685,1,1,-99,-0.099,0.78
15,"dotcolour","mediumSC","hard",0.584,-1,1,-99,-0.099,0.78
15,"dotcolour","mediumSC","average",1.035,1,1,-99,-0.099,0.78
15,"dotcolour","mediumSC","easy",0.535,1,1,-99,-0.099,0.78
15,"dotcolour","mediumSC","hard",0.569,-1,0,-99,-0.099,0.78
15,"dotcolour","mediumSC","easy",0.434,1,1,-99,-0.099,0.78
15,"dotcolour","mediumSC","average",0.401,-1,1,-99,-0.099,0.78
15,"dotcolour","mediumSC","hard",0.352,-1,1,-99,-0.099,0.78
15,"dotcolour","mediumSC","hard",0.369,1,1,-99,-0.099,0.78
15,"dotcolour","mediumSC","easy",0.452,-1,1,-99,-0.099,0.78
15,"dotcolour","mediumSC","hard",0.568,-1,1,-99,-0.099,0.78
15,"dotcolour","mediumSC","hard",0.518,1,1,-99,-0.099,0.78
15,"dotcolour","mediumSC","average",0.703,-1,0,-99,-0.099,0.78
15,"dotcolour","mediumSC","hard",0.619,-1,0,-99,-0.099,0.78
15,"dotcolour","mediumSC","average",0.368,1,1,-99,-0.099,0.78
15,"dotcolour","mediumSC","easy",0.368,-1,1,-99,-0.099,0.78
15,"dotcolour","mediumSC","easy",0.4,-1,1,-99,-0.099,0.78
15,"dotcolour","mediumSC","hard",0.485,-1,1,-99,-0.099,0.78
15,"dotcolour","mediumSC","hard",0.435,1,1,-99,-0.099,0.78
15,"dotcolour","mediumSC","hard",0.451,-1,1,-99,-0.099,0.78
15,"dotcolour","mediumSC","hard",0.452,1,0,-99,-0.099,0.78
15,"dotcolour","mediumSC","hard",0.518,1,1,-99,-0.099,0.78
15,"dotcolour","mediumSC","hard",0.435,-1,0,-99,-0.099,0.78
15,"dotcolour","mediumSC","hard",0.469,-1,0,-99,-0.099,0.78
15,"dotcolour","mediumSC","easy",0.502,1,1,-99,-0.099,0.71
15,"dotcolour","mediumSC","hard",0.485,-1,1,-99,-0.099,0.71
15,"dotcolour","mediumSC","easy",0.469,-1,1,-99,-0.099,0.71
15,"dotcolour","mediumSC","easy",0.468,-1,1,-99,-0.099,0.71
15,"dotcolour","mediumSC","hard",0.485,-1,0,-99,-0.099,0.71
15,"dotcolour","mediumSC","average",0.367,1,1,-99,-0.099,0.71
15,"dotcolour","mediumSC","easy",0.401,-1,1,-99,-0.099,0.71
15,"dotcolour","mediumSC","average",0.484,-1,1,-99,-0.099,0.71
15,"dotcolour","mediumSC","average",0.335,-1,1,-99,-0.099,0.71
15,"dotcolour","mediumSC","easy",0.335,-1,1,-99,-0.099,0.71
15,"dotcolour","mediumSC","hard",0.501,-1,0,-99,-0.099,0.71
15,"dotcolour","mediumSC","hard",0.535,-1,1,-99,-0.099,0.71
15,"dotcolour","mediumSC","hard",0.601,-1,1,-99,-0.099,0.71
15,"dotcolour","mediumSC","hard",0.352,-1,0,-99,-0.099,0.71
15,"dotcolour","mediumSC","average",0.485,1,1,-99,-0.099,0.71
15,"dotcolour","mediumSC","average",0.468,-1,1,-99,-0.099,0.71
15,"dotcolour","mediumSC","hard",0.668,1,0,-99,-0.099,0.71
15,"dotcolour","mediumSC","easy",0.535,-1,1,-99,-0.099,0.71
15,"dotcolour","mediumSC","easy",0.568,-1,1,-99,-0.099,0.71
15,"dotcolour","mediumSC","hard",0.668,1,1,-99,-0.099,0.71
15,"dotcolour","mediumSC","average",0.485,-1,1,-99,-0.099,0.71
15,"dotcolour","mediumSC","easy",0.469,-1,1,-99,-0.099,0.71
15,"dotcolour","mediumSC","easy",0.401,1,1,-99,-0.099,0.71
15,"dotcolour","mediumSC","average",0.618,1,1,-99,-0.099,0.71
15,"dotcolour","mediumSC","hard",0.468,-1,1,-99,-0.099,0.73
15,"dotcolour","mediumSC","hard",0.818,1,0,-99,-0.099,0.73
15,"dotcolour","mediumSC","hard",0.502,-1,1,-99,-0.099,0.73
15,"dotcolour","mediumSC","hard",0.801,1,0,-99,-0.099,0.73
15,"dotcolour","mediumSC","hard",0.552,1,1,-99,-0.099,0.73
15,"dotcolour","mediumSC","hard",0.651,-1,1,-99,-0.099,0.73
15,"dotcolour","mediumSC","hard",0.868,-1,1,-99,-0.099,0.73
15,"dotcolour","mediumSC","average",0.517,1,1,-99,-0.099,0.73
15,"dotcolour","mediumSC","easy",0.518,1,1,-99,-0.099,0.73
15,"dotcolour","mediumSC","easy",0.401,1,1,-99,-0.099,0.73
15,"dotcolour","mediumSC","average",0.719,1,1,-99,-0.099,0.73
15,"dotcolour","mediumSC","hard",0.618,-1,1,-99,-0.099,0.73
15,"dotcolour","mediumSC","average",0.602,-1,1,-99,-0.099,0.73
15,"dotcolour","mediumSC","easy",0.535,1,1,-99,-0.099,0.73
15,"dotcolour","mediumSC","average",0.419,-1,1,-99,-0.099,0.73
15,"dotcolour","mediumSC","hard",0.602,1,1,-99,-0.099,0.73
15,"dotcolour","mediumSC","hard",0.834,1,0,-99,-0.099,0.73
15,"dotcolour","mediumSC","hard",1.052,1,1,-99,-0.099,0.73
15,"dotcolour","mediumSC","hard",0.651,1,1,-99,-0.099,0.73
15,"dotcolour","mediumSC","easy",0.568,1,1,-99,-0.099,0.73
15,"dotcolour","mediumSC","average",0.603,-1,1,-99,-0.099,0.73
15,"dotcolour","mediumSC","hard",0.619,1,1,-99,-0.099,0.73
15,"dotcolour","mediumSC","easy",0.501,-1,1,-99,-0.099,0.73
15,"dotcolour","mediumSC","hard",0.635,1,1,-99,-0.099,0.73
15,"dotcolour","mediumSC","hard",0.518,1,1,-99,-0.099,0.75
15,"dotcolour","mediumSC","average",0.501,1,1,-99,-0.099,0.75
15,"dotcolour","mediumSC","easy",0.518,-1,1,-99,-0.099,0.75
15,"dotcolour","mediumSC","easy",0.419,-1,1,-99,-0.099,0.75
15,"dotcolour","mediumSC","easy",0.417,1,1,-99,-0.099,0.75
15,"dotcolour","mediumSC","average",0.485,1,1,-99,-0.099,0.75
15,"dotcolour","mediumSC","average",0.384,-1,1,-99,-0.099,0.75
15,"dotcolour","mediumSC","average",0.401,1,1,-99,-0.099,0.75
15,"dotcolour","mediumSC","easy",0.501,-1,1,-99,-0.099,0.75
15,"dotcolour","mediumSC","average",0.469,-1,1,-99,-0.099,0.75
15,"dotcolour","mediumSC","hard",0.401,1,1,-99,-0.099,0.75
15,"dotcolour","mediumSC","hard",0.468,1,1,-99,-0.099,0.75
15,"dotcolour","mediumSC","hard",0.819,-1,1,-99,-0.099,0.75
15,"dotcolour","mediumSC","average",0.501,1,1,-99,-0.099,0.75
15,"dotcolour","mediumSC","hard",0.619,1,1,-99,-0.099,0.75
15,"dotcolour","mediumSC","average",0.418,-1,1,-99,-0.099,0.75
15,"dotcolour","mediumSC","average",0.434,1,1,-99,-0.099,0.75
15,"dotcolour","mediumSC","easy",0.451,-1,1,-99,-0.099,0.75
15,"dotcolour","mediumSC","average",0.519,-1,1,-99,-0.099,0.75
15,"dotcolour","mediumSC","easy",0.401,1,1,-99,-0.099,0.75
15,"dotcolour","mediumSC","easy",0.401,1,1,-99,-0.099,0.75
15,"dotcolour","mediumSC","easy",0.384,1,1,-99,-0.099,0.75
15,"dotcolour","mediumSC","average",0.35,1,1,-99,-0.099,0.75
15,"dotcolour","mediumSC","easy",0.367,1,1,-99,-0.099,0.75
15,"dotcolour","mediumSC","average",0.419,1,1,-99,-0.099,0.74
15,"dotcolour","mediumSC","easy",0.351,1,1,-99,-0.099,0.74
15,"dotcolour","mediumSC","hard",0.352,-1,1,-99,-0.099,0.74
15,"dotcolour","mediumSC","hard",0.586,1,1,-99,-0.099,0.74
15,"dotcolour","mediumSC","average",0.468,1,1,-99,-0.099,0.74
15,"dotcolour","mediumSC","average",0.351,-1,1,-99,-0.099,0.74
15,"dotcolour","mediumSC","easy",0.418,-1,1,-99,-0.099,0.74
15,"dotcolour","mediumSC","easy",0.517,1,1,-99,-0.099,0.74
15,"dotcolour","mediumSC","average",0.334,-1,1,-99,-0.099,0.74
15,"dotcolour","mediumSC","hard",0.334,1,1,-99,-0.099,0.74
15,"dotcolour","mediumSC","easy",0.402,-1,0,-99,-0.099,0.74
15,"dotcolour","mediumSC","easy",0.385,1,1,-99,-0.099,0.74
15,"dotcolour","mediumSC","hard",0.652,1,1,-99,-0.099,0.74
15,"dotcolour","mediumSC","easy",0.435,-1,1,-99,-0.099,0.74
15,"dotcolour","mediumSC","easy",0.402,-1,1,-99,-0.099,0.74
15,"dotcolour","mediumSC","easy",0.435,-1,1,-99,-0.099,0.74
15,"dotcolour","mediumSC","hard",0.552,1,0,-99,-0.099,0.74
15,"dotcolour","mediumSC","average",0.518,-1,1,-99,-0.099,0.74
15,"dotcolour","mediumSC","easy",0.569,-1,1,-99,-0.099,0.74
15,"dotcolour","mediumSC","average",0.452,1,1,-99,-0.099,0.74
15,"dotcolour","mediumSC","hard",0.751,1,1,-99,-0.099,0.74
15,"dotcolour","mediumSC","hard",0.902,1,0,-99,-0.099,0.74
15,"dotcolour","mediumSC","hard",0.952,-1,1,-99,-0.099,0.74
15,"dotcolour","mediumSC","easy",0.45,1,1,-99,-0.099,0.74
15,"dotnumber","lowSC","easy",0.551,1,1,-99,-0.099,0.69
15,"dotnumber","lowSC","average",0.384,1,1,-99,-0.099,0.69
15,"dotnumber","lowSC","hard",0.385,1,0,-99,-0.099,0.69
15,"dotnumber","lowSC","easy",0.485,-1,1,-99,-0.099,0.69
15,"dotnumber","lowSC","easy",0.402,1,1,-99,-0.099,0.69
15,"dotnumber","lowSC","hard",0.418,1,1,-99,-0.099,0.69
15,"dotnumber","lowSC","easy",0.434,-1,1,-99,-0.099,0.69
15,"dotnumber","lowSC","average",0.468,-1,1,-99,-0.099,0.69
15,"dotnumber","lowSC","average",0.568,-1,1,-99,-0.099,0.69
15,"dotnumber","lowSC","hard",0.551,1,1,-99,-0.099,0.69
15,"dotnumber","lowSC","easy",0.435,1,1,-99,-0.099,0.69
15,"dotnumber","lowSC","easy",0.435,-1,1,-99,-0.099,0.69
15,"dotnumber","lowSC","easy",0.518,1,1,-99,-0.099,0.69
15,"dotnumber","lowSC","hard",0.367,-1,1,-99,-0.099,0.69
15,"dotnumber","lowSC","easy",0.685,-1,0,-99,-0.099,0.69
15,"dotnumber","lowSC","average",0.468,-1,1,-99,-0.099,0.69
15,"dotnumber","lowSC","hard",0.586,1,0,-99,-0.099,0.69
15,"dotnumber","lowSC","easy",0.434,-1,1,-99,-0.099,0.69
15,"dotnumber","lowSC","average",0.602,1,0,-99,-0.099,0.69
15,"dotnumber","lowSC","easy",0.468,1,1,-99,-0.099,0.69
15,"dotnumber","lowSC","hard",0.486,-1,1,-99,-0.099,0.69
15,"dotnumber","lowSC","average",0.602,1,1,-99,-0.099,0.69
15,"dotnumber","lowSC","average",0.485,-1,1,-99,-0.099,0.69
15,"dotnumber","lowSC","hard",0.635,1,1,-99,-0.099,0.69
15,"dotnumber","lowSC","easy",0.501,-1,1,-99,-0.099,0.59
15,"dotnumber","lowSC","easy",0.552,1,1,-99,-0.099,0.59
15,"dotnumber","lowSC","average",0.486,-1,1,-99,-0.099,0.59
15,"dotnumber","lowSC","easy",0.468,1,1,-99,-0.099,0.59
15,"dotnumber","lowSC","average",0.534,-1,1,-99,-0.099,0.59
15,"dotnumber","lowSC","average",0.703,1,0,-99,-0.099,0.59
15,"dotnumber","lowSC","average",0.518,-1,1,-99,-0.099,0.59
15,"dotnumber","lowSC","hard",0.802,-1,0,-99,-0.099,0.59
15,"dotnumber","lowSC","hard",0.651,1,1,-99,-0.099,0.59
15,"dotnumber","lowSC","hard",0.569,-1,1,-99,-0.099,0.59
15,"dotnumber","lowSC","easy",0.551,1,1,-99,-0.099,0.59
15,"dotnumber","lowSC","average",0.418,-1,1,-99,-0.099,0.59
15,"dotnumber","lowSC","average",0.986,-1,1,-99,-0.099,0.59
15,"dotnumber","lowSC","easy",0.568,-1,1,-99,-0.099,0.59
15,"dotnumber","lowSC","hard",0.901,1,1,-99,-0.099,0.59
15,"dotnumber","lowSC","hard",0.551,-1,1,-99,-0.099,0.59
15,"dotnumber","lowSC","average",0.684,-1,1,-99,-0.099,0.59
15,"dotnumber","lowSC","hard",0.518,1,1,-99,-0.099,0.59
15,"dotnumber","lowSC","hard",0.634,-1,1,-99,-0.099,0.59
15,"dotnumber","lowSC","easy",0.535,1,1,-99,-0.099,0.59
15,"dotnumber","lowSC","hard",0.485,-1,0,-99,-0.099,0.59
15,"dotnumber","lowSC","average",0.635,-1,1,-99,-0.099,0.59
15,"dotnumber","lowSC","hard",0.585,1,1,-99,-0.099,0.59
15,"dotnumber","lowSC","easy",0.451,-1,1,-99,-0.099,0.59
15,"dotnumber","lowSC","average",0.485,1,1,-99,-0.099,0.66
15,"dotnumber","lowSC","average",0.635,1,0,-99,-0.099,0.66
15,"dotnumber","lowSC","easy",0.518,-1,1,-99,-0.099,0.66
15,"dotnumber","lowSC","average",0.651,-1,1,-99,-0.099,0.66
15,"dotnumber","lowSC","easy",0.568,1,1,-99,-0.099,0.66
15,"dotnumber","lowSC","easy",0.801,1,1,-99,-0.099,0.66
15,"dotnumber","lowSC","average",0.518,-1,0,-99,-0.099,0.66
15,"dotnumber","lowSC","easy",0.467,1,1,-99,-0.099,0.66
15,"dotnumber","lowSC","hard",0.519,1,0,-99,-0.099,0.66
15,"dotnumber","lowSC","easy",0.418,-1,1,-99,-0.099,0.66
15,"dotnumber","lowSC","easy",0.501,1,0,-99,-0.099,0.66
15,"dotnumber","lowSC","average",0.467,1,1,-99,-0.099,0.66
15,"dotnumber","lowSC","hard",0.652,-1,0,-99,-0.099,0.66
15,"dotnumber","lowSC","hard",0.785,-1,0,-99,-0.099,0.66
15,"dotnumber","lowSC","hard",0.435,-1,1,-99,-0.099,0.66
15,"dotnumber","lowSC","easy",0.519,-1,1,-99,-0.099,0.66
15,"dotnumber","lowSC","average",0.451,1,0,-99,-0.099,0.66
15,"dotnumber","lowSC","easy",0.468,-1,1,-99,-0.099,0.66
15,"dotnumber","lowSC","easy",0.401,-1,1,-99,-0.099,0.66
15,"dotnumber","lowSC","hard",0.551,-1,1,-99,-0.099,0.66
15,"dotnumber","lowSC","hard",0.568,1,1,-99,-0.099,0.66
15,"dotnumber","lowSC","easy",0.468,1,1,-99,-0.099,0.66
15,"dotnumber","lowSC","average",0.435,-1,1,-99,-0.099,0.66
15,"dotnumber","lowSC","hard",0.618,1,1,-99,-0.099,0.66
15,"dotnumber","lowSC","hard",0.552,-1,0,-99,-0.099,0.58
15,"dotnumber","lowSC","average",0.601,1,1,-99,-0.099,0.58
15,"dotnumber","lowSC","easy",0.501,-1,1,-99,-0.099,0.58
15,"dotnumber","lowSC","easy",0.434,1,1,-99,-0.099,0.58
15,"dotnumber","lowSC","hard",0.535,1,1,-99,-0.099,0.58
15,"dotnumber","lowSC","average",0.834,1,1,-99,-0.099,0.58
15,"dotnumber","lowSC","average",0.468,-1,1,-99,-0.099,0.58
15,"dotnumber","lowSC","average",0.468,1,1,-99,-0.099,0.58
15,"dotnumber","lowSC","average",0.452,-1,1,-99,-0.099,0.58
15,"dotnumber","lowSC","easy",0.501,-1,1,-99,-0.099,0.58
15,"dotnumber","lowSC","easy",0.568,-1,1,-99,-0.099,0.58
15,"dotnumber","lowSC","easy",0.502,1,1,-99,-0.099,0.58
15,"dotnumber","lowSC","easy",0.552,-1,1,-99,-0.099,0.58
15,"dotnumber","lowSC","hard",0.602,-1,0,-99,-0.099,0.58
15,"dotnumber","lowSC","hard",0.468,1,1,-99,-0.099,0.58
15,"dotnumber","lowSC","hard",0.518,-1,1,-99,-0.099,0.58
15,"dotnumber","lowSC","average",0.519,1,1,-99,-0.099,0.58
15,"dotnumber","lowSC","average",0.435,-1,1,-99,-0.099,0.58
15,"dotnumber","lowSC","average",0.535,1,1,-99,-0.099,0.58
15,"dotnumber","lowSC","average",0.4,-1,0,-99,-0.099,0.58
15,"dotnumber","lowSC","hard",0.435,-1,1,-99,-0.099,0.58
15,"dotnumber","lowSC","hard",0.535,1,0,-99,-0.099,0.58
15,"dotnumber","lowSC","easy",0.552,1,1,-99,-0.099,0.58
15,"dotnumber","lowSC","easy",0.435,-1,1,-99,-0.099,0.58
15,"dotnumber","lowSC","easy",0.567,-1,1,-99,-0.099,0.53
15,"dotnumber","lowSC","easy",0.502,1,1,-99,-0.099,0.53
15,"dotnumber","lowSC","hard",0.602,1,0,-99,-0.099,0.53
15,"dotnumber","lowSC","easy",0.652,-1,0,-99,-0.099,0.53
15,"dotnumber","lowSC","easy",0.518,1,1,-99,-0.099,0.53
15,"dotnumber","lowSC","average",0.502,-1,1,-99,-0.099,0.53
15,"dotnumber","lowSC","average",0.618,1,1,-99,-0.099,0.53
15,"dotnumber","lowSC","easy",0.55,-1,1,-99,-0.099,0.53
15,"dotnumber","lowSC","hard",0.485,1,0,-99,-0.099,0.53
15,"dotnumber","lowSC","average",0.568,1,1,-99,-0.099,0.53
15,"dotnumber","lowSC","easy",0.552,-1,1,-99,-0.099,0.53
15,"dotnumber","lowSC","average",0.534,-1,1,-99,-0.099,0.53
15,"dotnumber","lowSC","average",1.353,1,0,-99,-0.099,0.53
15,"dotnumber","lowSC","hard",0.735,1,1,-99,-0.099,0.53
15,"dotnumber","lowSC","hard",0.618,-1,0,-99,-0.099,0.53
15,"dotnumber","lowSC","hard",0.635,1,0,-99,-0.099,0.53
15,"dotnumber","lowSC","easy",0.485,-1,1,-99,-0.099,0.53
15,"dotnumber","lowSC","easy",0.468,1,1,-99,-0.099,0.53
15,"dotnumber","lowSC","average",0.519,-1,1,-99,-0.099,0.53
15,"dotnumber","lowSC","hard",0.601,-1,1,-99,-0.099,0.53
15,"dotnumber","lowSC","easy",0.585,1,1,-99,-0.099,0.53
15,"dotnumber","lowSC","easy",0.485,-1,1,-99,-0.099,0.53
15,"dotnumber","lowSC","hard",0.468,-1,1,-99,-0.099,0.53
15,"dotnumber","lowSC","easy",0.402,1,0,-99,-0.099,0.53
16,"dotcolour","mediumSC","hard",1.419,1,1,-99,-0.099,0.81
16,"dotcolour","mediumSC","hard",0.903,1,1,-99,-0.099,0.81
16,"dotcolour","mediumSC","average",0.586,1,1,-99,-0.099,0.81
16,"dotcolour","mediumSC","easy",0.601,1,1,-99,-0.099,0.81
16,"dotcolour","mediumSC","hard",0.617,-1,1,-99,-0.099,0.81
16,"dotcolour","mediumSC","easy",0.652,-1,1,-99,-0.099,0.81
16,"dotcolour","mediumSC","hard",0.551,-1,1,-99,-0.099,0.81
16,"dotcolour","mediumSC","average",0.535,-1,1,-99,-0.099,0.81
16,"dotcolour","mediumSC","easy",0.418,1,1,-99,-0.099,0.81
16,"dotcolour","mediumSC","hard",0.552,-1,0,-99,-0.099,0.81
16,"dotcolour","mediumSC","hard",0.618,-1,1,-99,-0.099,0.81
16,"dotcolour","mediumSC","hard",0.585,1,1,-99,-0.099,0.81
16,"dotcolour","mediumSC","hard",1.135,1,1,-99,-0.099,0.81
16,"dotcolour","mediumSC","easy",0.501,-1,1,-99,-0.099,0.81
16,"dotcolour","mediumSC","average",0.618,-1,1,-99,-0.099,0.81
16,"dotcolour","mediumSC","easy",0.502,-1,1,-99,-0.099,0.81
16,"dotcolour","mediumSC","average",0.435,1,1,-99,-0.099,0.81
16,"dotcolour","mediumSC","hard",0.418,-1,1,-99,-0.099,0.81
16,"dotcolour","mediumSC","average",0.401,-1,1,-99,-0.099,0.81
16,"dotcolour","mediumSC","easy",0.402,-1,1,-99,-0.099,0.81
16,"dotcolour","mediumSC","average",0.369,-1,1,-99,-0.099,0.81
16,"dotcolour","mediumSC","hard",0.367,-1,0,-99,-0.099,0.81
16,"dotcolour","mediumSC","average",0.352,1,1,-99,-0.099,0.81
16,"dotcolour","mediumSC","easy",0.401,1,1,-99,-0.099,0.81
16,"dotcolour","mediumSC","average",0.401,-1,1,-99,-0.099,0.75
16,"dotcolour","mediumSC","easy",0.384,1,1,-99,-0.099,0.75
16,"dotcolour","mediumSC","easy",0.536,1,1,-99,-0.099,0.75
16,"dotcolour","mediumSC","easy",0.434,1,1,-99,-0.099,0.75
16,"dotcolour","mediumSC","easy",0.419,-1,1,-99,-0.099,0.75
16,"dotcolour","mediumSC","hard",0.518,1,0,-99,-0.099,0.75
16,"dotcolour","mediumSC","average",0.468,1,1,-99,-0.099,0.75
16,"dotcolour","mediumSC","easy",0.451,-1,0,-99,-0.099,0.75
16,"dotcolour","mediumSC","easy",0.518,-1,1,-99,-0.099,0.75
16,"dotcolour","mediumSC","average",0.451,1,1,-99,-0.099,0.75
16,"dotcolour","mediumSC","hard",0.618,1,0,-99,-0.099,0.75
16,"dotcolour","mediumSC","hard",0.586,1,1,-99,-0.099,0.75
16,"dotcolour","mediumSC","average",2.12,1,1,-99,-0.099,0.75
16,"dotcolour","mediumSC","average",0.552,-1,1,-99,-0.099,0.75
16,"dotcolour","mediumSC","hard",0.701,1,0,-99,-0.099,0.75
16,"dotcolour","mediumSC","average",0.768,-1,1,-99,-0.099,0.75
16,"dotcolour","mediumSC","hard",0.717,1,1,-99,-0.099,0.75
16,"dotcolour","mediumSC","average",0.602,-1,1,-99,-0.099,0.75
16,"dotcolour","mediumSC","average",0.468,1,0,-99,-0.099,0.75
16,"dotcolour","mediumSC","easy",0.619,1,1,-99,-0.099,0.75
16,"dotcolour","mediumSC","average",0.584,-1,1,-99,-0.099,0.75
16,"dotcolour","mediumSC","easy",0.502,-1,1,-99,-0.099,0.75
16,"dotcolour","mediumSC","hard",0.652,1,0,-99,-0.099,0.75
16,"dotcolour","mediumSC","hard",0.568,1,1,-99,-0.099,0.75
16,"dotcolour","mediumSC","hard",0.753,-1,0,-99,-0.099,0.78
16,"dotcolour","mediumSC","average",0.586,1,1,-99,-0.099,0.78
16,"dotcolour","mediumSC","average",0.435,1,1,-99,-0.099,0.78
16,"dotcolour","mediumSC","easy",0.451,1,1,-99,-0.099,0.78
16,"dotcolour","mediumSC","hard",0.468,-1,1,-99,-0.099,0.78
16,"dotcolour","mediumSC","average",0.468,-1,1,-99,-0.099,0.78
16,"dotcolour","mediumSC","average",0.518,1,1,-99,-0.099,0.78
16,"dotcolour","mediumSC","easy",0.485,-1,1,-99,-0.099,0.78
16,"dotcolour","mediumSC","easy",0.401,-1,1,-99,-0.099,0.78
16,"dotcolour","mediumSC","average",0.435,-1,1,-99,-0.099,0.78
16,"dotcolour","mediumSC","easy",0.402,1,1,-99,-0.099,0.78
16,"dotcolour","mediumSC","average",0.402,-1,1,-99,-0.099,0.78
16,"dotcolour","mediumSC","average",0.668,-1,1,-99,-0.099,0.78
16,"dotcolour","mediumSC","average",0.369,-1,1,-99,-0.099,0.78
16,"dotcolour","mediumSC","hard",0.402,-1,1,-99,-0.099,0.78
16,"dotcolour","mediumSC","average",0.552,1,1,-99,-0.099,0.78
16,"dotcolour","mediumSC","average",0.435,-1,1,-99,-0.099,0.78
16,"dotcolour","mediumSC","hard",0.385,-1,1,-99,-0.099,0.78
16,"dotcolour","mediumSC","easy",0.435,-1,1,-99,-0.099,0.78
16,"dotcolour","mediumSC","hard",0.435,1,0,-99,-0.099,0.78
16,"dotcolour","mediumSC","easy",0.435,-1,1,-99,-0.099,0.78
16,"dotcolour","mediumSC","average",0.586,-1,1,-99,-0.099,0.78
16,"dotcolour","mediumSC","easy",0.402,1,1,-99,-0.099,0.78
16,"dotcolour","mediumSC","easy",0.451,1,1,-99,-0.099,0.78
16,"dotcolour","mediumSC","hard",0.585,-1,0,-99,-0.099,0.74
16,"dotcolour","mediumSC","easy",0.451,1,1,-99,-0.099,0.74
16,"dotcolour","mediumSC","easy",0.468,-1,1,-99,-0.099,0.74
16,"dotcolour","mediumSC","hard",0.435,1,1,-99,-0.099,0.74
16,"dotcolour","mediumSC","average",0.652,1,1,-99,-0.099,0.74
16,"dotcolour","mediumSC","easy",0.451,-1,1,-99,-0.099,0.74
16,"dotcolour","mediumSC","hard",0.568,1,0,-99,-0.099,0.74
16,"dotcolour","mediumSC","hard",0.602,1,1,-99,-0.099,0.74
16,"dotcolour","mediumSC","hard",0.686,1,0,-99,-0.099,0.74
16,"dotcolour","mediumSC","hard",0.452,-1,0,-99,-0.099,0.74
16,"dotcolour","mediumSC","easy",0.469,1,1,-99,-0.099,0.74
16,"dotcolour","mediumSC","average",0.485,-1,1,-99,-0.099,0.74
16,"dotcolour","mediumSC","average",0.718,-1,1,-99,-0.099,0.74
16,"dotcolour","mediumSC","average",0.435,-1,1,-99,-0.099,0.74
16,"dotcolour","mediumSC","hard",0.368,-1,1,-99,-0.099,0.74
16,"dotcolour","mediumSC","easy",0.435,-1,1,-99,-0.099,0.74
16,"dotcolour","mediumSC","average",0.518,1,1,-99,-0.099,0.74
16,"dotcolour","mediumSC","easy",0.536,-1,0,-99,-0.099,0.74
16,"dotcolour","mediumSC","hard",0.719,-1,0,-99,-0.099,0.74
16,"dotcolour","mediumSC","average",0.451,1,0,-99,-0.099,0.74
16,"dotcolour","mediumSC","average",0.602,1,1,-99,-0.099,0.74
16,"dotcolour","mediumSC","easy",0.451,-1,1,-99,-0.099,0.74
16,"dotcolour","mediumSC","easy",0.451,-1,1,-99,-0.099,0.74
16,"dotcolour","mediumSC","hard",0.667,1,0,-99,-0.099,0.74
16,"dotcolour","mediumSC","average",0.401,-1,1,-99,-0.099,0.78
16,"dotcolour","mediumSC","easy",0.451,-1,1,-99,-0.099,0.78
16,"dotcolour","mediumSC","average",0.502,1,1,-99,-0.099,0.78
16,"dotcolour","mediumSC","hard",0.718,1,1,-99,-0.099,0.78
16,"dotcolour","mediumSC","hard",0.568,-1,1,-99,-0.099,0.78
16,"dotcolour","mediumSC","average",0.502,1,1,-99,-0.099,0.78
16,"dotcolour","mediumSC","average",0.468,1,1,-99,-0.099,0.78
16,"dotcolour","mediumSC","hard",0.6,-1,1,-99,-0.099,0.78
16,"dotcolour","mediumSC","hard",0.501,-1,1,-99,-0.099,0.78
16,"dotcolour","mediumSC","easy",0.434,-1,1,-99,-0.099,0.78
16,"dotcolour","mediumSC","hard",0.452,-1,1,-99,-0.099,0.78
16,"dotcolour","mediumSC","easy",0.518,-1,1,-99,-0.099,0.78
16,"dotcolour","mediumSC","easy",0.552,-1,1,-99,-0.099,0.78
16,"dotcolour","mediumSC","average",0.419,1,1,-99,-0.099,0.78
16,"dotcolour","mediumSC","easy",0.569,1,1,-99,-0.099,0.78
16,"dotcolour","mediumSC","average",0.451,-1,1,-99,-0.099,0.78
16,"dotcolour","mediumSC","easy",0.435,1,1,-99,-0.099,0.78
16,"dotcolour","mediumSC","average",0.452,-1,1,-99,-0.099,0.78
16,"dotcolour","mediumSC","average",0.385,-1,1,-99,-0.099,0.78
16,"dotcolour","mediumSC","average",0.468,1,1,-99,-0.099,0.78
16,"dotcolour","mediumSC","average",0.418,-1,1,-99,-0.099,0.78
16,"dotcolour","mediumSC","easy",0.651,1,1,-99,-0.099,0.78
16,"dotcolour","mediumSC","average",0.452,1,1,-99,-0.099,0.78
16,"dotcolour","mediumSC","average",0.352,-1,1,-99,-0.099,0.78
16,"dotnumber","lowSC","average",0.634,-1,1,-99,-0.099,0.67
16,"dotnumber","lowSC","easy",0.568,-1,1,-99,-0.099,0.67
16,"dotnumber","lowSC","easy",0.485,1,1,-99,-0.099,0.67
16,"dotnumber","lowSC","hard",0.902,1,0,-99,-0.099,0.67
16,"dotnumber","lowSC","hard",0.836,1,1,-99,-0.099,0.67
16,"dotnumber","lowSC","easy",0.586,-1,1,-99,-0.099,0.67
16,"dotnumber","lowSC","hard",0.786,1,0,-99,-0.099,0.67
16,"dotnumber","lowSC","easy",0.634,1,1,-99,-0.099,0.67
16,"dotnumber","lowSC","hard",1.302,1,0,-99,-0.099,0.67
16,"dotnumber","lowSC","hard",0.618,1,0,-99,-0.099,0.67
16,"dotnumber","lowSC","average",0.585,1,1,-99,-0.099,0.67
16,"dotnumber","lowSC","easy",0.668,1,1,-99,-0.099,0.67
16,"dotnumber","lowSC","average",0.586,1,1,-99,-0.099,0.67
16,"dotnumber","lowSC","hard",0.552,1,1,-99,-0.099,0.67
16,"dotnumber","lowSC","average",0.736,-1,0,-99,-0.099,0.67
16,"dotnumber","lowSC","average",0.718,-1,1,-99,-0.099,0.67
16,"dotnumber","lowSC","average",0.718,-1,1,-99,-0.099,0.67
16,"dotnumber","lowSC","hard",0.385,1,0,-99,-0.099,0.67
16,"dotnumber","lowSC","average",0.685,-1,1,-99,-0.099,0.67
16,"dotnumber","lowSC","average",0.451,1,1,-99,-0.099,0.67
16,"dotnumber","lowSC","hard",0.585,-1,1,-99,-0.099,0.67
16,"dotnumber","lowSC","average",0.535,-1,1,-99,-0.099,0.67
16,"dotnumber","lowSC","hard",0.469,1,1,-99,-0.099,0.67
16,"dotnumber","lowSC","hard",0.434,-1,0,-99,-0.099,0.67
16,"dotnumber","lowSC","average",0.401,1,0,-99,-0.099,0.57
16,"dotnumber","lowSC","easy",0.435,-1,1,-99,-0.099,0.57
16,"dotnumber","lowSC","easy",0.401,1,1,-99,-0.099,0.57
16,"dotnumber","lowSC","hard",0.651,-1,0,-99,-0.099,0.57
16,"dotnumber","lowSC","hard",0.402,1,1,-99,-0.099,0.57
16,"dotnumber","lowSC","easy",0.319,1,1,-99,-0.099,0.57
16,"dotnumber","lowSC","average",0.535,1,1,-99,-0.099,0.57
16,"dotnumber","lowSC","hard",0.402,-1,1,-99,-0.099,0.57
16,"dotnumber","lowSC","easy",0.352,1,0,-99,-0.099,0.57
16,"dotnumber","lowSC","hard",0.335,-1,1,-99,-0.099,0.57
16,"dotnumber","lowSC","easy",0.336,1,0,-99,-0.099,0.57
16,"dotnumber","lowSC","average",0.318,-1,0,-99,-0.099,0.57
16,"dotnumber","lowSC","average",0.502,1,1,-99,-0.099,0.57
16,"dotnumber","lowSC","average",0.5,1,0,-99,-0.099,0.57
16,"dotnumber","lowSC","average",0.869,1,1,-99,-0.099,0.57
16,"dotnumber","lowSC","hard",0.686,1,1,-99,-0.099,0.57
16,"dotnumber","lowSC","average",0.519,-1,1,-99,-0.099,0.57
16,"dotnumber","lowSC","hard",0.419,1,1,-99,-0.099,0.57
16,"dotnumber","lowSC","hard",0.435,1,0,-99,-0.099,0.57
16,"dotnumber","lowSC","easy",0.484,1,1,-99,-0.099,0.57
16,"dotnumber","lowSC","hard",0.418,1,0,-99,-0.099,0.57
16,"dotnumber","lowSC","easy",0.435,-1,1,-99,-0.099,0.57
16,"dotnumber","lowSC","hard",0.634,1,1,-99,-0.099,0.57
16,"dotnumber","lowSC","hard",0.519,1,0,-99,-0.099,0.57
16,"dotnumber","lowSC","hard",0.718,1,1,-99,-0.099,0.58
16,"dotnumber","lowSC","hard",0.552,-1,1,-99,-0.099,0.58
16,"dotnumber","lowSC","average",0.535,1,1,-99,-0.099,0.58
16,"dotnumber","lowSC","easy",0.551,1,1,-99,-0.099,0.58
16,"dotnumber","lowSC","hard",0.551,-1,0,-99,-0.099,0.58
16,"dotnumber","lowSC","easy",0.485,-1,1,-99,-0.099,0.58
16,"dotnumber","lowSC","average",0.719,-1,1,-99,-0.099,0.58
16,"dotnumber","lowSC","hard",0.651,1,1,-99,-0.099,0.58
16,"dotnumber","lowSC","average",1.035,1,0,-99,-0.099,0.58
16,"dotnumber","lowSC","easy",0.536,1,1,-99,-0.099,0.58
16,"dotnumber","lowSC","easy",0.568,1,1,-99,-0.099,0.58
16,"dotnumber","lowSC","average",0.901,1,1,-99,-0.099,0.58
16,"dotnumber","lowSC","hard",0.785,1,1,-99,-0.099,0.58
16,"dotnumber","lowSC","hard",0.618,-1,1,-99,-0.099,0.58
16,"dotnumber","lowSC","average",0.534,-1,1,-99,-0.099,0.58
16,"dotnumber","lowSC","hard",0.751,1,0,-99,-0.099,0.58
16,"dotnumber","lowSC","easy",0.435,-1,1,-99,-0.099,0.58
16,"dotnumber","lowSC","hard",0.485,-1,1,-99,-0.099,0.58
16,"dotnumber","lowSC","easy",0.551,1,1,-99,-0.099,0.58
16,"dotnumber","lowSC","hard",0.485,-1,1,-99,-0.099,0.58
16,"dotnumber","lowSC","average",0.819,1,1,-99,-0.099,0.58
16,"dotnumber","lowSC","average",0.519,1,1,-99,-0.099,0.58
16,"dotnumber","lowSC","average",0.702,1,1,-99,-0.099,0.58
16,"dotnumber","lowSC","easy",0.585,-1,1,-99,-0.099,0.58
16,"dotnumber","lowSC","hard",0.685,-1,0,-99,-0.099,0.66
16,"dotnumber","lowSC","average",0.485,1,1,-99,-0.099,0.66
16,"dotnumber","lowSC","average",0.667,1,1,-99,-0.099,0.66
16,"dotnumber","lowSC","easy",0.517,-1,1,-99,-0.099,0.66
16,"dotnumber","lowSC","average",0.685,-1,0,-99,-0.099,0.66
16,"dotnumber","lowSC","average",0.551,1,1,-99,-0.099,0.66
16,"dotnumber","lowSC","hard",0.651,1,1,-99,-0.099,0.66
16,"dotnumber","lowSC","hard",0.634,-1,1,-99,-0.099,0.66
16,"dotnumber","lowSC","hard",0.519,1,1,-99,-0.099,0.66
16,"dotnumber","lowSC","average",0.45,-1,1,-99,-0.099,0.66
16,"dotnumber","lowSC","hard",0.668,-1,0,-99,-0.099,0.66
16,"dotnumber","lowSC","easy",0.618,1,1,-99,-0.099,0.66
16,"dotnumber","lowSC","easy",0.635,1,1,-99,-0.099,0.66
16,"dotnumber","lowSC","hard",0.468,-1,1,-99,-0.099,0.66
16,"dotnumber","lowSC","easy",0.502,1,1,-99,-0.099,0.66
16,"dotnumber","lowSC","average",0.451,1,1,-99,-0.099,0.66
16,"dotnumber","lowSC","hard",0.634,-1,1,-99,-0.099,0.66
16,"dotnumber","lowSC","average",0.535,1,1,-99,-0.099,0.66
16,"dotnumber","lowSC","easy",0.435,-1,1,-99,-0.099,0.66
16,"dotnumber","lowSC","hard",0.568,1,1,-99,-0.099,0.66
16,"dotnumber","lowSC","easy",0.467,-1,0,-99,-0.099,0.66
16,"dotnumber","lowSC","hard",0.668,-1,1,-99,-0.099,0.66
16,"dotnumber","lowSC","easy",0.668,-1,1,-99,-0.099,0.66
16,"dotnumber","lowSC","easy",0.534,-1,1,-99,-0.099,0.66
16,"dotnumber","lowSC","average",0.434,-1,0,-99,-0.099,0.59
16,"dotnumber","lowSC","hard",0.669,-1,0,-99,-0.099,0.59
16,"dotnumber","lowSC","hard",0.569,1,0,-99,-0.099,0.59
16,"dotnumber","lowSC","easy",0.818,1,1,-99,-0.099,0.59
16,"dotnumber","lowSC","easy",0.785,1,1,-99,-0.099,0.59
16,"dotnumber","lowSC","hard",0.77,-1,0,-99,-0.099,0.59
16,"dotnumber","lowSC","hard",0.818,1,0,-99,-0.099,0.59
16,"dotnumber","lowSC","average",0.584,1,1,-99,-0.099,0.59
16,"dotnumber","lowSC","average",1.052,1,0,-99,-0.099,0.59
16,"dotnumber","lowSC","average",0.718,1,1,-99,-0.099,0.59
16,"dotnumber","lowSC","average",0.435,-1,1,-99,-0.099,0.59
16,"dotnumber","lowSC","average",0.569,-1,1,-99,-0.099,0.59
16,"dotnumber","lowSC","easy",0.685,-1,1,-99,-0.099,0.59
16,"dotnumber","lowSC","average",0.468,1,1,-99,-0.099,0.59
16,"dotnumber","lowSC","average",0.519,-1,0,-99,-0.099,0.59
16,"dotnumber","lowSC","easy",0.452,1,1,-99,-0.099,0.59
16,"dotnumber","lowSC","hard",0.434,1,1,-99,-0.099,0.59
16,"dotnumber","lowSC","average",0.469,1,1,-99,-0.099,0.59
16,"dotnumber","lowSC","easy",0.367,-1,1,-99,-0.099,0.59
16,"dotnumber","lowSC","average",0.485,-1,1,-99,-0.099,0.59
16,"dotnumber","lowSC","hard",0.818,-1,1,-99,-0.099,0.59
16,"dotnumber","lowSC","average",0.851,1,0,-99,-0.099,0.59
16,"dotnumber","lowSC","easy",0.535,-1,1,-99,-0.099,0.59
16,"dotnumber","lowSC","average",0.469,-1,0,-99,-0.099,0.59
16,"xotask","highSC","average",1.269,1,1,-99,-0.099,0.95
16,"xotask","highSC","easy",0.951,1,1,-99,-0.099,0.95
16,"xotask","highSC","hard",0.785,1,0,-99,-0.099,0.95
16,"xotask","highSC","average",1.001,1,1,-99,-0.099,0.95
16,"xotask","highSC","average",0.435,-1,1,-99,-0.099,0.95
16,"xotask","highSC","easy",0.485,-1,1,-99,-0.099,0.95
16,"xotask","highSC","easy",0.535,1,1,-99,-0.099,0.95
16,"xotask","highSC","average",0.552,-1,0,-99,-0.099,0.95
16,"xotask","highSC","hard",0.634,1,1,-99,-0.099,0.95
16,"xotask","highSC","hard",0.618,1,1,-99,-0.099,0.95
16,"xotask","highSC","hard",0.585,-1,0,-99,-0.099,0.95
16,"xotask","highSC","hard",0.769,-1,1,-99,-0.099,0.95
16,"xotask","highSC","hard",0.552,-1,1,-99,-0.099,0.95
16,"xotask","highSC","easy",0.435,-1,1,-99,-0.099,0.95
16,"xotask","highSC","hard",0.652,1,1,-99,-0.099,0.95
16,"xotask","highSC","average",0.534,-1,0,-99,-0.099,0.95
16,"xotask","highSC","easy",0.651,-1,1,-99,-0.099,0.95
16,"xotask","highSC","hard",0.568,1,0,-99,-0.099,0.95
16,"xotask","highSC","easy",0.485,-1,1,-99,-0.099,0.95
16,"xotask","highSC","average",0.701,1,1,-99,-0.099,0.95
16,"xotask","highSC","average",0.852,1,1,-99,-0.099,0.95
16,"xotask","highSC","easy",0.502,-1,1,-99,-0.099,0.95
16,"xotask","highSC","easy",0.552,-1,1,-99,-0.099,0.95
16,"xotask","highSC","easy",0.535,-1,1,-99,-0.099,0.95
16,"xotask","highSC","easy",0.518,1,1,-99,-0.099,0.82
16,"xotask","highSC","easy",0.518,1,1,-99,-0.099,0.82
16,"xotask","highSC","average",0.535,1,1,-99,-0.099,0.82
16,"xotask","highSC","hard",0.535,-1,1,-99,-0.099,0.82
16,"xotask","highSC","hard",0.536,1,0,-99,-0.099,0.82
16,"xotask","highSC","average",0.651,1,1,-99,-0.099,0.82
16,"xotask","highSC","average",0.752,-1,0,-99,-0.099,0.82
16,"xotask","highSC","easy",0.735,1,1,-99,-0.099,0.82
16,"xotask","highSC","hard",0.552,1,0,-99,-0.099,0.82
16,"xotask","highSC","average",0.518,1,1,-99,-0.099,0.82
16,"xotask","highSC","easy",0.585,1,1,-99,-0.099,0.82
16,"xotask","highSC","easy",0.551,-1,1,-99,-0.099,0.82
16,"xotask","highSC","easy",0.751,1,1,-99,-0.099,0.82
16,"xotask","highSC","easy",0.584,-1,1,-99,-0.099,0.82
16,"xotask","highSC","easy",0.468,1,1,-99,-0.099,0.82
16,"xotask","highSC","hard",0.485,-1,1,-99,-0.099,0.82
16,"xotask","highSC","hard",0.568,-1,0,-99,-0.099,0.82
16,"xotask","highSC","easy",0.619,-1,1,-99,-0.099,0.82
16,"xotask","highSC","easy",0.484,1,1,-99,-0.099,0.82
16,"xotask","highSC","average",0.435,-1,1,-99,-0.099,0.82
16,"xotask","highSC","average",0.351,1,0,-99,-0.099,0.82
16,"xotask","highSC","hard",0.469,-1,1,-99,-0.099,0.82
16,"xotask","highSC","average",0.568,-1,1,-99,-0.099,0.82
16,"xotask","highSC","hard",0.603,-1,1,-99,-0.099,0.82
16,"xotask","highSC","average",0.485,-1,1,-99,-0.099,0.92
16,"xotask","highSC","easy",0.519,-1,1,-99,-0.099,0.92
16,"xotask","highSC","average",0.452,1,1,-99,-0.099,0.92
16,"xotask","highSC","hard",0.419,1,1,-99,-0.099,0.92
16,"xotask","highSC","hard",0.485,-1,0,-99,-0.099,0.92
16,"xotask","highSC","hard",0.485,-1,0,-99,-0.099,0.92
16,"xotask","highSC","average",0.619,1,1,-99,-0.099,0.92
16,"xotask","highSC","hard",0.501,-1,1,-99,-0.099,0.92
16,"xotask","highSC","hard",0.768,1,0,-99,-0.099,0.92
16,"xotask","highSC","easy",0.685,1,1,-99,-0.099,0.92
16,"xotask","highSC","easy",0.703,-1,1,-99,-0.099,0.92
16,"xotask","highSC","average",0.535,-1,1,-99,-0.099,0.92
16,"xotask","highSC","average",1.369,1,1,-99,-0.099,0.92
16,"xotask","highSC","average",0.634,-1,1,-99,-0.099,0.92
16,"xotask","highSC","hard",0.586,-1,1,-99,-0.099,0.92
16,"xotask","highSC","easy",0.701,-1,1,-99,-0.099,0.92
16,"xotask","highSC","easy",0.585,1,1,-99,-0.099,0.92
16,"xotask","highSC","easy",0.502,1,1,-99,-0.099,0.92
16,"xotask","highSC","hard",0.868,-1,1,-99,-0.099,0.92
16,"xotask","highSC","average",0.669,-1,1,-99,-0.099,0.92
16,"xotask","highSC","hard",0.569,1,1,-99,-0.099,0.92
16,"xotask","highSC","average",0.569,-1,1,-99,-0.099,0.92
16,"xotask","highSC","easy",0.552,-1,1,-99,-0.099,0.92
16,"xotask","highSC","average",0.584,1,1,-99,-0.099,0.92
16,"xotask","highSC","easy",0.785,1,1,-99,-0.099,0.93
16,"xotask","highSC","average",0.551,-1,1,-99,-0.099,0.93
16,"xotask","highSC","hard",1.336,-1,0,-99,-0.099,0.93
16,"xotask","highSC","easy",0.469,1,1,-99,-0.099,0.93
16,"xotask","highSC","hard",0.568,-1,1,-99,-0.099,0.93
16,"xotask","highSC","easy",0.569,-1,0,-99,-0.099,0.93
16,"xotask","highSC","average",0.684,1,1,-99,-0.099,0.93
16,"xotask","highSC","easy",0.918,1,1,-99,-0.099,0.93
16,"xotask","highSC","average",1.003,1,0,-99,-0.099,0.93
16,"xotask","highSC","easy",0.885,-1,1,-99,-0.099,0.93
16,"xotask","highSC","easy",0.584,1,1,-99,-0.099,0.93
16,"xotask","highSC","average",0.484,-1,1,-99,-0.099,0.93
16,"xotask","highSC","hard",0.719,1,1,-99,-0.099,0.93
16,"xotask","highSC","easy",0.552,1,1,-99,-0.099,0.93
16,"xotask","highSC","average",0.518,1,1,-99,-0.099,0.93
16,"xotask","highSC","average",0.751,1,1,-99,-0.099,0.93
16,"xotask","highSC","hard",0.685,1,1,-99,-0.099,0.93
16,"xotask","highSC","average",0.485,1,1,-99,-0.099,0.93
16,"xotask","highSC","easy",0.686,-1,1,-99,-0.099,0.93
16,"xotask","highSC","average",0.651,-1,1,-99,-0.099,0.93
16,"xotask","highSC","hard",0.919,-1,1,-99,-0.099,0.93
16,"xotask","highSC","hard",0.535,1,0,-99,-0.099,0.93
16,"xotask","highSC","hard",0.719,-1,1,-99,-0.099,0.93
16,"xotask","highSC","hard",0.551,-1,1,-99,-0.099,0.93
16,"xotask","highSC","easy",0.536,-1,1,-99,-0.099,0.89
16,"xotask","highSC","easy",0.518,-1,1,-99,-0.099,0.89
16,"xotask","highSC","hard",0.552,1,1,-99,-0.099,0.89
16,"xotask","highSC","average",0.518,1,1,-99,-0.099,0.89
16,"xotask","highSC","average",0.634,1,1,-99,-0.099,0.89
16,"xotask","highSC","hard",0.536,1,1,-99,-0.099,0.89
16,"xotask","highSC","easy",0.569,-1,1,-99,-0.099,0.89
16,"xotask","highSC","easy",0.502,1,1,-99,-0.099,0.89
16,"xotask","highSC","easy",0.451,-1,1,-99,-0.099,0.89
16,"xotask","highSC","easy",0.435,1,1,-99,-0.099,0.89
16,"xotask","highSC","hard",0.485,-1,1,-99,-0.099,0.89
16,"xotask","highSC","hard",0.551,-1,1,-99,-0.099,0.89
16,"xotask","highSC","hard",0.719,-1,0,-99,-0.099,0.89
16,"xotask","highSC","easy",0.652,-1,1,-99,-0.099,0.89
16,"xotask","highSC","easy",0.435,1,1,-99,-0.099,0.89
16,"xotask","highSC","average",0.468,-1,1,-99,-0.099,0.89
16,"xotask","highSC","average",0.634,-1,1,-99,-0.099,0.89
16,"xotask","highSC","hard",0.67,-1,0,-99,-0.099,0.89
16,"xotask","highSC","hard",0.517,-1,1,-99,-0.099,0.89
16,"xotask","highSC","easy",0.535,1,1,-99,-0.099,0.89
16,"xotask","highSC","hard",0.651,1,1,-99,-0.099,0.89
16,"xotask","highSC","easy",0.501,-1,0,-99,-0.099,0.89
16,"xotask","highSC","average",0.502,-1,1,-99,-0.099,0.89
16,"xotask","highSC","easy",0.468,1,1,-99,-0.099,0.89
17,"dotnumber","lowSC","average",3.004,-1,1,-99,-0.099,0.69
17,"dotnumber","lowSC","easy",1.169,1,1,-99,-0.099,0.69
17,"dotnumber","lowSC","average",1.202,-1,1,-99,-0.099,0.69
17,"dotnumber","lowSC","hard",1.552,-1,0,-99,-0.099,0.69
17,"dotnumber","lowSC","hard",2.237,1,1,-99,-0.099,0.69
17,"dotnumber","lowSC","hard",4.588,1,0,-99,-0.099,0.69
17,"dotnumber","lowSC","average",0.818,-1,1,-99,-0.099,0.69
17,"dotnumber","lowSC","easy",0.718,-1,1,-99,-0.099,0.69
17,"dotnumber","lowSC","easy",0.634,1,1,-99,-0.099,0.69
17,"dotnumber","lowSC","easy",0.834,-1,1,-99,-0.099,0.69
17,"dotnumber","lowSC","average",1.051,1,1,-99,-0.099,0.69
17,"dotnumber","lowSC","hard",0.869,-1,0,-99,-0.099,0.69
17,"dotnumber","lowSC","easy",1.92,1,1,-99,-0.099,0.69
17,"dotnumber","lowSC","average",0.685,-1,1,-99,-0.099,0.69
17,"dotnumber","lowSC","easy",0.668,-1,1,-99,-0.099,0.69
17,"dotnumber","lowSC","hard",1.052,-1,1,-99,-0.099,0.69
17,"dotnumber","lowSC","easy",0.752,1,1,-99,-0.099,0.69
17,"dotnumber","lowSC","easy",0.702,1,1,-99,-0.099,0.69
17,"dotnumber","lowSC","easy",0.703,1,1,-99,-0.099,0.69
17,"dotnumber","lowSC","hard",0.851,1,0,-99,-0.099,0.69
17,"dotnumber","lowSC","average",0.768,-1,0,-99,-0.099,0.69
17,"dotnumber","lowSC","hard",1.202,-1,1,-99,-0.099,0.69
17,"dotnumber","lowSC","average",0.802,-1,1,-99,-0.099,0.69
17,"dotnumber","lowSC","hard",0.886,-1,0,-99,-0.099,0.69
17,"dotnumber","lowSC","average",0.585,-1,1,-99,-0.099,0.61
17,"dotnumber","lowSC","hard",1.319,-1,1,-99,-0.099,0.61
17,"dotnumber","lowSC","average",0.969,-1,1,-99,-0.099,0.61
17,"dotnumber","lowSC","hard",0.884,-1,0,-99,-0.099,0.61
17,"dotnumber","lowSC","hard",0.818,-1,0,-99,-0.099,0.61
17,"dotnumber","lowSC","average",0.752,-1,1,-99,-0.099,0.61
17,"dotnumber","lowSC","average",1.136,-1,0,-99,-0.099,0.61
17,"dotnumber","lowSC","easy",1.002,-1,1,-99,-0.099,0.61
17,"dotnumber","lowSC","easy",0.902,1,1,-99,-0.099,0.61
17,"dotnumber","lowSC","hard",0.702,-1,0,-99,-0.099,0.61
17,"dotnumber","lowSC","average",0.768,1,1,-99,-0.099,0.61
17,"dotnumber","lowSC","easy",0.752,-1,1,-99,-0.099,0.61
17,"dotnumber","lowSC","average",1.318,1,1,-99,-0.099,0.61
17,"dotnumber","lowSC","hard",0.785,-1,0,-99,-0.099,0.61
17,"dotnumber","lowSC","easy",0.585,-1,1,-99,-0.099,0.61
17,"dotnumber","lowSC","hard",0.785,-1,0,-99,-0.099,0.61
17,"dotnumber","lowSC","easy",0.819,-1,1,-99,-0.099,0.61
17,"dotnumber","lowSC","average",1.002,-1,1,-99,-0.099,0.61
17,"dotnumber","lowSC","average",0.735,1,1,-99,-0.099,0.61
17,"dotnumber","lowSC","easy",0.651,1,1,-99,-0.099,0.61
17,"dotnumber","lowSC","easy",0.685,-1,1,-99,-0.099,0.61
17,"dotnumber","lowSC","easy",0.635,1,1,-99,-0.099,0.61
17,"dotnumber","lowSC","hard",0.619,1,0,-99,-0.099,0.61
17,"dotnumber","lowSC","average",0.684,1,1,-99,-0.099,0.61
17,"dotnumber","lowSC","average",0.869,-1,0,-99,-0.099,0.57
17,"dotnumber","lowSC","hard",1.185,-1,1,-99,-0.099,0.57
17,"dotnumber","lowSC","hard",2.285,-1,1,-99,-0.099,0.57
17,"dotnumber","lowSC","hard",0.685,1,1,-99,-0.099,0.57
17,"dotnumber","lowSC","easy",0.701,-1,1,-99,-0.099,0.57
17,"dotnumber","lowSC","hard",0.786,-1,0,-99,-0.099,0.57
17,"dotnumber","lowSC","hard",0.803,-1,1,-99,-0.099,0.57
17,"dotnumber","lowSC","easy",0.735,-1,1,-99,-0.099,0.57
17,"dotnumber","lowSC","hard",0.785,1,1,-99,-0.099,0.57
17,"dotnumber","lowSC","easy",0.717,1,1,-99,-0.099,0.57
17,"dotnumber","lowSC","average",0.552,-1,1,-99,-0.099,0.57
17,"dotnumber","lowSC","average",0.636,-1,1,-99,-0.099,0.57
17,"dotnumber","lowSC","average",0.819,1,1,-99,-0.099,0.57
17,"dotnumber","lowSC","hard",0.552,-1,1,-99,-0.099,0.57
17,"dotnumber","lowSC","easy",0.685,1,1,-99,-0.099,0.57
17,"dotnumber","lowSC","easy",1.119,1,1,-99,-0.099,0.57
17,"dotnumber","lowSC","hard",0.635,-1,1,-99,-0.099,0.57
17,"dotnumber","lowSC","average",0.652,-1,1,-99,-0.099,0.57
17,"dotnumber","lowSC","average",0.635,-1,1,-99,-0.099,0.57
17,"dotnumber","lowSC","hard",0.634,1,1,-99,-0.099,0.57
17,"dotnumber","lowSC","hard",1.218,-1,1,-99,-0.099,0.57
17,"dotnumber","lowSC","easy",0.551,1,1,-99,-0.099,0.57
17,"dotnumber","lowSC","easy",0.585,-1,1,-99,-0.099,0.57
17,"dotnumber","lowSC","hard",0.685,-1,1,-99,-0.099,0.57
17,"dotnumber","lowSC","average",1.052,1,1,-99,-0.099,0.65
17,"dotnumber","lowSC","average",0.585,-1,1,-99,-0.099,0.65
17,"dotnumber","lowSC","easy",0.552,1,1,-99,-0.099,0.65
17,"dotnumber","lowSC","easy",0.652,-1,1,-99,-0.099,0.65
17,"dotnumber","lowSC","hard",0.752,1,0,-99,-0.099,0.65
17,"dotnumber","lowSC","easy",0.618,1,1,-99,-0.099,0.65
17,"dotnumber","lowSC","hard",0.736,-1,1,-99,-0.099,0.65
17,"dotnumber","lowSC","easy",0.668,1,1,-99,-0.099,0.65
17,"dotnumber","lowSC","easy",0.686,-1,1,-99,-0.099,0.65
17,"dotnumber","lowSC","average",2.353,-1,1,-99,-0.099,0.65
17,"dotnumber","lowSC","hard",0.802,-1,0,-99,-0.099,0.65
17,"dotnumber","lowSC","average",0.768,1,1,-99,-0.099,0.65
17,"dotnumber","lowSC","average",0.685,-1,1,-99,-0.099,0.65
17,"dotnumber","lowSC","average",0.651,1,1,-99,-0.099,0.65
17,"dotnumber","lowSC","average",0.75,-1,0,-99,-0.099,0.65
17,"dotnumber","lowSC","average",0.886,1,0,-99,-0.099,0.65
17,"dotnumber","lowSC","average",0.669,1,1,-99,-0.099,0.65
17,"dotnumber","lowSC","easy",0.586,1,1,-99,-0.099,0.65
17,"dotnumber","lowSC","average",0.635,1,1,-99,-0.099,0.65
17,"dotnumber","lowSC","hard",0.885,1,0,-99,-0.099,0.65
17,"dotnumber","lowSC","average",0.819,1,1,-99,-0.099,0.65
17,"dotnumber","lowSC","easy",0.667,-1,1,-99,-0.099,0.65
17,"dotnumber","lowSC","average",0.667,1,1,-99,-0.099,0.65
17,"dotnumber","lowSC","average",0.569,-1,1,-99,-0.099,0.65
17,"dotnumber","lowSC","average",0.886,-1,1,-99,-0.099,0.66
17,"dotnumber","lowSC","easy",0.735,1,1,-99,-0.099,0.66
17,"dotnumber","lowSC","hard",0.635,-1,1,-99,-0.099,0.66
17,"dotnumber","lowSC","hard",0.419,1,1,-99,-0.099,0.66
17,"dotnumber","lowSC","average",0.669,1,1,-99,-0.099,0.66
17,"dotnumber","lowSC","hard",0.702,-1,0,-99,-0.099,0.66
17,"dotnumber","lowSC","average",0.869,-1,1,-99,-0.099,0.66
17,"dotnumber","lowSC","easy",0.602,1,1,-99,-0.099,0.66
17,"dotnumber","lowSC","hard",0.685,-1,1,-99,-0.099,0.66
17,"dotnumber","lowSC","average",0.667,-1,1,-99,-0.099,0.66
17,"dotnumber","lowSC","average",1.352,-1,0,-99,-0.099,0.66
17,"dotnumber","lowSC","hard",0.651,-1,1,-99,-0.099,0.66
17,"dotnumber","lowSC","hard",3.088,1,0,-99,-0.099,0.66
17,"dotnumber","lowSC","average",0.636,1,1,-99,-0.099,0.66
17,"dotnumber","lowSC","average",0.685,1,1,-99,-0.099,0.66
17,"dotnumber","lowSC","hard",0.751,-1,0,-99,-0.099,0.66
17,"dotnumber","lowSC","average",0.685,-1,1,-99,-0.099,0.66
17,"dotnumber","lowSC","easy",0.653,1,1,-99,-0.099,0.66
17,"dotnumber","lowSC","average",0.535,1,1,-99,-0.099,0.66
17,"dotnumber","lowSC","hard",0.718,1,0,-99,-0.099,0.66
17,"dotnumber","lowSC","easy",0.767,-1,0,-99,-0.099,0.66
17,"dotnumber","lowSC","average",0.802,-1,0,-99,-0.099,0.66
17,"dotnumber","lowSC","easy",0.635,-1,1,-99,-0.099,0.66
17,"dotnumber","lowSC","easy",0.518,-1,1,-99,-0.099,0.66
17,"xotask","highSC","average",2.371,-1,0,-99,-0.099,0.85
17,"xotask","highSC","hard",0.686,-1,1,-99,-0.099,0.85
17,"xotask","highSC","easy",1.886,-1,0,-99,-0.099,0.85
17,"xotask","highSC","easy",0.819,-1,1,-99,-0.099,0.85
17,"xotask","highSC","easy",0.752,1,1,-99,-0.099,0.85
17,"xotask","highSC","average",1.203,1,1,-99,-0.099,0.85
17,"xotask","highSC","average",1.018,-1,1,-99,-0.099,0.85
17,"xotask","highSC","easy",0.601,1,1,-99,-0.099,0.85
17,"xotask","highSC","easy",0.752,1,1,-99,-0.099,0.85
17,"xotask","highSC","average",0.951,1,1,-99,-0.099,0.85
17,"xotask","highSC","average",0.718,1,1,-99,-0.099,0.85
17,"xotask","highSC","average",0.752,-1,1,-99,-0.099,0.85
17,"xotask","highSC","hard",0.801,-1,1,-99,-0.099,0.85
17,"xotask","highSC","average",0.668,-1,1,-99,-0.099,0.85
17,"xotask","highSC","hard",0.751,-1,1,-99,-0.099,0.85
17,"xotask","highSC","easy",0.651,-1,1,-99,-0.099,0.85
17,"xotask","highSC","easy",0.751,-1,1,-99,-0.099,0.85
17,"xotask","highSC","easy",0.684,1,1,-99,-0.099,0.85
17,"xotask","highSC","hard",1.269,-1,0,-99,-0.099,0.85
17,"xotask","highSC","average",0.618,1,1,-99,-0.099,0.85
17,"xotask","highSC","easy",0.534,1,1,-99,-0.099,0.85
17,"xotask","highSC","easy",0.718,1,1,-99,-0.099,0.85
17,"xotask","highSC","hard",0.835,1,1,-99,-0.099,0.85
17,"xotask","highSC","average",0.601,-1,1,-99,-0.099,0.85
17,"xotask","highSC","average",0.668,-1,1,-99,-0.099,0.82
17,"xotask","highSC","easy",0.567,1,1,-99,-0.099,0.82
17,"xotask","highSC","average",0.667,-1,1,-99,-0.099,0.82
17,"xotask","highSC","average",0.801,1,1,-99,-0.099,0.82
17,"xotask","highSC","hard",1.235,-1,1,-99,-0.099,0.82
17,"xotask","highSC","average",0.684,1,1,-99,-0.099,0.82
17,"xotask","highSC","easy",0.518,-1,1,-99,-0.099,0.82
17,"xotask","highSC","hard",0.718,-1,1,-99,-0.099,0.82
17,"xotask","highSC","hard",0.769,1,1,-99,-0.099,0.82
17,"xotask","highSC","hard",0.519,-1,0,-99,-0.099,0.82
17,"xotask","highSC","easy",0.752,1,1,-99,-0.099,0.82
17,"xotask","highSC","hard",0.801,1,1,-99,-0.099,0.82
17,"xotask","highSC","easy",0.652,-1,1,-99,-0.099,0.82
17,"xotask","highSC","hard",0.885,1,0,-99,-0.099,0.82
17,"xotask","highSC","easy",0.619,-1,1,-99,-0.099,0.82
17,"xotask","highSC","average",0.886,-1,1,-99,-0.099,0.82
17,"xotask","highSC","easy",0.635,-1,1,-99,-0.099,0.82
17,"xotask","highSC","average",0.502,-1,1,-99,-0.099,0.82
17,"xotask","highSC","average",0.635,1,1,-99,-0.099,0.82
17,"xotask","highSC","hard",0.685,1,1,-99,-0.099,0.82
17,"xotask","highSC","average",0.651,-1,1,-99,-0.099,0.82
17,"xotask","highSC","hard",0.535,-1,0,-99,-0.099,0.82
17,"xotask","highSC","easy",0.618,1,1,-99,-0.099,0.82
17,"xotask","highSC","easy",0.569,1,1,-99,-0.099,0.82
17,"xotask","highSC","easy",0.585,1,1,-99,-0.099,0.93
17,"xotask","highSC","hard",0.568,-1,1,-99,-0.099,0.93
17,"xotask","highSC","average",0.569,-1,1,-99,-0.099,0.93
17,"xotask","highSC","hard",0.785,-1,1,-99,-0.099,0.93
17,"xotask","highSC","average",0.585,1,1,-99,-0.099,0.93
17,"xotask","highSC","average",0.636,1,1,-99,-0.099,0.93
17,"xotask","highSC","easy",0.535,1,1,-99,-0.099,0.93
17,"xotask","highSC","average",0.601,-1,0,-99,-0.099,0.93
17,"xotask","highSC","easy",0.602,1,1,-99,-0.099,0.93
17,"xotask","highSC","average",0.702,1,1,-99,-0.099,0.93
17,"xotask","highSC","easy",0.585,1,1,-99,-0.099,0.93
17,"xotask","highSC","average",0.468,1,1,-99,-0.099,0.93
17,"xotask","highSC","hard",1.919,-1,1,-99,-0.099,0.93
17,"xotask","highSC","average",0.617,-1,1,-99,-0.099,0.93
17,"xotask","highSC","easy",0.552,-1,1,-99,-0.099,0.93
17,"xotask","highSC","hard",0.835,1,1,-99,-0.099,0.93
17,"xotask","highSC","easy",0.468,-1,1,-99,-0.099,0.93
17,"xotask","highSC","easy",0.551,1,1,-99,-0.099,0.93
17,"xotask","highSC","average",0.619,-1,1,-99,-0.099,0.93
17,"xotask","highSC","easy",0.518,-1,1,-99,-0.099,0.93
17,"xotask","highSC","hard",0.535,-1,0,-99,-0.099,0.93
17,"xotask","highSC","average",0.635,-1,1,-99,-0.099,0.93
17,"xotask","highSC","hard",0.686,1,1,-99,-0.099,0.93
17,"xotask","highSC","hard",0.618,1,1,-99,-0.099,0.93
17,"xotask","highSC","hard",0.685,-1,0,-99,-0.099,0.91
17,"xotask","highSC","easy",0.535,-1,0,-99,-0.099,0.91
17,"xotask","highSC","hard",0.652,1,0,-99,-0.099,0.91
17,"xotask","highSC","easy",0.501,1,1,-99,-0.099,0.91
17,"xotask","highSC","average",0.718,1,1,-99,-0.099,0.91
17,"xotask","highSC","average",0.535,1,0,-99,-0.099,0.91
17,"xotask","highSC","easy",0.602,1,1,-99,-0.099,0.91
17,"xotask","highSC","easy",0.567,1,1,-99,-0.099,0.91
17,"xotask","highSC","hard",0.653,1,1,-99,-0.099,0.91
17,"xotask","highSC","hard",0.518,-1,1,-99,-0.099,0.91
17,"xotask","highSC","hard",0.567,-1,1,-99,-0.099,0.91
17,"xotask","highSC","easy",0.635,1,0,-99,-0.099,0.91
17,"xotask","highSC","average",0.753,-1,1,-99,-0.099,0.91
17,"xotask","highSC","hard",0.469,1,1,-99,-0.099,0.91
17,"xotask","highSC","average",0.584,1,0,-99,-0.099,0.91
17,"xotask","highSC","average",0.536,1,1,-99,-0.099,0.91
17,"xotask","highSC","hard",0.719,-1,0,-99,-0.099,0.91
17,"xotask","highSC","easy",0.535,-1,1,-99,-0.099,0.91
17,"xotask","highSC","easy",0.585,1,1,-99,-0.099,0.91
17,"xotask","highSC","hard",0.619,1,0,-99,-0.099,0.91
17,"xotask","highSC","hard",0.652,1,1,-99,-0.099,0.91
17,"xotask","highSC","easy",0.818,-1,1,-99,-0.099,0.91
17,"xotask","highSC","hard",0.567,-1,1,-99,-0.099,0.91
17,"xotask","highSC","easy",0.569,-1,1,-99,-0.099,0.91
17,"xotask","highSC","easy",0.702,-1,1,-99,-0.099,0.94
17,"xotask","highSC","easy",0.518,-1,1,-99,-0.099,0.94
17,"xotask","highSC","easy",0.635,1,1,-99,-0.099,0.94
17,"xotask","highSC","easy",0.585,-1,1,-99,-0.099,0.94
17,"xotask","highSC","hard",0.585,-1,1,-99,-0.099,0.94
17,"xotask","highSC","average",0.585,-1,1,-99,-0.099,0.94
17,"xotask","highSC","average",0.485,-1,0,-99,-0.099,0.94
17,"xotask","highSC","average",0.552,1,1,-99,-0.099,0.94
17,"xotask","highSC","easy",0.402,1,1,-99,-0.099,0.94
17,"xotask","highSC","easy",0.518,1,1,-99,-0.099,0.94
17,"xotask","highSC","hard",0.501,-1,1,-99,-0.099,0.94
17,"xotask","highSC","average",0.434,1,0,-99,-0.099,0.94
17,"xotask","highSC","hard",1.719,1,1,-99,-0.099,0.94
17,"xotask","highSC","hard",0.718,1,1,-99,-0.099,0.94
17,"xotask","highSC","hard",0.569,-1,1,-99,-0.099,0.94
17,"xotask","highSC","average",0.352,1,1,-99,-0.099,0.94
17,"xotask","highSC","easy",0.418,1,1,-99,-0.099,0.94
17,"xotask","highSC","hard",0.652,-1,1,-99,-0.099,0.94
17,"xotask","highSC","hard",0.417,1,1,-99,-0.099,0.94
17,"xotask","highSC","easy",0.584,1,1,-99,-0.099,0.94
17,"xotask","highSC","easy",0.684,-1,1,-99,-0.099,0.94
17,"xotask","highSC","average",0.636,-1,0,-99,-0.099,0.94
17,"xotask","highSC","hard",0.753,1,1,-99,-0.099,0.94
17,"xotask","highSC","easy",0.552,1,1,-99,-0.099,0.94
17,"dotcolour","mediumSC","easy",0.818,-1,1,-99,-0.099,0.7
17,"dotcolour","mediumSC","average",0.585,1,1,-99,-0.099,0.7
17,"dotcolour","mediumSC","average",1.036,1,1,-99,-0.099,0.7
17,"dotcolour","mediumSC","average",0.735,1,1,-99,-0.099,0.7
17,"dotcolour","mediumSC","easy",0.434,-1,1,-99,-0.099,0.7
17,"dotcolour","mediumSC","average",0.602,-1,1,-99,-0.099,0.7
17,"dotcolour","mediumSC","easy",0.451,-1,1,-99,-0.099,0.7
17,"dotcolour","mediumSC","hard",1.203,-1,1,-99,-0.099,0.7
17,"dotcolour","mediumSC","hard",0.601,1,1,-99,-0.099,0.7
17,"dotcolour","mediumSC","average",0.618,1,1,-99,-0.099,0.7
17,"dotcolour","mediumSC","hard",1.268,-1,0,-99,-0.099,0.7
17,"dotcolour","mediumSC","average",0.535,-1,1,-99,-0.099,0.7
17,"dotcolour","mediumSC","easy",0.685,1,1,-99,-0.099,0.7
17,"dotcolour","mediumSC","hard",0.602,-1,0,-99,-0.099,0.7
17,"dotcolour","mediumSC","hard",0.485,-1,0,-99,-0.099,0.7
17,"dotcolour","mediumSC","hard",0.601,-1,0,-99,-0.099,0.7
17,"dotcolour","mediumSC","hard",0.652,1,1,-99,-0.099,0.7
17,"dotcolour","mediumSC","hard",0.684,1,1,-99,-0.099,0.7
17,"dotcolour","mediumSC","easy",0.752,-1,0,-99,-0.099,0.7
17,"dotcolour","mediumSC","hard",1.786,-1,0,-99,-0.099,0.7
17,"dotcolour","mediumSC","easy",0.552,1,1,-99,-0.099,0.7
17,"dotcolour","mediumSC","average",0.502,1,1,-99,-0.099,0.7
17,"dotcolour","mediumSC","easy",0.568,1,1,-99,-0.099,0.7
17,"dotcolour","mediumSC","easy",0.519,1,1,-99,-0.099,0.7
17,"dotcolour","mediumSC","average",0.668,-1,1,-99,-0.099,0.71
17,"dotcolour","mediumSC","hard",0.885,-1,1,-99,-0.099,0.71
17,"dotcolour","mediumSC","easy",0.485,1,1,-99,-0.099,0.71
17,"dotcolour","mediumSC","average",1.369,1,1,-99,-0.099,0.71
17,"dotcolour","mediumSC","hard",0.701,-1,1,-99,-0.099,0.71
17,"dotcolour","mediumSC","average",0.585,-1,1,-99,-0.099,0.71
17,"dotcolour","mediumSC","easy",0.601,-1,1,-99,-0.099,0.71
17,"dotcolour","mediumSC","easy",0.702,1,1,-99,-0.099,0.71
17,"dotcolour","mediumSC","hard",0.585,-1,0,-99,-0.099,0.71
17,"dotcolour","mediumSC","average",0.652,1,1,-99,-0.099,0.71
17,"dotcolour","mediumSC","hard",0.803,1,1,-99,-0.099,0.71
17,"dotcolour","mediumSC","hard",0.702,-1,1,-99,-0.099,0.71
17,"dotcolour","mediumSC","hard",0.719,1,1,-99,-0.099,0.71
17,"dotcolour","mediumSC","hard",0.952,-1,0,-99,-0.099,0.71
17,"dotcolour","mediumSC","easy",0.569,-1,1,-99,-0.099,0.71
17,"dotcolour","mediumSC","hard",0.485,1,0,-99,-0.099,0.71
17,"dotcolour","mediumSC","hard",0.617,1,1,-99,-0.099,0.71
17,"dotcolour","mediumSC","average",0.519,1,1,-99,-0.099,0.71
17,"dotcolour","mediumSC","hard",0.718,1,1,-99,-0.099,0.71
17,"dotcolour","mediumSC","easy",0.468,-1,1,-99,-0.099,0.71
17,"dotcolour","mediumSC","average",0.617,-1,0,-99,-0.099,0.71
17,"dotcolour","mediumSC","easy",0.586,1,1,-99,-0.099,0.71
17,"dotcolour","mediumSC","hard",0.819,1,1,-99,-0.099,0.71
17,"dotcolour","mediumSC","easy",0.585,1,1,-99,-0.099,0.71
17,"dotcolour","mediumSC","easy",0.685,-1,1,-99,-0.099,0.7
17,"dotcolour","mediumSC","easy",0.903,-1,1,-99,-0.099,0.7
17,"dotcolour","mediumSC","hard",0.534,-1,0,-99,-0.099,0.7
17,"dotcolour","mediumSC","hard",0.635,1,0,-99,-0.099,0.7
17,"dotcolour","mediumSC","easy",0.65,1,1,-99,-0.099,0.7
17,"dotcolour","mediumSC","hard",0.685,1,1,-99,-0.099,0.7
17,"dotcolour","mediumSC","easy",0.417,1,1,-99,-0.099,0.7
17,"dotcolour","mediumSC","average",0.518,1,1,-99,-0.099,0.7
17,"dotcolour","mediumSC","easy",0.535,-1,1,-99,-0.099,0.7
17,"dotcolour","mediumSC","hard",0.585,-1,1,-99,-0.099,0.7
17,"dotcolour","mediumSC","hard",1.101,-1,1,-99,-0.099,0.7
17,"dotcolour","mediumSC","hard",0.635,1,1,-99,-0.099,0.7
17,"dotcolour","mediumSC","average",0.602,-1,1,-99,-0.099,0.7
17,"dotcolour","mediumSC","easy",0.536,-1,1,-99,-0.099,0.7
17,"dotcolour","mediumSC","easy",0.485,1,1,-99,-0.099,0.7
17,"dotcolour","mediumSC","easy",0.451,1,1,-99,-0.099,0.7
17,"dotcolour","mediumSC","hard",1.186,-1,1,-99,-0.099,0.7
17,"dotcolour","mediumSC","average",0.752,1,1,-99,-0.099,0.7
17,"dotcolour","mediumSC","average",0.484,-1,1,-99,-0.099,0.7
17,"dotcolour","mediumSC","hard",0.652,-1,1,-99,-0.099,0.7
17,"dotcolour","mediumSC","hard",0.801,1,1,-99,-0.099,0.7
17,"dotcolour","mediumSC","easy",0.669,-1,1,-99,-0.099,0.7
17,"dotcolour","mediumSC","average",0.718,-1,0,-99,-0.099,0.7
17,"dotcolour","mediumSC","average",0.785,1,1,-99,-0.099,0.7
17,"dotcolour","mediumSC","easy",0.402,1,1,-99,-0.099,0.71
17,"dotcolour","mediumSC","easy",0.502,1,1,-99,-0.099,0.71
17,"dotcolour","mediumSC","average",0.568,1,1,-99,-0.099,0.71
17,"dotcolour","mediumSC","average",2.652,-1,1,-99,-0.099,0.71
17,"dotcolour","mediumSC","average",0.767,1,1,-99,-0.099,0.71
17,"dotcolour","mediumSC","hard",0.619,-1,1,-99,-0.099,0.71
17,"dotcolour","mediumSC","easy",0.368,1,1,-99,-0.099,0.71
17,"dotcolour","mediumSC","hard",0.635,-1,1,-99,-0.099,0.71
17,"dotcolour","mediumSC","average",0.585,1,1,-99,-0.099,0.71
17,"dotcolour","mediumSC","hard",0.635,1,1,-99,-0.099,0.71
17,"dotcolour","mediumSC","hard",0.619,-1,1,-99,-0.099,0.71
17,"dotcolour","mediumSC","average",0.468,-1,1,-99,-0.099,0.71
17,"dotcolour","mediumSC","hard",0.702,1,1,-99,-0.099,0.71
17,"dotcolour","mediumSC","average",0.402,1,1,-99,-0.099,0.71
17,"dotcolour","mediumSC","hard",0.367,1,0,-99,-0.099,0.71
17,"dotcolour","mediumSC","easy",0.484,-1,1,-99,-0.099,0.71
17,"dotcolour","mediumSC","easy",0.518,-1,1,-99,-0.099,0.71
17,"dotcolour","mediumSC","easy",0.485,-1,1,-99,-0.099,0.71
17,"dotcolour","mediumSC","average",0.469,-1,1,-99,-0.099,0.71
17,"dotcolour","mediumSC","hard",0.635,1,1,-99,-0.099,0.71
17,"dotcolour","mediumSC","average",0.769,1,0,-99,-0.099,0.71
17,"dotcolour","mediumSC","average",0.718,-1,1,-99,-0.099,0.71
17,"dotcolour","mediumSC","hard",0.568,-1,1,-99,-0.099,0.71
17,"dotcolour","mediumSC","hard",1.687,-1,1,-99,-0.099,0.71
17,"dotcolour","mediumSC","easy",0.552,-1,1,-99,-0.099,0.81
17,"dotcolour","mediumSC","average",1.169,-1,0,-99,-0.099,0.81
17,"dotcolour","mediumSC","average",0.602,-1,1,-99,-0.099,0.81
17,"dotcolour","mediumSC","easy",0.585,1,1,-99,-0.099,0.81
17,"dotcolour","mediumSC","hard",0.635,1,1,-99,-0.099,0.81
17,"dotcolour","mediumSC","average",0.486,1,1,-99,-0.099,0.81
17,"dotcolour","mediumSC","easy",0.668,-1,1,-99,-0.099,0.81
17,"dotcolour","mediumSC","hard",0.586,1,1,-99,-0.099,0.81
17,"dotcolour","mediumSC","easy",0.702,1,1,-99,-0.099,0.81
17,"dotcolour","mediumSC","easy",0.468,1,1,-99,-0.099,0.81
17,"dotcolour","mediumSC","easy",0.369,1,1,-99,-0.099,0.81
17,"dotcolour","mediumSC","average",0.586,-1,1,-99,-0.099,0.81
17,"dotcolour","mediumSC","easy",0.685,1,1,-99,-0.099,0.81
17,"dotcolour","mediumSC","easy",0.417,1,0,-99,-0.099,0.81
17,"dotcolour","mediumSC","average",0.721,-1,1,-99,-0.099,0.81
17,"dotcolour","mediumSC","average",0.584,-1,1,-99,-0.099,0.81
17,"dotcolour","mediumSC","easy",0.518,-1,1,-99,-0.099,0.81
17,"dotcolour","mediumSC","hard",0.485,-1,1,-99,-0.099,0.81
17,"dotcolour","mediumSC","average",0.667,1,1,-99,-0.099,0.81
17,"dotcolour","mediumSC","average",0.668,-1,1,-99,-0.099,0.81
17,"dotcolour","mediumSC","easy",0.651,1,1,-99,-0.099,0.81
17,"dotcolour","mediumSC","hard",1.136,-1,0,-99,-0.099,0.81
17,"dotcolour","mediumSC","hard",0.953,1,1,-99,-0.099,0.81
17,"dotcolour","mediumSC","easy",0.585,-1,1,-99,-0.099,0.81
18,"xotask","mediumSC","easy",4.555,1,0,-99,-0.099,0.75
18,"xotask","mediumSC","average",1.635,1,1,-99,-0.099,0.75
18,"xotask","mediumSC","hard",1.687,-1,0,-99,-0.099,0.75
18,"xotask","mediumSC","hard",1.869,1,1,-99,-0.099,0.75
18,"xotask","mediumSC","easy",1.253,1,1,-99,-0.099,0.75
18,"xotask","mediumSC","easy",1.219,-1,1,-99,-0.099,0.75
18,"xotask","mediumSC","average",1.886,1,1,-99,-0.099,0.75
18,"xotask","mediumSC","easy",1.186,1,1,-99,-0.099,0.75
18,"xotask","mediumSC","hard",1.152,1,1,-99,-0.099,0.75
18,"xotask","mediumSC","average",1.052,-1,1,-99,-0.099,0.75
18,"xotask","mediumSC","average",1.219,-1,1,-99,-0.099,0.75
18,"xotask","mediumSC","hard",1.453,-1,1,-99,-0.099,0.75
18,"xotask","mediumSC","average",1.119,-1,1,-99,-0.099,0.75
18,"xotask","mediumSC","easy",0.886,-1,1,-99,-0.099,0.75
18,"xotask","mediumSC","hard",0.752,-1,1,-99,-0.099,0.75
18,"xotask","mediumSC","hard",0.684,-1,1,-99,-0.099,0.75
18,"xotask","mediumSC","easy",0.585,-1,1,-99,-0.099,0.75
18,"xotask","mediumSC","hard",0.536,-1,1,-99,-0.099,0.75
18,"xotask","mediumSC","average",0.968,1,1,-99,-0.099,0.75
18,"xotask","mediumSC","easy",0.535,-1,1,-99,-0.099,0.75
18,"xotask","mediumSC","easy",0.518,-1,0,-99,-0.099,0.75
18,"xotask","mediumSC","hard",1.468,1,1,-99,-0.099,0.75
18,"xotask","mediumSC","easy",1.119,-1,1,-99,-0.099,0.75
18,"xotask","mediumSC","easy",0.951,1,1,-99,-0.099,0.75
18,"xotask","mediumSC","easy",0.969,1,1,-99,-0.099,0.71
18,"xotask","mediumSC","easy",0.986,-1,1,-99,-0.099,0.71
18,"xotask","mediumSC","hard",0.752,-1,1,-99,-0.099,0.71
18,"xotask","mediumSC","average",1.236,-1,1,-99,-0.099,0.71
18,"xotask","mediumSC","average",0.902,-1,1,-99,-0.099,0.71
18,"xotask","mediumSC","easy",0.919,-1,1,-99,-0.099,0.71
18,"xotask","mediumSC","hard",1.386,1,1,-99,-0.099,0.71
18,"xotask","mediumSC","hard",1.119,-1,1,-99,-0.099,0.71
18,"xotask","mediumSC","hard",0.986,-1,1,-99,-0.099,0.71
18,"xotask","mediumSC","average",0.935,-1,1,-99,-0.099,0.71
18,"xotask","mediumSC","easy",0.818,1,1,-99,-0.099,0.71
18,"xotask","mediumSC","easy",1.385,1,1,-99,-0.099,0.71
18,"xotask","mediumSC","hard",0.902,-1,1,-99,-0.099,0.71
18,"xotask","mediumSC","hard",0.535,-1,1,-99,-0.099,0.71
18,"xotask","mediumSC","hard",1.036,1,1,-99,-0.099,0.71
18,"xotask","mediumSC","average",1.052,1,1,-99,-0.099,0.71
18,"xotask","mediumSC","average",0.867,-1,1,-99,-0.099,0.71
18,"xotask","mediumSC","easy",0.852,-1,1,-99,-0.099,0.71
18,"xotask","mediumSC","hard",0.618,1,1,-99,-0.099,0.71
18,"xotask","mediumSC","easy",0.602,1,1,-99,-0.099,0.71
18,"xotask","mediumSC","hard",0.551,-1,1,-99,-0.099,0.71
18,"xotask","mediumSC","easy",0.651,-1,1,-99,-0.099,0.71
18,"xotask","mediumSC","average",0.601,1,1,-99,-0.099,0.71
18,"xotask","mediumSC","hard",0.751,1,1,-99,-0.099,0.71
18,"xotask","mediumSC","hard",0.751,-1,1,-99,-0.099,0.77
18,"xotask","mediumSC","easy",1.336,1,1,-99,-0.099,0.77
18,"xotask","mediumSC","average",0.635,-1,1,-99,-0.099,0.77
18,"xotask","mediumSC","hard",1.069,1,1,-99,-0.099,0.77
18,"xotask","mediumSC","easy",0.653,-1,1,-99,-0.099,0.77
18,"xotask","mediumSC","average",0.936,-1,0,-99,-0.099,0.77
18,"xotask","mediumSC","hard",1.302,1,1,-99,-0.099,0.77
18,"xotask","mediumSC","hard",0.935,1,1,-99,-0.099,0.77
18,"xotask","mediumSC","hard",1.053,1,0,-99,-0.099,0.77
18,"xotask","mediumSC","average",0.819,1,1,-99,-0.099,0.77
18,"xotask","mediumSC","easy",0.535,-1,1,-99,-0.099,0.77
18,"xotask","mediumSC","easy",0.686,1,1,-99,-0.099,0.77
18,"xotask","mediumSC","easy",0.985,-1,1,-99,-0.099,0.77
18,"xotask","mediumSC","hard",0.968,-1,1,-99,-0.099,0.77
18,"xotask","mediumSC","hard",0.718,-1,1,-99,-0.099,0.77
18,"xotask","mediumSC","easy",0.585,-1,1,-99,-0.099,0.77
18,"xotask","mediumSC","average",0.569,-1,1,-99,-0.099,0.77
18,"xotask","mediumSC","average",0.485,-1,0,-99,-0.099,0.77
18,"xotask","mediumSC","average",0.701,1,1,-99,-0.099,0.77
18,"xotask","mediumSC","average",0.485,1,1,-99,-0.099,0.77
18,"xotask","mediumSC","easy",0.551,-1,1,-99,-0.099,0.77
18,"xotask","mediumSC","hard",0.585,-1,0,-99,-0.099,0.77
18,"xotask","mediumSC","hard",1.102,1,1,-99,-0.099,0.77
18,"xotask","mediumSC","easy",0.719,1,1,-99,-0.099,0.77
18,"xotask","mediumSC","average",0.551,1,1,-99,-0.099,0.76
18,"xotask","mediumSC","easy",0.602,1,1,-99,-0.099,0.76
18,"xotask","mediumSC","hard",0.602,1,0,-99,-0.099,0.76
18,"xotask","mediumSC","hard",0.568,1,0,-99,-0.099,0.76
18,"xotask","mediumSC","easy",0.618,1,1,-99,-0.099,0.76
18,"xotask","mediumSC","easy",0.569,1,1,-99,-0.099,0.76
18,"xotask","mediumSC","easy",0.752,-1,1,-99,-0.099,0.76
18,"xotask","mediumSC","hard",0.668,1,1,-99,-0.099,0.76
18,"xotask","mediumSC","hard",0.952,-1,1,-99,-0.099,0.76
18,"xotask","mediumSC","average",1.52,-1,1,-99,-0.099,0.76
18,"xotask","mediumSC","average",0.618,1,1,-99,-0.099,0.76
18,"xotask","mediumSC","hard",0.635,-1,1,-99,-0.099,0.76
18,"xotask","mediumSC","easy",1.152,1,0,-99,-0.099,0.76
18,"xotask","mediumSC","average",0.635,1,1,-99,-0.099,0.76
18,"xotask","mediumSC","hard",0.936,-1,0,-99,-0.099,0.76
18,"xotask","mediumSC","hard",0.685,1,0,-99,-0.099,0.76
18,"xotask","mediumSC","average",0.601,1,1,-99,-0.099,0.76
18,"xotask","mediumSC","average",0.501,1,1,-99,-0.099,0.76
18,"xotask","mediumSC","average",0.636,-1,1,-99,-0.099,0.76
18,"xotask","mediumSC","average",0.702,-1,0,-99,-0.099,0.76
18,"xotask","mediumSC","hard",0.852,-1,1,-99,-0.099,0.76
18,"xotask","mediumSC","easy",1.068,-1,1,-99,-0.099,0.76
18,"xotask","mediumSC","easy",0.685,1,1,-99,-0.099,0.76
18,"xotask","mediumSC","average",0.852,-1,1,-99,-0.099,0.76
18,"xotask","mediumSC","hard",0.969,-1,0,-99,-0.099,0.7
18,"xotask","mediumSC","hard",0.602,-1,1,-99,-0.099,0.7
18,"xotask","mediumSC","hard",0.853,1,1,-99,-0.099,0.7
18,"xotask","mediumSC","easy",0.851,1,1,-99,-0.099,0.7
18,"xotask","mediumSC","average",0.853,-1,1,-99,-0.099,0.7
18,"xotask","mediumSC","average",0.552,1,1,-99,-0.099,0.7
18,"xotask","mediumSC","easy",0.535,-1,1,-99,-0.099,0.7
18,"xotask","mediumSC","hard",0.652,1,1,-99,-0.099,0.7
18,"xotask","mediumSC","easy",0.552,1,1,-99,-0.099,0.7
18,"xotask","mediumSC","easy",0.418,1,1,-99,-0.099,0.7
18,"xotask","mediumSC","average",0.401,1,1,-99,-0.099,0.7
18,"xotask","mediumSC","average",0.769,1,1,-99,-0.099,0.7
18,"xotask","mediumSC","average",1.285,1,0,-99,-0.099,0.7
18,"xotask","mediumSC","hard",0.635,1,0,-99,-0.099,0.7
18,"xotask","mediumSC","easy",0.569,1,1,-99,-0.099,0.7
18,"xotask","mediumSC","easy",0.485,-1,1,-99,-0.099,0.7
18,"xotask","mediumSC","easy",0.418,-1,1,-99,-0.099,0.7
18,"xotask","mediumSC","hard",0.602,-1,1,-99,-0.099,0.7
18,"xotask","mediumSC","average",0.568,-1,1,-99,-0.099,0.7
18,"xotask","mediumSC","average",0.55,1,1,-99,-0.099,0.7
18,"xotask","mediumSC","hard",0.985,1,1,-99,-0.099,0.7
18,"xotask","mediumSC","hard",0.601,-1,1,-99,-0.099,0.7
18,"xotask","mediumSC","hard",0.551,1,1,-99,-0.099,0.7
18,"xotask","mediumSC","easy",0.468,1,1,-99,-0.099,0.7
18,"dotcolour","lowSC","average",0.786,-1,1,-99,-0.099,0.66
18,"dotcolour","lowSC","hard",0.869,-1,1,-99,-0.099,0.66
18,"dotcolour","lowSC","hard",0.702,1,1,-99,-0.099,0.66
18,"dotcolour","lowSC","average",0.601,-1,1,-99,-0.099,0.66
18,"dotcolour","lowSC","average",0.4,-1,1,-99,-0.099,0.66
18,"dotcolour","lowSC","hard",0.335,-1,1,-99,-0.099,0.66
18,"dotcolour","lowSC","hard",0.569,-1,0,-99,-0.099,0.66
18,"dotcolour","lowSC","easy",0.468,-1,1,-99,-0.099,0.66
18,"dotcolour","lowSC","hard",0.469,-1,1,-99,-0.099,0.66
18,"dotcolour","lowSC","easy",0.601,-1,1,-99,-0.099,0.66
18,"dotcolour","lowSC","average",0.451,1,1,-99,-0.099,0.66
18,"dotcolour","lowSC","hard",0.402,-1,1,-99,-0.099,0.66
18,"dotcolour","lowSC","easy",0.887,1,1,-99,-0.099,0.66
18,"dotcolour","lowSC","easy",0.47,1,1,-99,-0.099,0.66
18,"dotcolour","lowSC","easy",0.435,-1,1,-99,-0.099,0.66
18,"dotcolour","lowSC","hard",0.468,1,0,-99,-0.099,0.66
18,"dotcolour","lowSC","easy",0.451,-1,1,-99,-0.099,0.66
18,"dotcolour","lowSC","easy",0.401,-1,1,-99,-0.099,0.66
18,"dotcolour","lowSC","easy",0.367,-1,1,-99,-0.099,0.66
18,"dotcolour","lowSC","hard",0.452,-1,1,-99,-0.099,0.66
18,"dotcolour","lowSC","easy",0.552,1,1,-99,-0.099,0.66
18,"dotcolour","lowSC","average",0.919,1,1,-99,-0.099,0.66
18,"dotcolour","lowSC","hard",1.386,-1,1,-99,-0.099,0.66
18,"dotcolour","lowSC","hard",1.019,-1,1,-99,-0.099,0.66
18,"dotcolour","lowSC","easy",0.652,1,1,-99,-0.099,0.61
18,"dotcolour","lowSC","hard",1.052,-1,1,-99,-0.099,0.61
18,"dotcolour","lowSC","easy",0.685,-1,1,-99,-0.099,0.61
18,"dotcolour","lowSC","average",0.735,1,1,-99,-0.099,0.61
18,"dotcolour","lowSC","easy",0.468,1,1,-99,-0.099,0.61
18,"dotcolour","lowSC","easy",0.601,1,1,-99,-0.099,0.61
18,"dotcolour","lowSC","hard",0.701,-1,0,-99,-0.099,0.61
18,"dotcolour","lowSC","easy",0.467,-1,1,-99,-0.099,0.61
18,"dotcolour","lowSC","easy",0.468,1,1,-99,-0.099,0.61
18,"dotcolour","lowSC","average",0.602,1,1,-99,-0.099,0.61
18,"dotcolour","lowSC","easy",0.768,1,1,-99,-0.099,0.61
18,"dotcolour","lowSC","average",0.585,-1,1,-99,-0.099,0.61
18,"dotcolour","lowSC","easy",0.619,1,1,-99,-0.099,0.61
18,"dotcolour","lowSC","easy",0.417,1,1,-99,-0.099,0.61
18,"dotcolour","lowSC","hard",0.501,-1,0,-99,-0.099,0.61
18,"dotcolour","lowSC","hard",0.768,-1,1,-99,-0.099,0.61
18,"dotcolour","lowSC","average",0.551,1,1,-99,-0.099,0.61
18,"dotcolour","lowSC","easy",0.936,-1,1,-99,-0.099,0.61
18,"dotcolour","lowSC","hard",0.969,1,0,-99,-0.099,0.61
18,"dotcolour","lowSC","hard",0.585,-1,1,-99,-0.099,0.61
18,"dotcolour","lowSC","hard",0.752,1,1,-99,-0.099,0.61
18,"dotcolour","lowSC","average",0.534,-1,1,-99,-0.099,0.61
18,"dotcolour","lowSC","hard",0.635,-1,1,-99,-0.099,0.61
18,"dotcolour","lowSC","easy",0.535,-1,1,-99,-0.099,0.61
18,"dotcolour","lowSC","average",0.601,1,1,-99,-0.099,0.6
18,"dotcolour","lowSC","average",0.368,1,1,-99,-0.099,0.6
18,"dotcolour","lowSC","average",0.469,-1,1,-99,-0.099,0.6
18,"dotcolour","lowSC","easy",0.435,1,0,-99,-0.099,0.6
18,"dotcolour","lowSC","average",0.702,1,1,-99,-0.099,0.6
18,"dotcolour","lowSC","hard",0.668,1,1,-99,-0.099,0.6
18,"dotcolour","lowSC","hard",1.002,-1,1,-99,-0.099,0.6
18,"dotcolour","lowSC","average",0.602,1,1,-99,-0.099,0.6
18,"dotcolour","lowSC","average",0.669,-1,1,-99,-0.099,0.6
18,"dotcolour","lowSC","hard",0.852,1,1,-99,-0.099,0.6
18,"dotcolour","lowSC","easy",0.535,-1,1,-99,-0.099,0.6
18,"dotcolour","lowSC","average",1.002,1,0,-99,-0.099,0.6
18,"dotcolour","lowSC","easy",0.802,1,1,-99,-0.099,0.6
18,"dotcolour","lowSC","average",1.669,-1,1,-99,-0.099,0.6
18,"dotcolour","lowSC","easy",0.585,1,1,-99,-0.099,0.6
18,"dotcolour","lowSC","easy",0.451,1,1,-99,-0.099,0.6
18,"dotcolour","lowSC","average",0.502,-1,1,-99,-0.099,0.6
18,"dotcolour","lowSC","easy",0.535,1,1,-99,-0.099,0.6
18,"dotcolour","lowSC","easy",0.518,-1,1,-99,-0.099,0.6
18,"dotcolour","lowSC","average",0.485,1,1,-99,-0.099,0.6
18,"dotcolour","lowSC","easy",0.536,-1,1,-99,-0.099,0.6
18,"dotcolour","lowSC","hard",0.818,1,1,-99,-0.099,0.6
18,"dotcolour","lowSC","hard",0.652,1,1,-99,-0.099,0.6
18,"dotcolour","lowSC","hard",0.669,1,0,-99,-0.099,0.6
18,"dotcolour","lowSC","average",0.602,-1,1,-99,-0.099,0.58
18,"dotcolour","lowSC","hard",0.768,1,0,-99,-0.099,0.58
18,"dotcolour","lowSC","hard",0.518,-1,0,-99,-0.099,0.58
18,"dotcolour","lowSC","hard",0.651,1,0,-99,-0.099,0.58
18,"dotcolour","lowSC","average",0.551,1,1,-99,-0.099,0.58
18,"dotcolour","lowSC","hard",0.702,-1,0,-99,-0.099,0.58
18,"dotcolour","lowSC","easy",0.535,1,1,-99,-0.099,0.58
18,"dotcolour","lowSC","hard",0.819,-1,0,-99,-0.099,0.58
18,"dotcolour","lowSC","hard",0.852,1,0,-99,-0.099,0.58
18,"dotcolour","lowSC","hard",1.169,1,0,-99,-0.099,0.58
18,"dotcolour","lowSC","hard",0.868,-1,1,-99,-0.099,0.58
18,"dotcolour","lowSC","easy",0.552,-1,1,-99,-0.099,0.58
18,"dotcolour","lowSC","hard",1.119,-1,1,-99,-0.099,0.58
18,"dotcolour","lowSC","hard",0.569,1,1,-99,-0.099,0.58
18,"dotcolour","lowSC","easy",0.534,1,1,-99,-0.099,0.58
18,"dotcolour","lowSC","average",1.185,-1,1,-99,-0.099,0.58
18,"dotcolour","lowSC","average",0.535,1,1,-99,-0.099,0.58
18,"dotcolour","lowSC","hard",0.902,-1,1,-99,-0.099,0.58
18,"dotcolour","lowSC","hard",0.685,1,0,-99,-0.099,0.58
18,"dotcolour","lowSC","average",0.586,1,1,-99,-0.099,0.58
18,"dotcolour","lowSC","easy",0.652,1,1,-99,-0.099,0.58
18,"dotcolour","lowSC","easy",0.451,-1,1,-99,-0.099,0.58
18,"dotcolour","lowSC","easy",0.402,1,1,-99,-0.099,0.58
18,"dotcolour","lowSC","easy",0.652,-1,1,-99,-0.099,0.58
18,"dotcolour","lowSC","average",0.618,1,0,-99,-0.099,0.54
18,"dotcolour","lowSC","average",0.634,-1,1,-99,-0.099,0.54
18,"dotcolour","lowSC","hard",0.718,-1,1,-99,-0.099,0.54
18,"dotcolour","lowSC","hard",0.935,-1,0,-99,-0.099,0.54
18,"dotcolour","lowSC","average",0.719,1,1,-99,-0.099,0.54
18,"dotcolour","lowSC","easy",0.602,-1,1,-99,-0.099,0.54
18,"dotcolour","lowSC","hard",0.701,1,0,-99,-0.099,0.54
18,"dotcolour","lowSC","easy",0.568,1,1,-99,-0.099,0.54
18,"dotcolour","lowSC","hard",0.717,-1,1,-99,-0.099,0.54
18,"dotcolour","lowSC","hard",0.55,1,1,-99,-0.099,0.54
18,"dotcolour","lowSC","easy",0.585,1,1,-99,-0.099,0.54
18,"dotcolour","lowSC","average",0.551,-1,1,-99,-0.099,0.54
18,"dotcolour","lowSC","hard",0.768,1,1,-99,-0.099,0.54
18,"dotcolour","lowSC","easy",0.584,-1,0,-99,-0.099,0.54
18,"dotcolour","lowSC","hard",0.836,1,0,-99,-0.099,0.54
18,"dotcolour","lowSC","easy",0.451,1,1,-99,-0.099,0.54
18,"dotcolour","lowSC","average",0.619,-1,1,-99,-0.099,0.54
18,"dotcolour","lowSC","average",0.518,1,1,-99,-0.099,0.54
18,"dotcolour","lowSC","average",0.986,1,1,-99,-0.099,0.54
18,"dotcolour","lowSC","average",0.618,1,1,-99,-0.099,0.54
18,"dotcolour","lowSC","easy",0.502,-1,1,-99,-0.099,0.54
18,"dotcolour","lowSC","average",0.351,1,1,-99,-0.099,0.54
18,"dotcolour","lowSC","easy",0.418,1,1,-99,-0.099,0.54
18,"dotcolour","lowSC","easy",0.435,-1,1,-99,-0.099,0.54
18,"dotnumber","highSC","easy",1.085,-1,0,-99,-0.099,0.93
18,"dotnumber","highSC","hard",0.869,1,0,-99,-0.099,0.93
18,"dotnumber","highSC","average",0.652,1,0,-99,-0.099,0.93
18,"dotnumber","highSC","easy",0.502,-1,1,-99,-0.099,0.93
18,"dotnumber","highSC","average",0.552,1,1,-99,-0.099,0.93
18,"dotnumber","highSC","easy",0.652,-1,1,-99,-0.099,0.93
18,"dotnumber","highSC","hard",0.602,1,1,-99,-0.099,0.93
18,"dotnumber","highSC","average",0.634,1,1,-99,-0.099,0.93
18,"dotnumber","highSC","hard",0.469,1,1,-99,-0.099,0.93
18,"dotnumber","highSC","average",0.467,1,0,-99,-0.099,0.93
18,"dotnumber","highSC","average",0.502,1,0,-99,-0.099,0.93
18,"dotnumber","highSC","average",0.619,-1,1,-99,-0.099,0.93
18,"dotnumber","highSC","easy",0.852,1,0,-99,-0.099,0.93
18,"dotnumber","highSC","easy",0.451,1,1,-99,-0.099,0.93
18,"dotnumber","highSC","hard",0.502,1,0,-99,-0.099,0.93
18,"dotnumber","highSC","easy",0.485,1,1,-99,-0.099,0.93
18,"dotnumber","highSC","easy",0.651,1,1,-99,-0.099,0.93
18,"dotnumber","highSC","easy",0.517,1,1,-99,-0.099,0.93
18,"dotnumber","highSC","hard",0.701,1,0,-99,-0.099,0.93
18,"dotnumber","highSC","average",0.502,-1,0,-99,-0.099,0.93
18,"dotnumber","highSC","hard",0.453,1,0,-99,-0.099,0.93
18,"dotnumber","highSC","hard",0.467,-1,0,-99,-0.099,0.93
18,"dotnumber","highSC","easy",0.468,1,0,-99,-0.099,0.93
18,"dotnumber","highSC","hard",0.485,-1,0,-99,-0.099,0.93
18,"dotnumber","highSC","easy",0.535,1,1,-99,-0.099,0.83
18,"dotnumber","highSC","hard",0.652,-1,1,-99,-0.099,0.83
18,"dotnumber","highSC","hard",0.601,1,0,-99,-0.099,0.83
18,"dotnumber","highSC","average",1.137,-1,1,-99,-0.099,0.83
18,"dotnumber","highSC","average",0.685,1,1,-99,-0.099,0.83
18,"dotnumber","highSC","average",1.168,-1,0,-99,-0.099,0.83
18,"dotnumber","highSC","average",0.668,1,1,-99,-0.099,0.83
18,"dotnumber","highSC","hard",0.502,-1,1,-99,-0.099,0.83
18,"dotnumber","highSC","easy",0.585,1,1,-99,-0.099,0.83
18,"dotnumber","highSC","easy",0.969,-1,1,-99,-0.099,0.83
18,"dotnumber","highSC","average",0.468,1,1,-99,-0.099,0.83
18,"dotnumber","highSC","easy",0.651,-1,1,-99,-0.099,0.83
18,"dotnumber","highSC","easy",0.636,1,1,-99,-0.099,0.83
18,"dotnumber","highSC","average",0.601,-1,1,-99,-0.099,0.83
18,"dotnumber","highSC","hard",0.602,-1,1,-99,-0.099,0.83
18,"dotnumber","highSC","hard",0.569,1,1,-99,-0.099,0.83
18,"dotnumber","highSC","hard",0.584,-1,0,-99,-0.099,0.83
18,"dotnumber","highSC","hard",0.635,-1,1,-99,-0.099,0.83
18,"dotnumber","highSC","hard",0.618,-1,1,-99,-0.099,0.83
18,"dotnumber","highSC","average",0.568,1,1,-99,-0.099,0.83
18,"dotnumber","highSC","easy",0.652,-1,1,-99,-0.099,0.83
18,"dotnumber","highSC","average",0.653,1,0,-99,-0.099,0.83
18,"dotnumber","highSC","hard",0.635,-1,0,-99,-0.099,0.83
18,"dotnumber","highSC","average",0.502,1,1,-99,-0.099,0.83
18,"dotnumber","highSC","hard",0.653,1,1,-99,-0.099,0.94
18,"dotnumber","highSC","average",0.686,-1,1,-99,-0.099,0.94
18,"dotnumber","highSC","easy",0.534,1,1,-99,-0.099,0.94
18,"dotnumber","highSC","average",0.568,1,1,-99,-0.099,0.94
18,"dotnumber","highSC","easy",0.618,-1,1,-99,-0.099,0.94
18,"dotnumber","highSC","easy",0.735,-1,1,-99,-0.099,0.94
18,"dotnumber","highSC","hard",0.635,1,0,-99,-0.099,0.94
18,"dotnumber","highSC","easy",0.618,1,1,-99,-0.099,0.94
18,"dotnumber","highSC","easy",0.485,1,1,-99,-0.099,0.94
18,"dotnumber","highSC","hard",0.902,-1,0,-99,-0.099,0.94
18,"dotnumber","highSC","hard",0.434,1,0,-99,-0.099,0.94
18,"dotnumber","highSC","easy",0.586,-1,1,-99,-0.099,0.94
18,"dotnumber","highSC","hard",0.819,-1,1,-99,-0.099,0.94
18,"dotnumber","highSC","hard",0.885,1,0,-99,-0.099,0.94
18,"dotnumber","highSC","average",0.619,1,0,-99,-0.099,0.94
18,"dotnumber","highSC","easy",0.452,-1,1,-99,-0.099,0.94
18,"dotnumber","highSC","hard",0.401,1,1,-99,-0.099,0.94
18,"dotnumber","highSC","hard",0.552,-1,0,-99,-0.099,0.94
18,"dotnumber","highSC","hard",0.618,-1,1,-99,-0.099,0.94
18,"dotnumber","highSC","hard",0.719,1,1,-99,-0.099,0.94
18,"dotnumber","highSC","easy",0.852,1,0,-99,-0.099,0.94
18,"dotnumber","highSC","average",0.569,1,1,-99,-0.099,0.94
18,"dotnumber","highSC","hard",0.518,1,1,-99,-0.099,0.94
18,"dotnumber","highSC","easy",0.585,-1,0,-99,-0.099,0.94
18,"dotnumber","highSC","easy",0.467,-1,1,-99,-0.099,0.95
18,"dotnumber","highSC","easy",0.467,1,1,-99,-0.099,0.95
18,"dotnumber","highSC","average",0.885,1,1,-99,-0.099,0.95
18,"dotnumber","highSC","hard",0.568,1,1,-99,-0.099,0.95
18,"dotnumber","highSC","easy",0.818,-1,1,-99,-0.099,0.95
18,"dotnumber","highSC","hard",0.502,1,1,-99,-0.099,0.95
18,"dotnumber","highSC","easy",0.468,1,1,-99,-0.099,0.95
18,"dotnumber","highSC","hard",0.602,1,0,-99,-0.099,0.95
18,"dotnumber","highSC","hard",0.385,1,0,-99,-0.099,0.95
18,"dotnumber","highSC","easy",0.502,1,0,-99,-0.099,0.95
18,"dotnumber","highSC","easy",0.451,1,0,-99,-0.099,0.95
18,"dotnumber","highSC","easy",0.635,-1,1,-99,-0.099,0.95
18,"dotnumber","highSC","hard",0.686,-1,1,-99,-0.099,0.95
18,"dotnumber","highSC","easy",0.368,1,0,-99,-0.099,0.95
18,"dotnumber","highSC","average",0.5,-1,0,-99,-0.099,0.95
18,"dotnumber","highSC","average",0.518,-1,1,-99,-0.099,0.95
18,"dotnumber","highSC","average",0.668,1,1,-99,-0.099,0.95
18,"dotnumber","highSC","hard",0.719,1,1,-99,-0.099,0.95
18,"dotnumber","highSC","easy",0.685,-1,1,-99,-0.099,0.95
18,"dotnumber","highSC","average",0.651,-1,1,-99,-0.099,0.95
18,"dotnumber","highSC","easy",0.618,-1,1,-99,-0.099,0.95
18,"dotnumber","highSC","average",0.684,-1,0,-99,-0.099,0.95
18,"dotnumber","highSC","hard",0.667,1,1,-99,-0.099,0.95
18,"dotnumber","highSC","hard",0.585,1,1,-99,-0.099,0.95
18,"dotnumber","highSC","easy",0.517,1,1,-99,-0.099,0.91
18,"dotnumber","highSC","hard",0.818,1,1,-99,-0.099,0.91
18,"dotnumber","highSC","easy",0.601,1,1,-99,-0.099,0.91
18,"dotnumber","highSC","easy",0.468,1,1,-99,-0.099,0.91
18,"dotnumber","highSC","average",0.468,1,0,-99,-0.099,0.91
18,"dotnumber","highSC","easy",0.636,1,1,-99,-0.099,0.91
18,"dotnumber","highSC","easy",0.702,-1,1,-99,-0.099,0.91
18,"dotnumber","highSC","average",0.602,-1,1,-99,-0.099,0.91
18,"dotnumber","highSC","average",0.569,-1,1,-99,-0.099,0.91
18,"dotnumber","highSC","easy",0.485,-1,0,-99,-0.099,0.91
18,"dotnumber","highSC","average",0.551,-1,1,-99,-0.099,0.91
18,"dotnumber","highSC","easy",0.519,-1,1,-99,-0.099,0.91
18,"dotnumber","highSC","average",0.668,1,1,-99,-0.099,0.91
18,"dotnumber","highSC","hard",0.502,-1,0,-99,-0.099,0.91
18,"dotnumber","highSC","easy",0.669,1,1,-99,-0.099,0.91
18,"dotnumber","highSC","average",0.518,1,1,-99,-0.099,0.91
18,"dotnumber","highSC","easy",0.819,-1,0,-99,-0.099,0.91
18,"dotnumber","highSC","average",0.535,1,0,-99,-0.099,0.91
18,"dotnumber","highSC","easy",0.502,-1,1,-99,-0.099,0.91
18,"dotnumber","highSC","average",0.686,-1,1,-99,-0.099,0.91
18,"dotnumber","highSC","easy",0.568,-1,1,-99,-0.099,0.91
18,"dotnumber","highSC","average",0.585,1,1,-99,-0.099,0.91
18,"dotnumber","highSC","hard",0.718,1,1,-99,-0.099,0.91
18,"dotnumber","highSC","hard",0.684,-1,1,-99,-0.099,0.91
19,"dotcolour","lowSC","hard",1.153,-1,0,-99,-0.099,0.68
19,"dotcolour","lowSC","easy",0.802,-1,1,-99,-0.099,0.68
19,"dotcolour","lowSC","average",0.718,-1,1,-99,-0.099,0.68
19,"dotcolour","lowSC","average",0.535,1,1,-99,-0.099,0.68
19,"dotcolour","lowSC","hard",0.551,1,1,-99,-0.099,0.68
19,"dotcolour","lowSC","easy",0.484,-1,1,-99,-0.099,0.68
19,"dotcolour","lowSC","easy",0.452,1,1,-99,-0.099,0.68
19,"dotcolour","lowSC","average",0.452,1,1,-99,-0.099,0.68
19,"dotcolour","lowSC","hard",0.735,-1,0,-99,-0.099,0.68
19,"dotcolour","lowSC","average",0.568,1,0,-99,-0.099,0.68
19,"dotcolour","lowSC","average",0.585,-1,1,-99,-0.099,0.68
19,"dotcolour","lowSC","hard",0.618,1,1,-99,-0.099,0.68
19,"dotcolour","lowSC","easy",0.718,-1,1,-99,-0.099,0.68
19,"dotcolour","lowSC","easy",0.385,1,1,-99,-0.099,0.68
19,"dotcolour","lowSC","hard",0.718,-1,1,-99,-0.099,0.68
19,"dotcolour","lowSC","average",0.501,1,1,-99,-0.099,0.68
19,"dotcolour","lowSC","average",0.484,-1,1,-99,-0.099,0.68
19,"dotcolour","lowSC","hard",0.467,1,0,-99,-0.099,0.68
19,"dotcolour","lowSC","hard",1.118,1,0,-99,-0.099,0.68
19,"dotcolour","lowSC","hard",0.568,1,1,-99,-0.099,0.68
19,"dotcolour","lowSC","average",0.901,-1,1,-99,-0.099,0.68
19,"dotcolour","lowSC","easy",0.535,-1,1,-99,-0.099,0.68
19,"dotcolour","lowSC","hard",0.451,1,1,-99,-0.099,0.68
19,"dotcolour","lowSC","easy",0.385,1,1,-99,-0.099,0.68
19,"dotcolour","lowSC","average",0.435,1,1,-99,-0.099,0.55
19,"dotcolour","lowSC","hard",0.384,1,0,-99,-0.099,0.55
19,"dotcolour","lowSC","average",0.5,-1,1,-99,-0.099,0.55
19,"dotcolour","lowSC","easy",0.485,1,1,-99,-0.099,0.55
19,"dotcolour","lowSC","easy",0.434,1,1,-99,-0.099,0.55
19,"dotcolour","lowSC","hard",0.401,-1,0,-99,-0.099,0.55
19,"dotcolour","lowSC","easy",0.418,1,0,-99,-0.099,0.55
19,"dotcolour","lowSC","hard",0.518,1,0,-99,-0.099,0.55
19,"dotcolour","lowSC","easy",0.434,-1,1,-99,-0.099,0.55
19,"dotcolour","lowSC","hard",0.434,-1,0,-99,-0.099,0.55
19,"dotcolour","lowSC","average",0.468,-1,1,-99,-0.099,0.55
19,"dotcolour","lowSC","easy",0.467,1,1,-99,-0.099,0.55
19,"dotcolour","lowSC","easy",0.701,-1,1,-99,-0.099,0.55
19,"dotcolour","lowSC","hard",0.601,-1,0,-99,-0.099,0.55
19,"dotcolour","lowSC","hard",0.452,1,1,-99,-0.099,0.55
19,"dotcolour","lowSC","hard",0.452,1,1,-99,-0.099,0.55
19,"dotcolour","lowSC","average",0.452,-1,1,-99,-0.099,0.55
19,"dotcolour","lowSC","hard",0.551,1,1,-99,-0.099,0.55
19,"dotcolour","lowSC","average",0.501,-1,1,-99,-0.099,0.55
19,"dotcolour","lowSC","hard",0.601,1,1,-99,-0.099,0.55
19,"dotcolour","lowSC","average",0.551,-1,1,-99,-0.099,0.55
19,"dotcolour","lowSC","easy",0.418,1,1,-99,-0.099,0.55
19,"dotcolour","lowSC","hard",0.468,-1,1,-99,-0.099,0.55
19,"dotcolour","lowSC","easy",0.619,-1,1,-99,-0.099,0.55
19,"dotcolour","lowSC","easy",0.551,-1,1,-99,-0.099,0.62
19,"dotcolour","lowSC","easy",0.551,-1,1,-99,-0.099,0.62
19,"dotcolour","lowSC","easy",0.435,1,1,-99,-0.099,0.62
19,"dotcolour","lowSC","average",0.501,1,1,-99,-0.099,0.62
19,"dotcolour","lowSC","hard",0.485,1,0,-99,-0.099,0.62
19,"dotcolour","lowSC","hard",0.551,-1,1,-99,-0.099,0.62
19,"dotcolour","lowSC","easy",0.685,-1,1,-99,-0.099,0.62
19,"dotcolour","lowSC","hard",0.668,1,1,-99,-0.099,0.62
19,"dotcolour","lowSC","easy",0.568,1,1,-99,-0.099,0.62
19,"dotcolour","lowSC","hard",0.434,-1,1,-99,-0.099,0.62
19,"dotcolour","lowSC","hard",0.585,1,1,-99,-0.099,0.62
19,"dotcolour","lowSC","average",0.468,-1,1,-99,-0.099,0.62
19,"dotcolour","lowSC","average",0.669,1,0,-99,-0.099,0.62
19,"dotcolour","lowSC","easy",0.451,1,1,-99,-0.099,0.62
19,"dotcolour","lowSC","average",0.518,-1,1,-99,-0.099,0.62
19,"dotcolour","lowSC","average",0.452,-1,1,-99,-0.099,0.62
19,"dotcolour","lowSC","average",0.419,1,1,-99,-0.099,0.62
19,"dotcolour","lowSC","average",0.534,-1,1,-99,-0.099,0.62
19,"dotcolour","lowSC","easy",0.435,-1,1,-99,-0.099,0.62
19,"dotcolour","lowSC","easy",0.435,1,1,-99,-0.099,0.62
19,"dotcolour","lowSC","average",0.518,-1,1,-99,-0.099,0.62
19,"dotcolour","lowSC","easy",0.452,1,1,-99,-0.099,0.62
19,"dotcolour","lowSC","easy",0.502,-1,1,-99,-0.099,0.62
19,"dotcolour","lowSC","hard",0.351,1,1,-99,-0.099,0.62
19,"dotcolour","lowSC","easy",0.502,-1,1,-99,-0.099,0.64
19,"dotcolour","lowSC","easy",0.535,-1,1,-99,-0.099,0.64
19,"dotcolour","lowSC","easy",0.468,-1,1,-99,-0.099,0.64
19,"dotcolour","lowSC","average",0.469,1,1,-99,-0.099,0.64
19,"dotcolour","lowSC","hard",0.568,-1,0,-99,-0.099,0.64
19,"dotcolour","lowSC","easy",0.535,-1,1,-99,-0.099,0.64
19,"dotcolour","lowSC","easy",0.451,1,1,-99,-0.099,0.64
19,"dotcolour","lowSC","hard",0.484,-1,0,-99,-0.099,0.64
19,"dotcolour","lowSC","average",0.568,-1,1,-99,-0.099,0.64
19,"dotcolour","lowSC","hard",0.552,1,0,-99,-0.099,0.64
19,"dotcolour","lowSC","hard",0.801,-1,1,-99,-0.099,0.64
19,"dotcolour","lowSC","easy",0.501,1,1,-99,-0.099,0.64
19,"dotcolour","lowSC","hard",0.835,1,1,-99,-0.099,0.64
19,"dotcolour","lowSC","easy",0.468,1,1,-99,-0.099,0.64
19,"dotcolour","lowSC","hard",3.537,1,1,-99,-0.099,0.64
19,"dotcolour","lowSC","average",0.552,-1,1,-99,-0.099,0.64
19,"dotcolour","lowSC","easy",0.685,1,1,-99,-0.099,0.64
19,"dotcolour","lowSC","average",0.568,-1,1,-99,-0.099,0.64
19,"dotcolour","lowSC","easy",0.484,-1,1,-99,-0.099,0.64
19,"dotcolour","lowSC","hard",0.551,-1,0,-99,-0.099,0.64
19,"dotcolour","lowSC","average",0.652,-1,1,-99,-0.099,0.64
19,"dotcolour","lowSC","average",0.518,-1,1,-99,-0.099,0.64
19,"dotcolour","lowSC","average",0.552,1,1,-99,-0.099,0.64
19,"dotcolour","lowSC","average",0.902,-1,1,-99,-0.099,0.64
19,"dotcolour","lowSC","hard",0.585,-1,1,-99,-0.099,0.61
19,"dotcolour","lowSC","hard",0.485,1,0,-99,-0.099,0.61
19,"dotcolour","lowSC","easy",0.602,1,1,-99,-0.099,0.61
19,"dotcolour","lowSC","average",0.635,-1,1,-99,-0.099,0.61
19,"dotcolour","lowSC","hard",0.601,1,1,-99,-0.099,0.61
19,"dotcolour","lowSC","hard",0.585,1,1,-99,-0.099,0.61
19,"dotcolour","lowSC","easy",0.534,-1,1,-99,-0.099,0.61
19,"dotcolour","lowSC","average",0.886,1,0,-99,-0.099,0.61
19,"dotcolour","lowSC","hard",0.835,-1,1,-99,-0.099,0.61
19,"dotcolour","lowSC","hard",0.534,1,1,-99,-0.099,0.61
19,"dotcolour","lowSC","average",0.518,1,1,-99,-0.099,0.61
19,"dotcolour","lowSC","easy",0.551,-1,1,-99,-0.099,0.61
19,"dotcolour","lowSC","easy",1.819,-1,1,-99,-0.099,0.61
19,"dotcolour","lowSC","easy",0.569,-1,1,-99,-0.099,0.61
19,"dotcolour","lowSC","average",0.534,-1,1,-99,-0.099,0.61
19,"dotcolour","lowSC","hard",0.752,1,0,-99,-0.099,0.61
19,"dotcolour","lowSC","easy",0.585,1,1,-99,-0.099,0.61
19,"dotcolour","lowSC","average",0.485,1,1,-99,-0.099,0.61
19,"dotcolour","lowSC","hard",0.651,1,1,-99,-0.099,0.61
19,"dotcolour","lowSC","easy",0.468,1,1,-99,-0.099,0.61
19,"dotcolour","lowSC","average",0.434,1,1,-99,-0.099,0.61
19,"dotcolour","lowSC","hard",0.518,1,1,-99,-0.099,0.61
19,"dotcolour","lowSC","easy",0.434,1,1,-99,-0.099,0.61
19,"dotcolour","lowSC","easy",0.552,-1,1,-99,-0.099,0.61
19,"dotnumber","highSC","average",0.634,1,1,-99,-0.099,0.94
19,"dotnumber","highSC","hard",0.751,1,0,-99,-0.099,0.94
19,"dotnumber","highSC","hard",0.735,1,0,-99,-0.099,0.94
19,"dotnumber","highSC","easy",0.452,-1,1,-99,-0.099,0.94
19,"dotnumber","highSC","hard",0.385,1,0,-99,-0.099,0.94
19,"dotnumber","highSC","average",0.435,-1,1,-99,-0.099,0.94
19,"dotnumber","highSC","average",0.45,1,1,-99,-0.099,0.94
19,"dotnumber","highSC","easy",0.518,-1,1,-99,-0.099,0.94
19,"dotnumber","highSC","hard",0.869,-1,1,-99,-0.099,0.94
19,"dotnumber","highSC","easy",0.452,1,1,-99,-0.099,0.94
19,"dotnumber","highSC","average",0.501,-1,1,-99,-0.099,0.94
19,"dotnumber","highSC","average",0.518,-1,1,-99,-0.099,0.94
19,"dotnumber","highSC","average",0.601,-1,1,-99,-0.099,0.94
19,"dotnumber","highSC","hard",0.417,1,1,-99,-0.099,0.94
19,"dotnumber","highSC","average",0.552,1,1,-99,-0.099,0.94
19,"dotnumber","highSC","hard",0.601,1,1,-99,-0.099,0.94
19,"dotnumber","highSC","hard",0.501,-1,0,-99,-0.099,0.94
19,"dotnumber","highSC","easy",0.584,1,1,-99,-0.099,0.94
19,"dotnumber","highSC","average",0.769,1,0,-99,-0.099,0.94
19,"dotnumber","highSC","easy",0.469,1,1,-99,-0.099,0.94
19,"dotnumber","highSC","hard",0.685,1,0,-99,-0.099,0.94
19,"dotnumber","highSC","easy",0.467,-1,1,-99,-0.099,0.94
19,"dotnumber","highSC","easy",0.435,1,1,-99,-0.099,0.94
19,"dotnumber","highSC","average",0.602,1,0,-99,-0.099,0.94
19,"dotnumber","highSC","average",0.469,-1,1,-99,-0.099,0.82
19,"dotnumber","highSC","average",0.468,1,0,-99,-0.099,0.82
19,"dotnumber","highSC","average",0.485,1,1,-99,-0.099,0.82
19,"dotnumber","highSC","hard",0.685,1,0,-99,-0.099,0.82
19,"dotnumber","highSC","average",0.418,1,1,-99,-0.099,0.82
19,"dotnumber","highSC","average",0.435,1,1,-99,-0.099,0.82
19,"dotnumber","highSC","hard",0.535,-1,1,-99,-0.099,0.82
19,"dotnumber","highSC","easy",0.468,1,0,-99,-0.099,0.82
19,"dotnumber","highSC","hard",0.667,1,0,-99,-0.099,0.82
19,"dotnumber","highSC","average",0.501,1,1,-99,-0.099,0.82
19,"dotnumber","highSC","average",0.435,-1,1,-99,-0.099,0.82
19,"dotnumber","highSC","hard",0.417,1,0,-99,-0.099,0.82
19,"dotnumber","highSC","hard",0.552,1,1,-99,-0.099,0.82
19,"dotnumber","highSC","easy",0.435,-1,1,-99,-0.099,0.82
19,"dotnumber","highSC","hard",0.402,1,1,-99,-0.099,0.82
19,"dotnumber","highSC","average",0.402,-1,1,-99,-0.099,0.82
19,"dotnumber","highSC","easy",0.417,1,1,-99,-0.099,0.82
19,"dotnumber","highSC","average",0.785,1,0,-99,-0.099,0.82
19,"dotnumber","highSC","hard",0.584,-1,0,-99,-0.099,0.82
19,"dotnumber","highSC","hard",0.552,-1,1,-99,-0.099,0.82
19,"dotnumber","highSC","hard",0.419,1,1,-99,-0.099,0.82
19,"dotnumber","highSC","hard",0.518,1,1,-99,-0.099,0.82
19,"dotnumber","highSC","average",0.551,1,1,-99,-0.099,0.82
19,"dotnumber","highSC","average",0.401,-1,1,-99,-0.099,0.82
19,"dotnumber","highSC","easy",0.835,-1,1,-99,-0.099,0.92
19,"dotnumber","highSC","hard",0.602,1,0,-99,-0.099,0.92
19,"dotnumber","highSC","average",0.517,1,1,-99,-0.099,0.92
19,"dotnumber","highSC","average",0.418,-1,1,-99,-0.099,0.92
19,"dotnumber","highSC","easy",0.885,-1,1,-99,-0.099,0.92
19,"dotnumber","highSC","hard",0.452,1,0,-99,-0.099,0.92
19,"dotnumber","highSC","easy",0.484,-1,1,-99,-0.099,0.92
19,"dotnumber","highSC","easy",0.451,1,1,-99,-0.099,0.92
19,"dotnumber","highSC","average",0.434,1,0,-99,-0.099,0.92
19,"dotnumber","highSC","hard",0.618,1,0,-99,-0.099,0.92
19,"dotnumber","highSC","hard",0.652,1,0,-99,-0.099,0.92
19,"dotnumber","highSC","average",0.469,-1,1,-99,-0.099,0.92
19,"dotnumber","highSC","hard",0.502,1,1,-99,-0.099,0.92
19,"dotnumber","highSC","average",0.418,-1,1,-99,-0.099,0.92
19,"dotnumber","highSC","hard",0.401,-1,1,-99,-0.099,0.92
19,"dotnumber","highSC","average",0.484,-1,1,-99,-0.099,0.92
19,"dotnumber","highSC","hard",0.335,1,0,-99,-0.099,0.92
19,"dotnumber","highSC","average",0.585,1,1,-99,-0.099,0.92
19,"dotnumber","highSC","average",0.501,1,1,-99,-0.099,0.92
19,"dotnumber","highSC","easy",0.451,-1,1,-99,-0.099,0.92
19,"dotnumber","highSC","average",0.668,1,1,-99,-0.099,0.92
19,"dotnumber","highSC","average",0.384,-1,1,-99,-0.099,0.92
19,"dotnumber","highSC","easy",0.434,1,1,-99,-0.099,0.92
19,"dotnumber","highSC","hard",0.502,1,0,-99,-0.099,0.92
19,"dotnumber","highSC","hard",0.451,1,1,-99,-0.099,0.9
19,"dotnumber","highSC","easy",0.417,1,0,-99,-0.099,0.9
19,"dotnumber","highSC","easy",0.3,-1,0,-99,-0.099,0.9
19,"dotnumber","highSC","easy",0.368,1,1,-99,-0.099,0.9
19,"dotnumber","highSC","easy",0.469,-1,1,-99,-0.099,0.9
19,"dotnumber","highSC","hard",0.435,1,0,-99,-0.099,0.9
19,"dotnumber","highSC","hard",0.568,1,1,-99,-0.099,0.9
19,"dotnumber","highSC","easy",0.418,-1,1,-99,-0.099,0.9
19,"dotnumber","highSC","average",0.785,-1,0,-99,-0.099,0.9
19,"dotnumber","highSC","easy",0.435,1,1,-99,-0.099,0.9
19,"dotnumber","highSC","average",0.535,-1,1,-99,-0.099,0.9
19,"dotnumber","highSC","hard",1.136,-1,1,-99,-0.099,0.9
19,"dotnumber","highSC","hard",0.368,-1,0,-99,-0.099,0.9
19,"dotnumber","highSC","hard",0.351,1,1,-99,-0.099,0.9
19,"dotnumber","highSC","easy",0.484,1,1,-99,-0.099,0.9
19,"dotnumber","highSC","hard",0.402,-1,1,-99,-0.099,0.9
19,"dotnumber","highSC","hard",0.402,-1,1,-99,-0.099,0.9
19,"dotnumber","highSC","average",0.568,-1,1,-99,-0.099,0.9
19,"dotnumber","highSC","easy",0.385,1,1,-99,-0.099,0.9
19,"dotnumber","highSC","average",0.369,1,1,-99,-0.099,0.9
19,"dotnumber","highSC","hard",0.25,1,0,-99,-0.099,0.9
19,"dotnumber","highSC","hard",0.267,-1,1,-99,-0.099,0.9
19,"dotnumber","highSC","hard",0.768,-1,0,-99,-0.099,0.9
19,"dotnumber","highSC","average",0.551,-1,1,-99,-0.099,0.9
19,"dotnumber","highSC","hard",0.501,-1,0,-99,-0.099,0.91
19,"dotnumber","highSC","hard",0.652,-1,1,-99,-0.099,0.91
19,"dotnumber","highSC","average",0.668,1,1,-99,-0.099,0.91
19,"dotnumber","highSC","average",0.568,-1,1,-99,-0.099,0.91
19,"dotnumber","highSC","hard",0.535,-1,1,-99,-0.099,0.91
19,"dotnumber","highSC","easy",0.485,-1,1,-99,-0.099,0.91
19,"dotnumber","highSC","average",1.019,-1,1,-99,-0.099,0.91
19,"dotnumber","highSC","average",0.602,1,1,-99,-0.099,0.91
19,"dotnumber","highSC","easy",0.618,1,1,-99,-0.099,0.91
19,"dotnumber","highSC","average",0.535,-1,1,-99,-0.099,0.91
19,"dotnumber","highSC","average",0.518,1,1,-99,-0.099,0.91
19,"dotnumber","highSC","hard",0.535,-1,0,-99,-0.099,0.91
19,"dotnumber","highSC","easy",0.419,1,1,-99,-0.099,0.91
19,"dotnumber","highSC","hard",0.468,1,1,-99,-0.099,0.91
19,"dotnumber","highSC","average",0.652,1,1,-99,-0.099,0.91
19,"dotnumber","highSC","hard",0.417,-1,1,-99,-0.099,0.91
19,"dotnumber","highSC","hard",0.402,-1,0,-99,-0.099,0.91
19,"dotnumber","highSC","hard",0.434,1,1,-99,-0.099,0.91
19,"dotnumber","highSC","hard",0.384,-1,1,-99,-0.099,0.91
19,"dotnumber","highSC","hard",0.952,-1,0,-99,-0.099,0.91
19,"dotnumber","highSC","average",0.718,-1,1,-99,-0.099,0.91
19,"dotnumber","highSC","easy",0.451,1,1,-99,-0.099,0.91
19,"dotnumber","highSC","average",0.468,-1,1,-99,-0.099,0.91
19,"dotnumber","highSC","hard",0.468,-1,0,-99,-0.099,0.91
19,"xotask","mediumSC","hard",0.835,-1,1,-99,-0.099,0.8
19,"xotask","mediumSC","easy",0.535,1,1,-99,-0.099,0.8
19,"xotask","mediumSC","easy",0.518,-1,1,-99,-0.099,0.8
19,"xotask","mediumSC","hard",0.618,-1,1,-99,-0.099,0.8
19,"xotask","mediumSC","hard",0.652,1,1,-99,-0.099,0.8
19,"xotask","mediumSC","average",0.652,1,1,-99,-0.099,0.8
19,"xotask","mediumSC","easy",0.468,-1,1,-99,-0.099,0.8
19,"xotask","mediumSC","easy",0.502,1,1,-99,-0.099,0.8
19,"xotask","mediumSC","average",0.517,-1,1,-99,-0.099,0.8
19,"xotask","mediumSC","hard",0.652,-1,1,-99,-0.099,0.8
19,"xotask","mediumSC","easy",0.636,-1,1,-99,-0.099,0.8
19,"xotask","mediumSC","hard",0.535,1,1,-99,-0.099,0.8
19,"xotask","mediumSC","easy",0.652,-1,1,-99,-0.099,0.8
19,"xotask","mediumSC","easy",0.534,1,1,-99,-0.099,0.8
19,"xotask","mediumSC","easy",0.518,1,1,-99,-0.099,0.8
19,"xotask","mediumSC","average",0.518,-1,0,-99,-0.099,0.8
19,"xotask","mediumSC","easy",0.418,1,1,-99,-0.099,0.8
19,"xotask","mediumSC","easy",0.518,-1,1,-99,-0.099,0.8
19,"xotask","mediumSC","average",0.485,1,1,-99,-0.099,0.8
19,"xotask","mediumSC","average",0.719,-1,0,-99,-0.099,0.8
19,"xotask","mediumSC","average",0.702,-1,1,-99,-0.099,0.8
19,"xotask","mediumSC","easy",0.485,1,1,-99,-0.099,0.8
19,"xotask","mediumSC","hard",0.568,-1,1,-99,-0.099,0.8
19,"xotask","mediumSC","hard",0.568,1,0,-99,-0.099,0.8
19,"xotask","mediumSC","hard",0.451,1,0,-99,-0.099,0.71
19,"xotask","mediumSC","hard",0.518,-1,0,-99,-0.099,0.71
19,"xotask","mediumSC","average",0.585,1,0,-99,-0.099,0.71
19,"xotask","mediumSC","hard",0.452,-1,1,-99,-0.099,0.71
19,"xotask","mediumSC","easy",0.468,-1,1,-99,-0.099,0.71
19,"xotask","mediumSC","easy",0.535,1,1,-99,-0.099,0.71
19,"xotask","mediumSC","hard",0.55,-1,1,-99,-0.099,0.71
19,"xotask","mediumSC","easy",0.736,-1,1,-99,-0.099,0.71
19,"xotask","mediumSC","hard",1.002,-1,1,-99,-0.099,0.71
19,"xotask","mediumSC","average",0.519,-1,0,-99,-0.099,0.71
19,"xotask","mediumSC","hard",0.451,-1,0,-99,-0.099,0.71
19,"xotask","mediumSC","average",0.485,-1,1,-99,-0.099,0.71
19,"xotask","mediumSC","hard",0.685,1,1,-99,-0.099,0.71
19,"xotask","mediumSC","average",0.618,1,0,-99,-0.099,0.71
19,"xotask","mediumSC","easy",0.418,-1,1,-99,-0.099,0.71
19,"xotask","mediumSC","easy",0.501,-1,1,-99,-0.099,0.71
19,"xotask","mediumSC","average",0.535,1,1,-99,-0.099,0.71
19,"xotask","mediumSC","average",0.452,-1,1,-99,-0.099,0.71
19,"xotask","mediumSC","average",0.552,-1,1,-99,-0.099,0.71
19,"xotask","mediumSC","hard",0.468,1,1,-99,-0.099,0.71
19,"xotask","mediumSC","hard",0.918,-1,0,-99,-0.099,0.71
19,"xotask","mediumSC","average",1.285,1,1,-99,-0.099,0.71
19,"xotask","mediumSC","hard",0.602,-1,1,-99,-0.099,0.71
19,"xotask","mediumSC","easy",0.585,1,1,-99,-0.099,0.71
19,"xotask","mediumSC","average",0.467,1,1,-99,-0.099,0.74
19,"xotask","mediumSC","average",0.835,-1,1,-99,-0.099,0.74
19,"xotask","mediumSC","easy",1.185,1,0,-99,-0.099,0.74
19,"xotask","mediumSC","average",0.501,1,1,-99,-0.099,0.74
19,"xotask","mediumSC","average",0.45,-1,1,-99,-0.099,0.74
19,"xotask","mediumSC","average",0.384,1,1,-99,-0.099,0.74
19,"xotask","mediumSC","easy",0.568,-1,1,-99,-0.099,0.74
19,"xotask","mediumSC","easy",0.434,1,1,-99,-0.099,0.74
19,"xotask","mediumSC","hard",0.469,-1,0,-99,-0.099,0.74
19,"xotask","mediumSC","hard",0.335,1,0,-99,-0.099,0.74
19,"xotask","mediumSC","average",0.468,1,1,-99,-0.099,0.74
19,"xotask","mediumSC","hard",0.684,-1,1,-99,-0.099,0.74
19,"xotask","mediumSC","easy",0.435,-1,1,-99,-0.099,0.74
19,"xotask","mediumSC","hard",0.435,-1,1,-99,-0.099,0.74
19,"xotask","mediumSC","hard",0.535,1,1,-99,-0.099,0.74
19,"xotask","mediumSC","easy",0.585,-1,0,-99,-0.099,0.74
19,"xotask","mediumSC","hard",0.485,1,1,-99,-0.099,0.74
19,"xotask","mediumSC","hard",0.518,1,1,-99,-0.099,0.74
19,"xotask","mediumSC","easy",0.669,1,1,-99,-0.099,0.74
19,"xotask","mediumSC","hard",0.568,-1,1,-99,-0.099,0.74
19,"xotask","mediumSC","hard",0.485,1,1,-99,-0.099,0.74
19,"xotask","mediumSC","hard",0.501,1,1,-99,-0.099,0.74
19,"xotask","mediumSC","easy",0.502,-1,1,-99,-0.099,0.74
19,"xotask","mediumSC","average",0.535,1,1,-99,-0.099,0.8
19,"xotask","mediumSC","hard",0.468,-1,1,-99,-0.099,0.8
19,"xotask","mediumSC","average",0.401,1,0,-99,-0.099,0.8
19,"xotask","mediumSC","hard",0.484,1,1,-99,-0.099,0.8
19,"xotask","mediumSC","average",0.468,-1,1,-99,-0.099,0.8
19,"xotask","mediumSC","hard",0.418,1,1,-99,-0.099,0.8
19,"xotask","mediumSC","hard",0.434,-1,1,-99,-0.099,0.8
19,"xotask","mediumSC","easy",0.636,-1,1,-99,-0.099,0.8
19,"xotask","mediumSC","easy",0.435,1,1,-99,-0.099,0.8
19,"xotask","mediumSC","average",0.601,1,1,-99,-0.099,0.8
19,"xotask","mediumSC","average",0.568,1,1,-99,-0.099,0.8
19,"xotask","mediumSC","hard",0.568,1,1,-99,-0.099,0.8
19,"xotask","mediumSC","average",0.619,-1,0,-99,-0.099,0.8
19,"xotask","mediumSC","easy",0.452,1,1,-99,-0.099,0.8
19,"xotask","mediumSC","easy",0.402,-1,1,-99,-0.099,0.8
19,"xotask","mediumSC","hard",0.352,1,0,-99,-0.099,0.8
19,"xotask","mediumSC","average",0.585,-1,1,-99,-0.099,0.8
19,"xotask","mediumSC","hard",0.384,1,1,-99,-0.099,0.8
19,"xotask","mediumSC","easy",0.535,1,1,-99,-0.099,0.8
19,"xotask","mediumSC","average",0.701,-1,0,-99,-0.099,0.8
19,"xotask","mediumSC","hard",0.585,-1,1,-99,-0.099,0.8
19,"xotask","mediumSC","easy",0.468,-1,0,-99,-0.099,0.8
19,"xotask","mediumSC","average",0.318,1,1,-99,-0.099,0.8
19,"xotask","mediumSC","average",0.568,1,0,-99,-0.099,0.8
19,"xotask","mediumSC","average",0.517,1,1,-99,-0.099,0.77
19,"xotask","mediumSC","easy",0.418,1,1,-99,-0.099,0.77
19,"xotask","mediumSC","hard",0.552,1,1,-99,-0.099,0.77
19,"xotask","mediumSC","easy",0.401,1,1,-99,-0.099,0.77
19,"xotask","mediumSC","hard",0.302,-1,0,-99,-0.099,0.77
19,"xotask","mediumSC","easy",0.368,1,0,-99,-0.099,0.77
19,"xotask","mediumSC","easy",0.685,-1,1,-99,-0.099,0.77
19,"xotask","mediumSC","easy",0.484,1,1,-99,-0.099,0.77
19,"xotask","mediumSC","hard",0.517,-1,0,-99,-0.099,0.77
19,"xotask","mediumSC","hard",0.518,-1,1,-99,-0.099,0.77
19,"xotask","mediumSC","average",0.502,-1,1,-99,-0.099,0.77
19,"xotask","mediumSC","average",0.501,1,1,-99,-0.099,0.77
19,"xotask","mediumSC","average",0.502,1,1,-99,-0.099,0.77
19,"xotask","mediumSC","easy",0.468,-1,1,-99,-0.099,0.77
19,"xotask","mediumSC","average",0.619,-1,1,-99,-0.099,0.77
19,"xotask","mediumSC","average",0.585,1,0,-99,-0.099,0.77
19,"xotask","mediumSC","easy",0.484,-1,1,-99,-0.099,0.77
19,"xotask","mediumSC","average",0.5,1,1,-99,-0.099,0.77
19,"xotask","mediumSC","average",0.534,1,1,-99,-0.099,0.77
19,"xotask","mediumSC","average",0.501,-1,1,-99,-0.099,0.77
19,"xotask","mediumSC","hard",0.519,1,1,-99,-0.099,0.77
19,"xotask","mediumSC","easy",0.468,1,0,-99,-0.099,0.77
19,"xotask","mediumSC","average",0.701,1,1,-99,-0.099,0.77
19,"xotask","mediumSC","easy",0.418,-1,1,-99,-0.099,0.77
20,"dotnumber","highSC","hard",1.719,1,0,-99,-0.099,0.93
20,"dotnumber","highSC","average",1.152,1,1,-99,-0.099,0.93
20,"dotnumber","highSC","average",1.202,1,1,-99,-0.099,0.93
20,"dotnumber","highSC","easy",1.835,1,1,-99,-0.099,0.93
20,"dotnumber","highSC","hard",1.669,-1,0,-99,-0.099,0.93
20,"dotnumber","highSC","easy",0.602,1,1,-99,-0.099,0.93
20,"dotnumber","highSC","easy",0.601,-1,1,-99,-0.099,0.93
20,"dotnumber","highSC","average",0.852,1,1,-99,-0.099,0.93
20,"dotnumber","highSC","easy",0.585,-1,1,-99,-0.099,0.93
20,"dotnumber","highSC","hard",0.968,1,1,-99,-0.099,0.93
20,"dotnumber","highSC","average",0.634,1,1,-99,-0.099,0.93
20,"dotnumber","highSC","average",0.685,-1,1,-99,-0.099,0.93
20,"dotnumber","highSC","average",0.668,1,0,-99,-0.099,0.93
20,"dotnumber","highSC","easy",0.5,-1,1,-99,-0.099,0.93
20,"dotnumber","highSC","hard",0.768,1,0,-99,-0.099,0.93
20,"dotnumber","highSC","hard",0.568,-1,0,-99,-0.099,0.93
20,"dotnumber","highSC","easy",0.719,-1,0,-99,-0.099,0.93
20,"dotnumber","highSC","easy",0.552,1,1,-99,-0.099,0.93
20,"dotnumber","highSC","easy",0.484,-1,1,-99,-0.099,0.93
20,"dotnumber","highSC","easy",0.585,-1,1,-99,-0.099,0.93
20,"dotnumber","highSC","average",0.502,-1,1,-99,-0.099,0.93
20,"dotnumber","highSC","hard",0.769,-1,0,-99,-0.099,0.93
20,"dotnumber","highSC","hard",0.668,1,1,-99,-0.099,0.93
20,"dotnumber","highSC","hard",0.735,-1,0,-99,-0.099,0.93
20,"dotnumber","highSC","average",0.768,-1,1,-99,-0.099,0.84
20,"dotnumber","highSC","hard",0.652,-1,0,-99,-0.099,0.84
20,"dotnumber","highSC","average",0.735,-1,1,-99,-0.099,0.84
20,"dotnumber","highSC","average",0.635,-1,1,-99,-0.099,0.84
20,"dotnumber","highSC","hard",0.868,1,0,-99,-0.099,0.84
20,"dotnumber","highSC","hard",0.751,-1,0,-99,-0.099,0.84
20,"dotnumber","highSC","average",0.751,-1,1,-99,-0.099,0.84
20,"dotnumber","highSC","hard",1.169,1,1,-99,-0.099,0.84
20,"dotnumber","highSC","easy",0.617,1,1,-99,-0.099,0.84
20,"dotnumber","highSC","easy",0.718,-1,1,-99,-0.099,0.84
20,"dotnumber","highSC","hard",0.718,-1,1,-99,-0.099,0.84
20,"dotnumber","highSC","average",0.568,1,1,-99,-0.099,0.84
20,"dotnumber","highSC","average",0.934,1,1,-99,-0.099,0.84
20,"dotnumber","highSC","average",0.635,1,1,-99,-0.099,0.84
20,"dotnumber","highSC","average",0.418,-1,1,-99,-0.099,0.84
20,"dotnumber","highSC","easy",0.468,-1,1,-99,-0.099,0.84
20,"dotnumber","highSC","easy",0.468,1,1,-99,-0.099,0.84
20,"dotnumber","highSC","hard",0.452,-1,0,-99,-0.099,0.84
20,"dotnumber","highSC","average",0.5,-1,1,-99,-0.099,0.84
20,"dotnumber","highSC","easy",0.551,-1,0,-99,-0.099,0.84
20,"dotnumber","highSC","easy",0.535,-1,1,-99,-0.099,0.84
20,"dotnumber","highSC","average",0.584,1,1,-99,-0.099,0.84
20,"dotnumber","highSC","hard",0.551,-1,0,-99,-0.099,0.84
20,"dotnumber","highSC","hard",0.469,-1,1,-99,-0.099,0.84
20,"dotnumber","highSC","hard",0.701,1,1,-99,-0.099,0.9
20,"dotnumber","highSC","average",0.602,1,1,-99,-0.099,0.9
20,"dotnumber","highSC","easy",0.651,1,1,-99,-0.099,0.9
20,"dotnumber","highSC","hard",0.535,-1,0,-99,-0.099,0.9
20,"dotnumber","highSC","easy",0.485,-1,1,-99,-0.099,0.9
20,"dotnumber","highSC","average",0.668,-1,1,-99,-0.099,0.9
20,"dotnumber","highSC","easy",0.584,-1,1,-99,-0.099,0.9
20,"dotnumber","highSC","hard",0.752,-1,1,-99,-0.099,0.9
20,"dotnumber","highSC","average",0.902,-1,0,-99,-0.099,0.9
20,"dotnumber","highSC","hard",0.735,1,1,-99,-0.099,0.9
20,"dotnumber","highSC","easy",0.586,1,1,-99,-0.099,0.9
20,"dotnumber","highSC","easy",0.535,-1,0,-99,-0.099,0.9
20,"dotnumber","highSC","hard",0.585,1,1,-99,-0.099,0.9
20,"dotnumber","highSC","average",0.518,-1,1,-99,-0.099,0.9
20,"dotnumber","highSC","easy",0.518,1,1,-99,-0.099,0.9
20,"dotnumber","highSC","average",0.519,1,0,-99,-0.099,0.9
20,"dotnumber","highSC","easy",0.468,-1,1,-99,-0.099,0.9
20,"dotnumber","highSC","easy",0.501,1,1,-99,-0.099,0.9
20,"dotnumber","highSC","easy",0.419,-1,1,-99,-0.099,0.9
20,"dotnumber","highSC","average",0.468,1,1,-99,-0.099,0.9
20,"dotnumber","highSC","average",0.585,-1,0,-99,-0.099,0.9
20,"dotnumber","highSC","average",0.534,1,1,-99,-0.099,0.9
20,"dotnumber","highSC","easy",0.801,-1,1,-99,-0.099,0.9
20,"dotnumber","highSC","hard",0.668,-1,1,-99,-0.099,0.9
20,"dotnumber","highSC","easy",0.636,-1,1,-99,-0.099,0.93
20,"dotnumber","highSC","hard",0.534,1,0,-99,-0.099,0.93
20,"dotnumber","highSC","average",0.618,1,1,-99,-0.099,0.93
20,"dotnumber","highSC","average",0.518,1,1,-99,-0.099,0.93
20,"dotnumber","highSC","easy",0.552,1,1,-99,-0.099,0.93
20,"dotnumber","highSC","easy",0.518,-1,1,-99,-0.099,0.93
20,"dotnumber","highSC","easy",0.552,-1,1,-99,-0.099,0.93
20,"dotnumber","highSC","easy",0.702,-1,1,-99,-0.099,0.93
20,"dotnumber","highSC","average",0.601,1,1,-99,-0.099,0.93
20,"dotnumber","highSC","hard",0.535,-1,1,-99,-0.099,0.93
20,"dotnumber","highSC","hard",0.718,1,1,-99,-0.099,0.93
20,"dotnumber","highSC","average",0.634,-1,1,-99,-0.099,0.93
20,"dotnumber","highSC","hard",0.768,-1,0,-99,-0.099,0.93
20,"dotnumber","highSC","hard",0.568,1,1,-99,-0.099,0.93
20,"dotnumber","highSC","easy",0.567,1,1,-99,-0.099,0.93
20,"dotnumber","highSC","easy",0.468,-1,1,-99,-0.099,0.93
20,"dotnumber","highSC","easy",0.451,-1,1,-99,-0.099,0.93
20,"dotnumber","highSC","hard",0.619,1,0,-99,-0.099,0.93
20,"dotnumber","highSC","hard",0.536,-1,0,-99,-0.099,0.93
20,"dotnumber","highSC","hard",0.535,1,0,-99,-0.099,0.93
20,"dotnumber","highSC","easy",0.502,-1,1,-99,-0.099,0.93
20,"dotnumber","highSC","average",0.485,-1,1,-99,-0.099,0.93
20,"dotnumber","highSC","easy",0.469,1,1,-99,-0.099,0.93
20,"dotnumber","highSC","average",0.452,-1,1,-99,-0.099,0.93
20,"dotnumber","highSC","hard",0.501,1,0,-99,-0.099,0.94
20,"dotnumber","highSC","average",0.501,-1,1,-99,-0.099,0.94
20,"dotnumber","highSC","easy",0.55,1,1,-99,-0.099,0.94
20,"dotnumber","highSC","easy",0.568,-1,1,-99,-0.099,0.94
20,"dotnumber","highSC","hard",0.518,-1,1,-99,-0.099,0.94
20,"dotnumber","highSC","easy",0.518,-1,1,-99,-0.099,0.94
20,"dotnumber","highSC","average",0.618,-1,1,-99,-0.099,0.94
20,"dotnumber","highSC","easy",0.468,1,1,-99,-0.099,0.94
20,"dotnumber","highSC","easy",0.518,1,1,-99,-0.099,0.94
20,"dotnumber","highSC","average",0.735,-1,1,-99,-0.099,0.94
20,"dotnumber","highSC","hard",0.552,1,1,-99,-0.099,0.94
20,"dotnumber","highSC","hard",0.818,-1,0,-99,-0.099,0.94
20,"dotnumber","highSC","easy",0.602,1,1,-99,-0.099,0.94
20,"dotnumber","highSC","hard",0.684,-1,0,-99,-0.099,0.94
20,"dotnumber","highSC","average",0.485,1,0,-99,-0.099,0.94
20,"dotnumber","highSC","hard",0.619,-1,1,-99,-0.099,0.94
20,"dotnumber","highSC","hard",0.502,1,0,-99,-0.099,0.94
20,"dotnumber","highSC","average",0.485,1,1,-99,-0.099,0.94
20,"dotnumber","highSC","easy",0.451,-1,1,-99,-0.099,0.94
20,"dotnumber","highSC","easy",0.502,1,1,-99,-0.099,0.94
20,"dotnumber","highSC","easy",0.517,-1,1,-99,-0.099,0.94
20,"dotnumber","highSC","hard",0.368,1,1,-99,-0.099,0.94
20,"dotnumber","highSC","easy",0.517,1,1,-99,-0.099,0.94
20,"dotnumber","highSC","easy",0.402,-1,1,-99,-0.099,0.94
20,"xotask","mediumSC","easy",4.239,1,1,-99,-0.099,0.72
20,"xotask","mediumSC","average",0.869,1,1,-99,-0.099,0.72
20,"xotask","mediumSC","average",0.851,-1,1,-99,-0.099,0.72
20,"xotask","mediumSC","hard",0.868,1,1,-99,-0.099,0.72
20,"xotask","mediumSC","average",0.952,-1,1,-99,-0.099,0.72
20,"xotask","mediumSC","easy",0.751,1,1,-99,-0.099,0.72
20,"xotask","mediumSC","easy",0.702,1,1,-99,-0.099,0.72
20,"xotask","mediumSC","hard",0.767,1,1,-99,-0.099,0.72
20,"xotask","mediumSC","average",0.736,-1,1,-99,-0.099,0.72
20,"xotask","mediumSC","easy",0.769,1,1,-99,-0.099,0.72
20,"xotask","mediumSC","average",0.684,1,1,-99,-0.099,0.72
20,"xotask","mediumSC","average",0.802,1,0,-99,-0.099,0.72
20,"xotask","mediumSC","hard",1.185,1,0,-99,-0.099,0.72
20,"xotask","mediumSC","easy",0.651,-1,1,-99,-0.099,0.72
20,"xotask","mediumSC","average",0.868,1,1,-99,-0.099,0.72
20,"xotask","mediumSC","easy",0.752,1,1,-99,-0.099,0.72
20,"xotask","mediumSC","easy",0.769,-1,1,-99,-0.099,0.72
20,"xotask","mediumSC","hard",1.936,-1,1,-99,-0.099,0.72
20,"xotask","mediumSC","average",1.018,-1,1,-99,-0.099,0.72
20,"xotask","mediumSC","hard",0.785,-1,1,-99,-0.099,0.72
20,"xotask","mediumSC","average",0.769,1,1,-99,-0.099,0.72
20,"xotask","mediumSC","average",0.802,1,1,-99,-0.099,0.72
20,"xotask","mediumSC","average",0.885,-1,1,-99,-0.099,0.72
20,"xotask","mediumSC","average",1.036,-1,1,-99,-0.099,0.72
20,"xotask","mediumSC","easy",0.601,1,1,-99,-0.099,0.8
20,"xotask","mediumSC","easy",0.651,1,1,-99,-0.099,0.8
20,"xotask","mediumSC","hard",1.035,-1,1,-99,-0.099,0.8
20,"xotask","mediumSC","average",0.651,-1,1,-99,-0.099,0.8
20,"xotask","mediumSC","easy",0.618,-1,1,-99,-0.099,0.8
20,"xotask","mediumSC","average",0.534,1,1,-99,-0.099,0.8
20,"xotask","mediumSC","average",0.452,-1,1,-99,-0.099,0.8
20,"xotask","mediumSC","average",0.685,1,1,-99,-0.099,0.8
20,"xotask","mediumSC","hard",0.935,1,0,-99,-0.099,0.8
20,"xotask","mediumSC","hard",0.803,1,1,-99,-0.099,0.8
20,"xotask","mediumSC","easy",0.685,1,1,-99,-0.099,0.8
20,"xotask","mediumSC","easy",0.767,1,1,-99,-0.099,0.8
20,"xotask","mediumSC","average",0.851,-1,0,-99,-0.099,0.8
20,"xotask","mediumSC","average",0.835,-1,1,-99,-0.099,0.8
20,"xotask","mediumSC","hard",0.702,1,1,-99,-0.099,0.8
20,"xotask","mediumSC","easy",0.885,-1,1,-99,-0.099,0.8
20,"xotask","mediumSC","average",0.768,-1,1,-99,-0.099,0.8
20,"xotask","mediumSC","average",0.768,1,1,-99,-0.099,0.8
20,"xotask","mediumSC","hard",0.884,1,1,-99,-0.099,0.8
20,"xotask","mediumSC","average",0.818,-1,1,-99,-0.099,0.8
20,"xotask","mediumSC","easy",0.934,-1,1,-99,-0.099,0.8
20,"xotask","mediumSC","easy",0.569,1,1,-99,-0.099,0.8
20,"xotask","mediumSC","hard",0.918,1,1,-99,-0.099,0.8
20,"xotask","mediumSC","hard",2.655,1,1,-99,-0.099,0.8
20,"xotask","mediumSC","average",0.718,-1,1,-99,-0.099,0.74
20,"xotask","mediumSC","average",0.702,-1,1,-99,-0.099,0.74
20,"xotask","mediumSC","average",0.901,1,1,-99,-0.099,0.74
20,"xotask","mediumSC","hard",1.503,1,1,-99,-0.099,0.74
20,"xotask","mediumSC","easy",0.535,-1,1,-99,-0.099,0.74
20,"xotask","mediumSC","average",1.185,-1,1,-99,-0.099,0.74
20,"xotask","mediumSC","hard",0.484,1,1,-99,-0.099,0.74
20,"xotask","mediumSC","average",0.569,1,1,-99,-0.099,0.74
20,"xotask","mediumSC","hard",1.702,-1,0,-99,-0.099,0.74
20,"xotask","mediumSC","easy",0.685,-1,1,-99,-0.099,0.74
20,"xotask","mediumSC","average",1.069,-1,1,-99,-0.099,0.74
20,"xotask","mediumSC","hard",0.885,1,0,-99,-0.099,0.74
20,"xotask","mediumSC","easy",0.701,1,1,-99,-0.099,0.74
20,"xotask","mediumSC","easy",0.652,-1,1,-99,-0.099,0.74
20,"xotask","mediumSC","easy",0.602,-1,1,-99,-0.099,0.74
20,"xotask","mediumSC","hard",1.419,-1,1,-99,-0.099,0.74
20,"xotask","mediumSC","easy",0.635,-1,1,-99,-0.099,0.74
20,"xotask","mediumSC","easy",0.569,-1,1,-99,-0.099,0.74
20,"xotask","mediumSC","hard",0.701,1,1,-99,-0.099,0.74
20,"xotask","mediumSC","average",0.669,1,1,-99,-0.099,0.74
20,"xotask","mediumSC","average",0.569,1,1,-99,-0.099,0.74
20,"xotask","mediumSC","average",0.669,-1,1,-99,-0.099,0.74
20,"xotask","mediumSC","easy",0.585,1,1,-99,-0.099,0.74
20,"xotask","mediumSC","easy",0.517,-1,1,-99,-0.099,0.74
20,"xotask","mediumSC","average",0.635,1,1,-99,-0.099,0.69
20,"xotask","mediumSC","easy",0.686,1,1,-99,-0.099,0.69
20,"xotask","mediumSC","hard",0.551,-1,1,-99,-0.099,0.69
20,"xotask","mediumSC","easy",0.768,1,1,-99,-0.099,0.69
20,"xotask","mediumSC","average",0.686,1,1,-99,-0.099,0.69
20,"xotask","mediumSC","easy",0.534,-1,1,-99,-0.099,0.69
20,"xotask","mediumSC","average",0.852,-1,1,-99,-0.099,0.69
20,"xotask","mediumSC","hard",0.836,-1,1,-99,-0.099,0.69
20,"xotask","mediumSC","easy",0.684,-1,1,-99,-0.099,0.69
20,"xotask","mediumSC","easy",0.6,1,1,-99,-0.099,0.69
20,"xotask","mediumSC","average",0.618,1,1,-99,-0.099,0.69
20,"xotask","mediumSC","easy",0.685,-1,1,-99,-0.099,0.69
20,"xotask","mediumSC","hard",0.552,1,0,-99,-0.099,0.69
20,"xotask","mediumSC","hard",0.937,1,1,-99,-0.099,0.69
20,"xotask","mediumSC","average",0.719,1,1,-99,-0.099,0.69
20,"xotask","mediumSC","average",0.485,-1,1,-99,-0.099,0.69
20,"xotask","mediumSC","hard",0.768,-1,1,-99,-0.099,0.69
20,"xotask","mediumSC","hard",0.719,-1,1,-99,-0.099,0.69
20,"xotask","mediumSC","hard",0.785,-1,1,-99,-0.099,0.69
20,"xotask","mediumSC","easy",0.718,1,1,-99,-0.099,0.69
20,"xotask","mediumSC","average",0.619,-1,1,-99,-0.099,0.69
20,"xotask","mediumSC","average",0.585,1,1,-99,-0.099,0.69
20,"xotask","mediumSC","hard",1.136,1,1,-99,-0.099,0.69
20,"xotask","mediumSC","average",0.601,-1,1,-99,-0.099,0.69
20,"xotask","mediumSC","easy",0.584,1,1,-99,-0.099,0.78
20,"xotask","mediumSC","easy",0.634,1,1,-99,-0.099,0.78
20,"xotask","mediumSC","hard",1.435,1,1,-99,-0.099,0.78
20,"xotask","mediumSC","hard",0.602,1,1,-99,-0.099,0.78
20,"xotask","mediumSC","average",0.585,-1,1,-99,-0.099,0.78
20,"xotask","mediumSC","average",0.601,-1,1,-99,-0.099,0.78
20,"xotask","mediumSC","hard",0.651,1,1,-99,-0.099,0.78
20,"xotask","mediumSC","hard",1.419,1,0,-99,-0.099,0.78
20,"xotask","mediumSC","average",0.769,1,1,-99,-0.099,0.78
20,"xotask","mediumSC","hard",0.902,-1,1,-99,-0.099,0.78
20,"xotask","mediumSC","average",0.686,1,1,-99,-0.099,0.78
20,"xotask","mediumSC","average",0.735,1,1,-99,-0.099,0.78
20,"xotask","mediumSC","average",0.836,1,1,-99,-0.099,0.78
20,"xotask","mediumSC","hard",0.902,1,1,-99,-0.099,0.78
20,"xotask","mediumSC","easy",0.617,1,1,-99,-0.099,0.78
20,"xotask","mediumSC","hard",0.468,1,1,-99,-0.099,0.78
20,"xotask","mediumSC","easy",0.485,1,1,-99,-0.099,0.78
20,"xotask","mediumSC","easy",0.651,-1,1,-99,-0.099,0.78
20,"xotask","mediumSC","easy",0.668,-1,1,-99,-0.099,0.78
20,"xotask","mediumSC","easy",0.667,-1,1,-99,-0.099,0.78
20,"xotask","mediumSC","hard",1.986,-1,1,-99,-0.099,0.78
20,"xotask","mediumSC","easy",0.502,1,1,-99,-0.099,0.78
20,"xotask","mediumSC","average",0.452,-1,1,-99,-0.099,0.78
20,"xotask","mediumSC","easy",0.601,-1,1,-99,-0.099,0.78
20,"dotcolour","lowSC","average",1.653,1,1,-99,-0.099,0.68
20,"dotcolour","lowSC","easy",0.468,-1,1,-99,-0.099,0.68
20,"dotcolour","lowSC","hard",1.335,1,1,-99,-0.099,0.68
20,"dotcolour","lowSC","easy",0.518,1,1,-99,-0.099,0.68
20,"dotcolour","lowSC","hard",0.535,-1,1,-99,-0.099,0.68
20,"dotcolour","lowSC","average",0.634,1,1,-99,-0.099,0.68
20,"dotcolour","lowSC","hard",0.568,1,1,-99,-0.099,0.68
20,"dotcolour","lowSC","hard",0.735,-1,0,-99,-0.099,0.68
20,"dotcolour","lowSC","average",0.784,1,1,-99,-0.099,0.68
20,"dotcolour","lowSC","average",0.584,1,1,-99,-0.099,0.68
20,"dotcolour","lowSC","easy",0.551,1,1,-99,-0.099,0.68
20,"dotcolour","lowSC","average",0.585,-1,1,-99,-0.099,0.68
20,"dotcolour","lowSC","hard",1.103,-1,1,-99,-0.099,0.68
20,"dotcolour","lowSC","average",0.603,1,1,-99,-0.099,0.68
20,"dotcolour","lowSC","hard",0.718,1,1,-99,-0.099,0.68
20,"dotcolour","lowSC","hard",1.252,-1,1,-99,-0.099,0.68
20,"dotcolour","lowSC","easy",0.668,1,1,-99,-0.099,0.68
20,"dotcolour","lowSC","hard",0.651,1,0,-99,-0.099,0.68
20,"dotcolour","lowSC","hard",0.535,-1,1,-99,-0.099,0.68
20,"dotcolour","lowSC","hard",2.052,1,1,-99,-0.099,0.68
20,"dotcolour","lowSC","hard",0.602,-1,1,-99,-0.099,0.68
20,"dotcolour","lowSC","average",0.536,1,1,-99,-0.099,0.68
20,"dotcolour","lowSC","average",0.769,1,1,-99,-0.099,0.68
20,"dotcolour","lowSC","hard",0.551,-1,1,-99,-0.099,0.68
20,"dotcolour","lowSC","average",0.518,1,0,-99,-0.099,0.64
20,"dotcolour","lowSC","average",1.052,-1,1,-99,-0.099,0.64
20,"dotcolour","lowSC","easy",0.534,1,1,-99,-0.099,0.64
20,"dotcolour","lowSC","average",1.101,-1,1,-99,-0.099,0.64
20,"dotcolour","lowSC","easy",0.568,1,1,-99,-0.099,0.64
20,"dotcolour","lowSC","hard",1.969,-1,1,-99,-0.099,0.64
20,"dotcolour","lowSC","easy",0.518,-1,1,-99,-0.099,0.64
20,"dotcolour","lowSC","easy",0.501,-1,1,-99,-0.099,0.64
20,"dotcolour","lowSC","average",0.886,1,1,-99,-0.099,0.64
20,"dotcolour","lowSC","hard",1.652,1,1,-99,-0.099,0.64
20,"dotcolour","lowSC","easy",0.567,-1,1,-99,-0.099,0.64
20,"dotcolour","lowSC","hard",0.619,-1,0,-99,-0.099,0.64
20,"dotcolour","lowSC","easy",0.536,1,1,-99,-0.099,0.64
20,"dotcolour","lowSC","average",0.552,-1,1,-99,-0.099,0.64
20,"dotcolour","lowSC","average",0.736,1,1,-99,-0.099,0.64
20,"dotcolour","lowSC","hard",0.435,-1,0,-99,-0.099,0.64
20,"dotcolour","lowSC","hard",0.669,1,1,-99,-0.099,0.64
20,"dotcolour","lowSC","average",1.169,1,1,-99,-0.099,0.64
20,"dotcolour","lowSC","average",1.135,1,1,-99,-0.099,0.64
20,"dotcolour","lowSC","easy",0.951,1,1,-99,-0.099,0.64
20,"dotcolour","lowSC","hard",1.119,-1,1,-99,-0.099,0.64
20,"dotcolour","lowSC","hard",1.937,-1,1,-99,-0.099,0.64
20,"dotcolour","lowSC","average",0.635,-1,1,-99,-0.099,0.64
20,"dotcolour","lowSC","easy",0.684,-1,1,-99,-0.099,0.64
20,"dotcolour","lowSC","hard",1.486,1,0,-99,-0.099,0.54
20,"dotcolour","lowSC","average",0.785,1,1,-99,-0.099,0.54
20,"dotcolour","lowSC","average",0.852,-1,1,-99,-0.099,0.54
20,"dotcolour","lowSC","easy",1.135,1,1,-99,-0.099,0.54
20,"dotcolour","lowSC","average",1.152,-1,1,-99,-0.099,0.54
20,"dotcolour","lowSC","hard",1.185,1,1,-99,-0.099,0.54
20,"dotcolour","lowSC","average",1.069,-1,1,-99,-0.099,0.54
20,"dotcolour","lowSC","average",0.834,1,1,-99,-0.099,0.54
20,"dotcolour","lowSC","average",1.67,1,1,-99,-0.099,0.54
20,"dotcolour","lowSC","hard",1.819,-1,0,-99,-0.099,0.54
20,"dotcolour","lowSC","hard",0.852,1,1,-99,-0.099,0.54
20,"dotcolour","lowSC","easy",0.735,-1,1,-99,-0.099,0.54
20,"dotcolour","lowSC","average",1.169,-1,1,-99,-0.099,0.54
20,"dotcolour","lowSC","hard",0.769,1,0,-99,-0.099,0.54
20,"dotcolour","lowSC","easy",0.886,-1,1,-99,-0.099,0.54
20,"dotcolour","lowSC","hard",0.72,1,1,-99,-0.099,0.54
20,"dotcolour","lowSC","hard",0.751,-1,1,-99,-0.099,0.54
20,"dotcolour","lowSC","easy",0.618,-1,1,-99,-0.099,0.54
20,"dotcolour","lowSC","easy",0.518,-1,1,-99,-0.099,0.54
20,"dotcolour","lowSC","hard",0.768,1,1,-99,-0.099,0.54
20,"dotcolour","lowSC","average",0.585,-1,1,-99,-0.099,0.54
20,"dotcolour","lowSC","average",0.568,-1,1,-99,-0.099,0.54
20,"dotcolour","lowSC","hard",0.702,1,1,-99,-0.099,0.54
20,"dotcolour","lowSC","hard",0.719,1,1,-99,-0.099,0.54
20,"dotcolour","lowSC","average",0.586,-1,0,-99,-0.099,0.65
20,"dotcolour","lowSC","easy",0.518,1,1,-99,-0.099,0.65
20,"dotcolour","lowSC","average",0.535,-1,1,-99,-0.099,0.65
20,"dotcolour","lowSC","average",0.551,1,1,-99,-0.099,0.65
20,"dotcolour","lowSC","easy",0.552,1,1,-99,-0.099,0.65
20,"dotcolour","lowSC","average",0.685,1,1,-99,-0.099,0.65
20,"dotcolour","lowSC","easy",0.518,1,1,-99,-0.099,0.65
20,"dotcolour","lowSC","easy",0.534,-1,1,-99,-0.099,0.65
20,"dotcolour","lowSC","hard",0.701,1,0,-99,-0.099,0.65
20,"dotcolour","lowSC","easy",0.718,1,1,-99,-0.099,0.65
20,"dotcolour","lowSC","average",0.601,-1,1,-99,-0.099,0.65
20,"dotcolour","lowSC","easy",0.485,1,1,-99,-0.099,0.65
20,"dotcolour","lowSC","easy",0.718,1,1,-99,-0.099,0.65
20,"dotcolour","lowSC","easy",0.585,-1,1,-99,-0.099,0.65
20,"dotcolour","lowSC","average",0.669,-1,1,-99,-0.099,0.65
20,"dotcolour","lowSC","hard",0.884,1,0,-99,-0.099,0.65
20,"dotcolour","lowSC","hard",0.768,-1,1,-99,-0.099,0.65
20,"dotcolour","lowSC","easy",0.601,1,1,-99,-0.099,0.65
20,"dotcolour","lowSC","hard",1.052,1,1,-99,-0.099,0.65
20,"dotcolour","lowSC","hard",0.718,1,1,-99,-0.099,0.65
20,"dotcolour","lowSC","hard",0.818,-1,0,-99,-0.099,0.65
20,"dotcolour","lowSC","average",0.584,1,1,-99,-0.099,0.65
20,"dotcolour","lowSC","easy",0.518,-1,1,-99,-0.099,0.65
20,"dotcolour","lowSC","easy",0.485,-1,1,-99,-0.099,0.65
20,"dotcolour","lowSC","easy",0.551,-1,1,-99,-0.099,0.65
20,"dotcolour","lowSC","hard",0.684,1,0,-99,-0.099,0.65
20,"dotcolour","lowSC","average",0.701,1,1,-99,-0.099,0.65
20,"dotcolour","lowSC","hard",0.618,-1,1,-99,-0.099,0.65
20,"dotcolour","lowSC","easy",0.751,1,1,-99,-0.099,0.65
20,"dotcolour","lowSC","average",0.986,1,1,-99,-0.099,0.65
20,"dotcolour","lowSC","hard",0.551,-1,0,-99,-0.099,0.65
20,"dotcolour","lowSC","average",0.552,-1,1,-99,-0.099,0.65
20,"dotcolour","lowSC","average",0.751,1,1,-99,-0.099,0.65
20,"dotcolour","lowSC","easy",0.501,1,1,-99,-0.099,0.65
20,"dotcolour","lowSC","hard",0.935,-1,1,-99,-0.099,0.65
20,"dotcolour","lowSC","hard",1.435,-1,0,-99,-0.099,0.65
20,"dotcolour","lowSC","average",0.685,1,1,-99,-0.099,0.65
20,"dotcolour","lowSC","average",0.602,-1,1,-99,-0.099,0.65
20,"dotcolour","lowSC","easy",0.569,1,1,-99,-0.099,0.65
20,"dotcolour","lowSC","hard",0.702,-1,1,-99,-0.099,0.65
20,"dotcolour","lowSC","average",0.584,-1,1,-99,-0.099,0.65
20,"dotcolour","lowSC","average",0.568,1,1,-99,-0.099,0.65
20,"dotcolour","lowSC","average",0.534,-1,1,-99,-0.099,0.65
20,"dotcolour","lowSC","hard",0.835,1,1,-99,-0.099,0.65
20,"dotcolour","lowSC","hard",0.585,-1,1,-99,-0.099,0.65
20,"dotcolour","lowSC","easy",0.501,1,1,-99,-0.099,0.65
20,"dotcolour","lowSC","easy",0.469,-1,1,-99,-0.099,0.65
20,"dotcolour","lowSC","easy",0.568,1,1,-99,-0.099,0.65
21,"xotask","lowSC","easy",4.305,-1,0,-99,-0.099,0.67
21,"xotask","lowSC","average",0.785,-1,1,-99,-0.099,0.67
21,"xotask","lowSC","easy",1.185,-1,1,-99,-0.099,0.67
21,"xotask","lowSC","easy",0.668,1,1,-99,-0.099,0.67
21,"xotask","lowSC","hard",0.851,1,1,-99,-0.099,0.67
21,"xotask","lowSC","average",0.618,1,1,-99,-0.099,0.67
21,"xotask","lowSC","hard",0.585,1,1,-99,-0.099,0.67
21,"xotask","lowSC","easy",0.518,1,1,-99,-0.099,0.67
21,"xotask","lowSC","hard",0.685,1,1,-99,-0.099,0.67
21,"xotask","lowSC","hard",0.585,1,1,-99,-0.099,0.67
21,"xotask","lowSC","easy",0.618,1,1,-99,-0.099,0.67
21,"xotask","lowSC","easy",0.636,1,0,-99,-0.099,0.67
21,"xotask","lowSC","easy",3.188,1,1,-99,-0.099,0.67
21,"xotask","lowSC","average",1.086,-1,1,-99,-0.099,0.67
21,"xotask","lowSC","average",0.535,1,1,-99,-0.099,0.67
21,"xotask","lowSC","hard",0.719,1,0,-99,-0.099,0.67
21,"xotask","lowSC","hard",0.551,1,1,-99,-0.099,0.67
21,"xotask","lowSC","average",0.619,1,0,-99,-0.099,0.67
21,"xotask","lowSC","average",0.668,1,1,-99,-0.099,0.67
21,"xotask","lowSC","hard",0.568,1,1,-99,-0.099,0.67
21,"xotask","lowSC","easy",0.551,1,1,-99,-0.099,0.67
21,"xotask","lowSC","average",0.736,1,1,-99,-0.099,0.67
21,"xotask","lowSC","average",0.619,1,1,-99,-0.099,0.67
21,"xotask","lowSC","hard",0.451,1,0,-99,-0.099,0.55
21,"xotask","lowSC","hard",0.568,-1,1,-99,-0.099,0.55
21,"xotask","lowSC","easy",0.751,-1,1,-99,-0.099,0.55
21,"xotask","lowSC","hard",0.651,1,1,-99,-0.099,0.55
21,"xotask","lowSC","hard",0.668,-1,1,-99,-0.099,0.55
21,"xotask","lowSC","easy",0.552,1,0,-99,-0.099,0.55
21,"xotask","lowSC","easy",0.619,-1,1,-99,-0.099,0.55
21,"xotask","lowSC","average",0.501,-1,1,-99,-0.099,0.55
21,"xotask","lowSC","easy",0.585,-1,1,-99,-0.099,0.55
21,"xotask","lowSC","easy",0.585,1,1,-99,-0.099,0.55
21,"xotask","lowSC","average",0.668,1,1,-99,-0.099,0.55
21,"xotask","lowSC","easy",0.435,1,1,-99,-0.099,0.55
21,"xotask","lowSC","average",0.669,1,1,-99,-0.099,0.55
21,"xotask","lowSC","hard",0.369,1,0,-99,-0.099,0.55
21,"xotask","lowSC","average",0.567,1,1,-99,-0.099,0.55
21,"xotask","lowSC","easy",0.435,1,0,-99,-0.099,0.55
21,"xotask","lowSC","easy",1.052,1,0,-99,-0.099,0.55
21,"xotask","lowSC","hard",0.535,1,0,-99,-0.099,0.55
21,"xotask","lowSC","hard",0.468,1,1,-99,-0.099,0.55
21,"xotask","lowSC","hard",0.501,1,1,-99,-0.099,0.55
21,"xotask","lowSC","easy",0.451,1,1,-99,-0.099,0.55
21,"xotask","lowSC","average",0.634,1,1,-99,-0.099,0.55
21,"xotask","lowSC","average",0.668,1,0,-99,-0.099,0.55
21,"xotask","lowSC","easy",0.534,-1,1,-99,-0.099,0.55
21,"xotask","lowSC","average",0.651,-1,0,-99,-0.099,0.6
21,"xotask","lowSC","average",0.568,1,1,-99,-0.099,0.6
21,"xotask","lowSC","hard",2.037,1,0,-99,-0.099,0.6
21,"xotask","lowSC","average",0.686,-1,1,-99,-0.099,0.6
21,"xotask","lowSC","average",0.769,-1,0,-99,-0.099,0.6
21,"xotask","lowSC","average",0.619,1,1,-99,-0.099,0.6
21,"xotask","lowSC","hard",0.619,-1,1,-99,-0.099,0.6
21,"xotask","lowSC","hard",0.684,1,0,-99,-0.099,0.6
21,"xotask","lowSC","hard",0.634,1,0,-99,-0.099,0.6
21,"xotask","lowSC","easy",0.485,1,1,-99,-0.099,0.6
21,"xotask","lowSC","average",0.535,1,1,-99,-0.099,0.6
21,"xotask","lowSC","hard",0.77,-1,1,-99,-0.099,0.6
21,"xotask","lowSC","average",0.718,1,0,-99,-0.099,0.6
21,"xotask","lowSC","easy",0.518,1,1,-99,-0.099,0.6
21,"xotask","lowSC","hard",0.786,-1,1,-99,-0.099,0.6
21,"xotask","lowSC","hard",0.401,1,1,-99,-0.099,0.6
21,"xotask","lowSC","easy",0.601,-1,0,-99,-0.099,0.6
21,"xotask","lowSC","average",0.935,-1,1,-99,-0.099,0.6
21,"xotask","lowSC","hard",2.203,-1,1,-99,-0.099,0.6
21,"xotask","lowSC","average",0.618,1,1,-99,-0.099,0.6
21,"xotask","lowSC","average",0.752,1,0,-99,-0.099,0.6
21,"xotask","lowSC","average",0.953,1,1,-99,-0.099,0.6
21,"xotask","lowSC","easy",0.668,-1,1,-99,-0.099,0.6
21,"xotask","lowSC","hard",0.469,1,1,-99,-0.099,0.6
21,"xotask","lowSC","hard",0.551,1,0,-99,-0.099,0.63
21,"xotask","lowSC","average",0.635,-1,0,-99,-0.099,0.63
21,"xotask","lowSC","average",0.818,-1,1,-99,-0.099,0.63
21,"xotask","lowSC","average",0.501,1,1,-99,-0.099,0.63
21,"xotask","lowSC","average",0.484,1,1,-99,-0.099,0.63
21,"xotask","lowSC","hard",0.568,1,1,-99,-0.099,0.63
21,"xotask","lowSC","easy",0.668,-1,1,-99,-0.099,0.63
21,"xotask","lowSC","easy",0.567,-1,1,-99,-0.099,0.63
21,"xotask","lowSC","easy",0.618,1,1,-99,-0.099,0.63
21,"xotask","lowSC","hard",0.518,1,1,-99,-0.099,0.63
21,"xotask","lowSC","average",0.552,1,0,-99,-0.099,0.63
21,"xotask","lowSC","easy",0.551,-1,1,-99,-0.099,0.63
21,"xotask","lowSC","average",0.852,1,0,-99,-0.099,0.63
21,"xotask","lowSC","easy",0.535,1,1,-99,-0.099,0.63
21,"xotask","lowSC","easy",0.668,-1,1,-99,-0.099,0.63
21,"xotask","lowSC","easy",0.585,-1,1,-99,-0.099,0.63
21,"xotask","lowSC","easy",0.468,1,1,-99,-0.099,0.63
21,"xotask","lowSC","easy",0.551,1,1,-99,-0.099,0.63
21,"xotask","lowSC","average",0.435,-1,1,-99,-0.099,0.63
21,"xotask","lowSC","easy",0.652,1,1,-99,-0.099,0.63
21,"xotask","lowSC","average",1.236,-1,1,-99,-0.099,0.63
21,"xotask","lowSC","average",0.635,1,1,-99,-0.099,0.63
21,"xotask","lowSC","hard",0.768,-1,1,-99,-0.099,0.63
21,"xotask","lowSC","hard",0.485,1,1,-99,-0.099,0.63
21,"xotask","lowSC","average",0.685,1,1,-99,-0.099,0.65
21,"xotask","lowSC","average",2.069,-1,1,-99,-0.099,0.65
21,"xotask","lowSC","average",0.518,1,1,-99,-0.099,0.65
21,"xotask","lowSC","average",0.485,1,1,-99,-0.099,0.65
21,"xotask","lowSC","average",0.501,1,0,-99,-0.099,0.65
21,"xotask","lowSC","easy",1.069,-1,1,-99,-0.099,0.65
21,"xotask","lowSC","hard",0.485,1,1,-99,-0.099,0.65
21,"xotask","lowSC","average",0.452,1,1,-99,-0.099,0.65
21,"xotask","lowSC","hard",0.418,1,0,-99,-0.099,0.65
21,"xotask","lowSC","hard",0.852,1,1,-99,-0.099,0.65
21,"xotask","lowSC","hard",0.435,1,1,-99,-0.099,0.65
21,"xotask","lowSC","average",0.434,1,0,-99,-0.099,0.65
21,"xotask","lowSC","easy",2.804,1,1,-99,-0.099,0.65
21,"xotask","lowSC","easy",0.534,1,1,-99,-0.099,0.65
21,"xotask","lowSC","average",1.535,-1,1,-99,-0.099,0.65
21,"xotask","lowSC","hard",0.919,-1,1,-99,-0.099,0.65
21,"xotask","lowSC","average",0.585,1,1,-99,-0.099,0.65
21,"xotask","lowSC","average",1.035,1,1,-99,-0.099,0.65
21,"xotask","lowSC","hard",0.418,1,1,-99,-0.099,0.65
21,"xotask","lowSC","average",2.236,-1,0,-99,-0.099,0.65
21,"xotask","lowSC","easy",0.401,1,1,-99,-0.099,0.65
21,"xotask","lowSC","easy",0.535,1,1,-99,-0.099,0.65
21,"xotask","lowSC","hard",1.252,-1,1,-99,-0.099,0.65
21,"xotask","lowSC","hard",0.451,1,0,-99,-0.099,0.65
21,"dotcolour","highSC","average",0.785,1,1,-99,-0.099,0.87
21,"dotcolour","highSC","easy",0.567,1,1,-99,-0.099,0.87
21,"dotcolour","highSC","easy",0.536,-1,1,-99,-0.099,0.87
21,"dotcolour","highSC","easy",0.485,1,1,-99,-0.099,0.87
21,"dotcolour","highSC","average",0.617,1,1,-99,-0.099,0.87
21,"dotcolour","highSC","hard",0.618,1,1,-99,-0.099,0.87
21,"dotcolour","highSC","easy",0.535,1,1,-99,-0.099,0.87
21,"dotcolour","highSC","average",0.535,-1,1,-99,-0.099,0.87
21,"dotcolour","highSC","hard",0.685,1,1,-99,-0.099,0.87
21,"dotcolour","highSC","hard",0.585,1,0,-99,-0.099,0.87
21,"dotcolour","highSC","easy",0.451,-1,1,-99,-0.099,0.87
21,"dotcolour","highSC","average",0.453,1,1,-99,-0.099,0.87
21,"dotcolour","highSC","hard",1.135,-1,1,-99,-0.099,0.87
21,"dotcolour","highSC","easy",0.518,-1,1,-99,-0.099,0.87
21,"dotcolour","highSC","hard",0.684,1,0,-99,-0.099,0.87
21,"dotcolour","highSC","hard",0.752,1,1,-99,-0.099,0.87
21,"dotcolour","highSC","average",0.535,1,1,-99,-0.099,0.87
21,"dotcolour","highSC","hard",0.918,1,0,-99,-0.099,0.87
21,"dotcolour","highSC","hard",0.602,1,1,-99,-0.099,0.87
21,"dotcolour","highSC","easy",0.434,-1,1,-99,-0.099,0.87
21,"dotcolour","highSC","average",0.718,-1,1,-99,-0.099,0.87
21,"dotcolour","highSC","easy",0.435,1,1,-99,-0.099,0.87
21,"dotcolour","highSC","hard",0.703,-1,0,-99,-0.099,0.87
21,"dotcolour","highSC","hard",1.052,-1,0,-99,-0.099,0.87
21,"dotcolour","highSC","average",0.468,1,1,-99,-0.099,0.83
21,"dotcolour","highSC","hard",1.002,1,1,-99,-0.099,0.83
21,"dotcolour","highSC","average",0.418,-1,1,-99,-0.099,0.83
21,"dotcolour","highSC","average",0.602,1,1,-99,-0.099,0.83
21,"dotcolour","highSC","easy",0.635,-1,1,-99,-0.099,0.83
21,"dotcolour","highSC","hard",0.869,-1,0,-99,-0.099,0.83
21,"dotcolour","highSC","average",0.436,-1,1,-99,-0.099,0.83
21,"dotcolour","highSC","average",0.469,-1,1,-99,-0.099,0.83
21,"dotcolour","highSC","hard",0.635,1,1,-99,-0.099,0.83
21,"dotcolour","highSC","average",0.668,1,1,-99,-0.099,0.83
21,"dotcolour","highSC","average",0.468,-1,1,-99,-0.099,0.83
21,"dotcolour","highSC","easy",0.517,1,1,-99,-0.099,0.83
21,"dotcolour","highSC","easy",0.568,1,0,-99,-0.099,0.83
21,"dotcolour","highSC","hard",0.935,-1,1,-99,-0.099,0.83
21,"dotcolour","highSC","hard",1.135,1,1,-99,-0.099,0.83
21,"dotcolour","highSC","easy",0.518,-1,0,-99,-0.099,0.83
21,"dotcolour","highSC","easy",0.868,1,1,-99,-0.099,0.83
21,"dotcolour","highSC","hard",0.752,1,0,-99,-0.099,0.83
21,"dotcolour","highSC","average",0.518,-1,1,-99,-0.099,0.83
21,"dotcolour","highSC","hard",0.984,-1,1,-99,-0.099,0.83
21,"dotcolour","highSC","hard",0.785,1,1,-99,-0.099,0.83
21,"dotcolour","highSC","hard",1.002,-1,1,-99,-0.099,0.83
21,"dotcolour","highSC","hard",1.335,1,0,-99,-0.099,0.83
21,"dotcolour","highSC","average",0.668,-1,1,-99,-0.099,0.83
21,"dotcolour","highSC","hard",0.769,-1,1,-99,-0.099,0.88
21,"dotcolour","highSC","average",0.535,1,1,-99,-0.099,0.88
21,"dotcolour","highSC","easy",0.452,-1,1,-99,-0.099,0.88
21,"dotcolour","highSC","hard",0.751,-1,1,-99,-0.099,0.88
21,"dotcolour","highSC","hard",0.635,1,1,-99,-0.099,0.88
21,"dotcolour","highSC","average",0.501,1,1,-99,-0.099,0.88
21,"dotcolour","highSC","easy",0.385,1,1,-99,-0.099,0.88
21,"dotcolour","highSC","hard",0.602,1,1,-99,-0.099,0.88
21,"dotcolour","highSC","average",0.518,-1,1,-99,-0.099,0.88
21,"dotcolour","highSC","easy",0.602,1,1,-99,-0.099,0.88
21,"dotcolour","highSC","average",0.552,-1,1,-99,-0.099,0.88
21,"dotcolour","highSC","average",0.784,1,1,-99,-0.099,0.88
21,"dotcolour","highSC","hard",0.752,1,1,-99,-0.099,0.88
21,"dotcolour","highSC","hard",0.502,1,1,-99,-0.099,0.88
21,"dotcolour","highSC","average",0.585,-1,1,-99,-0.099,0.88
21,"dotcolour","highSC","average",0.535,1,1,-99,-0.099,0.88
21,"dotcolour","highSC","hard",0.568,1,1,-99,-0.099,0.88
21,"dotcolour","highSC","average",0.668,-1,1,-99,-0.099,0.88
21,"dotcolour","highSC","easy",0.936,1,1,-99,-0.099,0.88
21,"dotcolour","highSC","hard",0.985,-1,0,-99,-0.099,0.88
21,"dotcolour","highSC","average",0.468,1,1,-99,-0.099,0.88
21,"dotcolour","highSC","easy",0.568,1,1,-99,-0.099,0.88
21,"dotcolour","highSC","average",0.568,-1,1,-99,-0.099,0.88
21,"dotcolour","highSC","hard",0.569,1,1,-99,-0.099,0.88
21,"dotcolour","highSC","hard",0.834,-1,1,-99,-0.099,0.97
21,"dotcolour","highSC","easy",0.502,-1,1,-99,-0.099,0.97
21,"dotcolour","highSC","hard",0.703,-1,1,-99,-0.099,0.97
21,"dotcolour","highSC","hard",0.502,-1,1,-99,-0.099,0.97
21,"dotcolour","highSC","average",0.668,-1,1,-99,-0.099,0.97
21,"dotcolour","highSC","easy",0.419,-1,1,-99,-0.099,0.97
21,"dotcolour","highSC","average",0.518,1,1,-99,-0.099,0.97
21,"dotcolour","highSC","easy",0.384,1,1,-99,-0.099,0.97
21,"dotcolour","highSC","easy",0.468,1,1,-99,-0.099,0.97
21,"dotcolour","highSC","easy",0.502,-1,1,-99,-0.099,0.97
21,"dotcolour","highSC","hard",0.718,-1,1,-99,-0.099,0.97
21,"dotcolour","highSC","easy",0.45,1,1,-99,-0.099,0.97
21,"dotcolour","highSC","hard",0.735,1,1,-99,-0.099,0.97
21,"dotcolour","highSC","hard",0.534,1,1,-99,-0.099,0.97
21,"dotcolour","highSC","hard",0.452,1,1,-99,-0.099,0.97
21,"dotcolour","highSC","easy",0.501,-1,1,-99,-0.099,0.97
21,"dotcolour","highSC","easy",0.651,1,1,-99,-0.099,0.97
21,"dotcolour","highSC","average",0.668,1,1,-99,-0.099,0.97
21,"dotcolour","highSC","hard",1.303,-1,0,-99,-0.099,0.97
21,"dotcolour","highSC","average",0.786,-1,1,-99,-0.099,0.97
21,"dotcolour","highSC","average",0.334,1,1,-99,-0.099,0.97
21,"dotcolour","highSC","hard",0.785,1,1,-99,-0.099,0.97
21,"dotcolour","highSC","easy",0.519,1,1,-99,-0.099,0.97
21,"dotcolour","highSC","hard",0.568,1,1,-99,-0.099,0.97
21,"dotcolour","highSC","easy",0.668,1,1,-99,-0.099,0.96
21,"dotcolour","highSC","average",0.484,-1,1,-99,-0.099,0.96
21,"dotcolour","highSC","easy",0.468,-1,1,-99,-0.099,0.96
21,"dotcolour","highSC","average",0.518,1,1,-99,-0.099,0.96
21,"dotcolour","highSC","easy",0.668,1,1,-99,-0.099,0.96
21,"dotcolour","highSC","hard",0.501,1,1,-99,-0.099,0.96
21,"dotcolour","highSC","easy",0.502,-1,1,-99,-0.099,0.96
21,"dotcolour","highSC","average",0.567,1,0,-99,-0.099,0.96
21,"dotcolour","highSC","easy",0.468,-1,1,-99,-0.099,0.96
21,"dotcolour","highSC","easy",0.452,-1,1,-99,-0.099,0.96
21,"dotcolour","highSC","hard",0.634,-1,0,-99,-0.099,0.96
21,"dotcolour","highSC","easy",0.534,1,0,-99,-0.099,0.96
21,"dotcolour","highSC","average",0.718,-1,1,-99,-0.099,0.96
21,"dotcolour","highSC","easy",0.435,-1,1,-99,-0.099,0.96
21,"dotcolour","highSC","easy",0.534,1,1,-99,-0.099,0.96
21,"dotcolour","highSC","average",0.469,1,1,-99,-0.099,0.96
21,"dotcolour","highSC","easy",0.518,-1,0,-99,-0.099,0.96
21,"dotcolour","highSC","hard",0.685,1,0,-99,-0.099,0.96
21,"dotcolour","highSC","easy",0.601,-1,1,-99,-0.099,0.96
21,"dotcolour","highSC","average",0.635,1,1,-99,-0.099,0.96
21,"dotcolour","highSC","hard",0.836,1,1,-99,-0.099,0.96
21,"dotcolour","highSC","hard",0.601,1,0,-99,-0.099,0.96
21,"dotcolour","highSC","average",0.668,-1,1,-99,-0.099,0.96
21,"dotcolour","highSC","easy",0.518,1,1,-99,-0.099,0.96
21,"dotnumber","mediumSC","easy",0.569,1,1,-99,-0.099,0.8
21,"dotnumber","mediumSC","hard",0.652,1,1,-99,-0.099,0.8
21,"dotnumber","mediumSC","hard",0.469,1,0,-99,-0.099,0.8
21,"dotnumber","mediumSC","hard",0.468,1,0,-99,-0.099,0.8
21,"dotnumber","mediumSC","average",0.301,1,1,-99,-0.099,0.8
21,"dotnumber","mediumSC","easy",0.32,1,0,-99,-0.099,0.8
21,"dotnumber","mediumSC","average",0.553,1,1,-99,-0.099,0.8
21,"dotnumber","mediumSC","easy",0.485,-1,1,-99,-0.099,0.8
21,"dotnumber","mediumSC","easy",0.502,-1,1,-99,-0.099,0.8
21,"dotnumber","mediumSC","easy",0.468,-1,1,-99,-0.099,0.8
21,"dotnumber","mediumSC","hard",0.467,1,0,-99,-0.099,0.8
21,"dotnumber","mediumSC","easy",0.469,1,1,-99,-0.099,0.8
21,"dotnumber","mediumSC","average",0.669,1,0,-99,-0.099,0.8
21,"dotnumber","mediumSC","average",0.335,-1,1,-99,-0.099,0.8
21,"dotnumber","mediumSC","hard",0.334,-1,1,-99,-0.099,0.8
21,"dotnumber","mediumSC","easy",0.568,1,1,-99,-0.099,0.8
21,"dotnumber","mediumSC","average",0.418,1,1,-99,-0.099,0.8
21,"dotnumber","mediumSC","average",0.402,-1,1,-99,-0.099,0.8
21,"dotnumber","mediumSC","hard",0.768,1,1,-99,-0.099,0.8
21,"dotnumber","mediumSC","easy",0.418,-1,1,-99,-0.099,0.8
21,"dotnumber","mediumSC","average",0.602,1,1,-99,-0.099,0.8
21,"dotnumber","mediumSC","hard",0.602,1,1,-99,-0.099,0.8
21,"dotnumber","mediumSC","easy",0.485,1,1,-99,-0.099,0.8
21,"dotnumber","mediumSC","easy",0.468,1,1,-99,-0.099,0.8
21,"dotnumber","mediumSC","easy",0.469,-1,1,-99,-0.099,0.8
21,"dotnumber","mediumSC","easy",0.484,1,1,-99,-0.099,0.8
21,"dotnumber","mediumSC","hard",0.468,1,1,-99,-0.099,0.8
21,"dotnumber","mediumSC","average",0.518,1,1,-99,-0.099,0.8
21,"dotnumber","mediumSC","easy",0.352,1,1,-99,-0.099,0.8
21,"dotnumber","mediumSC","easy",0.484,-1,1,-99,-0.099,0.8
21,"dotnumber","mediumSC","hard",0.468,1,0,-99,-0.099,0.8
21,"dotnumber","mediumSC","hard",0.568,1,1,-99,-0.099,0.8
21,"dotnumber","mediumSC","hard",0.501,-1,1,-99,-0.099,0.8
21,"dotnumber","mediumSC","average",1.002,-1,1,-99,-0.099,0.8
21,"dotnumber","mediumSC","average",0.551,1,1,-99,-0.099,0.8
21,"dotnumber","mediumSC","easy",0.401,1,1,-99,-0.099,0.8
21,"dotnumber","mediumSC","average",0.635,-1,0,-99,-0.099,0.8
21,"dotnumber","mediumSC","average",0.401,1,1,-99,-0.099,0.8
21,"dotnumber","mediumSC","easy",0.417,-1,1,-99,-0.099,0.8
21,"dotnumber","mediumSC","easy",0.602,1,1,-99,-0.099,0.8
21,"dotnumber","mediumSC","average",0.385,-1,1,-99,-0.099,0.8
21,"dotnumber","mediumSC","average",0.418,1,0,-99,-0.099,0.8
21,"dotnumber","mediumSC","hard",0.402,1,0,-99,-0.099,0.8
21,"dotnumber","mediumSC","easy",0.351,1,1,-99,-0.099,0.8
21,"dotnumber","mediumSC","average",0.469,1,1,-99,-0.099,0.8
21,"dotnumber","mediumSC","easy",0.218,1,1,-99,-0.099,0.8
21,"dotnumber","mediumSC","easy",0.418,1,1,-99,-0.099,0.8
21,"dotnumber","mediumSC","average",0.433,-1,1,-99,-0.099,0.77
21,"dotnumber","mediumSC","easy",0.402,1,1,-99,-0.099,0.77
21,"dotnumber","mediumSC","easy",0.469,-1,1,-99,-0.099,0.77
21,"dotnumber","mediumSC","average",0.484,-1,0,-99,-0.099,0.77
21,"dotnumber","mediumSC","easy",0.352,1,1,-99,-0.099,0.77
21,"dotnumber","mediumSC","hard",0.435,-1,1,-99,-0.099,0.77
21,"dotnumber","mediumSC","average",0.552,-1,1,-99,-0.099,0.77
21,"dotnumber","mediumSC","easy",0.534,1,1,-99,-0.099,0.77
21,"dotnumber","mediumSC","hard",0.568,-1,0,-99,-0.099,0.77
21,"dotnumber","mediumSC","hard",0.417,-1,0,-99,-0.099,0.77
21,"dotnumber","mediumSC","hard",0.367,-1,0,-99,-0.099,0.77
21,"dotnumber","mediumSC","easy",0.468,-1,1,-99,-0.099,0.77
21,"dotnumber","mediumSC","average",0.752,1,0,-99,-0.099,0.77
21,"dotnumber","mediumSC","average",0.384,1,1,-99,-0.099,0.77
21,"dotnumber","mediumSC","hard",0.435,1,0,-99,-0.099,0.77
21,"dotnumber","mediumSC","hard",0.418,-1,1,-99,-0.099,0.77
21,"dotnumber","mediumSC","easy",0.335,-1,1,-99,-0.099,0.77
21,"dotnumber","mediumSC","hard",0.335,-1,1,-99,-0.099,0.77
21,"dotnumber","mediumSC","average",0.685,1,1,-99,-0.099,0.77
21,"dotnumber","mediumSC","hard",0.452,-1,0,-99,-0.099,0.77
21,"dotnumber","mediumSC","easy",0.401,-1,1,-99,-0.099,0.77
21,"dotnumber","mediumSC","easy",0.518,1,1,-99,-0.099,0.77
21,"dotnumber","mediumSC","hard",0.552,1,0,-99,-0.099,0.77
21,"dotnumber","mediumSC","easy",0.517,-1,1,-99,-0.099,0.77
21,"dotnumber","mediumSC","hard",0.417,1,1,-99,-0.099,0.82
21,"dotnumber","mediumSC","hard",0.518,-1,1,-99,-0.099,0.82
21,"dotnumber","mediumSC","hard",0.601,-1,0,-99,-0.099,0.82
21,"dotnumber","mediumSC","easy",0.401,-1,1,-99,-0.099,0.82
21,"dotnumber","mediumSC","easy",0.518,1,1,-99,-0.099,0.82
21,"dotnumber","mediumSC","hard",0.418,-1,0,-99,-0.099,0.82
21,"dotnumber","mediumSC","average",0.585,1,0,-99,-0.099,0.82
21,"dotnumber","mediumSC","easy",0.417,-1,1,-99,-0.099,0.82
21,"dotnumber","mediumSC","hard",0.536,1,1,-99,-0.099,0.82
21,"dotnumber","mediumSC","easy",0.435,1,1,-99,-0.099,0.82
21,"dotnumber","mediumSC","easy",0.502,-1,0,-99,-0.099,0.82
21,"dotnumber","mediumSC","average",0.485,1,1,-99,-0.099,0.82
21,"dotnumber","mediumSC","easy",0.451,1,1,-99,-0.099,0.82
21,"dotnumber","mediumSC","easy",0.469,-1,1,-99,-0.099,0.82
21,"dotnumber","mediumSC","average",0.334,-1,1,-99,-0.099,0.82
21,"dotnumber","mediumSC","average",0.418,1,1,-99,-0.099,0.82
21,"dotnumber","mediumSC","hard",0.351,1,0,-99,-0.099,0.82
21,"dotnumber","mediumSC","hard",0.266,-1,0,-99,-0.099,0.82
21,"dotnumber","mediumSC","easy",0.234,1,0,-99,-0.099,0.82
21,"dotnumber","mediumSC","hard",0.552,-1,1,-99,-0.099,0.82
21,"dotnumber","mediumSC","easy",0.451,-1,1,-99,-0.099,0.82
21,"dotnumber","mediumSC","hard",0.352,-1,1,-99,-0.099,0.82
21,"dotnumber","mediumSC","hard",0.301,-1,0,-99,-0.099,0.82
21,"dotnumber","mediumSC","easy",0.269,-1,1,-99,-0.099,0.82
21,"dotnumber","mediumSC","easy",0.585,1,1,-99,-0.099,0.76
21,"dotnumber","mediumSC","average",0.451,-1,1,-99,-0.099,0.76
21,"dotnumber","mediumSC","easy",0.401,-1,1,-99,-0.099,0.76
21,"dotnumber","mediumSC","average",0.367,-1,1,-99,-0.099,0.76
21,"dotnumber","mediumSC","hard",0.351,-1,0,-99,-0.099,0.76
21,"dotnumber","mediumSC","easy",0.418,-1,0,-99,-0.099,0.76
21,"dotnumber","mediumSC","easy",0.434,-1,1,-99,-0.099,0.76
21,"dotnumber","mediumSC","easy",0.452,-1,1,-99,-0.099,0.76
21,"dotnumber","mediumSC","hard",0.351,-1,1,-99,-0.099,0.76
21,"dotnumber","mediumSC","easy",0.485,1,1,-99,-0.099,0.76
21,"dotnumber","mediumSC","easy",0.386,-1,1,-99,-0.099,0.76
21,"dotnumber","mediumSC","easy",0.401,-1,1,-99,-0.099,0.76
21,"dotnumber","mediumSC","average",0.552,1,1,-99,-0.099,0.76
21,"dotnumber","mediumSC","hard",0.601,1,1,-99,-0.099,0.76
21,"dotnumber","mediumSC","hard",0.401,1,1,-99,-0.099,0.76
21,"dotnumber","mediumSC","average",0.368,1,1,-99,-0.099,0.76
21,"dotnumber","mediumSC","hard",0.334,1,0,-99,-0.099,0.76
21,"dotnumber","mediumSC","average",0.469,1,1,-99,-0.099,0.76
21,"dotnumber","mediumSC","easy",0.468,-1,1,-99,-0.099,0.76
21,"dotnumber","mediumSC","easy",0.468,1,1,-99,-0.099,0.76
21,"dotnumber","mediumSC","hard",0.402,1,1,-99,-0.099,0.76
21,"dotnumber","mediumSC","hard",0.468,1,0,-99,-0.099,0.76
21,"dotnumber","mediumSC","average",0.401,1,1,-99,-0.099,0.76
21,"dotnumber","mediumSC","average",0.351,1,1,-99,-0.099,0.76
22,"dotcolour","highSC","hard",1.102,-1,1,-99,-0.099,0.92
22,"dotcolour","highSC","easy",0.853,-1,1,-99,-0.099,0.92
22,"dotcolour","highSC","easy",0.669,-1,1,-99,-0.099,0.92
22,"dotcolour","highSC","hard",0.719,1,1,-99,-0.099,0.92
22,"dotcolour","highSC","average",0.735,-1,1,-99,-0.099,0.92
22,"dotcolour","highSC","hard",0.935,1,1,-99,-0.099,0.92
22,"dotcolour","highSC","easy",0.885,1,1,-99,-0.099,0.92
22,"dotcolour","highSC","hard",0.952,-1,0,-99,-0.099,0.92
22,"dotcolour","highSC","average",1.302,1,1,-99,-0.099,0.92
22,"dotcolour","highSC","average",0.619,-1,1,-99,-0.099,0.92
22,"dotcolour","highSC","hard",0.602,1,1,-99,-0.099,0.92
22,"dotcolour","highSC","easy",0.518,1,1,-99,-0.099,0.92
22,"dotcolour","highSC","average",0.751,1,1,-99,-0.099,0.92
22,"dotcolour","highSC","hard",0.718,1,0,-99,-0.099,0.92
22,"dotcolour","highSC","average",0.719,1,1,-99,-0.099,0.92
22,"dotcolour","highSC","average",0.551,-1,1,-99,-0.099,0.92
22,"dotcolour","highSC","easy",0.452,-1,1,-99,-0.099,0.92
22,"dotcolour","highSC","average",0.518,1,1,-99,-0.099,0.92
22,"dotcolour","highSC","easy",0.436,-1,1,-99,-0.099,0.92
22,"dotcolour","highSC","hard",0.619,1,0,-99,-0.099,0.92
22,"dotcolour","highSC","easy",0.584,-1,1,-99,-0.099,0.92
22,"dotcolour","highSC","hard",0.986,1,0,-99,-0.099,0.92
22,"dotcolour","highSC","average",0.668,1,1,-99,-0.099,0.92
22,"dotcolour","highSC","average",0.568,1,1,-99,-0.099,0.92
22,"dotcolour","highSC","hard",0.886,1,0,-99,-0.099,0.84
22,"dotcolour","highSC","hard",0.635,1,1,-99,-0.099,0.84
22,"dotcolour","highSC","easy",0.618,1,1,-99,-0.099,0.84
22,"dotcolour","highSC","easy",0.519,-1,1,-99,-0.099,0.84
22,"dotcolour","highSC","average",0.551,-1,1,-99,-0.099,0.84
22,"dotcolour","highSC","easy",0.636,1,1,-99,-0.099,0.84
22,"dotcolour","highSC","hard",0.735,1,0,-99,-0.099,0.84
22,"dotcolour","highSC","average",0.517,-1,1,-99,-0.099,0.84
22,"dotcolour","highSC","average",0.518,-1,1,-99,-0.099,0.84
22,"dotcolour","highSC","hard",0.585,1,1,-99,-0.099,0.84
22,"dotcolour","highSC","average",0.602,1,1,-99,-0.099,0.84
22,"dotcolour","highSC","average",0.785,1,1,-99,-0.099,0.84
22,"dotcolour","highSC","easy",0.602,-1,1,-99,-0.099,0.84
22,"dotcolour","highSC","easy",0.601,-1,1,-99,-0.099,0.84
22,"dotcolour","highSC","easy",0.452,1,1,-99,-0.099,0.84
22,"dotcolour","highSC","easy",0.486,-1,1,-99,-0.099,0.84
22,"dotcolour","highSC","hard",0.686,-1,1,-99,-0.099,0.84
22,"dotcolour","highSC","average",0.551,-1,1,-99,-0.099,0.84
22,"dotcolour","highSC","hard",0.668,-1,0,-99,-0.099,0.84
22,"dotcolour","highSC","easy",0.501,-1,1,-99,-0.099,0.84
22,"dotcolour","highSC","hard",0.668,1,1,-99,-0.099,0.84
22,"dotcolour","highSC","easy",0.518,1,1,-99,-0.099,0.84
22,"dotcolour","highSC","hard",0.834,-1,0,-99,-0.099,0.84
22,"dotcolour","highSC","easy",0.484,1,1,-99,-0.099,0.84
22,"dotcolour","highSC","hard",0.819,1,1,-99,-0.099,0.86
22,"dotcolour","highSC","easy",0.569,-1,1,-99,-0.099,0.86
22,"dotcolour","highSC","hard",0.585,1,1,-99,-0.099,0.86
22,"dotcolour","highSC","average",0.601,-1,1,-99,-0.099,0.86
22,"dotcolour","highSC","easy",0.535,-1,1,-99,-0.099,0.86
22,"dotcolour","highSC","average",0.635,1,1,-99,-0.099,0.86
22,"dotcolour","highSC","average",0.451,-1,1,-99,-0.099,0.86
22,"dotcolour","highSC","hard",0.685,1,0,-99,-0.099,0.86
22,"dotcolour","highSC","hard",0.685,1,1,-99,-0.099,0.86
22,"dotcolour","highSC","easy",0.469,-1,1,-99,-0.099,0.86
22,"dotcolour","highSC","average",0.569,1,1,-99,-0.099,0.86
22,"dotcolour","highSC","hard",0.668,-1,1,-99,-0.099,0.86
22,"dotcolour","highSC","hard",0.786,1,0,-99,-0.099,0.86
22,"dotcolour","highSC","average",0.602,1,1,-99,-0.099,0.86
22,"dotcolour","highSC","average",0.635,-1,1,-99,-0.099,0.86
22,"dotcolour","highSC","average",0.602,-1,1,-99,-0.099,0.86
22,"dotcolour","highSC","easy",0.552,-1,1,-99,-0.099,0.86
22,"dotcolour","highSC","hard",0.886,-1,1,-99,-0.099,0.86
22,"dotcolour","highSC","easy",0.618,1,1,-99,-0.099,0.86
22,"dotcolour","highSC","easy",0.701,-1,1,-99,-0.099,0.86
22,"dotcolour","highSC","average",0.684,-1,1,-99,-0.099,0.86
22,"dotcolour","highSC","easy",0.618,1,1,-99,-0.099,0.86
22,"dotcolour","highSC","average",0.519,-1,1,-99,-0.099,0.86
22,"dotcolour","highSC","average",0.502,1,1,-99,-0.099,0.86
22,"dotcolour","highSC","hard",1.203,1,0,-99,-0.099,0.97
22,"dotcolour","highSC","easy",0.652,1,1,-99,-0.099,0.97
22,"dotcolour","highSC","average",0.484,-1,1,-99,-0.099,0.97
22,"dotcolour","highSC","easy",0.452,1,1,-99,-0.099,0.97
22,"dotcolour","highSC","hard",0.802,-1,1,-99,-0.099,0.97
22,"dotcolour","highSC","average",0.652,-1,1,-99,-0.099,0.97
22,"dotcolour","highSC","easy",0.536,-1,1,-99,-0.099,0.97
22,"dotcolour","highSC","hard",0.652,-1,1,-99,-0.099,0.97
22,"dotcolour","highSC","easy",0.551,-1,1,-99,-0.099,0.97
22,"dotcolour","highSC","average",0.452,-1,1,-99,-0.099,0.97
22,"dotcolour","highSC","easy",0.485,1,1,-99,-0.099,0.97
22,"dotcolour","highSC","hard",0.651,-1,1,-99,-0.099,0.97
22,"dotcolour","highSC","average",0.634,1,1,-99,-0.099,0.97
22,"dotcolour","highSC","easy",0.552,1,1,-99,-0.099,0.97
22,"dotcolour","highSC","average",0.536,1,1,-99,-0.099,0.97
22,"dotcolour","highSC","hard",0.619,-1,0,-99,-0.099,0.97
22,"dotcolour","highSC","easy",0.418,1,1,-99,-0.099,0.97
22,"dotcolour","highSC","hard",0.651,-1,0,-99,-0.099,0.97
22,"dotcolour","highSC","hard",0.651,-1,0,-99,-0.099,0.97
22,"dotcolour","highSC","easy",0.603,-1,1,-99,-0.099,0.97
22,"dotcolour","highSC","hard",0.569,1,1,-99,-0.099,0.97
22,"dotcolour","highSC","easy",0.868,1,1,-99,-0.099,0.97
22,"dotcolour","highSC","hard",0.668,-1,0,-99,-0.099,0.97
22,"dotcolour","highSC","average",0.735,1,1,-99,-0.099,0.97
22,"dotcolour","highSC","hard",0.618,-1,0,-99,-0.099,0.87
22,"dotcolour","highSC","hard",0.618,-1,1,-99,-0.099,0.87
22,"dotcolour","highSC","easy",0.485,1,1,-99,-0.099,0.87
22,"dotcolour","highSC","average",0.519,-1,1,-99,-0.099,0.87
22,"dotcolour","highSC","easy",0.468,-1,1,-99,-0.099,0.87
22,"dotcolour","highSC","easy",0.451,1,1,-99,-0.099,0.87
22,"dotcolour","highSC","easy",0.401,-1,1,-99,-0.099,0.87
22,"dotcolour","highSC","easy",0.418,-1,1,-99,-0.099,0.87
22,"dotcolour","highSC","hard",0.585,1,0,-99,-0.099,0.87
22,"dotcolour","highSC","average",0.518,1,1,-99,-0.099,0.87
22,"dotcolour","highSC","hard",0.551,-1,1,-99,-0.099,0.87
22,"dotcolour","highSC","average",0.485,-1,1,-99,-0.099,0.87
22,"dotcolour","highSC","hard",0.869,1,1,-99,-0.099,0.87
22,"dotcolour","highSC","easy",0.535,1,1,-99,-0.099,0.87
22,"dotcolour","highSC","easy",0.468,-1,1,-99,-0.099,0.87
22,"dotcolour","highSC","hard",0.618,-1,0,-99,-0.099,0.87
22,"dotcolour","highSC","average",0.485,1,1,-99,-0.099,0.87
22,"dotcolour","highSC","easy",0.452,-1,1,-99,-0.099,0.87
22,"dotcolour","highSC","hard",0.635,-1,1,-99,-0.099,0.87
22,"dotcolour","highSC","average",0.486,1,1,-99,-0.099,0.87
22,"dotcolour","highSC","easy",0.534,-1,1,-99,-0.099,0.87
22,"dotcolour","highSC","easy",0.602,1,1,-99,-0.099,0.87
22,"dotcolour","highSC","easy",0.418,-1,1,-99,-0.099,0.87
22,"dotcolour","highSC","hard",0.736,1,0,-99,-0.099,0.87
22,"dotnumber","mediumSC","hard",1.086,1,0,-99,-0.099,0.81
22,"dotnumber","mediumSC","average",1.47,1,0,-99,-0.099,0.81
22,"dotnumber","mediumSC","easy",0.451,-1,1,-99,-0.099,0.81
22,"dotnumber","mediumSC","hard",0.485,1,0,-99,-0.099,0.81
22,"dotnumber","mediumSC","average",0.586,1,1,-99,-0.099,0.81
22,"dotnumber","mediumSC","hard",1.052,1,1,-99,-0.099,0.81
22,"dotnumber","mediumSC","hard",0.651,-1,1,-99,-0.099,0.81
22,"dotnumber","mediumSC","hard",0.619,1,1,-99,-0.099,0.81
22,"dotnumber","mediumSC","average",0.852,1,1,-99,-0.099,0.81
22,"dotnumber","mediumSC","average",0.685,-1,1,-99,-0.099,0.81
22,"dotnumber","mediumSC","average",0.603,1,1,-99,-0.099,0.81
22,"dotnumber","mediumSC","average",0.435,-1,1,-99,-0.099,0.81
22,"dotnumber","mediumSC","hard",0.468,-1,1,-99,-0.099,0.81
22,"dotnumber","mediumSC","average",0.418,1,1,-99,-0.099,0.81
22,"dotnumber","mediumSC","hard",0.335,-1,1,-99,-0.099,0.81
22,"dotnumber","mediumSC","easy",0.452,-1,1,-99,-0.099,0.81
22,"dotnumber","mediumSC","easy",0.434,1,1,-99,-0.099,0.81
22,"dotnumber","mediumSC","average",0.351,-1,1,-99,-0.099,0.81
22,"dotnumber","mediumSC","average",0.451,-1,1,-99,-0.099,0.81
22,"dotnumber","mediumSC","easy",0.401,-1,1,-99,-0.099,0.81
22,"dotnumber","mediumSC","hard",0.368,1,0,-99,-0.099,0.81
22,"dotnumber","mediumSC","hard",0.402,-1,0,-99,-0.099,0.81
22,"dotnumber","mediumSC","average",0.451,1,1,-99,-0.099,0.81
22,"dotnumber","mediumSC","easy",0.418,-1,0,-99,-0.099,0.81
22,"dotnumber","mediumSC","hard",0.385,-1,0,-99,-0.099,0.71
22,"dotnumber","mediumSC","average",0.385,1,0,-99,-0.099,0.71
22,"dotnumber","mediumSC","easy",0.419,1,1,-99,-0.099,0.71
22,"dotnumber","mediumSC","average",0.318,-1,1,-99,-0.099,0.71
22,"dotnumber","mediumSC","hard",0.669,-1,1,-99,-0.099,0.71
22,"dotnumber","mediumSC","easy",0.386,-1,1,-99,-0.099,0.71
22,"dotnumber","mediumSC","average",0.501,-1,0,-99,-0.099,0.71
22,"dotnumber","mediumSC","hard",0.45,1,1,-99,-0.099,0.71
22,"dotnumber","mediumSC","average",0.385,-1,1,-99,-0.099,0.71
22,"dotnumber","mediumSC","easy",0.452,-1,1,-99,-0.099,0.71
22,"dotnumber","mediumSC","hard",0.418,-1,1,-99,-0.099,0.71
22,"dotnumber","mediumSC","hard",0.417,-1,1,-99,-0.099,0.71
22,"dotnumber","mediumSC","hard",0.401,-1,1,-99,-0.099,0.71
22,"dotnumber","mediumSC","average",0.368,-1,0,-99,-0.099,0.71
22,"dotnumber","mediumSC","easy",0.535,1,1,-99,-0.099,0.71
22,"dotnumber","mediumSC","easy",0.502,-1,1,-99,-0.099,0.71
22,"dotnumber","mediumSC","average",0.468,1,1,-99,-0.099,0.71
22,"dotnumber","mediumSC","hard",0.451,-1,1,-99,-0.099,0.71
22,"dotnumber","mediumSC","average",0.768,-1,1,-99,-0.099,0.71
22,"dotnumber","mediumSC","easy",0.586,-1,1,-99,-0.099,0.71
22,"dotnumber","mediumSC","easy",0.685,-1,1,-99,-0.099,0.71
22,"dotnumber","mediumSC","hard",0.435,-1,0,-99,-0.099,0.71
22,"dotnumber","mediumSC","easy",0.434,1,1,-99,-0.099,0.71
22,"dotnumber","mediumSC","average",0.484,1,1,-99,-0.099,0.71
22,"dotnumber","mediumSC","easy",0.418,-1,0,-99,-0.099,0.71
22,"dotnumber","mediumSC","hard",0.619,1,1,-99,-0.099,0.71
22,"dotnumber","mediumSC","hard",0.602,1,1,-99,-0.099,0.71
22,"dotnumber","mediumSC","easy",0.584,-1,1,-99,-0.099,0.71
22,"dotnumber","mediumSC","hard",0.535,-1,1,-99,-0.099,0.71
22,"dotnumber","mediumSC","easy",0.485,1,1,-99,-0.099,0.71
22,"dotnumber","mediumSC","hard",0.552,1,1,-99,-0.099,0.71
22,"dotnumber","mediumSC","easy",0.402,-1,1,-99,-0.099,0.71
22,"dotnumber","mediumSC","easy",0.635,-1,1,-99,-0.099,0.71
22,"dotnumber","mediumSC","average",0.618,-1,1,-99,-0.099,0.71
22,"dotnumber","mediumSC","average",0.536,1,1,-99,-0.099,0.71
22,"dotnumber","mediumSC","average",0.435,1,1,-99,-0.099,0.71
22,"dotnumber","mediumSC","average",0.619,1,1,-99,-0.099,0.71
22,"dotnumber","mediumSC","hard",0.717,-1,1,-99,-0.099,0.71
22,"dotnumber","mediumSC","easy",0.569,1,1,-99,-0.099,0.71
22,"dotnumber","mediumSC","hard",0.735,-1,0,-99,-0.099,0.71
22,"dotnumber","mediumSC","hard",0.718,-1,0,-99,-0.099,0.71
22,"dotnumber","mediumSC","average",0.569,1,1,-99,-0.099,0.71
22,"dotnumber","mediumSC","hard",0.401,-1,1,-99,-0.099,0.71
22,"dotnumber","mediumSC","easy",0.585,-1,1,-99,-0.099,0.71
22,"dotnumber","mediumSC","easy",0.601,-1,1,-99,-0.099,0.71
22,"dotnumber","mediumSC","easy",0.818,1,0,-99,-0.099,0.71
22,"dotnumber","mediumSC","hard",0.602,1,0,-99,-0.099,0.71
22,"dotnumber","mediumSC","easy",0.585,1,1,-99,-0.099,0.71
22,"dotnumber","mediumSC","hard",0.452,-1,1,-99,-0.099,0.81
22,"dotnumber","mediumSC","hard",0.701,-1,0,-99,-0.099,0.81
22,"dotnumber","mediumSC","hard",1.07,-1,0,-99,-0.099,0.81
22,"dotnumber","mediumSC","easy",0.719,1,1,-99,-0.099,0.81
22,"dotnumber","mediumSC","average",0.652,1,1,-99,-0.099,0.81
22,"dotnumber","mediumSC","easy",0.686,1,1,-99,-0.099,0.81
22,"dotnumber","mediumSC","hard",0.985,-1,1,-99,-0.099,0.81
22,"dotnumber","mediumSC","average",0.652,1,1,-99,-0.099,0.81
22,"dotnumber","mediumSC","average",0.585,-1,1,-99,-0.099,0.81
22,"dotnumber","mediumSC","hard",0.635,1,1,-99,-0.099,0.81
22,"dotnumber","mediumSC","average",0.752,1,0,-99,-0.099,0.81
22,"dotnumber","mediumSC","average",0.719,-1,1,-99,-0.099,0.81
22,"dotnumber","mediumSC","hard",0.501,-1,1,-99,-0.099,0.81
22,"dotnumber","mediumSC","hard",0.402,1,0,-99,-0.099,0.81
22,"dotnumber","mediumSC","easy",0.451,1,1,-99,-0.099,0.81
22,"dotnumber","mediumSC","easy",0.417,1,1,-99,-0.099,0.81
22,"dotnumber","mediumSC","easy",0.435,1,1,-99,-0.099,0.81
22,"dotnumber","mediumSC","hard",0.685,-1,0,-99,-0.099,0.81
22,"dotnumber","mediumSC","easy",0.418,1,1,-99,-0.099,0.81
22,"dotnumber","mediumSC","easy",0.469,1,1,-99,-0.099,0.81
22,"dotnumber","mediumSC","hard",0.519,1,1,-99,-0.099,0.81
22,"dotnumber","mediumSC","average",0.401,-1,0,-99,-0.099,0.81
22,"dotnumber","mediumSC","easy",0.384,1,1,-99,-0.099,0.81
22,"dotnumber","mediumSC","average",0.551,-1,1,-99,-0.099,0.81
22,"dotnumber","mediumSC","average",0.535,-1,1,-99,-0.099,0.81
22,"dotnumber","mediumSC","easy",0.418,1,1,-99,-0.099,0.81
22,"dotnumber","mediumSC","average",0.401,-1,1,-99,-0.099,0.81
22,"dotnumber","mediumSC","easy",0.684,-1,1,-99,-0.099,0.81
22,"dotnumber","mediumSC","hard",0.552,-1,1,-99,-0.099,0.81
22,"dotnumber","mediumSC","hard",0.485,1,1,-99,-0.099,0.81
22,"dotnumber","mediumSC","hard",0.669,1,1,-99,-0.099,0.81
22,"dotnumber","mediumSC","easy",0.403,1,1,-99,-0.099,0.81
22,"dotnumber","mediumSC","average",0.468,-1,1,-99,-0.099,0.81
22,"dotnumber","mediumSC","hard",0.601,-1,0,-99,-0.099,0.81
22,"dotnumber","mediumSC","hard",0.651,-1,0,-99,-0.099,0.81
22,"dotnumber","mediumSC","easy",0.402,-1,1,-99,-0.099,0.81
22,"dotnumber","mediumSC","easy",0.402,-1,1,-99,-0.099,0.81
22,"dotnumber","mediumSC","average",0.401,-1,1,-99,-0.099,0.81
22,"dotnumber","mediumSC","easy",0.419,-1,1,-99,-0.099,0.81
22,"dotnumber","mediumSC","average",0.384,-1,1,-99,-0.099,0.81
22,"dotnumber","mediumSC","average",0.536,-1,0,-99,-0.099,0.81
22,"dotnumber","mediumSC","hard",0.417,1,0,-99,-0.099,0.81
22,"dotnumber","mediumSC","hard",0.401,-1,0,-99,-0.099,0.81
22,"dotnumber","mediumSC","easy",0.401,1,1,-99,-0.099,0.81
22,"dotnumber","mediumSC","hard",0.385,-1,1,-99,-0.099,0.81
22,"dotnumber","mediumSC","easy",0.535,1,1,-99,-0.099,0.81
22,"dotnumber","mediumSC","hard",0.385,-1,1,-99,-0.099,0.81
22,"dotnumber","mediumSC","easy",0.435,1,1,-99,-0.099,0.81
22,"xotask","lowSC","hard",0.719,1,1,-99,-0.099,0.68
22,"xotask","lowSC","average",1.202,1,0,-99,-0.099,0.68
22,"xotask","lowSC","hard",1.052,1,1,-99,-0.099,0.68
22,"xotask","lowSC","hard",1.436,1,1,-99,-0.099,0.68
22,"xotask","lowSC","average",0.634,-1,1,-99,-0.099,0.68
22,"xotask","lowSC","hard",0.701,1,1,-99,-0.099,0.68
22,"xotask","lowSC","easy",0.502,1,1,-99,-0.099,0.68
22,"xotask","lowSC","hard",0.652,1,1,-99,-0.099,0.68
22,"xotask","lowSC","easy",0.734,1,1,-99,-0.099,0.68
22,"xotask","lowSC","hard",0.636,-1,1,-99,-0.099,0.68
22,"xotask","lowSC","average",0.969,1,0,-99,-0.099,0.68
22,"xotask","lowSC","easy",0.685,1,1,-99,-0.099,0.68
22,"xotask","lowSC","hard",0.752,-1,0,-99,-0.099,0.68
22,"xotask","lowSC","easy",0.468,1,1,-99,-0.099,0.68
22,"xotask","lowSC","easy",0.685,-1,1,-99,-0.099,0.68
22,"xotask","lowSC","easy",0.418,1,1,-99,-0.099,0.68
22,"xotask","lowSC","hard",0.502,1,1,-99,-0.099,0.68
22,"xotask","lowSC","hard",0.518,-1,1,-99,-0.099,0.68
22,"xotask","lowSC","hard",0.419,1,1,-99,-0.099,0.68
22,"xotask","lowSC","average",0.451,1,1,-99,-0.099,0.68
22,"xotask","lowSC","easy",0.618,1,1,-99,-0.099,0.68
22,"xotask","lowSC","hard",0.485,1,1,-99,-0.099,0.68
22,"xotask","lowSC","easy",0.452,1,1,-99,-0.099,0.68
22,"xotask","lowSC","average",0.45,1,1,-99,-0.099,0.68
22,"xotask","lowSC","easy",0.519,-1,1,-99,-0.099,0.6
22,"xotask","lowSC","average",0.601,1,1,-99,-0.099,0.6
22,"xotask","lowSC","hard",0.419,1,1,-99,-0.099,0.6
22,"xotask","lowSC","easy",0.434,1,1,-99,-0.099,0.6
22,"xotask","lowSC","easy",0.435,1,1,-99,-0.099,0.6
22,"xotask","lowSC","easy",0.468,-1,1,-99,-0.099,0.6
22,"xotask","lowSC","hard",0.418,1,0,-99,-0.099,0.6
22,"xotask","lowSC","hard",0.452,-1,1,-99,-0.099,0.6
22,"xotask","lowSC","easy",0.436,1,1,-99,-0.099,0.6
22,"xotask","lowSC","average",0.368,1,1,-99,-0.099,0.6
22,"xotask","lowSC","average",0.502,-1,1,-99,-0.099,0.6
22,"xotask","lowSC","average",0.485,-1,1,-99,-0.099,0.6
22,"xotask","lowSC","easy",0.468,-1,0,-99,-0.099,0.6
22,"xotask","lowSC","hard",0.718,-1,1,-99,-0.099,0.6
22,"xotask","lowSC","average",0.402,1,1,-99,-0.099,0.6
22,"xotask","lowSC","average",0.402,-1,0,-99,-0.099,0.6
22,"xotask","lowSC","average",0.468,1,0,-99,-0.099,0.6
22,"xotask","lowSC","easy",0.551,1,1,-99,-0.099,0.6
22,"xotask","lowSC","average",0.569,1,1,-99,-0.099,0.6
22,"xotask","lowSC","hard",0.486,-1,1,-99,-0.099,0.6
22,"xotask","lowSC","easy",0.486,-1,1,-99,-0.099,0.6
22,"xotask","lowSC","hard",0.502,1,1,-99,-0.099,0.6
22,"xotask","lowSC","average",0.551,1,1,-99,-0.099,0.6
22,"xotask","lowSC","average",0.452,-1,1,-99,-0.099,0.6
22,"xotask","lowSC","hard",0.452,-1,0,-99,-0.099,0.64
22,"xotask","lowSC","average",0.402,1,1,-99,-0.099,0.64
22,"xotask","lowSC","easy",0.602,-1,1,-99,-0.099,0.64
22,"xotask","lowSC","easy",0.385,1,1,-99,-0.099,0.64
22,"xotask","lowSC","average",0.419,-1,1,-99,-0.099,0.64
22,"xotask","lowSC","hard",0.401,1,1,-99,-0.099,0.64
22,"xotask","lowSC","average",0.436,1,1,-99,-0.099,0.64
22,"xotask","lowSC","easy",0.435,-1,1,-99,-0.099,0.64
22,"xotask","lowSC","hard",0.418,-1,1,-99,-0.099,0.64
22,"xotask","lowSC","hard",0.435,1,1,-99,-0.099,0.64
22,"xotask","lowSC","average",0.419,1,1,-99,-0.099,0.64
22,"xotask","lowSC","easy",0.451,-1,1,-99,-0.099,0.64
22,"xotask","lowSC","average",0.418,-1,1,-99,-0.099,0.64
22,"xotask","lowSC","easy",0.418,-1,1,-99,-0.099,0.64
22,"xotask","lowSC","average",0.585,-1,1,-99,-0.099,0.64
22,"xotask","lowSC","average",0.401,1,1,-99,-0.099,0.64
22,"xotask","lowSC","average",0.468,1,1,-99,-0.099,0.64
22,"xotask","lowSC","easy",0.368,1,1,-99,-0.099,0.64
22,"xotask","lowSC","hard",0.451,1,1,-99,-0.099,0.64
22,"xotask","lowSC","easy",0.385,-1,0,-99,-0.099,0.64
22,"xotask","lowSC","hard",0.652,-1,1,-99,-0.099,0.64
22,"xotask","lowSC","hard",0.502,-1,1,-99,-0.099,0.64
22,"xotask","lowSC","easy",0.536,-1,1,-99,-0.099,0.64
22,"xotask","lowSC","easy",0.568,1,0,-99,-0.099,0.64
22,"xotask","lowSC","average",0.501,1,1,-99,-0.099,0.6
22,"xotask","lowSC","easy",0.501,-1,1,-99,-0.099,0.6
22,"xotask","lowSC","average",0.535,1,1,-99,-0.099,0.6
22,"xotask","lowSC","easy",0.451,1,1,-99,-0.099,0.6
22,"xotask","lowSC","average",0.502,-1,0,-99,-0.099,0.6
22,"xotask","lowSC","hard",0.402,1,1,-99,-0.099,0.6
22,"xotask","lowSC","average",0.469,1,0,-99,-0.099,0.6
22,"xotask","lowSC","hard",0.585,-1,1,-99,-0.099,0.6
22,"xotask","lowSC","average",0.451,-1,1,-99,-0.099,0.6
22,"xotask","lowSC","hard",0.402,1,1,-99,-0.099,0.6
22,"xotask","lowSC","average",0.552,1,1,-99,-0.099,0.6
22,"xotask","lowSC","hard",0.418,1,0,-99,-0.099,0.6
22,"xotask","lowSC","easy",0.619,-1,1,-99,-0.099,0.6
22,"xotask","lowSC","easy",0.484,-1,1,-99,-0.099,0.6
22,"xotask","lowSC","easy",0.468,-1,1,-99,-0.099,0.6
22,"xotask","lowSC","easy",0.552,-1,1,-99,-0.099,0.6
22,"xotask","lowSC","average",0.435,1,1,-99,-0.099,0.6
22,"xotask","lowSC","easy",0.402,-1,1,-99,-0.099,0.6
22,"xotask","lowSC","average",0.468,-1,1,-99,-0.099,0.6
22,"xotask","lowSC","hard",0.451,1,0,-99,-0.099,0.6
22,"xotask","lowSC","easy",0.352,-1,1,-99,-0.099,0.6
22,"xotask","lowSC","average",0.702,-1,1,-99,-0.099,0.6
22,"xotask","lowSC","hard",0.418,-1,1,-99,-0.099,0.6
22,"xotask","lowSC","average",0.401,1,0,-99,-0.099,0.6
22,"xotask","lowSC","easy",0.418,-1,1,-99,-0.099,0.61
22,"xotask","lowSC","easy",0.718,1,0,-99,-0.099,0.61
22,"xotask","lowSC","easy",0.586,1,1,-99,-0.099,0.61
22,"xotask","lowSC","hard",0.451,1,1,-99,-0.099,0.61
22,"xotask","lowSC","hard",0.501,-1,1,-99,-0.099,0.61
22,"xotask","lowSC","easy",0.469,1,1,-99,-0.099,0.61
22,"xotask","lowSC","easy",0.486,-1,1,-99,-0.099,0.61
22,"xotask","lowSC","hard",0.518,1,1,-99,-0.099,0.61
22,"xotask","lowSC","average",0.635,1,1,-99,-0.099,0.61
22,"xotask","lowSC","hard",0.518,-1,1,-99,-0.099,0.61
22,"xotask","lowSC","easy",0.636,-1,1,-99,-0.099,0.61
22,"xotask","lowSC","easy",0.434,1,1,-99,-0.099,0.61
22,"xotask","lowSC","average",0.452,1,0,-99,-0.099,0.61
22,"xotask","lowSC","hard",0.518,-1,1,-99,-0.099,0.61
22,"xotask","lowSC","average",0.435,1,0,-99,-0.099,0.61
22,"xotask","lowSC","hard",0.502,-1,1,-99,-0.099,0.61
22,"xotask","lowSC","average",0.418,-1,0,-99,-0.099,0.61
22,"xotask","lowSC","easy",0.352,1,1,-99,-0.099,0.61
22,"xotask","lowSC","hard",0.402,1,1,-99,-0.099,0.61
22,"xotask","lowSC","average",0.251,-1,0,-99,-0.099,0.61
22,"xotask","lowSC","easy",0.335,1,1,-99,-0.099,0.61
22,"xotask","lowSC","easy",0.251,-1,0,-99,-0.099,0.61
22,"xotask","lowSC","easy",0.368,1,0,-99,-0.099,0.61
22,"xotask","lowSC","easy",0.267,1,0,-99,-0.099,0.61
23,"dotnumber","mediumSC","hard",0.818,1,1,-99,-0.099,0.73
23,"dotnumber","mediumSC","easy",0.552,-1,1,-99,-0.099,0.73
23,"dotnumber","mediumSC","average",0.519,1,1,-99,-0.099,0.73
23,"dotnumber","mediumSC","average",0.518,-1,1,-99,-0.099,0.73
23,"dotnumber","mediumSC","easy",0.601,1,1,-99,-0.099,0.73
23,"dotnumber","mediumSC","average",0.535,1,0,-99,-0.099,0.73
23,"dotnumber","mediumSC","easy",0.468,-1,1,-99,-0.099,0.73
23,"dotnumber","mediumSC","easy",0.502,-1,1,-99,-0.099,0.73
23,"dotnumber","mediumSC","hard",0.551,1,1,-99,-0.099,0.73
23,"dotnumber","mediumSC","hard",0.468,1,0,-99,-0.099,0.73
23,"dotnumber","mediumSC","average",0.518,-1,1,-99,-0.099,0.73
23,"dotnumber","mediumSC","easy",0.518,-1,1,-99,-0.099,0.73
23,"dotnumber","mediumSC","easy",0.752,1,1,-99,-0.099,0.73
23,"dotnumber","mediumSC","average",0.484,1,1,-99,-0.099,0.73
23,"dotnumber","mediumSC","average",0.468,-1,1,-99,-0.099,0.73
23,"dotnumber","mediumSC","hard",0.418,-1,1,-99,-0.099,0.73
23,"dotnumber","mediumSC","average",0.435,1,1,-99,-0.099,0.73
23,"dotnumber","mediumSC","average",0.502,-1,1,-99,-0.099,0.73
23,"dotnumber","mediumSC","easy",0.485,-1,1,-99,-0.099,0.73
23,"dotnumber","mediumSC","hard",0.467,1,0,-99,-0.099,0.73
23,"dotnumber","mediumSC","easy",0.468,1,1,-99,-0.099,0.73
23,"dotnumber","mediumSC","hard",0.518,1,1,-99,-0.099,0.73
23,"dotnumber","mediumSC","hard",0.618,1,1,-99,-0.099,0.73
23,"dotnumber","mediumSC","hard",0.452,1,1,-99,-0.099,0.73
23,"dotnumber","mediumSC","easy",0.517,-1,1,-99,-0.099,0.77
23,"dotnumber","mediumSC","average",0.551,-1,1,-99,-0.099,0.77
23,"dotnumber","mediumSC","easy",0.651,1,1,-99,-0.099,0.77
23,"dotnumber","mediumSC","easy",0.434,-1,1,-99,-0.099,0.77
23,"dotnumber","mediumSC","average",0.517,-1,1,-99,-0.099,0.77
23,"dotnumber","mediumSC","hard",0.801,-1,0,-99,-0.099,0.77
23,"dotnumber","mediumSC","hard",0.452,-1,1,-99,-0.099,0.77
23,"dotnumber","mediumSC","hard",0.519,-1,0,-99,-0.099,0.77
23,"dotnumber","mediumSC","hard",0.451,1,0,-99,-0.099,0.77
23,"dotnumber","mediumSC","hard",0.467,-1,0,-99,-0.099,0.77
23,"dotnumber","mediumSC","easy",0.452,1,1,-99,-0.099,0.77
23,"dotnumber","mediumSC","hard",0.535,1,0,-99,-0.099,0.77
23,"dotnumber","mediumSC","average",0.536,1,1,-99,-0.099,0.77
23,"dotnumber","mediumSC","hard",0.434,1,0,-99,-0.099,0.77
23,"dotnumber","mediumSC","easy",0.352,-1,1,-99,-0.099,0.77
23,"dotnumber","mediumSC","average",0.385,1,1,-99,-0.099,0.77
23,"dotnumber","mediumSC","hard",0.518,1,1,-99,-0.099,0.77
23,"dotnumber","mediumSC","average",0.451,1,1,-99,-0.099,0.77
23,"dotnumber","mediumSC","easy",0.467,1,1,-99,-0.099,0.77
23,"dotnumber","mediumSC","average",0.469,1,1,-99,-0.099,0.77
23,"dotnumber","mediumSC","average",0.435,1,1,-99,-0.099,0.77
23,"dotnumber","mediumSC","hard",0.619,-1,1,-99,-0.099,0.77
23,"dotnumber","mediumSC","hard",0.468,1,0,-99,-0.099,0.77
23,"dotnumber","mediumSC","hard",0.601,-1,0,-99,-0.099,0.77
23,"dotnumber","mediumSC","hard",0.402,1,0,-99,-0.099,0.78
23,"dotnumber","mediumSC","hard",0.485,1,1,-99,-0.099,0.78
23,"dotnumber","mediumSC","average",0.418,-1,0,-99,-0.099,0.78
23,"dotnumber","mediumSC","hard",0.451,1,1,-99,-0.099,0.78
23,"dotnumber","mediumSC","average",0.367,-1,0,-99,-0.099,0.78
23,"dotnumber","mediumSC","average",0.385,1,0,-99,-0.099,0.78
23,"dotnumber","mediumSC","easy",0.385,-1,1,-99,-0.099,0.78
23,"dotnumber","mediumSC","hard",0.434,-1,0,-99,-0.099,0.78
23,"dotnumber","mediumSC","hard",0.335,-1,0,-99,-0.099,0.78
23,"dotnumber","mediumSC","average",0.368,1,1,-99,-0.099,0.78
23,"dotnumber","mediumSC","average",0.402,1,0,-99,-0.099,0.78
23,"dotnumber","mediumSC","hard",0.351,-1,0,-99,-0.099,0.78
23,"dotnumber","mediumSC","easy",0.452,-1,1,-99,-0.099,0.78
23,"dotnumber","mediumSC","hard",0.334,-1,1,-99,-0.099,0.78
23,"dotnumber","mediumSC","average",0.369,-1,0,-99,-0.099,0.78
23,"dotnumber","mediumSC","average",0.35,1,1,-99,-0.099,0.78
23,"dotnumber","mediumSC","average",0.319,-1,1,-99,-0.099,0.78
23,"dotnumber","mediumSC","average",0.385,1,1,-99,-0.099,0.78
23,"dotnumber","mediumSC","average",0.469,-1,1,-99,-0.099,0.78
23,"dotnumber","mediumSC","hard",0.351,1,1,-99,-0.099,0.78
23,"dotnumber","mediumSC","hard",0.301,-1,1,-99,-0.099,0.78
23,"dotnumber","mediumSC","average",0.335,1,0,-99,-0.099,0.78
23,"dotnumber","mediumSC","hard",0.302,-1,1,-99,-0.099,0.78
23,"dotnumber","mediumSC","average",0.284,1,0,-99,-0.099,0.78
23,"dotnumber","mediumSC","average",0.284,-1,1,-99,-0.099,0.7
23,"dotnumber","mediumSC","average",0.352,1,0,-99,-0.099,0.7
23,"dotnumber","mediumSC","average",0.318,-1,0,-99,-0.099,0.7
23,"dotnumber","mediumSC","hard",0.318,1,1,-99,-0.099,0.7
23,"dotnumber","mediumSC","hard",0.318,-1,0,-99,-0.099,0.7
23,"dotnumber","mediumSC","easy",0.334,-1,1,-99,-0.099,0.7
23,"dotnumber","mediumSC","easy",0.367,-1,1,-99,-0.099,0.7
23,"dotnumber","mediumSC","easy",0.368,-1,1,-99,-0.099,0.7
23,"dotnumber","mediumSC","hard",0.335,-1,1,-99,-0.099,0.7
23,"dotnumber","mediumSC","easy",0.402,1,1,-99,-0.099,0.7
23,"dotnumber","mediumSC","hard",0.384,1,1,-99,-0.099,0.7
23,"dotnumber","mediumSC","average",0.336,-1,0,-99,-0.099,0.7
23,"dotnumber","mediumSC","hard",0.368,-1,1,-99,-0.099,0.7
23,"dotnumber","mediumSC","hard",0.351,1,0,-99,-0.099,0.7
23,"dotnumber","mediumSC","easy",0.301,-1,0,-99,-0.099,0.7
23,"dotnumber","mediumSC","average",0.284,-1,1,-99,-0.099,0.7
23,"dotnumber","mediumSC","easy",0.368,-1,0,-99,-0.099,0.7
23,"dotnumber","mediumSC","easy",0.285,1,1,-99,-0.099,0.7
23,"dotnumber","mediumSC","average",0.319,1,0,-99,-0.099,0.7
23,"dotnumber","mediumSC","easy",0.301,1,0,-99,-0.099,0.7
23,"dotnumber","mediumSC","hard",0.285,-1,0,-99,-0.099,0.7
23,"dotnumber","mediumSC","easy",0.319,-1,0,-99,-0.099,0.7
23,"dotnumber","mediumSC","easy",0.318,1,1,-99,-0.099,0.7
23,"dotnumber","mediumSC","average",0.502,1,1,-99,-0.099,0.7
23,"dotnumber","mediumSC","easy",0.385,-1,0,-99,-0.099,0.72
23,"dotnumber","mediumSC","hard",0.352,1,0,-99,-0.099,0.72
23,"dotnumber","mediumSC","average",0.351,1,0,-99,-0.099,0.72
23,"dotnumber","mediumSC","average",0.318,-1,0,-99,-0.099,0.72
23,"dotnumber","mediumSC","easy",0.267,1,1,-99,-0.099,0.72
23,"dotnumber","mediumSC","easy",0.302,1,1,-99,-0.099,0.72
23,"dotnumber","mediumSC","hard",0.384,1,1,-99,-0.099,0.72
23,"dotnumber","mediumSC","easy",0.518,1,1,-99,-0.099,0.72
23,"dotnumber","mediumSC","easy",0.334,1,1,-99,-0.099,0.72
23,"dotnumber","mediumSC","hard",0.536,-1,1,-99,-0.099,0.72
23,"dotnumber","mediumSC","average",0.468,-1,1,-99,-0.099,0.72
23,"dotnumber","mediumSC","easy",0.551,-1,1,-99,-0.099,0.72
23,"dotnumber","mediumSC","easy",0.367,-1,1,-99,-0.099,0.72
23,"dotnumber","mediumSC","average",0.418,-1,1,-99,-0.099,0.72
23,"dotnumber","mediumSC","average",0.468,1,1,-99,-0.099,0.72
23,"dotnumber","mediumSC","average",0.452,-1,0,-99,-0.099,0.72
23,"dotnumber","mediumSC","easy",0.419,1,1,-99,-0.099,0.72
23,"dotnumber","mediumSC","easy",0.335,-1,1,-99,-0.099,0.72
23,"dotnumber","mediumSC","average",0.486,1,0,-99,-0.099,0.72
23,"dotnumber","mediumSC","hard",0.418,1,1,-99,-0.099,0.72
23,"dotnumber","mediumSC","hard",0.318,-1,0,-99,-0.099,0.72
23,"dotnumber","mediumSC","easy",0.284,1,0,-99,-0.099,0.72
23,"dotnumber","mediumSC","hard",0.334,-1,0,-99,-0.099,0.72
23,"dotnumber","mediumSC","easy",0.302,1,1,-99,-0.099,0.72
23,"xotask","lowSC","easy",1.653,1,1,-99,-0.099,0.68
23,"xotask","lowSC","average",1.786,1,1,-99,-0.099,0.68
23,"xotask","lowSC","average",0.618,-1,0,-99,-0.099,0.68
23,"xotask","lowSC","easy",0.535,1,1,-99,-0.099,0.68
23,"xotask","lowSC","easy",0.435,-1,1,-99,-0.099,0.68
23,"xotask","lowSC","easy",0.452,1,0,-99,-0.099,0.68
23,"xotask","lowSC","hard",0.719,1,1,-99,-0.099,0.68
23,"xotask","lowSC","hard",0.453,1,0,-99,-0.099,0.68
23,"xotask","lowSC","average",0.551,-1,1,-99,-0.099,0.68
23,"xotask","lowSC","hard",0.535,1,1,-99,-0.099,0.68
23,"xotask","lowSC","hard",0.419,-1,0,-99,-0.099,0.68
23,"xotask","lowSC","hard",0.468,1,1,-99,-0.099,0.68
23,"xotask","lowSC","average",0.968,1,1,-99,-0.099,0.68
23,"xotask","lowSC","easy",0.602,1,1,-99,-0.099,0.68
23,"xotask","lowSC","average",0.419,-1,1,-99,-0.099,0.68
23,"xotask","lowSC","hard",0.601,1,1,-99,-0.099,0.68
23,"xotask","lowSC","hard",0.434,-1,1,-99,-0.099,0.68
23,"xotask","lowSC","hard",0.435,1,0,-99,-0.099,0.68
23,"xotask","lowSC","hard",0.602,1,0,-99,-0.099,0.68
23,"xotask","lowSC","easy",0.668,1,1,-99,-0.099,0.68
23,"xotask","lowSC","average",0.668,1,1,-99,-0.099,0.68
23,"xotask","lowSC","average",0.402,1,1,-99,-0.099,0.68
23,"xotask","lowSC","easy",0.469,-1,1,-99,-0.099,0.68
23,"xotask","lowSC","hard",0.385,-1,1,-99,-0.099,0.68
23,"xotask","lowSC","hard",0.485,-1,1,-99,-0.099,0.64
23,"xotask","lowSC","easy",0.652,1,1,-99,-0.099,0.64
23,"xotask","lowSC","hard",0.486,1,1,-99,-0.099,0.64
23,"xotask","lowSC","average",0.485,1,1,-99,-0.099,0.64
23,"xotask","lowSC","average",0.468,-1,1,-99,-0.099,0.64
23,"xotask","lowSC","hard",0.702,-1,1,-99,-0.099,0.64
23,"xotask","lowSC","easy",0.402,-1,1,-99,-0.099,0.64
23,"xotask","lowSC","easy",0.402,-1,0,-99,-0.099,0.64
23,"xotask","lowSC","average",0.551,-1,1,-99,-0.099,0.64
23,"xotask","lowSC","average",0.419,1,1,-99,-0.099,0.64
23,"xotask","lowSC","hard",0.435,-1,0,-99,-0.099,0.64
23,"xotask","lowSC","easy",0.419,1,1,-99,-0.099,0.64
23,"xotask","lowSC","hard",0.836,-1,1,-99,-0.099,0.64
23,"xotask","lowSC","average",0.401,-1,0,-99,-0.099,0.64
23,"xotask","lowSC","average",0.485,1,1,-99,-0.099,0.64
23,"xotask","lowSC","easy",0.467,1,1,-99,-0.099,0.64
23,"xotask","lowSC","average",0.618,-1,0,-99,-0.099,0.64
23,"xotask","lowSC","average",0.501,1,0,-99,-0.099,0.64
23,"xotask","lowSC","easy",0.786,-1,1,-99,-0.099,0.64
23,"xotask","lowSC","easy",0.468,1,1,-99,-0.099,0.64
23,"xotask","lowSC","hard",0.502,-1,1,-99,-0.099,0.64
23,"xotask","lowSC","easy",0.585,-1,0,-99,-0.099,0.64
23,"xotask","lowSC","easy",0.87,1,1,-99,-0.099,0.64
23,"xotask","lowSC","average",0.719,1,1,-99,-0.099,0.64
23,"xotask","lowSC","average",0.619,-1,1,-99,-0.099,0.65
23,"xotask","lowSC","hard",0.802,-1,0,-99,-0.099,0.65
23,"xotask","lowSC","easy",0.551,1,1,-99,-0.099,0.65
23,"xotask","lowSC","easy",0.467,1,1,-99,-0.099,0.65
23,"xotask","lowSC","average",0.602,-1,1,-99,-0.099,0.65
23,"xotask","lowSC","average",0.753,-1,1,-99,-0.099,0.65
23,"xotask","lowSC","average",0.536,1,1,-99,-0.099,0.65
23,"xotask","lowSC","easy",0.568,-1,1,-99,-0.099,0.65
23,"xotask","lowSC","hard",0.635,1,1,-99,-0.099,0.65
23,"xotask","lowSC","hard",0.618,1,1,-99,-0.099,0.65
23,"xotask","lowSC","easy",0.852,1,1,-99,-0.099,0.65
23,"xotask","lowSC","easy",0.568,-1,1,-99,-0.099,0.65
23,"xotask","lowSC","hard",0.736,1,0,-99,-0.099,0.65
23,"xotask","lowSC","easy",0.452,-1,1,-99,-0.099,0.65
23,"xotask","lowSC","hard",0.519,1,0,-99,-0.099,0.65
23,"xotask","lowSC","easy",0.618,1,0,-99,-0.099,0.65
23,"xotask","lowSC","easy",0.518,-1,1,-99,-0.099,0.65
23,"xotask","lowSC","average",0.435,-1,0,-99,-0.099,0.65
23,"xotask","lowSC","average",0.585,1,0,-99,-0.099,0.65
23,"xotask","lowSC","hard",0.534,1,1,-99,-0.099,0.65
23,"xotask","lowSC","hard",0.369,-1,1,-99,-0.099,0.65
23,"xotask","lowSC","average",0.502,-1,1,-99,-0.099,0.65
23,"xotask","lowSC","easy",0.451,-1,1,-99,-0.099,0.65
23,"xotask","lowSC","easy",0.584,-1,1,-99,-0.099,0.65
23,"xotask","lowSC","easy",0.468,-1,1,-99,-0.099,0.55
23,"xotask","lowSC","hard",0.418,1,1,-99,-0.099,0.55
23,"xotask","lowSC","easy",0.602,-1,1,-99,-0.099,0.55
23,"xotask","lowSC","easy",0.451,1,1,-99,-0.099,0.55
23,"xotask","lowSC","hard",0.485,-1,1,-99,-0.099,0.55
23,"xotask","lowSC","average",0.451,1,1,-99,-0.099,0.55
23,"xotask","lowSC","average",0.452,-1,1,-99,-0.099,0.55
23,"xotask","lowSC","easy",0.434,-1,1,-99,-0.099,0.55
23,"xotask","lowSC","average",0.352,-1,1,-99,-0.099,0.55
23,"xotask","lowSC","hard",0.435,-1,1,-99,-0.099,0.55
23,"xotask","lowSC","average",0.553,1,1,-99,-0.099,0.55
23,"xotask","lowSC","hard",0.469,-1,1,-99,-0.099,0.55
23,"xotask","lowSC","average",1.085,1,1,-99,-0.099,0.55
23,"xotask","lowSC","easy",0.468,-1,1,-99,-0.099,0.55
23,"xotask","lowSC","hard",0.417,1,1,-99,-0.099,0.55
23,"xotask","lowSC","hard",0.417,-1,0,-99,-0.099,0.55
23,"xotask","lowSC","hard",0.502,1,0,-99,-0.099,0.55
23,"xotask","lowSC","hard",0.318,-1,1,-99,-0.099,0.55
23,"xotask","lowSC","hard",0.468,1,1,-99,-0.099,0.55
23,"xotask","lowSC","average",0.468,-1,0,-99,-0.099,0.55
23,"xotask","lowSC","average",0.536,-1,1,-99,-0.099,0.55
23,"xotask","lowSC","average",0.402,-1,1,-99,-0.099,0.55
23,"xotask","lowSC","easy",0.468,-1,1,-99,-0.099,0.55
23,"xotask","lowSC","easy",0.335,-1,1,-99,-0.099,0.64
23,"xotask","lowSC","hard",0.585,-1,0,-99,-0.099,0.64
23,"xotask","lowSC","hard",0.351,-1,1,-99,-0.099,0.64
23,"xotask","lowSC","easy",0.401,-1,1,-99,-0.099,0.64
23,"xotask","lowSC","hard",0.368,-1,1,-99,-0.099,0.64
23,"xotask","lowSC","hard",0.418,1,1,-99,-0.099,0.64
23,"xotask","lowSC","average",0.334,-1,0,-99,-0.099,0.64
23,"xotask","lowSC","easy",0.552,-1,1,-99,-0.099,0.64
23,"xotask","lowSC","average",0.501,1,1,-99,-0.099,0.64
23,"xotask","lowSC","average",0.517,-1,1,-99,-0.099,0.64
23,"xotask","lowSC","easy",0.469,1,0,-99,-0.099,0.64
23,"xotask","lowSC","average",0.586,-1,1,-99,-0.099,0.64
23,"xotask","lowSC","easy",0.619,1,1,-99,-0.099,0.64
23,"xotask","lowSC","easy",0.585,-1,1,-99,-0.099,0.64
23,"xotask","lowSC","average",0.651,1,1,-99,-0.099,0.64
23,"xotask","lowSC","average",0.635,1,1,-99,-0.099,0.64
23,"xotask","lowSC","easy",0.602,1,1,-99,-0.099,0.64
23,"xotask","lowSC","hard",0.419,1,0,-99,-0.099,0.64
23,"xotask","lowSC","hard",0.552,-1,0,-99,-0.099,0.64
23,"xotask","lowSC","hard",0.935,-1,1,-99,-0.099,0.64
23,"xotask","lowSC","hard",0.701,1,0,-99,-0.099,0.64
23,"xotask","lowSC","easy",0.568,1,1,-99,-0.099,0.64
23,"xotask","lowSC","average",0.551,-1,1,-99,-0.099,0.64
23,"xotask","lowSC","average",0.985,1,0,-99,-0.099,0.64
23,"dotcolour","highSC","easy",0.819,1,1,-99,-0.099,0.86
23,"dotcolour","highSC","hard",0.636,-1,0,-99,-0.099,0.86
23,"dotcolour","highSC","hard",0.585,-1,1,-99,-0.099,0.86
23,"dotcolour","highSC","hard",0.551,-1,1,-99,-0.099,0.86
23,"dotcolour","highSC","easy",0.418,1,1,-99,-0.099,0.86
23,"dotcolour","highSC","easy",0.451,-1,1,-99,-0.099,0.86
23,"dotcolour","highSC","average",0.569,-1,1,-99,-0.099,0.86
23,"dotcolour","highSC","average",0.551,1,0,-99,-0.099,0.86
23,"dotcolour","highSC","average",0.602,1,1,-99,-0.099,0.86
23,"dotcolour","highSC","easy",0.569,1,1,-99,-0.099,0.86
23,"dotcolour","highSC","easy",0.485,-1,1,-99,-0.099,0.86
23,"dotcolour","highSC","hard",0.385,-1,0,-99,-0.099,0.86
23,"dotcolour","highSC","easy",0.602,-1,1,-99,-0.099,0.86
23,"dotcolour","highSC","hard",0.536,-1,1,-99,-0.099,0.86
23,"dotcolour","highSC","hard",0.552,1,1,-99,-0.099,0.86
23,"dotcolour","highSC","average",0.35,-1,0,-99,-0.099,0.86
23,"dotcolour","highSC","average",0.518,-1,1,-99,-0.099,0.86
23,"dotcolour","highSC","easy",0.402,1,1,-99,-0.099,0.86
23,"dotcolour","highSC","hard",0.468,-1,1,-99,-0.099,0.86
23,"dotcolour","highSC","average",0.484,-1,1,-99,-0.099,0.86
23,"dotcolour","highSC","easy",0.418,-1,1,-99,-0.099,0.86
23,"dotcolour","highSC","easy",0.401,-1,1,-99,-0.099,0.86
23,"dotcolour","highSC","hard",0.701,-1,0,-99,-0.099,0.86
23,"dotcolour","highSC","easy",0.419,-1,1,-99,-0.099,0.86
23,"dotcolour","highSC","hard",0.468,-1,1,-99,-0.099,0.83
23,"dotcolour","highSC","average",0.419,-1,1,-99,-0.099,0.83
23,"dotcolour","highSC","hard",0.435,-1,0,-99,-0.099,0.83
23,"dotcolour","highSC","hard",0.385,-1,1,-99,-0.099,0.83
23,"dotcolour","highSC","hard",0.635,1,1,-99,-0.099,0.83
23,"dotcolour","highSC","hard",0.518,-1,1,-99,-0.099,0.83
23,"dotcolour","highSC","average",0.567,1,1,-99,-0.099,0.83
23,"dotcolour","highSC","hard",0.618,-1,1,-99,-0.099,0.83
23,"dotcolour","highSC","easy",0.485,-1,1,-99,-0.099,0.83
23,"dotcolour","highSC","easy",0.435,1,1,-99,-0.099,0.83
23,"dotcolour","highSC","hard",0.468,-1,1,-99,-0.099,0.83
23,"dotcolour","highSC","average",0.534,1,0,-99,-0.099,0.83
23,"dotcolour","highSC","easy",0.535,-1,0,-99,-0.099,0.83
23,"dotcolour","highSC","average",0.551,-1,1,-99,-0.099,0.83
23,"dotcolour","highSC","hard",0.552,-1,0,-99,-0.099,0.83
23,"dotcolour","highSC","average",0.552,1,1,-99,-0.099,0.83
23,"dotcolour","highSC","average",0.485,-1,0,-99,-0.099,0.83
23,"dotcolour","highSC","average",0.801,-1,0,-99,-0.099,0.83
23,"dotcolour","highSC","average",0.518,-1,1,-99,-0.099,0.83
23,"dotcolour","highSC","easy",0.6,-1,1,-99,-0.099,0.83
23,"dotcolour","highSC","easy",0.535,-1,1,-99,-0.099,0.83
23,"dotcolour","highSC","easy",0.501,1,1,-99,-0.099,0.83
23,"dotcolour","highSC","easy",0.652,1,1,-99,-0.099,0.83
23,"dotcolour","highSC","hard",0.468,-1,1,-99,-0.099,0.83
23,"dotcolour","highSC","easy",0.57,-1,1,-99,-0.099,0.95
23,"dotcolour","highSC","hard",0.602,-1,1,-99,-0.099,0.95
23,"dotcolour","highSC","average",0.502,-1,0,-99,-0.099,0.95
23,"dotcolour","highSC","easy",0.502,-1,1,-99,-0.099,0.95
23,"dotcolour","highSC","average",0.418,-1,1,-99,-0.099,0.95
23,"dotcolour","highSC","hard",0.468,-1,1,-99,-0.099,0.95
23,"dotcolour","highSC","average",0.452,-1,1,-99,-0.099,0.95
23,"dotcolour","highSC","hard",0.467,-1,1,-99,-0.099,0.95
23,"dotcolour","highSC","easy",0.368,-1,0,-99,-0.099,0.95
23,"dotcolour","highSC","hard",0.718,1,0,-99,-0.099,0.95
23,"dotcolour","highSC","average",0.434,-1,1,-99,-0.099,0.95
23,"dotcolour","highSC","easy",0.419,1,1,-99,-0.099,0.95
23,"dotcolour","highSC","average",0.719,-1,1,-99,-0.099,0.95
23,"dotcolour","highSC","easy",0.436,1,1,-99,-0.099,0.95
23,"dotcolour","highSC","easy",0.551,1,1,-99,-0.099,0.95
23,"dotcolour","highSC","hard",0.435,-1,1,-99,-0.099,0.95
23,"dotcolour","highSC","average",0.585,1,1,-99,-0.099,0.95
23,"dotcolour","highSC","easy",0.535,1,1,-99,-0.099,0.95
23,"dotcolour","highSC","average",0.451,1,1,-99,-0.099,0.95
23,"dotcolour","highSC","average",0.519,-1,1,-99,-0.099,0.95
23,"dotcolour","highSC","average",0.585,-1,1,-99,-0.099,0.95
23,"dotcolour","highSC","hard",0.735,1,1,-99,-0.099,0.95
23,"dotcolour","highSC","average",0.485,-1,1,-99,-0.099,0.95
23,"dotcolour","highSC","easy",0.385,1,1,-99,-0.099,0.95
23,"dotcolour","highSC","hard",0.684,1,1,-99,-0.099,0.94
23,"dotcolour","highSC","easy",0.584,1,1,-99,-0.099,0.94
23,"dotcolour","highSC","hard",0.401,-1,0,-99,-0.099,0.94
23,"dotcolour","highSC","easy",0.502,1,1,-99,-0.099,0.94
23,"dotcolour","highSC","average",0.501,-1,1,-99,-0.099,0.94
23,"dotcolour","highSC","easy",0.552,1,1,-99,-0.099,0.94
23,"dotcolour","highSC","hard",0.418,-1,1,-99,-0.099,0.94
23,"dotcolour","highSC","hard",0.351,1,0,-99,-0.099,0.94
23,"dotcolour","highSC","average",0.436,1,1,-99,-0.099,0.94
23,"dotcolour","highSC","hard",0.4,-1,0,-99,-0.099,0.94
23,"dotcolour","highSC","hard",0.452,-1,0,-99,-0.099,0.94
23,"dotcolour","highSC","easy",0.385,1,1,-99,-0.099,0.94
23,"dotcolour","highSC","average",0.602,1,1,-99,-0.099,0.94
23,"dotcolour","highSC","easy",0.368,1,1,-99,-0.099,0.94
23,"dotcolour","highSC","average",0.501,-1,1,-99,-0.099,0.94
23,"dotcolour","highSC","easy",0.401,1,1,-99,-0.099,0.94
23,"dotcolour","highSC","easy",0.435,1,1,-99,-0.099,0.94
23,"dotcolour","highSC","hard",0.452,-1,1,-99,-0.099,0.94
23,"dotcolour","highSC","hard",0.334,1,1,-99,-0.099,0.94
23,"dotcolour","highSC","average",0.318,-1,0,-99,-0.099,0.94
23,"dotcolour","highSC","easy",0.467,1,1,-99,-0.099,0.94
23,"dotcolour","highSC","easy",0.501,-1,1,-99,-0.099,0.94
23,"dotcolour","highSC","hard",0.402,-1,0,-99,-0.099,0.94
23,"dotcolour","highSC","average",0.317,1,1,-99,-0.099,0.94
23,"dotcolour","highSC","average",0.385,-1,1,-99,-0.099,0.94
23,"dotcolour","highSC","hard",0.402,1,1,-99,-0.099,0.94
23,"dotcolour","highSC","hard",0.302,-1,0,-99,-0.099,0.94
23,"dotcolour","highSC","easy",0.451,-1,1,-99,-0.099,0.94
23,"dotcolour","highSC","hard",0.419,-1,1,-99,-0.099,0.94
23,"dotcolour","highSC","hard",0.518,-1,1,-99,-0.099,0.94
23,"dotcolour","highSC","average",0.518,-1,0,-99,-0.099,0.94
23,"dotcolour","highSC","hard",0.635,-1,0,-99,-0.099,0.94
23,"dotcolour","highSC","easy",0.434,1,1,-99,-0.099,0.94
23,"dotcolour","highSC","easy",0.468,1,1,-99,-0.099,0.94
23,"dotcolour","highSC","average",0.435,-1,1,-99,-0.099,0.94
23,"dotcolour","highSC","easy",0.469,1,1,-99,-0.099,0.94
23,"dotcolour","highSC","easy",1.352,1,1,-99,-0.099,0.94
23,"dotcolour","highSC","average",0.535,-1,1,-99,-0.099,0.94
23,"dotcolour","highSC","hard",0.385,1,0,-99,-0.099,0.94
23,"dotcolour","highSC","easy",0.417,1,1,-99,-0.099,0.94
23,"dotcolour","highSC","easy",0.317,-1,1,-99,-0.099,0.94
23,"dotcolour","highSC","easy",0.401,1,1,-99,-0.099,0.94
23,"dotcolour","highSC","average",0.319,-1,0,-99,-0.099,0.94
23,"dotcolour","highSC","hard",0.301,1,1,-99,-0.099,0.94
23,"dotcolour","highSC","easy",0.585,1,1,-99,-0.099,0.94
23,"dotcolour","highSC","average",0.317,-1,0,-99,-0.099,0.94
23,"dotcolour","highSC","average",0.435,1,1,-99,-0.099,0.94
23,"dotcolour","highSC","easy",0.568,1,1,-99,-0.099,0.94
24,"xotask","highSC","hard",2.236,1,0,-99,-0.099,0.97
24,"xotask","highSC","average",1.068,-1,1,-99,-0.099,0.97
24,"xotask","highSC","easy",0.836,-1,1,-99,-0.099,0.97
24,"xotask","highSC","average",0.552,1,1,-99,-0.099,0.97
24,"xotask","highSC","average",0.652,1,1,-99,-0.099,0.97
24,"xotask","highSC","easy",0.769,1,1,-99,-0.099,0.97
24,"xotask","highSC","easy",0.551,-1,1,-99,-0.099,0.97
24,"xotask","highSC","easy",1.202,1,1,-99,-0.099,0.97
24,"xotask","highSC","easy",0.652,-1,1,-99,-0.099,0.97
24,"xotask","highSC","average",0.835,-1,1,-99,-0.099,0.97
24,"xotask","highSC","average",0.585,-1,1,-99,-0.099,0.97
24,"xotask","highSC","average",0.485,1,1,-99,-0.099,0.97
24,"xotask","highSC","average",0.818,-1,1,-99,-0.099,0.97
24,"xotask","highSC","average",0.818,1,1,-99,-0.099,0.97
24,"xotask","highSC","easy",0.718,1,1,-99,-0.099,0.97
24,"xotask","highSC","easy",1.137,-1,1,-99,-0.099,0.97
24,"xotask","highSC","hard",0.701,1,1,-99,-0.099,0.97
24,"xotask","highSC","easy",0.585,1,1,-99,-0.099,0.97
24,"xotask","highSC","average",0.552,1,1,-99,-0.099,0.97
24,"xotask","highSC","average",0.901,-1,1,-99,-0.099,0.97
24,"xotask","highSC","average",0.719,-1,1,-99,-0.099,0.97
24,"xotask","highSC","average",0.585,1,1,-99,-0.099,0.97
24,"xotask","highSC","hard",0.734,1,1,-99,-0.099,0.97
24,"xotask","highSC","average",0.418,-1,1,-99,-0.099,0.97
24,"xotask","highSC","hard",0.685,-1,1,-99,-0.099,0.82
24,"xotask","highSC","hard",1.02,1,0,-99,-0.099,0.82
24,"xotask","highSC","hard",0.385,-1,0,-99,-0.099,0.82
24,"xotask","highSC","easy",1.486,1,0,-99,-0.099,0.82
24,"xotask","highSC","easy",0.551,-1,0,-99,-0.099,0.82
24,"xotask","highSC","average",1.519,-1,1,-99,-0.099,0.82
24,"xotask","highSC","easy",3.388,-1,1,-99,-0.099,0.82
24,"xotask","highSC","easy",0.685,1,1,-99,-0.099,0.82
24,"xotask","highSC","easy",2.003,1,0,-99,-0.099,0.82
24,"xotask","highSC","average",0.803,1,1,-99,-0.099,0.82
24,"xotask","highSC","average",0.618,1,1,-99,-0.099,0.82
24,"xotask","highSC","hard",0.935,1,0,-99,-0.099,0.82
24,"xotask","highSC","average",1.252,1,1,-99,-0.099,0.82
24,"xotask","highSC","average",0.618,-1,0,-99,-0.099,0.82
24,"xotask","highSC","average",0.835,1,1,-99,-0.099,0.82
24,"xotask","highSC","average",1.385,-1,1,-99,-0.099,0.82
24,"xotask","highSC","hard",0.634,-1,1,-99,-0.099,0.82
24,"xotask","highSC","easy",0.668,-1,1,-99,-0.099,0.82
24,"xotask","highSC","average",0.668,-1,1,-99,-0.099,0.82
24,"xotask","highSC","average",0.734,-1,0,-99,-0.099,0.82
24,"xotask","highSC","average",0.618,1,0,-99,-0.099,0.82
24,"xotask","highSC","hard",1.002,1,0,-99,-0.099,0.82
24,"xotask","highSC","hard",0.635,-1,0,-99,-0.099,0.82
24,"xotask","highSC","easy",0.569,1,1,-99,-0.099,0.82
24,"xotask","highSC","easy",0.568,-1,1,-99,-0.099,0.87
24,"xotask","highSC","hard",0.568,-1,0,-99,-0.099,0.87
24,"xotask","highSC","hard",0.635,1,1,-99,-0.099,0.87
24,"xotask","highSC","hard",0.668,-1,1,-99,-0.099,0.87
24,"xotask","highSC","easy",0.502,-1,0,-99,-0.099,0.87
24,"xotask","highSC","average",2.403,1,1,-99,-0.099,0.87
24,"xotask","highSC","average",0.936,-1,1,-99,-0.099,0.87
24,"xotask","highSC","hard",1.47,1,0,-99,-0.099,0.87
24,"xotask","highSC","easy",0.769,-1,1,-99,-0.099,0.87
24,"xotask","highSC","average",0.735,1,0,-99,-0.099,0.87
24,"xotask","highSC","easy",0.585,1,1,-99,-0.099,0.87
24,"xotask","highSC","hard",0.852,-1,1,-99,-0.099,0.87
24,"xotask","highSC","easy",0.768,1,1,-99,-0.099,0.87
24,"xotask","highSC","hard",0.702,1,1,-99,-0.099,0.87
24,"xotask","highSC","average",0.768,1,1,-99,-0.099,0.87
24,"xotask","highSC","easy",0.685,1,1,-99,-0.099,0.87
24,"xotask","highSC","hard",0.552,1,1,-99,-0.099,0.87
24,"xotask","highSC","easy",0.584,-1,1,-99,-0.099,0.87
24,"xotask","highSC","hard",0.734,1,1,-99,-0.099,0.87
24,"xotask","highSC","average",0.602,-1,1,-99,-0.099,0.87
24,"xotask","highSC","average",0.785,-1,1,-99,-0.099,0.87
24,"xotask","highSC","easy",0.484,1,1,-99,-0.099,0.87
24,"xotask","highSC","easy",0.635,1,1,-99,-0.099,0.87
24,"xotask","highSC","hard",0.818,-1,1,-99,-0.099,0.87
24,"xotask","highSC","hard",0.836,1,0,-99,-0.099,0.96
24,"xotask","highSC","average",0.551,1,1,-99,-0.099,0.96
24,"xotask","highSC","easy",0.702,-1,1,-99,-0.099,0.96
24,"xotask","highSC","average",1.036,-1,1,-99,-0.099,0.96
24,"xotask","highSC","hard",0.701,1,1,-99,-0.099,0.96
24,"xotask","highSC","easy",0.635,1,1,-99,-0.099,0.96
24,"xotask","highSC","easy",0.634,1,0,-99,-0.099,0.96
24,"xotask","highSC","hard",0.736,1,1,-99,-0.099,0.96
24,"xotask","highSC","average",1.069,1,1,-99,-0.099,0.96
24,"xotask","highSC","average",0.502,-1,1,-99,-0.099,0.96
24,"xotask","highSC","easy",0.418,1,1,-99,-0.099,0.96
24,"xotask","highSC","hard",0.618,1,1,-99,-0.099,0.96
24,"xotask","highSC","hard",2.937,1,1,-99,-0.099,0.96
24,"xotask","highSC","hard",0.685,-1,1,-99,-0.099,0.96
24,"xotask","highSC","average",0.534,1,1,-99,-0.099,0.96
24,"xotask","highSC","easy",0.552,1,1,-99,-0.099,0.96
24,"xotask","highSC","hard",0.684,1,1,-99,-0.099,0.96
24,"xotask","highSC","average",0.468,1,0,-99,-0.099,0.96
24,"xotask","highSC","hard",0.851,-1,1,-99,-0.099,0.96
24,"xotask","highSC","average",0.868,-1,1,-99,-0.099,0.96
24,"xotask","highSC","average",0.585,1,1,-99,-0.099,0.96
24,"xotask","highSC","average",0.667,-1,1,-99,-0.099,0.96
24,"xotask","highSC","easy",0.584,-1,1,-99,-0.099,0.96
24,"xotask","highSC","hard",0.568,-1,1,-99,-0.099,0.96
24,"xotask","highSC","easy",0.585,1,0,-99,-0.099,0.98
24,"xotask","highSC","easy",0.702,1,1,-99,-0.099,0.98
24,"xotask","highSC","easy",0.735,1,1,-99,-0.099,0.98
24,"xotask","highSC","average",0.734,1,0,-99,-0.099,0.98
24,"xotask","highSC","hard",0.685,-1,0,-99,-0.099,0.98
24,"xotask","highSC","hard",1.319,-1,0,-99,-0.099,0.98
24,"xotask","highSC","average",0.935,1,1,-99,-0.099,0.98
24,"xotask","highSC","hard",0.568,-1,1,-99,-0.099,0.98
24,"xotask","highSC","easy",0.669,-1,1,-99,-0.099,0.98
24,"xotask","highSC","hard",0.602,-1,0,-99,-0.099,0.98
24,"xotask","highSC","average",1.002,-1,1,-99,-0.099,0.98
24,"xotask","highSC","average",0.801,-1,1,-99,-0.099,0.98
24,"xotask","highSC","easy",0.618,1,1,-99,-0.099,0.98
24,"xotask","highSC","average",0.618,-1,1,-99,-0.099,0.98
24,"xotask","highSC","average",0.802,1,1,-99,-0.099,0.98
24,"xotask","highSC","easy",0.736,-1,1,-99,-0.099,0.98
24,"xotask","highSC","easy",0.535,1,1,-99,-0.099,0.98
24,"xotask","highSC","hard",0.602,1,0,-99,-0.099,0.98
24,"xotask","highSC","hard",0.786,-1,1,-99,-0.099,0.98
24,"xotask","highSC","average",0.703,-1,1,-99,-0.099,0.98
24,"xotask","highSC","average",0.469,1,1,-99,-0.099,0.98
24,"xotask","highSC","average",0.553,1,1,-99,-0.099,0.98
24,"xotask","highSC","easy",0.468,-1,1,-99,-0.099,0.98
24,"xotask","highSC","average",0.4,1,1,-99,-0.099,0.98
24,"dotcolour","mediumSC","easy",0.918,-1,1,-99,-0.099,0.69
24,"dotcolour","mediumSC","easy",0.434,1,1,-99,-0.099,0.69
24,"dotcolour","mediumSC","hard",0.619,-1,1,-99,-0.099,0.69
24,"dotcolour","mediumSC","easy",0.635,1,1,-99,-0.099,0.69
24,"dotcolour","mediumSC","easy",0.635,-1,1,-99,-0.099,0.69
24,"dotcolour","mediumSC","easy",0.618,-1,0,-99,-0.099,0.69
24,"dotcolour","mediumSC","hard",0.752,-1,1,-99,-0.099,0.69
24,"dotcolour","mediumSC","easy",0.602,-1,1,-99,-0.099,0.69
24,"dotcolour","mediumSC","easy",0.668,-1,1,-99,-0.099,0.69
24,"dotcolour","mediumSC","average",0.701,1,1,-99,-0.099,0.69
24,"dotcolour","mediumSC","hard",0.567,-1,1,-99,-0.099,0.69
24,"dotcolour","mediumSC","average",0.601,-1,1,-99,-0.099,0.69
24,"dotcolour","mediumSC","hard",0.686,-1,0,-99,-0.099,0.69
24,"dotcolour","mediumSC","easy",0.485,1,1,-99,-0.099,0.69
24,"dotcolour","mediumSC","easy",0.451,-1,1,-99,-0.099,0.69
24,"dotcolour","mediumSC","easy",0.568,1,1,-99,-0.099,0.69
24,"dotcolour","mediumSC","average",0.818,1,1,-99,-0.099,0.69
24,"dotcolour","mediumSC","average",0.935,1,1,-99,-0.099,0.69
24,"dotcolour","mediumSC","hard",0.585,1,1,-99,-0.099,0.69
24,"dotcolour","mediumSC","average",0.568,-1,0,-99,-0.099,0.69
24,"dotcolour","mediumSC","hard",0.651,-1,1,-99,-0.099,0.69
24,"dotcolour","mediumSC","hard",0.652,-1,1,-99,-0.099,0.69
24,"dotcolour","mediumSC","easy",0.836,1,1,-99,-0.099,0.69
24,"dotcolour","mediumSC","hard",0.969,1,1,-99,-0.099,0.69
24,"dotcolour","mediumSC","easy",0.818,1,1,-99,-0.099,0.78
24,"dotcolour","mediumSC","hard",0.902,-1,1,-99,-0.099,0.78
24,"dotcolour","mediumSC","hard",0.667,1,1,-99,-0.099,0.78
24,"dotcolour","mediumSC","average",0.668,-1,1,-99,-0.099,0.78
24,"dotcolour","mediumSC","easy",0.552,-1,1,-99,-0.099,0.78
24,"dotcolour","mediumSC","average",0.584,-1,1,-99,-0.099,0.78
24,"dotcolour","mediumSC","average",0.667,1,1,-99,-0.099,0.78
24,"dotcolour","mediumSC","hard",0.802,-1,0,-99,-0.099,0.78
24,"dotcolour","mediumSC","average",0.685,-1,1,-99,-0.099,0.78
24,"dotcolour","mediumSC","average",0.819,1,1,-99,-0.099,0.78
24,"dotcolour","mediumSC","easy",0.4,-1,1,-99,-0.099,0.78
24,"dotcolour","mediumSC","average",0.702,1,1,-99,-0.099,0.78
24,"dotcolour","mediumSC","easy",0.768,1,1,-99,-0.099,0.78
24,"dotcolour","mediumSC","easy",0.569,-1,1,-99,-0.099,0.78
24,"dotcolour","mediumSC","average",0.635,1,1,-99,-0.099,0.78
24,"dotcolour","mediumSC","average",0.535,1,0,-99,-0.099,0.78
24,"dotcolour","mediumSC","average",0.584,-1,0,-99,-0.099,0.78
24,"dotcolour","mediumSC","hard",0.385,1,1,-99,-0.099,0.78
24,"dotcolour","mediumSC","average",0.969,-1,1,-99,-0.099,0.78
24,"dotcolour","mediumSC","easy",0.519,1,1,-99,-0.099,0.78
24,"dotcolour","mediumSC","average",0.819,1,1,-99,-0.099,0.78
24,"dotcolour","mediumSC","easy",0.735,-1,1,-99,-0.099,0.78
24,"dotcolour","mediumSC","hard",0.836,1,0,-99,-0.099,0.78
24,"dotcolour","mediumSC","hard",1.986,-1,1,-99,-0.099,0.78
24,"dotcolour","mediumSC","average",0.685,-1,1,-99,-0.099,0.79
24,"dotcolour","mediumSC","easy",0.418,1,0,-99,-0.099,0.79
24,"dotcolour","mediumSC","easy",1.752,1,1,-99,-0.099,0.79
24,"dotcolour","mediumSC","hard",0.618,-1,0,-99,-0.099,0.79
24,"dotcolour","mediumSC","hard",0.869,1,1,-99,-0.099,0.79
24,"dotcolour","mediumSC","hard",1.184,-1,1,-99,-0.099,0.79
24,"dotcolour","mediumSC","average",0.602,1,1,-99,-0.099,0.79
24,"dotcolour","mediumSC","average",0.819,1,1,-99,-0.099,0.79
24,"dotcolour","mediumSC","average",0.685,-1,1,-99,-0.099,0.79
24,"dotcolour","mediumSC","easy",0.769,-1,1,-99,-0.099,0.79
24,"dotcolour","mediumSC","easy",0.685,-1,1,-99,-0.099,0.79
24,"dotcolour","mediumSC","hard",0.869,1,0,-99,-0.099,0.79
24,"dotcolour","mediumSC","hard",1.403,-1,1,-99,-0.099,0.79
24,"dotcolour","mediumSC","easy",0.686,-1,1,-99,-0.099,0.79
24,"dotcolour","mediumSC","hard",1.169,1,1,-99,-0.099,0.79
24,"dotcolour","mediumSC","hard",0.802,-1,0,-99,-0.099,0.79
24,"dotcolour","mediumSC","easy",0.835,1,1,-99,-0.099,0.79
24,"dotcolour","mediumSC","easy",0.768,-1,1,-99,-0.099,0.79
24,"dotcolour","mediumSC","average",2.268,-1,0,-99,-0.099,0.79
24,"dotcolour","mediumSC","average",1.269,1,0,-99,-0.099,0.79
24,"dotcolour","mediumSC","hard",0.769,-1,1,-99,-0.099,0.79
24,"dotcolour","mediumSC","average",0.518,-1,1,-99,-0.099,0.79
24,"dotcolour","mediumSC","easy",0.551,1,1,-99,-0.099,0.79
24,"dotcolour","mediumSC","easy",0.485,1,0,-99,-0.099,0.79
24,"dotcolour","mediumSC","easy",1.286,1,1,-99,-0.099,0.72
24,"dotcolour","mediumSC","average",0.686,1,1,-99,-0.099,0.72
24,"dotcolour","mediumSC","average",0.786,1,1,-99,-0.099,0.72
24,"dotcolour","mediumSC","easy",0.719,1,1,-99,-0.099,0.72
24,"dotcolour","mediumSC","hard",0.618,-1,1,-99,-0.099,0.72
24,"dotcolour","mediumSC","average",0.602,-1,1,-99,-0.099,0.72
24,"dotcolour","mediumSC","easy",0.618,-1,1,-99,-0.099,0.72
24,"dotcolour","mediumSC","hard",0.768,-1,1,-99,-0.099,0.72
24,"dotcolour","mediumSC","hard",1.119,1,0,-99,-0.099,0.72
24,"dotcolour","mediumSC","easy",0.669,1,1,-99,-0.099,0.72
24,"dotcolour","mediumSC","average",1.219,1,1,-99,-0.099,0.72
24,"dotcolour","mediumSC","hard",0.752,-1,1,-99,-0.099,0.72
24,"dotcolour","mediumSC","hard",1.036,1,1,-99,-0.099,0.72
24,"dotcolour","mediumSC","hard",0.885,-1,0,-99,-0.099,0.72
24,"dotcolour","mediumSC","average",0.669,-1,1,-99,-0.099,0.72
24,"dotcolour","mediumSC","easy",0.836,1,1,-99,-0.099,0.72
24,"dotcolour","mediumSC","average",1.653,1,1,-99,-0.099,0.72
24,"dotcolour","mediumSC","easy",0.518,-1,1,-99,-0.099,0.72
24,"dotcolour","mediumSC","average",0.619,1,1,-99,-0.099,0.72
24,"dotcolour","mediumSC","average",0.751,-1,1,-99,-0.099,0.72
24,"dotcolour","mediumSC","hard",0.768,1,0,-99,-0.099,0.72
24,"dotcolour","mediumSC","hard",2.171,1,1,-99,-0.099,0.72
24,"dotcolour","mediumSC","average",0.502,-1,1,-99,-0.099,0.72
24,"dotcolour","mediumSC","easy",0.669,-1,1,-99,-0.099,0.72
24,"dotcolour","mediumSC","average",0.652,-1,1,-99,-0.099,0.77
24,"dotcolour","mediumSC","average",0.753,-1,1,-99,-0.099,0.77
24,"dotcolour","mediumSC","easy",0.619,-1,1,-99,-0.099,0.77
24,"dotcolour","mediumSC","average",0.469,1,1,-99,-0.099,0.77
24,"dotcolour","mediumSC","easy",0.652,-1,1,-99,-0.099,0.77
24,"dotcolour","mediumSC","easy",0.652,1,1,-99,-0.099,0.77
24,"dotcolour","mediumSC","easy",0.735,1,1,-99,-0.099,0.77
24,"dotcolour","mediumSC","easy",0.552,-1,1,-99,-0.099,0.77
24,"dotcolour","mediumSC","hard",1.102,-1,1,-99,-0.099,0.77
24,"dotcolour","mediumSC","average",0.552,1,1,-99,-0.099,0.77
24,"dotcolour","mediumSC","easy",0.552,-1,1,-99,-0.099,0.77
24,"dotcolour","mediumSC","easy",0.535,1,1,-99,-0.099,0.77
24,"dotcolour","mediumSC","hard",1.335,-1,1,-99,-0.099,0.77
24,"dotcolour","mediumSC","average",1.62,1,1,-99,-0.099,0.77
24,"dotcolour","mediumSC","hard",0.668,-1,0,-99,-0.099,0.77
24,"dotcolour","mediumSC","hard",0.351,1,1,-99,-0.099,0.77
24,"dotcolour","mediumSC","hard",0.702,-1,1,-99,-0.099,0.77
24,"dotcolour","mediumSC","average",0.552,-1,1,-99,-0.099,0.77
24,"dotcolour","mediumSC","average",0.568,1,1,-99,-0.099,0.77
24,"dotcolour","mediumSC","hard",1.452,-1,1,-99,-0.099,0.77
24,"dotcolour","mediumSC","average",0.768,-1,1,-99,-0.099,0.77
24,"dotcolour","mediumSC","hard",0.402,1,1,-99,-0.099,0.77
24,"dotcolour","mediumSC","easy",0.619,-1,0,-99,-0.099,0.77
24,"dotcolour","mediumSC","average",0.502,-1,0,-99,-0.099,0.77
24,"dotnumber","lowSC","average",1.052,1,0,-99,-0.099,0.67
24,"dotnumber","lowSC","easy",0.552,1,1,-99,-0.099,0.67
24,"dotnumber","lowSC","easy",0.619,-1,1,-99,-0.099,0.67
24,"dotnumber","lowSC","average",0.768,-1,1,-99,-0.099,0.67
24,"dotnumber","lowSC","hard",1.119,1,1,-99,-0.099,0.67
24,"dotnumber","lowSC","hard",0.82,-1,1,-99,-0.099,0.67
24,"dotnumber","lowSC","hard",0.718,-1,0,-99,-0.099,0.67
24,"dotnumber","lowSC","hard",0.569,1,1,-99,-0.099,0.67
24,"dotnumber","lowSC","average",0.668,-1,0,-99,-0.099,0.67
24,"dotnumber","lowSC","average",0.702,-1,0,-99,-0.099,0.67
24,"dotnumber","lowSC","easy",0.568,1,1,-99,-0.099,0.67
24,"dotnumber","lowSC","easy",0.568,-1,1,-99,-0.099,0.67
24,"dotnumber","lowSC","easy",0.634,-1,1,-99,-0.099,0.67
24,"dotnumber","lowSC","hard",0.667,1,0,-99,-0.099,0.67
24,"dotnumber","lowSC","average",0.519,-1,1,-99,-0.099,0.67
24,"dotnumber","lowSC","easy",0.586,1,1,-99,-0.099,0.67
24,"dotnumber","lowSC","hard",0.702,1,1,-99,-0.099,0.67
24,"dotnumber","lowSC","hard",0.868,1,0,-99,-0.099,0.67
24,"dotnumber","lowSC","average",0.684,-1,1,-99,-0.099,0.67
24,"dotnumber","lowSC","easy",0.451,-1,1,-99,-0.099,0.67
24,"dotnumber","lowSC","average",0.602,-1,1,-99,-0.099,0.67
24,"dotnumber","lowSC","easy",0.886,1,1,-99,-0.099,0.67
24,"dotnumber","lowSC","average",0.752,1,1,-99,-0.099,0.67
24,"dotnumber","lowSC","hard",0.902,1,0,-99,-0.099,0.67
24,"dotnumber","lowSC","average",0.801,-1,0,-99,-0.099,0.66
24,"dotnumber","lowSC","easy",0.801,1,0,-99,-0.099,0.66
24,"dotnumber","lowSC","hard",0.818,-1,0,-99,-0.099,0.66
24,"dotnumber","lowSC","average",0.635,-1,1,-99,-0.099,0.66
24,"dotnumber","lowSC","easy",0.535,-1,1,-99,-0.099,0.66
24,"dotnumber","lowSC","average",0.468,-1,1,-99,-0.099,0.66
24,"dotnumber","lowSC","easy",0.501,1,1,-99,-0.099,0.66
24,"dotnumber","lowSC","hard",0.402,-1,1,-99,-0.099,0.66
24,"dotnumber","lowSC","easy",0.568,1,1,-99,-0.099,0.66
24,"dotnumber","lowSC","hard",0.568,-1,0,-99,-0.099,0.66
24,"dotnumber","lowSC","hard",0.752,1,1,-99,-0.099,0.66
24,"dotnumber","lowSC","hard",0.818,-1,0,-99,-0.099,0.66
24,"dotnumber","lowSC","hard",0.568,1,1,-99,-0.099,0.66
24,"dotnumber","lowSC","average",0.436,1,0,-99,-0.099,0.66
24,"dotnumber","lowSC","hard",0.335,-1,0,-99,-0.099,0.66
24,"dotnumber","lowSC","average",0.684,1,1,-99,-0.099,0.66
24,"dotnumber","lowSC","easy",0.618,1,1,-99,-0.099,0.66
24,"dotnumber","lowSC","hard",0.268,-1,0,-99,-0.099,0.66
24,"dotnumber","lowSC","average",0.602,1,1,-99,-0.099,0.66
24,"dotnumber","lowSC","easy",0.468,1,1,-99,-0.099,0.66
24,"dotnumber","lowSC","easy",0.518,-1,1,-99,-0.099,0.66
24,"dotnumber","lowSC","average",0.685,1,0,-99,-0.099,0.66
24,"dotnumber","lowSC","average",0.402,-1,1,-99,-0.099,0.66
24,"dotnumber","lowSC","hard",0.735,-1,0,-99,-0.099,0.66
24,"dotnumber","lowSC","hard",0.536,-1,0,-99,-0.099,0.64
24,"dotnumber","lowSC","easy",0.535,-1,1,-99,-0.099,0.64
24,"dotnumber","lowSC","average",0.552,1,1,-99,-0.099,0.64
24,"dotnumber","lowSC","hard",0.702,1,0,-99,-0.099,0.64
24,"dotnumber","lowSC","hard",0.368,-1,0,-99,-0.099,0.64
24,"dotnumber","lowSC","hard",0.651,1,0,-99,-0.099,0.64
24,"dotnumber","lowSC","average",0.301,-1,1,-99,-0.099,0.64
24,"dotnumber","lowSC","hard",0.602,-1,1,-99,-0.099,0.64
24,"dotnumber","lowSC","easy",0.368,-1,1,-99,-0.099,0.64
24,"dotnumber","lowSC","hard",0.584,1,1,-99,-0.099,0.64
24,"dotnumber","lowSC","easy",0.285,-1,1,-99,-0.099,0.64
24,"dotnumber","lowSC","easy",0.352,1,1,-99,-0.099,0.64
24,"dotnumber","lowSC","hard",0.618,-1,0,-99,-0.099,0.64
24,"dotnumber","lowSC","average",0.402,1,1,-99,-0.099,0.64
24,"dotnumber","lowSC","average",0.434,-1,1,-99,-0.099,0.64
24,"dotnumber","lowSC","hard",0.552,-1,1,-99,-0.099,0.64
24,"dotnumber","lowSC","hard",0.635,1,0,-99,-0.099,0.64
24,"dotnumber","lowSC","easy",0.368,-1,0,-99,-0.099,0.64
24,"dotnumber","lowSC","average",0.418,1,1,-99,-0.099,0.64
24,"dotnumber","lowSC","easy",0.451,1,1,-99,-0.099,0.64
24,"dotnumber","lowSC","average",1.136,1,1,-99,-0.099,0.64
24,"dotnumber","lowSC","easy",0.434,1,1,-99,-0.099,0.64
24,"dotnumber","lowSC","hard",0.535,1,1,-99,-0.099,0.64
24,"dotnumber","lowSC","average",0.469,-1,0,-99,-0.099,0.64
24,"dotnumber","lowSC","average",0.434,1,0,-99,-0.099,0.64
24,"dotnumber","lowSC","hard",0.501,-1,0,-99,-0.099,0.64
24,"dotnumber","lowSC","hard",0.452,1,0,-99,-0.099,0.64
24,"dotnumber","lowSC","hard",0.468,-1,0,-99,-0.099,0.64
24,"dotnumber","lowSC","average",0.302,1,0,-99,-0.099,0.64
24,"dotnumber","lowSC","hard",0.318,-1,0,-99,-0.099,0.64
24,"dotnumber","lowSC","average",0.718,1,1,-99,-0.099,0.64
24,"dotnumber","lowSC","average",0.435,1,1,-99,-0.099,0.64
24,"dotnumber","lowSC","average",0.402,1,1,-99,-0.099,0.64
24,"dotnumber","lowSC","average",0.585,-1,1,-99,-0.099,0.64
24,"dotnumber","lowSC","easy",0.418,1,1,-99,-0.099,0.64
24,"dotnumber","lowSC","average",0.552,1,1,-99,-0.099,0.64
24,"dotnumber","lowSC","easy",0.435,1,1,-99,-0.099,0.64
24,"dotnumber","lowSC","easy",0.284,1,0,-99,-0.099,0.64
24,"dotnumber","lowSC","easy",0.501,1,1,-99,-0.099,0.64
24,"dotnumber","lowSC","hard",0.451,1,0,-99,-0.099,0.64
24,"dotnumber","lowSC","average",0.485,1,1,-99,-0.099,0.64
24,"dotnumber","lowSC","hard",0.486,-1,1,-99,-0.099,0.64
24,"dotnumber","lowSC","average",0.267,1,1,-99,-0.099,0.64
24,"dotnumber","lowSC","hard",0.402,-1,1,-99,-0.099,0.64
24,"dotnumber","lowSC","average",0.719,-1,1,-99,-0.099,0.64
24,"dotnumber","lowSC","hard",0.384,-1,1,-99,-0.099,0.64
24,"dotnumber","lowSC","average",0.451,-1,1,-99,-0.099,0.64
24,"dotnumber","lowSC","average",0.369,1,0,-99,-0.099,0.64
24,"dotnumber","lowSC","average",0.369,-1,1,-99,-0.099,0.61
24,"dotnumber","lowSC","easy",0.768,1,0,-99,-0.099,0.61
24,"dotnumber","lowSC","easy",0.484,1,1,-99,-0.099,0.61
24,"dotnumber","lowSC","average",0.368,-1,1,-99,-0.099,0.61
24,"dotnumber","lowSC","hard",0.384,1,1,-99,-0.099,0.61
24,"dotnumber","lowSC","hard",0.551,1,1,-99,-0.099,0.61
24,"dotnumber","lowSC","average",0.4,-1,0,-99,-0.099,0.61
24,"dotnumber","lowSC","easy",0.402,1,1,-99,-0.099,0.61
24,"dotnumber","lowSC","average",0.585,1,1,-99,-0.099,0.61
24,"dotnumber","lowSC","average",0.451,1,0,-99,-0.099,0.61
24,"dotnumber","lowSC","easy",0.468,-1,1,-99,-0.099,0.61
24,"dotnumber","lowSC","average",0.668,1,1,-99,-0.099,0.61
24,"dotnumber","lowSC","hard",0.568,1,1,-99,-0.099,0.61
24,"dotnumber","lowSC","easy",0.385,-1,1,-99,-0.099,0.61
24,"dotnumber","lowSC","average",0.418,1,1,-99,-0.099,0.61
24,"dotnumber","lowSC","easy",0.334,-1,1,-99,-0.099,0.61
24,"dotnumber","lowSC","easy",0.383,1,1,-99,-0.099,0.61
24,"dotnumber","lowSC","easy",0.267,-1,1,-99,-0.099,0.61
24,"dotnumber","lowSC","average",0.603,-1,1,-99,-0.099,0.61
24,"dotnumber","lowSC","average",0.435,1,1,-99,-0.099,0.61
24,"dotnumber","lowSC","easy",0.551,1,1,-99,-0.099,0.61
24,"dotnumber","lowSC","hard",0.618,-1,1,-99,-0.099,0.61
24,"dotnumber","lowSC","easy",0.384,1,0,-99,-0.099,0.61
24,"dotnumber","lowSC","hard",1.153,-1,0,-99,-0.099,0.61
25,"dotcolour","mediumSC","easy",3.571,-1,1,-99,-0.099,0.78
25,"dotcolour","mediumSC","easy",2.253,1,1,-99,-0.099,0.78
25,"dotcolour","mediumSC","hard",1.619,1,1,-99,-0.099,0.78
25,"dotcolour","mediumSC","average",1.368,-1,1,-99,-0.099,0.78
25,"dotcolour","mediumSC","easy",1.269,-1,1,-99,-0.099,0.78
25,"dotcolour","mediumSC","easy",1.318,-1,1,-99,-0.099,0.78
25,"dotcolour","mediumSC","easy",2.271,1,0,-99,-0.099,0.78
25,"dotcolour","mediumSC","easy",1.369,-1,1,-99,-0.099,0.78
25,"dotcolour","mediumSC","average",1.419,-1,1,-99,-0.099,0.78
25,"dotcolour","mediumSC","hard",2.003,-1,1,-99,-0.099,0.78
25,"dotcolour","mediumSC","easy",1.336,1,1,-99,-0.099,0.78
25,"dotcolour","mediumSC","average",4.122,1,0,-99,-0.099,0.78
25,"dotcolour","mediumSC","easy",1.22,1,1,-99,-0.099,0.78
25,"dotcolour","mediumSC","hard",1.153,1,1,-99,-0.099,0.78
25,"dotcolour","mediumSC","average",1.302,1,1,-99,-0.099,0.78
25,"dotcolour","mediumSC","hard",1.336,-1,0,-99,-0.099,0.78
25,"dotcolour","mediumSC","hard",1.102,-1,1,-99,-0.099,0.78
25,"dotcolour","mediumSC","hard",2.003,-1,1,-99,-0.099,0.78
25,"dotcolour","mediumSC","easy",1.036,-1,1,-99,-0.099,0.78
25,"dotcolour","mediumSC","easy",0.952,1,1,-99,-0.099,0.78
25,"dotcolour","mediumSC","easy",1.068,1,1,-99,-0.099,0.78
25,"dotcolour","mediumSC","easy",0.936,1,1,-99,-0.099,0.78
25,"dotcolour","mediumSC","hard",1.787,1,0,-99,-0.099,0.78
25,"dotcolour","mediumSC","easy",1.086,1,1,-99,-0.099,0.72
25,"dotcolour","mediumSC","average",0.902,-1,1,-99,-0.099,0.72
25,"dotcolour","mediumSC","easy",0.936,1,1,-99,-0.099,0.72
25,"dotcolour","mediumSC","easy",0.885,1,1,-99,-0.099,0.72
25,"dotcolour","mediumSC","easy",0.968,-1,1,-99,-0.099,0.72
25,"dotcolour","mediumSC","hard",1.87,-1,1,-99,-0.099,0.72
25,"dotcolour","mediumSC","average",1.587,1,1,-99,-0.099,0.72
25,"dotcolour","mediumSC","easy",1.568,-1,1,-99,-0.099,0.72
25,"dotcolour","mediumSC","hard",1.452,-1,1,-99,-0.099,0.72
25,"dotcolour","mediumSC","hard",2.402,-1,1,-99,-0.099,0.72
25,"dotcolour","mediumSC","average",0.934,1,1,-99,-0.099,0.72
25,"dotcolour","mediumSC","easy",1.002,1,1,-99,-0.099,0.72
25,"dotcolour","mediumSC","hard",3.854,1,1,-99,-0.099,0.72
25,"dotcolour","mediumSC","easy",1.102,-1,1,-99,-0.099,0.72
25,"dotcolour","mediumSC","hard",2.203,1,1,-99,-0.099,0.72
25,"dotcolour","mediumSC","easy",1.019,-1,1,-99,-0.099,0.72
25,"dotcolour","mediumSC","average",1.237,1,1,-99,-0.099,0.72
25,"dotcolour","mediumSC","average",1.202,1,1,-99,-0.099,0.72
25,"dotcolour","mediumSC","hard",2.002,1,1,-99,-0.099,0.72
25,"dotcolour","mediumSC","easy",1.151,1,1,-99,-0.099,0.72
25,"dotcolour","mediumSC","easy",0.785,-1,1,-99,-0.099,0.72
25,"dotcolour","mediumSC","easy",1.018,-1,1,-99,-0.099,0.72
25,"dotcolour","mediumSC","average",2.069,-1,1,-99,-0.099,0.72
25,"dotcolour","mediumSC","hard",1.085,-1,1,-99,-0.099,0.72
25,"dotcolour","mediumSC","easy",0.786,-1,1,-99,-0.099,0.73
25,"dotcolour","mediumSC","hard",1.135,-1,1,-99,-0.099,0.73
25,"dotcolour","mediumSC","hard",1.284,1,1,-99,-0.099,0.73
25,"dotcolour","mediumSC","average",1.469,-1,1,-99,-0.099,0.73
25,"dotcolour","mediumSC","average",1.119,1,1,-99,-0.099,0.73
25,"dotcolour","mediumSC","average",1.036,1,1,-99,-0.099,0.73
25,"dotcolour","mediumSC","average",1.903,-1,1,-99,-0.099,0.73
25,"dotcolour","mediumSC","easy",1.002,1,1,-99,-0.099,0.73
25,"dotcolour","mediumSC","easy",1.035,1,1,-99,-0.099,0.73
25,"dotcolour","mediumSC","average",1.635,1,0,-99,-0.099,0.73
25,"dotcolour","mediumSC","easy",0.752,-1,1,-99,-0.099,0.73
25,"dotcolour","mediumSC","hard",1.203,1,1,-99,-0.099,0.73
25,"dotcolour","mediumSC","average",4.288,1,1,-99,-0.099,0.73
25,"dotcolour","mediumSC","average",2.137,1,1,-99,-0.099,0.73
25,"dotcolour","mediumSC","hard",1.719,1,0,-99,-0.099,0.73
25,"dotcolour","mediumSC","easy",0.935,-1,1,-99,-0.099,0.73
25,"dotcolour","mediumSC","easy",0.885,-1,1,-99,-0.099,0.73
25,"dotcolour","mediumSC","easy",0.885,1,1,-99,-0.099,0.73
25,"dotcolour","mediumSC","easy",1.019,1,1,-99,-0.099,0.73
25,"dotcolour","mediumSC","average",1.119,1,1,-99,-0.099,0.73
25,"dotcolour","mediumSC","average",0.936,-1,1,-99,-0.099,0.73
25,"dotcolour","mediumSC","easy",1.068,1,1,-99,-0.099,0.73
25,"dotcolour","mediumSC","easy",1.035,-1,1,-99,-0.099,0.73
25,"dotcolour","mediumSC","easy",0.903,1,1,-99,-0.099,0.73
25,"dotcolour","mediumSC","hard",2.07,1,1,-99,-0.099,0.75
25,"dotcolour","mediumSC","hard",0.885,-1,1,-99,-0.099,0.75
25,"dotcolour","mediumSC","average",0.885,-1,1,-99,-0.099,0.75
25,"dotcolour","mediumSC","average",0.886,-1,1,-99,-0.099,0.75
25,"dotcolour","mediumSC","easy",1.019,1,1,-99,-0.099,0.75
25,"dotcolour","mediumSC","average",1.653,-1,1,-99,-0.099,0.75
25,"dotcolour","mediumSC","easy",0.968,1,1,-99,-0.099,0.75
25,"dotcolour","mediumSC","easy",0.969,1,1,-99,-0.099,0.75
25,"dotcolour","mediumSC","easy",0.669,-1,1,-99,-0.099,0.75
25,"dotcolour","mediumSC","hard",1.152,1,1,-99,-0.099,0.75
25,"dotcolour","mediumSC","average",0.869,-1,1,-99,-0.099,0.75
25,"dotcolour","mediumSC","easy",0.986,1,1,-99,-0.099,0.75
25,"dotcolour","mediumSC","hard",1.97,1,0,-99,-0.099,0.75
25,"dotcolour","mediumSC","hard",1.603,-1,1,-99,-0.099,0.75
25,"dotcolour","mediumSC","easy",1.103,-1,1,-99,-0.099,0.75
25,"dotcolour","mediumSC","average",1.253,1,1,-99,-0.099,0.75
25,"dotcolour","mediumSC","hard",1.136,1,1,-99,-0.099,0.75
25,"dotcolour","mediumSC","hard",1.587,1,1,-99,-0.099,0.75
25,"dotcolour","mediumSC","average",0.919,-1,1,-99,-0.099,0.75
25,"dotcolour","mediumSC","average",2.603,1,1,-99,-0.099,0.75
25,"dotcolour","mediumSC","hard",1.686,1,1,-99,-0.099,0.75
25,"dotcolour","mediumSC","hard",1.986,-1,1,-99,-0.099,0.75
25,"dotcolour","mediumSC","hard",0.952,-1,0,-99,-0.099,0.75
25,"dotcolour","mediumSC","average",0.836,-1,1,-99,-0.099,0.75
25,"dotcolour","mediumSC","hard",1.819,-1,1,-99,-0.099,0.73
25,"dotcolour","mediumSC","easy",0.968,-1,1,-99,-0.099,0.73
25,"dotcolour","mediumSC","easy",0.868,-1,1,-99,-0.099,0.73
25,"dotcolour","mediumSC","easy",0.668,1,1,-99,-0.099,0.73
25,"dotcolour","mediumSC","average",0.751,-1,1,-99,-0.099,0.73
25,"dotcolour","mediumSC","hard",2.087,1,1,-99,-0.099,0.73
25,"dotcolour","mediumSC","easy",0.87,-1,1,-99,-0.099,0.73
25,"dotcolour","mediumSC","easy",0.986,1,1,-99,-0.099,0.73
25,"dotcolour","mediumSC","hard",1.453,1,1,-99,-0.099,0.73
25,"dotcolour","mediumSC","average",0.968,-1,1,-99,-0.099,0.73
25,"dotcolour","mediumSC","hard",1.737,-1,1,-99,-0.099,0.73
25,"dotcolour","mediumSC","average",1.02,1,1,-99,-0.099,0.73
25,"dotcolour","mediumSC","easy",1.335,1,1,-99,-0.099,0.73
25,"dotcolour","mediumSC","hard",1.803,1,1,-99,-0.099,0.73
25,"dotcolour","mediumSC","average",0.952,1,1,-99,-0.099,0.73
25,"dotcolour","mediumSC","easy",0.868,1,1,-99,-0.099,0.73
25,"dotcolour","mediumSC","hard",1.585,1,0,-99,-0.099,0.73
25,"dotcolour","mediumSC","average",0.768,-1,1,-99,-0.099,0.73
25,"dotcolour","mediumSC","average",0.819,1,1,-99,-0.099,0.73
25,"dotcolour","mediumSC","hard",1.519,1,0,-99,-0.099,0.73
25,"dotcolour","mediumSC","easy",1.035,1,1,-99,-0.099,0.73
25,"dotcolour","mediumSC","average",1.669,-1,0,-99,-0.099,0.73
25,"dotcolour","mediumSC","easy",0.852,1,1,-99,-0.099,0.73
25,"dotcolour","mediumSC","average",0.969,-1,1,-99,-0.099,0.73
25,"dotnumber","lowSC","easy",1.502,-1,1,-99,-0.099,0.68
25,"dotnumber","lowSC","average",0.901,1,1,-99,-0.099,0.68
25,"dotnumber","lowSC","hard",1.151,1,1,-99,-0.099,0.68
25,"dotnumber","lowSC","easy",0.952,1,1,-99,-0.099,0.68
25,"dotnumber","lowSC","average",0.919,-1,1,-99,-0.099,0.68
25,"dotnumber","lowSC","easy",1.485,-1,0,-99,-0.099,0.68
25,"dotnumber","lowSC","average",1.152,-1,0,-99,-0.099,0.68
25,"dotnumber","lowSC","hard",1.302,1,0,-99,-0.099,0.68
25,"dotnumber","lowSC","hard",0.818,-1,0,-99,-0.099,0.68
25,"dotnumber","lowSC","easy",0.835,-1,1,-99,-0.099,0.68
25,"dotnumber","lowSC","easy",0.935,-1,1,-99,-0.099,0.68
25,"dotnumber","lowSC","easy",1.068,-1,1,-99,-0.099,0.68
25,"dotnumber","lowSC","average",1.603,-1,1,-99,-0.099,0.68
25,"dotnumber","lowSC","average",0.919,-1,1,-99,-0.099,0.68
25,"dotnumber","lowSC","average",0.936,1,1,-99,-0.099,0.68
25,"dotnumber","lowSC","easy",0.902,1,1,-99,-0.099,0.68
25,"dotnumber","lowSC","average",1.369,1,1,-99,-0.099,0.68
25,"dotnumber","lowSC","hard",1.052,-1,1,-99,-0.099,0.68
25,"dotnumber","lowSC","hard",0.936,-1,1,-99,-0.099,0.68
25,"dotnumber","lowSC","hard",0.835,-1,1,-99,-0.099,0.68
25,"dotnumber","lowSC","easy",0.835,-1,1,-99,-0.099,0.68
25,"dotnumber","lowSC","average",1.201,1,1,-99,-0.099,0.68
25,"dotnumber","lowSC","hard",0.718,-1,0,-99,-0.099,0.68
25,"dotnumber","lowSC","average",0.584,-1,1,-99,-0.099,0.68
25,"dotnumber","lowSC","easy",0.919,1,1,-99,-0.099,0.6
25,"dotnumber","lowSC","hard",0.935,-1,0,-99,-0.099,0.6
25,"dotnumber","lowSC","average",0.985,-1,1,-99,-0.099,0.6
25,"dotnumber","lowSC","easy",0.802,1,1,-99,-0.099,0.6
25,"dotnumber","lowSC","average",1.101,1,1,-99,-0.099,0.6
25,"dotnumber","lowSC","average",1.219,1,1,-99,-0.099,0.6
25,"dotnumber","lowSC","hard",0.818,-1,1,-99,-0.099,0.6
25,"dotnumber","lowSC","easy",0.635,-1,1,-99,-0.099,0.6
25,"dotnumber","lowSC","easy",0.768,-1,1,-99,-0.099,0.6
25,"dotnumber","lowSC","average",0.735,-1,1,-99,-0.099,0.6
25,"dotnumber","lowSC","hard",1.269,1,0,-99,-0.099,0.6
25,"dotnumber","lowSC","hard",1.252,1,1,-99,-0.099,0.6
25,"dotnumber","lowSC","hard",1.119,-1,0,-99,-0.099,0.6
25,"dotnumber","lowSC","average",1.335,-1,1,-99,-0.099,0.6
25,"dotnumber","lowSC","easy",1.019,-1,1,-99,-0.099,0.6
25,"dotnumber","lowSC","average",1.085,-1,1,-99,-0.099,0.6
25,"dotnumber","lowSC","easy",0.852,-1,1,-99,-0.099,0.6
25,"dotnumber","lowSC","easy",0.835,1,1,-99,-0.099,0.6
25,"dotnumber","lowSC","hard",1.052,-1,1,-99,-0.099,0.6
25,"dotnumber","lowSC","average",0.969,-1,1,-99,-0.099,0.6
25,"dotnumber","lowSC","average",0.752,1,1,-99,-0.099,0.6
25,"dotnumber","lowSC","hard",1.269,-1,1,-99,-0.099,0.6
25,"dotnumber","lowSC","hard",0.868,1,1,-99,-0.099,0.6
25,"dotnumber","lowSC","average",1.202,1,1,-99,-0.099,0.6
25,"dotnumber","lowSC","easy",0.901,-1,1,-99,-0.099,0.6
25,"dotnumber","lowSC","hard",1.135,-1,0,-99,-0.099,0.6
25,"dotnumber","lowSC","easy",1.252,1,1,-99,-0.099,0.6
25,"dotnumber","lowSC","hard",0.869,1,1,-99,-0.099,0.6
25,"dotnumber","lowSC","average",0.735,-1,1,-99,-0.099,0.6
25,"dotnumber","lowSC","hard",1.002,1,0,-99,-0.099,0.6
25,"dotnumber","lowSC","hard",1.436,-1,1,-99,-0.099,0.6
25,"dotnumber","lowSC","average",1.034,1,1,-99,-0.099,0.6
25,"dotnumber","lowSC","easy",1.57,-1,1,-99,-0.099,0.6
25,"dotnumber","lowSC","hard",1.036,1,1,-99,-0.099,0.6
25,"dotnumber","lowSC","easy",0.768,1,1,-99,-0.099,0.6
25,"dotnumber","lowSC","hard",0.952,-1,1,-99,-0.099,0.6
25,"dotnumber","lowSC","average",2.337,-1,1,-99,-0.099,0.6
25,"dotnumber","lowSC","hard",1.002,1,1,-99,-0.099,0.6
25,"dotnumber","lowSC","hard",1.153,1,0,-99,-0.099,0.6
25,"dotnumber","lowSC","average",0.834,-1,1,-99,-0.099,0.6
25,"dotnumber","lowSC","hard",1.136,-1,1,-99,-0.099,0.6
25,"dotnumber","lowSC","hard",0.919,-1,0,-99,-0.099,0.6
25,"dotnumber","lowSC","easy",1.118,-1,1,-99,-0.099,0.6
25,"dotnumber","lowSC","hard",1.303,1,0,-99,-0.099,0.6
25,"dotnumber","lowSC","easy",0.868,-1,1,-99,-0.099,0.6
25,"dotnumber","lowSC","average",1.852,1,1,-99,-0.099,0.6
25,"dotnumber","lowSC","easy",1.103,1,1,-99,-0.099,0.6
25,"dotnumber","lowSC","easy",1.018,-1,1,-99,-0.099,0.6
25,"dotnumber","lowSC","hard",1.27,1,1,-99,-0.099,0.66
25,"dotnumber","lowSC","average",0.768,-1,1,-99,-0.099,0.66
25,"dotnumber","lowSC","average",1.034,1,1,-99,-0.099,0.66
25,"dotnumber","lowSC","hard",1.101,-1,1,-99,-0.099,0.66
25,"dotnumber","lowSC","easy",1.352,-1,1,-99,-0.099,0.66
25,"dotnumber","lowSC","easy",0.819,1,1,-99,-0.099,0.66
25,"dotnumber","lowSC","hard",0.985,-1,1,-99,-0.099,0.66
25,"dotnumber","lowSC","hard",0.869,1,0,-99,-0.099,0.66
25,"dotnumber","lowSC","average",0.852,1,1,-99,-0.099,0.66
25,"dotnumber","lowSC","average",1.519,-1,1,-99,-0.099,0.66
25,"dotnumber","lowSC","easy",0.97,-1,1,-99,-0.099,0.66
25,"dotnumber","lowSC","easy",0.852,1,1,-99,-0.099,0.66
25,"dotnumber","lowSC","hard",1.435,1,1,-99,-0.099,0.66
25,"dotnumber","lowSC","easy",0.802,-1,1,-99,-0.099,0.66
25,"dotnumber","lowSC","easy",0.885,1,1,-99,-0.099,0.66
25,"dotnumber","lowSC","easy",0.903,1,1,-99,-0.099,0.66
25,"dotnumber","lowSC","easy",0.952,-1,1,-99,-0.099,0.66
25,"dotnumber","lowSC","hard",1.319,-1,0,-99,-0.099,0.66
25,"dotnumber","lowSC","hard",1.153,1,0,-99,-0.099,0.66
25,"dotnumber","lowSC","easy",1.019,1,1,-99,-0.099,0.66
25,"dotnumber","lowSC","average",0.968,-1,1,-99,-0.099,0.66
25,"dotnumber","lowSC","average",1.002,1,1,-99,-0.099,0.66
25,"dotnumber","lowSC","average",1.069,1,1,-99,-0.099,0.66
25,"dotnumber","lowSC","average",1.035,-1,1,-99,-0.099,0.66
25,"dotnumber","lowSC","hard",1.319,-1,0,-99,-0.099,0.53
25,"dotnumber","lowSC","average",0.852,1,1,-99,-0.099,0.53
25,"dotnumber","lowSC","hard",0.984,-1,0,-99,-0.099,0.53
25,"dotnumber","lowSC","easy",0.885,-1,1,-99,-0.099,0.53
25,"dotnumber","lowSC","easy",0.919,-1,1,-99,-0.099,0.53
25,"dotnumber","lowSC","average",1.168,-1,1,-99,-0.099,0.53
25,"dotnumber","lowSC","easy",0.919,1,1,-99,-0.099,0.53
25,"dotnumber","lowSC","average",1.669,1,0,-99,-0.099,0.53
25,"dotnumber","lowSC","easy",1.302,1,1,-99,-0.099,0.53
25,"dotnumber","lowSC","hard",0.969,1,0,-99,-0.099,0.53
25,"dotnumber","lowSC","average",0.852,1,1,-99,-0.099,0.53
25,"dotnumber","lowSC","hard",1.719,1,0,-99,-0.099,0.53
25,"dotnumber","lowSC","easy",1.286,-1,1,-99,-0.099,0.53
25,"dotnumber","lowSC","average",1.336,-1,1,-99,-0.099,0.53
25,"dotnumber","lowSC","average",1.686,1,1,-99,-0.099,0.53
25,"dotnumber","lowSC","easy",0.802,1,1,-99,-0.099,0.53
25,"dotnumber","lowSC","average",1.169,1,1,-99,-0.099,0.53
25,"dotnumber","lowSC","average",1.221,-1,0,-99,-0.099,0.53
25,"dotnumber","lowSC","hard",0.687,-1,1,-99,-0.099,0.53
25,"dotnumber","lowSC","easy",0.986,-1,0,-99,-0.099,0.53
25,"dotnumber","lowSC","easy",0.618,1,1,-99,-0.099,0.53
25,"dotnumber","lowSC","hard",0.701,-1,1,-99,-0.099,0.53
25,"dotnumber","lowSC","hard",0.769,1,0,-99,-0.099,0.53
25,"dotnumber","lowSC","easy",0.652,-1,1,-99,-0.099,0.53
25,"xotask","highSC","average",4.739,-1,1,-99,-0.099,0.94
25,"xotask","highSC","easy",1.186,-1,1,-99,-0.099,0.94
25,"xotask","highSC","hard",1.268,-1,1,-99,-0.099,0.94
25,"xotask","highSC","hard",0.986,1,1,-99,-0.099,0.94
25,"xotask","highSC","easy",0.902,1,1,-99,-0.099,0.94
25,"xotask","highSC","easy",0.852,-1,1,-99,-0.099,0.94
25,"xotask","highSC","hard",1.32,-1,1,-99,-0.099,0.94
25,"xotask","highSC","hard",1.103,1,0,-99,-0.099,0.94
25,"xotask","highSC","easy",1.002,-1,1,-99,-0.099,0.94
25,"xotask","highSC","average",0.869,1,1,-99,-0.099,0.94
25,"xotask","highSC","average",0.885,1,1,-99,-0.099,0.94
25,"xotask","highSC","average",1.151,1,1,-99,-0.099,0.94
25,"xotask","highSC","easy",1.119,1,1,-99,-0.099,0.94
25,"xotask","highSC","hard",1.304,1,0,-99,-0.099,0.94
25,"xotask","highSC","easy",0.952,1,1,-99,-0.099,0.94
25,"xotask","highSC","easy",0.834,1,1,-99,-0.099,0.94
25,"xotask","highSC","average",0.869,1,1,-99,-0.099,0.94
25,"xotask","highSC","easy",0.818,1,1,-99,-0.099,0.94
25,"xotask","highSC","easy",1.202,-1,0,-99,-0.099,0.94
25,"xotask","highSC","easy",0.834,-1,1,-99,-0.099,0.94
25,"xotask","highSC","easy",0.903,-1,1,-99,-0.099,0.94
25,"xotask","highSC","hard",0.868,1,1,-99,-0.099,0.94
25,"xotask","highSC","hard",0.818,1,1,-99,-0.099,0.94
25,"xotask","highSC","hard",1.285,-1,1,-99,-0.099,0.94
25,"xotask","highSC","hard",0.918,-1,1,-99,-0.099,0.82
25,"xotask","highSC","hard",0.869,-1,0,-99,-0.099,0.82
25,"xotask","highSC","hard",0.735,1,1,-99,-0.099,0.82
25,"xotask","highSC","easy",0.969,1,1,-99,-0.099,0.82
25,"xotask","highSC","average",3.921,1,1,-99,-0.099,0.82
25,"xotask","highSC","hard",1.92,-1,1,-99,-0.099,0.82
25,"xotask","highSC","easy",0.834,-1,1,-99,-0.099,0.82
25,"xotask","highSC","hard",1.452,1,0,-99,-0.099,0.82
25,"xotask","highSC","average",0.851,-1,1,-99,-0.099,0.82
25,"xotask","highSC","easy",0.868,1,1,-99,-0.099,0.82
25,"xotask","highSC","average",0.919,-1,1,-99,-0.099,0.82
25,"xotask","highSC","hard",0.886,1,1,-99,-0.099,0.82
25,"xotask","highSC","hard",2.154,-1,1,-99,-0.099,0.82
25,"xotask","highSC","hard",1.218,1,1,-99,-0.099,0.82
25,"xotask","highSC","easy",0.836,-1,1,-99,-0.099,0.82
25,"xotask","highSC","easy",0.768,1,1,-99,-0.099,0.82
25,"xotask","highSC","average",0.868,-1,1,-99,-0.099,0.82
25,"xotask","highSC","easy",0.934,-1,1,-99,-0.099,0.82
25,"xotask","highSC","average",0.786,-1,1,-99,-0.099,0.82
25,"xotask","highSC","easy",0.802,1,1,-99,-0.099,0.82
25,"xotask","highSC","average",0.751,1,1,-99,-0.099,0.82
25,"xotask","highSC","average",0.718,1,1,-99,-0.099,0.82
25,"xotask","highSC","easy",0.803,-1,1,-99,-0.099,0.82
25,"xotask","highSC","average",0.819,1,1,-99,-0.099,0.82
25,"xotask","highSC","average",1.153,1,1,-99,-0.099,0.87
25,"xotask","highSC","hard",0.902,1,1,-99,-0.099,0.87
25,"xotask","highSC","easy",2.02,-1,1,-99,-0.099,0.87
25,"xotask","highSC","average",1.018,1,0,-99,-0.099,0.87
25,"xotask","highSC","hard",2.02,1,0,-99,-0.099,0.87
25,"xotask","highSC","hard",1.202,1,1,-99,-0.099,0.87
25,"xotask","highSC","easy",0.834,-1,1,-99,-0.099,0.87
25,"xotask","highSC","hard",0.852,1,1,-99,-0.099,0.87
25,"xotask","highSC","hard",0.919,1,1,-99,-0.099,0.87
25,"xotask","highSC","hard",1.752,1,0,-99,-0.099,0.87
25,"xotask","highSC","average",0.97,1,1,-99,-0.099,0.87
25,"xotask","highSC","easy",0.818,1,1,-99,-0.099,0.87
25,"xotask","highSC","easy",1.219,1,1,-99,-0.099,0.87
25,"xotask","highSC","average",0.852,-1,1,-99,-0.099,0.87
25,"xotask","highSC","hard",1.085,1,0,-99,-0.099,0.87
25,"xotask","highSC","easy",0.836,-1,1,-99,-0.099,0.87
25,"xotask","highSC","hard",0.886,1,0,-99,-0.099,0.87
25,"xotask","highSC","easy",2.353,1,0,-99,-0.099,0.87
25,"xotask","highSC","easy",1.069,1,1,-99,-0.099,0.87
25,"xotask","highSC","easy",1.353,1,0,-99,-0.099,0.87
25,"xotask","highSC","easy",0.869,1,1,-99,-0.099,0.87
25,"xotask","highSC","average",1.287,1,1,-99,-0.099,0.87
25,"xotask","highSC","easy",0.785,1,1,-99,-0.099,0.87
25,"xotask","highSC","average",0.818,1,1,-99,-0.099,0.87
25,"xotask","highSC","easy",0.768,-1,1,-99,-0.099,0.96
25,"xotask","highSC","hard",0.935,1,1,-99,-0.099,0.96
25,"xotask","highSC","hard",1.486,-1,0,-99,-0.099,0.96
25,"xotask","highSC","average",0.935,-1,1,-99,-0.099,0.96
25,"xotask","highSC","easy",0.935,-1,1,-99,-0.099,0.96
25,"xotask","highSC","average",1.002,1,1,-99,-0.099,0.96
25,"xotask","highSC","easy",0.851,1,1,-99,-0.099,0.96
25,"xotask","highSC","hard",1.002,1,1,-99,-0.099,0.96
25,"xotask","highSC","average",0.836,1,1,-99,-0.099,0.96
25,"xotask","highSC","hard",2.003,1,0,-99,-0.099,0.96
25,"xotask","highSC","easy",0.867,1,1,-99,-0.099,0.96
25,"xotask","highSC","average",1.002,-1,1,-99,-0.099,0.96
25,"xotask","highSC","hard",4.622,1,1,-99,-0.099,0.96
25,"xotask","highSC","average",1.635,-1,1,-99,-0.099,0.96
25,"xotask","highSC","hard",0.752,1,1,-99,-0.099,0.96
25,"xotask","highSC","average",0.751,1,1,-99,-0.099,0.96
25,"xotask","highSC","hard",0.901,-1,1,-99,-0.099,0.96
25,"xotask","highSC","average",0.785,-1,1,-99,-0.099,0.96
25,"xotask","highSC","hard",0.869,1,1,-99,-0.099,0.96
25,"xotask","highSC","average",0.851,1,1,-99,-0.099,0.96
25,"xotask","highSC","easy",0.802,-1,1,-99,-0.099,0.96
25,"xotask","highSC","average",0.985,-1,1,-99,-0.099,0.96
25,"xotask","highSC","hard",0.753,1,1,-99,-0.099,0.96
25,"xotask","highSC","easy",0.785,1,1,-99,-0.099,0.96
25,"xotask","highSC","easy",0.953,-1,1,-99,-0.099,0.97
25,"xotask","highSC","average",0.869,-1,1,-99,-0.099,0.97
25,"xotask","highSC","average",0.803,1,1,-99,-0.099,0.97
25,"xotask","highSC","average",1.002,-1,1,-99,-0.099,0.97
25,"xotask","highSC","easy",0.735,1,1,-99,-0.099,0.97
25,"xotask","highSC","easy",0.835,-1,1,-99,-0.099,0.97
25,"xotask","highSC","average",1.336,-1,0,-99,-0.099,0.97
25,"xotask","highSC","easy",0.835,1,1,-99,-0.099,0.97
25,"xotask","highSC","hard",0.785,1,1,-99,-0.099,0.97
25,"xotask","highSC","hard",1.185,1,1,-99,-0.099,0.97
25,"xotask","highSC","hard",0.819,1,1,-99,-0.099,0.97
25,"xotask","highSC","easy",0.786,1,1,-99,-0.099,0.97
25,"xotask","highSC","average",1.252,1,1,-99,-0.099,0.97
25,"xotask","highSC","hard",1.036,-1,0,-99,-0.099,0.97
25,"xotask","highSC","easy",0.802,-1,1,-99,-0.099,0.97
25,"xotask","highSC","hard",0.669,1,1,-99,-0.099,0.97
25,"xotask","highSC","average",0.936,1,0,-99,-0.099,0.97
25,"xotask","highSC","hard",0.952,-1,0,-99,-0.099,0.97
25,"xotask","highSC","average",0.702,1,1,-99,-0.099,0.97
25,"xotask","highSC","average",0.735,-1,1,-99,-0.099,0.97
25,"xotask","highSC","average",0.868,-1,1,-99,-0.099,0.97
25,"xotask","highSC","average",1.135,-1,1,-99,-0.099,0.97
25,"xotask","highSC","hard",1.185,-1,0,-99,-0.099,0.97
25,"xotask","highSC","easy",1.219,-1,1,-99,-0.099,0.97
26,"dotnumber","lowSC","easy",2.286,-1,1,-99,-0.099,0.68
26,"dotnumber","lowSC","easy",0.435,1,1,-99,-0.099,0.68
26,"dotnumber","lowSC","easy",0.518,1,0,-99,-0.099,0.68
26,"dotnumber","lowSC","easy",0.335,-1,1,-99,-0.099,0.68
26,"dotnumber","lowSC","hard",0.435,-1,1,-99,-0.099,0.68
26,"dotnumber","lowSC","average",0.535,-1,1,-99,-0.099,0.68
26,"dotnumber","lowSC","easy",0.384,1,1,-99,-0.099,0.68
26,"dotnumber","lowSC","easy",0.368,-1,1,-99,-0.099,0.68
26,"dotnumber","lowSC","average",0.318,-1,1,-99,-0.099,0.68
26,"dotnumber","lowSC","average",0.485,-1,1,-99,-0.099,0.68
26,"dotnumber","lowSC","easy",0.367,1,1,-99,-0.099,0.68
26,"dotnumber","lowSC","hard",0.268,-1,0,-99,-0.099,0.68
26,"dotnumber","lowSC","hard",0.284,1,0,-99,-0.099,0.68
26,"dotnumber","lowSC","hard",0.351,1,0,-99,-0.099,0.68
26,"dotnumber","lowSC","average",0.234,-1,0,-99,-0.099,0.68
26,"dotnumber","lowSC","easy",0.301,1,0,-99,-0.099,0.68
26,"dotnumber","lowSC","easy",0.268,-1,1,-99,-0.099,0.68
26,"dotnumber","lowSC","average",0.369,1,1,-99,-0.099,0.68
26,"dotnumber","lowSC","average",0.435,1,1,-99,-0.099,0.68
26,"dotnumber","lowSC","easy",0.217,-1,0,-99,-0.099,0.68
26,"dotnumber","lowSC","hard",0.317,-1,0,-99,-0.099,0.68
26,"dotnumber","lowSC","average",0.385,-1,1,-99,-0.099,0.68
26,"dotnumber","lowSC","hard",0.233,1,0,-99,-0.099,0.68
26,"dotnumber","lowSC","easy",0.234,-1,1,-99,-0.099,0.68
26,"dotnumber","lowSC","easy",0.302,-1,1,-99,-0.099,0.59
26,"dotnumber","lowSC","average",0.267,-1,1,-99,-0.099,0.59
26,"dotnumber","lowSC","average",0.218,-1,0,-99,-0.099,0.59
26,"dotnumber","lowSC","easy",0.235,1,1,-99,-0.099,0.59
26,"dotnumber","lowSC","easy",0.217,-1,0,-99,-0.099,0.59
26,"dotnumber","lowSC","hard",0.335,-1,1,-99,-0.099,0.59
26,"dotnumber","lowSC","average",0.302,1,1,-99,-0.099,0.59
26,"dotnumber","lowSC","easy",0.251,-1,1,-99,-0.099,0.59
26,"dotnumber","lowSC","average",0.351,-1,1,-99,-0.099,0.59
26,"dotnumber","lowSC","average",0.351,1,1,-99,-0.099,0.59
26,"dotnumber","lowSC","average",0.302,-1,0,-99,-0.099,0.59
26,"dotnumber","lowSC","easy",0.284,1,1,-99,-0.099,0.59
26,"dotnumber","lowSC","average",0.268,1,1,-99,-0.099,0.59
26,"dotnumber","lowSC","average",0.267,-1,1,-99,-0.099,0.59
26,"dotnumber","lowSC","average",0.318,1,1,-99,-0.099,0.59
26,"dotnumber","lowSC","hard",0.317,1,0,-99,-0.099,0.59
26,"dotnumber","lowSC","hard",0.267,-1,0,-99,-0.099,0.59
26,"dotnumber","lowSC","average",0.284,1,1,-99,-0.099,0.59
26,"dotnumber","lowSC","easy",0.401,1,0,-99,-0.099,0.59
26,"dotnumber","lowSC","easy",0.234,-1,1,-99,-0.099,0.59
26,"dotnumber","lowSC","hard",0.317,-1,1,-99,-0.099,0.59
26,"dotnumber","lowSC","average",0.318,1,1,-99,-0.099,0.59
26,"dotnumber","lowSC","hard",0.301,-1,0,-99,-0.099,0.59
26,"dotnumber","lowSC","hard",0.284,1,0,-99,-0.099,0.59
26,"dotnumber","lowSC","average",0.301,1,0,-99,-0.099,0.61
26,"dotnumber","lowSC","easy",0.284,-1,1,-99,-0.099,0.61
26,"dotnumber","lowSC","easy",0.335,1,1,-99,-0.099,0.61
26,"dotnumber","lowSC","easy",0.417,-1,1,-99,-0.099,0.61
26,"dotnumber","lowSC","hard",0.251,-1,0,-99,-0.099,0.61
26,"dotnumber","lowSC","easy",0.25,1,1,-99,-0.099,0.61
26,"dotnumber","lowSC","average",0.268,-1,1,-99,-0.099,0.61
26,"dotnumber","lowSC","easy",0.267,-1,1,-99,-0.099,0.61
26,"dotnumber","lowSC","easy",0.284,-1,0,-99,-0.099,0.61
26,"dotnumber","lowSC","easy",0.267,1,1,-99,-0.099,0.61
26,"dotnumber","lowSC","easy",0.334,1,1,-99,-0.099,0.61
26,"dotnumber","lowSC","easy",0.218,1,0,-99,-0.099,0.61
26,"dotnumber","lowSC","easy",0.301,-1,0,-99,-0.099,0.61
26,"dotnumber","lowSC","hard",0.367,1,0,-99,-0.099,0.61
26,"dotnumber","lowSC","easy",0.234,-1,1,-99,-0.099,0.61
26,"dotnumber","lowSC","average",1.586,1,0,-99,-0.099,0.61
26,"dotnumber","lowSC","average",0.317,1,0,-99,-0.099,0.61
26,"dotnumber","lowSC","easy",0.218,-1,1,-99,-0.099,0.61
26,"dotnumber","lowSC","hard",0.267,-1,1,-99,-0.099,0.61
26,"dotnumber","lowSC","hard",0.234,1,1,-99,-0.099,0.61
26,"dotnumber","lowSC","average",0.318,1,1,-99,-0.099,0.61
26,"dotnumber","lowSC","hard",0.25,1,0,-99,-0.099,0.63
26,"dotnumber","lowSC","hard",0.317,1,0,-99,-0.099,0.63
26,"dotnumber","lowSC","average",1.418,1,0,-99,-0.099,0.63
26,"dotnumber","lowSC","hard",0.334,-1,1,-99,-0.099,0.63
26,"dotnumber","lowSC","easy",0.233,-1,1,-99,-0.099,0.63
26,"dotnumber","lowSC","easy",0.234,1,1,-99,-0.099,0.63
26,"dotnumber","lowSC","average",0.301,1,1,-99,-0.099,0.63
26,"dotnumber","lowSC","average",0.302,-1,1,-99,-0.099,0.63
26,"dotnumber","lowSC","hard",0.285,-1,1,-99,-0.099,0.63
26,"dotnumber","lowSC","average",0.251,1,1,-99,-0.099,0.63
26,"dotnumber","lowSC","average",0.251,1,0,-99,-0.099,0.63
26,"dotnumber","lowSC","average",0.25,-1,1,-99,-0.099,0.63
26,"dotnumber","lowSC","average",1.585,1,1,-99,-0.099,0.63
26,"dotnumber","lowSC","easy",0.269,-1,1,-99,-0.099,0.63
26,"dotnumber","lowSC","hard",0.217,-1,0,-99,-0.099,0.63
26,"dotnumber","lowSC","average",0.251,1,0,-99,-0.099,0.63
26,"dotnumber","lowSC","hard",0.25,-1,0,-99,-0.099,0.63
26,"dotnumber","lowSC","easy",1.119,1,1,-99,-0.099,0.63
26,"dotnumber","lowSC","easy",0.217,1,0,-99,-0.099,0.63
26,"dotnumber","lowSC","easy",0.285,-1,0,-99,-0.099,0.63
26,"dotnumber","lowSC","easy",0.218,1,1,-99,-0.099,0.63
26,"dotnumber","lowSC","hard",0.251,-1,1,-99,-0.099,0.53
26,"dotnumber","lowSC","average",0.251,-1,1,-99,-0.099,0.53
26,"dotnumber","lowSC","easy",0.284,1,1,-99,-0.099,0.53
26,"dotnumber","lowSC","average",0.301,1,1,-99,-0.099,0.53
26,"dotnumber","lowSC","hard",0.268,1,1,-99,-0.099,0.53
26,"dotnumber","lowSC","average",0.285,1,1,-99,-0.099,0.53
26,"dotnumber","lowSC","average",0.335,1,1,-99,-0.099,0.53
26,"dotnumber","lowSC","easy",0.252,1,0,-99,-0.099,0.53
26,"dotnumber","lowSC","hard",0.285,-1,0,-99,-0.099,0.53
26,"dotnumber","lowSC","average",0.285,1,0,-99,-0.099,0.53
26,"dotnumber","lowSC","hard",0.3,1,0,-99,-0.099,0.53
26,"dotnumber","lowSC","easy",0.217,1,0,-99,-0.099,0.53
26,"dotnumber","lowSC","average",0.336,-1,0,-99,-0.099,0.53
26,"dotnumber","lowSC","average",0.251,-1,1,-99,-0.099,0.53
26,"dotnumber","lowSC","easy",0.217,-1,0,-99,-0.099,0.53
26,"dotnumber","lowSC","average",0.234,-1,0,-99,-0.099,0.53
26,"dotnumber","lowSC","hard",0.251,1,1,-99,-0.099,0.53
26,"dotnumber","lowSC","easy",0.251,-1,0,-99,-0.099,0.53
26,"dotnumber","lowSC","hard",0.284,1,1,-99,-0.099,0.53
26,"dotnumber","lowSC","easy",0.217,1,1,-99,-0.099,0.53
26,"dotnumber","lowSC","average",0.301,1,0,-99,-0.099,0.53
26,"dotnumber","lowSC","hard",0.335,1,0,-99,-0.099,0.53
26,"dotnumber","lowSC","hard",0.285,1,1,-99,-0.099,0.53
26,"dotnumber","lowSC","easy",0.268,1,1,-99,-0.099,0.53
26,"xotask","highSC","easy",1.152,-1,1,-99,-0.099,0.93
26,"xotask","highSC","hard",1.069,-1,1,-99,-0.099,0.93
26,"xotask","highSC","easy",0.685,-1,1,-99,-0.099,0.93
26,"xotask","highSC","average",0.785,1,1,-99,-0.099,0.93
26,"xotask","highSC","hard",0.652,-1,1,-99,-0.099,0.93
26,"xotask","highSC","easy",0.367,-1,1,-99,-0.099,0.93
26,"xotask","highSC","average",0.351,1,0,-99,-0.099,0.93
26,"xotask","highSC","average",0.352,-1,0,-99,-0.099,0.93
26,"xotask","highSC","average",0.868,-1,1,-99,-0.099,0.93
26,"xotask","highSC","easy",0.369,-1,1,-99,-0.099,0.93
26,"xotask","highSC","average",0.484,1,1,-99,-0.099,0.93
26,"xotask","highSC","average",0.851,1,1,-99,-0.099,0.93
26,"xotask","highSC","easy",0.485,1,1,-99,-0.099,0.93
26,"xotask","highSC","easy",0.435,-1,1,-99,-0.099,0.93
26,"xotask","highSC","easy",0.401,-1,1,-99,-0.099,0.93
26,"xotask","highSC","hard",0.385,-1,0,-99,-0.099,0.93
26,"xotask","highSC","easy",0.452,1,1,-99,-0.099,0.93
26,"xotask","highSC","hard",0.451,1,1,-99,-0.099,0.93
26,"xotask","highSC","easy",0.385,1,0,-99,-0.099,0.93
26,"xotask","highSC","easy",0.301,-1,0,-99,-0.099,0.93
26,"xotask","highSC","average",0.468,1,1,-99,-0.099,0.93
26,"xotask","highSC","hard",0.368,-1,1,-99,-0.099,0.93
26,"xotask","highSC","hard",0.517,-1,1,-99,-0.099,0.93
26,"xotask","highSC","average",0.352,1,1,-99,-0.099,0.93
26,"xotask","highSC","hard",0.285,1,0,-99,-0.099,0.83
26,"xotask","highSC","easy",0.352,-1,0,-99,-0.099,0.83
26,"xotask","highSC","average",0.301,1,0,-99,-0.099,0.83
26,"xotask","highSC","hard",0.501,1,0,-99,-0.099,0.83
26,"xotask","highSC","easy",0.284,-1,0,-99,-0.099,0.83
26,"xotask","highSC","hard",0.401,1,0,-99,-0.099,0.83
26,"xotask","highSC","easy",0.386,-1,1,-99,-0.099,0.83
26,"xotask","highSC","average",0.486,1,1,-99,-0.099,0.83
26,"xotask","highSC","average",0.368,1,1,-99,-0.099,0.83
26,"xotask","highSC","easy",0.418,-1,1,-99,-0.099,0.83
26,"xotask","highSC","easy",0.435,1,0,-99,-0.099,0.83
26,"xotask","highSC","average",0.384,-1,0,-99,-0.099,0.83
26,"xotask","highSC","hard",0.301,1,1,-99,-0.099,0.83
26,"xotask","highSC","average",0.352,-1,1,-99,-0.099,0.83
26,"xotask","highSC","average",0.418,1,0,-99,-0.099,0.83
26,"xotask","highSC","hard",0.685,1,0,-99,-0.099,0.83
26,"xotask","highSC","hard",0.752,-1,0,-99,-0.099,0.83
26,"xotask","highSC","hard",0.367,1,1,-99,-0.099,0.83
26,"xotask","highSC","average",0.401,1,1,-99,-0.099,0.83
26,"xotask","highSC","average",0.469,1,1,-99,-0.099,0.83
26,"xotask","highSC","average",0.318,1,1,-99,-0.099,0.83
26,"xotask","highSC","average",0.352,-1,0,-99,-0.099,0.83
26,"xotask","highSC","easy",0.518,-1,1,-99,-0.099,0.83
26,"xotask","highSC","average",0.434,1,1,-99,-0.099,0.83
26,"xotask","highSC","average",0.502,1,0,-99,-0.099,0.96
26,"xotask","highSC","easy",0.468,1,1,-99,-0.099,0.96
26,"xotask","highSC","average",0.385,-1,0,-99,-0.099,0.96
26,"xotask","highSC","hard",0.351,1,1,-99,-0.099,0.96
26,"xotask","highSC","easy",0.434,-1,0,-99,-0.099,0.96
26,"xotask","highSC","average",0.368,1,1,-99,-0.099,0.96
26,"xotask","highSC","average",0.318,1,1,-99,-0.099,0.96
26,"xotask","highSC","easy",0.551,1,0,-99,-0.099,0.96
26,"xotask","highSC","easy",0.385,1,0,-99,-0.099,0.96
26,"xotask","highSC","hard",0.284,-1,0,-99,-0.099,0.96
26,"xotask","highSC","easy",0.485,1,1,-99,-0.099,0.96
26,"xotask","highSC","average",0.401,1,0,-99,-0.099,0.96
26,"xotask","highSC","easy",0.435,1,1,-99,-0.099,0.96
26,"xotask","highSC","hard",0.367,-1,1,-99,-0.099,0.96
26,"xotask","highSC","hard",0.385,1,1,-99,-0.099,0.96
26,"xotask","highSC","average",0.385,-1,0,-99,-0.099,0.96
26,"xotask","highSC","easy",0.402,-1,0,-99,-0.099,0.96
26,"xotask","highSC","easy",0.685,1,0,-99,-0.099,0.96
26,"xotask","highSC","easy",0.635,-1,0,-99,-0.099,0.96
26,"xotask","highSC","average",0.418,-1,0,-99,-0.099,0.96
26,"xotask","highSC","hard",0.335,1,1,-99,-0.099,0.96
26,"xotask","highSC","average",0.368,1,0,-99,-0.099,0.96
26,"xotask","highSC","hard",0.518,1,0,-99,-0.099,0.96
26,"xotask","highSC","hard",0.285,1,1,-99,-0.099,0.96
26,"xotask","highSC","hard",0.302,-1,0,-99,-0.099,0.96
26,"xotask","highSC","easy",0.468,1,1,-99,-0.099,0.96
26,"xotask","highSC","easy",0.368,1,1,-99,-0.099,0.96
26,"xotask","highSC","average",0.268,1,0,-99,-0.099,0.96
26,"xotask","highSC","easy",0.284,-1,0,-99,-0.099,0.96
26,"xotask","highSC","average",0.385,-1,1,-99,-0.099,0.96
26,"xotask","highSC","average",0.385,-1,0,-99,-0.099,0.96
26,"xotask","highSC","hard",0.284,1,1,-99,-0.099,0.96
26,"xotask","highSC","average",0.568,-1,1,-99,-0.099,0.96
26,"xotask","highSC","easy",0.401,1,1,-99,-0.099,0.96
26,"xotask","highSC","average",0.401,-1,1,-99,-0.099,0.96
26,"xotask","highSC","average",0.385,-1,1,-99,-0.099,0.96
26,"xotask","highSC","hard",0.435,-1,1,-99,-0.099,0.96
26,"xotask","highSC","hard",0.368,1,0,-99,-0.099,0.96
26,"xotask","highSC","average",0.317,-1,0,-99,-0.099,0.96
26,"xotask","highSC","easy",0.351,1,0,-99,-0.099,0.96
26,"xotask","highSC","hard",0.501,1,1,-99,-0.099,0.96
26,"xotask","highSC","average",0.318,-1,1,-99,-0.099,0.96
26,"xotask","highSC","hard",0.301,-1,1,-99,-0.099,0.96
26,"xotask","highSC","easy",0.284,-1,0,-99,-0.099,0.96
26,"xotask","highSC","easy",0.268,1,1,-99,-0.099,0.96
26,"xotask","highSC","hard",0.403,-1,1,-99,-0.099,0.96
26,"xotask","highSC","average",0.302,-1,1,-99,-0.099,0.96
26,"xotask","highSC","hard",0.385,-1,0,-99,-0.099,0.96
26,"xotask","highSC","easy",0.367,1,0,-99,-0.099,0.9
26,"xotask","highSC","average",0.384,1,1,-99,-0.099,0.9
26,"xotask","highSC","average",0.485,-1,1,-99,-0.099,0.9
26,"xotask","highSC","easy",0.352,1,1,-99,-0.099,0.9
26,"xotask","highSC","average",0.552,1,1,-99,-0.099,0.9
26,"xotask","highSC","hard",0.385,1,0,-99,-0.099,0.9
26,"xotask","highSC","easy",0.234,-1,0,-99,-0.099,0.9
26,"xotask","highSC","average",0.334,1,0,-99,-0.099,0.9
26,"xotask","highSC","hard",0.335,1,1,-99,-0.099,0.9
26,"xotask","highSC","easy",0.351,1,1,-99,-0.099,0.9
26,"xotask","highSC","hard",0.368,-1,1,-99,-0.099,0.9
26,"xotask","highSC","easy",0.251,1,0,-99,-0.099,0.9
26,"xotask","highSC","hard",0.401,1,1,-99,-0.099,0.9
26,"xotask","highSC","easy",0.468,1,1,-99,-0.099,0.9
26,"xotask","highSC","hard",0.351,1,0,-99,-0.099,0.9
26,"xotask","highSC","hard",0.401,1,0,-99,-0.099,0.9
26,"xotask","highSC","easy",0.301,-1,0,-99,-0.099,0.9
26,"xotask","highSC","easy",0.334,1,0,-99,-0.099,0.9
26,"xotask","highSC","easy",0.267,1,1,-99,-0.099,0.9
26,"xotask","highSC","average",0.284,-1,0,-99,-0.099,0.9
26,"xotask","highSC","average",0.367,1,0,-99,-0.099,0.9
26,"xotask","highSC","easy",0.369,1,0,-99,-0.099,0.9
26,"xotask","highSC","easy",0.217,-1,1,-99,-0.099,0.9
26,"xotask","highSC","average",0.384,-1,1,-99,-0.099,0.9
26,"dotcolour","mediumSC","easy",0.451,1,1,-99,-0.099,0.76
26,"dotcolour","mediumSC","average",0.368,-1,1,-99,-0.099,0.76
26,"dotcolour","mediumSC","average",0.486,-1,1,-99,-0.099,0.76
26,"dotcolour","mediumSC","average",0.384,1,0,-99,-0.099,0.76
26,"dotcolour","mediumSC","average",0.384,1,1,-99,-0.099,0.76
26,"dotcolour","mediumSC","hard",0.318,-1,1,-99,-0.099,0.76
26,"dotcolour","mediumSC","easy",0.435,-1,1,-99,-0.099,0.76
26,"dotcolour","mediumSC","easy",0.368,1,1,-99,-0.099,0.76
26,"dotcolour","mediumSC","hard",0.501,1,1,-99,-0.099,0.76
26,"dotcolour","mediumSC","average",0.302,-1,1,-99,-0.099,0.76
26,"dotcolour","mediumSC","easy",0.351,-1,1,-99,-0.099,0.76
26,"dotcolour","mediumSC","easy",0.367,1,1,-99,-0.099,0.76
26,"dotcolour","mediumSC","average",0.285,1,0,-99,-0.099,0.76
26,"dotcolour","mediumSC","easy",0.351,-1,0,-99,-0.099,0.76
26,"dotcolour","mediumSC","hard",0.366,1,0,-99,-0.099,0.76
26,"dotcolour","mediumSC","hard",0.368,1,0,-99,-0.099,0.76
26,"dotcolour","mediumSC","average",0.352,1,1,-99,-0.099,0.76
26,"dotcolour","mediumSC","hard",0.369,1,1,-99,-0.099,0.76
26,"dotcolour","mediumSC","easy",0.268,-1,0,-99,-0.099,0.76
26,"dotcolour","mediumSC","hard",0.367,1,1,-99,-0.099,0.76
26,"dotcolour","mediumSC","average",0.301,-1,0,-99,-0.099,0.76
26,"dotcolour","mediumSC","easy",0.234,1,0,-99,-0.099,0.76
26,"dotcolour","mediumSC","hard",0.335,1,1,-99,-0.099,0.76
26,"dotcolour","mediumSC","easy",0.334,-1,1,-99,-0.099,0.76
26,"dotcolour","mediumSC","easy",0.367,1,1,-99,-0.099,0.81
26,"dotcolour","mediumSC","average",0.235,1,0,-99,-0.099,0.81
26,"dotcolour","mediumSC","average",0.284,-1,1,-99,-0.099,0.81
26,"dotcolour","mediumSC","easy",0.334,1,1,-99,-0.099,0.81
26,"dotcolour","mediumSC","average",0.402,-1,0,-99,-0.099,0.81
26,"dotcolour","mediumSC","hard",0.284,-1,1,-99,-0.099,0.81
26,"dotcolour","mediumSC","easy",0.318,1,0,-99,-0.099,0.81
26,"dotcolour","mediumSC","easy",0.267,1,1,-99,-0.099,0.81
26,"dotcolour","mediumSC","hard",0.434,1,1,-99,-0.099,0.81
26,"dotcolour","mediumSC","average",0.302,-1,1,-99,-0.099,0.81
26,"dotcolour","mediumSC","hard",0.285,-1,1,-99,-0.099,0.81
26,"dotcolour","mediumSC","hard",0.301,-1,0,-99,-0.099,0.81
26,"dotcolour","mediumSC","hard",0.402,1,1,-99,-0.099,0.81
26,"dotcolour","mediumSC","average",0.334,1,1,-99,-0.099,0.81
26,"dotcolour","mediumSC","hard",0.335,1,1,-99,-0.099,0.81
26,"dotcolour","mediumSC","easy",0.234,-1,0,-99,-0.099,0.81
26,"dotcolour","mediumSC","hard",0.269,-1,0,-99,-0.099,0.81
26,"dotcolour","mediumSC","easy",0.268,-1,0,-99,-0.099,0.81
26,"dotcolour","mediumSC","hard",0.335,-1,0,-99,-0.099,0.81
26,"dotcolour","mediumSC","easy",0.486,-1,1,-99,-0.099,0.81
26,"dotcolour","mediumSC","easy",0.486,1,1,-99,-0.099,0.81
26,"dotcolour","mediumSC","average",0.351,1,1,-99,-0.099,0.81
26,"dotcolour","mediumSC","hard",0.368,-1,1,-99,-0.099,0.79
26,"dotcolour","mediumSC","easy",0.434,1,1,-99,-0.099,0.79
26,"dotcolour","mediumSC","easy",0.385,-1,1,-99,-0.099,0.79
26,"dotcolour","mediumSC","average",0.351,-1,1,-99,-0.099,0.79
26,"dotcolour","mediumSC","average",0.368,1,1,-99,-0.099,0.79
26,"dotcolour","mediumSC","average",0.351,-1,0,-99,-0.099,0.79
26,"dotcolour","mediumSC","hard",0.352,1,1,-99,-0.099,0.79
26,"dotcolour","mediumSC","easy",0.386,1,1,-99,-0.099,0.79
26,"dotcolour","mediumSC","hard",0.368,-1,0,-99,-0.099,0.79
26,"dotcolour","mediumSC","easy",0.401,1,0,-99,-0.099,0.79
26,"dotcolour","mediumSC","hard",0.336,-1,1,-99,-0.099,0.79
26,"dotcolour","mediumSC","hard",0.217,-1,0,-99,-0.099,0.79
26,"dotcolour","mediumSC","average",0.552,1,1,-99,-0.099,0.79
26,"dotcolour","mediumSC","easy",0.368,1,1,-99,-0.099,0.79
26,"dotcolour","mediumSC","average",0.334,1,1,-99,-0.099,0.79
26,"dotcolour","mediumSC","average",0.418,-1,1,-99,-0.099,0.79
26,"dotcolour","mediumSC","hard",0.418,1,0,-99,-0.099,0.79
26,"dotcolour","mediumSC","average",0.369,-1,1,-99,-0.099,0.79
26,"dotcolour","mediumSC","average",0.401,-1,1,-99,-0.099,0.79
26,"dotcolour","mediumSC","easy",0.335,-1,1,-99,-0.099,0.79
26,"dotcolour","mediumSC","average",0.284,-1,0,-99,-0.099,0.79
26,"dotcolour","mediumSC","average",0.618,1,0,-99,-0.099,0.79
26,"dotcolour","mediumSC","hard",0.502,1,1,-99,-0.099,0.79
26,"dotcolour","mediumSC","average",0.368,1,1,-99,-0.099,0.79
26,"dotcolour","mediumSC","average",0.468,1,1,-99,-0.099,0.77
26,"dotcolour","mediumSC","average",0.334,1,1,-99,-0.099,0.77
26,"dotcolour","mediumSC","hard",0.501,1,0,-99,-0.099,0.77
26,"dotcolour","mediumSC","average",0.284,-1,0,-99,-0.099,0.77
26,"dotcolour","mediumSC","hard",0.367,1,1,-99,-0.099,0.77
26,"dotcolour","mediumSC","hard",0.301,1,1,-99,-0.099,0.77
26,"dotcolour","mediumSC","average",0.302,1,1,-99,-0.099,0.77
26,"dotcolour","mediumSC","easy",0.25,1,0,-99,-0.099,0.77
26,"dotcolour","mediumSC","hard",0.284,-1,0,-99,-0.099,0.77
26,"dotcolour","mediumSC","hard",0.233,-1,1,-99,-0.099,0.77
26,"dotcolour","mediumSC","average",0.25,-1,1,-99,-0.099,0.77
26,"dotcolour","mediumSC","easy",0.284,1,1,-99,-0.099,0.77
26,"dotcolour","mediumSC","average",0.335,1,1,-99,-0.099,0.77
26,"dotcolour","mediumSC","easy",0.402,-1,1,-99,-0.099,0.77
26,"dotcolour","mediumSC","average",0.402,1,1,-99,-0.099,0.77
26,"dotcolour","mediumSC","easy",0.267,1,0,-99,-0.099,0.77
26,"dotcolour","mediumSC","hard",0.317,1,1,-99,-0.099,0.77
26,"dotcolour","mediumSC","hard",0.385,-1,1,-99,-0.099,0.77
26,"dotcolour","mediumSC","average",0.267,1,1,-99,-0.099,0.77
26,"dotcolour","mediumSC","hard",0.251,-1,1,-99,-0.099,0.77
26,"dotcolour","mediumSC","hard",0.268,1,1,-99,-0.099,0.77
26,"dotcolour","mediumSC","average",0.317,1,1,-99,-0.099,0.72
26,"dotcolour","mediumSC","hard",0.452,-1,1,-99,-0.099,0.72
26,"dotcolour","mediumSC","average",0.218,1,1,-99,-0.099,0.72
26,"dotcolour","mediumSC","hard",0.284,1,0,-99,-0.099,0.72
26,"dotcolour","mediumSC","easy",0.285,1,0,-99,-0.099,0.72
26,"dotcolour","mediumSC","average",0.267,-1,1,-99,-0.099,0.72
26,"dotcolour","mediumSC","hard",0.235,-1,1,-99,-0.099,0.72
26,"dotcolour","mediumSC","average",0.435,1,1,-99,-0.099,0.72
26,"dotcolour","mediumSC","average",0.334,1,1,-99,-0.099,0.72
26,"dotcolour","mediumSC","average",0.684,1,0,-99,-0.099,0.72
26,"dotcolour","mediumSC","easy",0.468,1,1,-99,-0.099,0.72
26,"dotcolour","mediumSC","hard",0.301,-1,0,-99,-0.099,0.72
26,"dotcolour","mediumSC","easy",0.735,1,1,-99,-0.099,0.72
27,"xotask","mediumSC","average",2.904,-1,1,-99,-0.099,0.7
27,"xotask","mediumSC","hard",3.221,1,1,-99,-0.099,0.7
27,"xotask","mediumSC","average",0.986,-1,1,-99,-0.099,0.7
27,"xotask","mediumSC","easy",0.785,1,1,-99,-0.099,0.7
27,"xotask","mediumSC","easy",1.102,-1,1,-99,-0.099,0.7
27,"xotask","mediumSC","average",0.851,1,1,-99,-0.099,0.7
27,"xotask","mediumSC","hard",1.151,1,1,-99,-0.099,0.7
27,"xotask","mediumSC","average",0.785,1,1,-99,-0.099,0.7
27,"xotask","mediumSC","hard",0.752,-1,0,-99,-0.099,0.7
27,"xotask","mediumSC","easy",0.651,1,1,-99,-0.099,0.7
27,"xotask","mediumSC","hard",0.701,1,0,-99,-0.099,0.7
27,"xotask","mediumSC","average",0.752,-1,0,-99,-0.099,0.7
27,"xotask","mediumSC","hard",0.919,1,1,-99,-0.099,0.7
27,"xotask","mediumSC","easy",0.619,1,1,-99,-0.099,0.7
27,"xotask","mediumSC","average",0.668,-1,0,-99,-0.099,0.7
27,"xotask","mediumSC","average",0.701,1,0,-99,-0.099,0.7
27,"xotask","mediumSC","average",0.819,1,1,-99,-0.099,0.7
27,"xotask","mediumSC","easy",0.584,-1,1,-99,-0.099,0.7
27,"xotask","mediumSC","hard",0.685,-1,0,-99,-0.099,0.7
27,"xotask","mediumSC","easy",0.502,-1,1,-99,-0.099,0.7
27,"xotask","mediumSC","hard",0.568,1,0,-99,-0.099,0.7
27,"xotask","mediumSC","easy",0.551,-1,1,-99,-0.099,0.7
27,"xotask","mediumSC","hard",0.835,1,1,-99,-0.099,0.7
27,"xotask","mediumSC","hard",0.502,-1,0,-99,-0.099,0.7
27,"xotask","mediumSC","hard",0.734,1,1,-99,-0.099,0.79
27,"xotask","mediumSC","hard",0.618,-1,0,-99,-0.099,0.79
27,"xotask","mediumSC","average",0.601,1,1,-99,-0.099,0.79
27,"xotask","mediumSC","hard",0.651,1,1,-99,-0.099,0.79
27,"xotask","mediumSC","average",0.618,-1,1,-99,-0.099,0.79
27,"xotask","mediumSC","hard",0.935,-1,0,-99,-0.099,0.79
27,"xotask","mediumSC","hard",0.901,-1,1,-99,-0.099,0.79
27,"xotask","mediumSC","easy",0.501,-1,1,-99,-0.099,0.79
27,"xotask","mediumSC","average",0.585,1,1,-99,-0.099,0.79
27,"xotask","mediumSC","easy",0.584,-1,1,-99,-0.099,0.79
27,"xotask","mediumSC","hard",0.786,-1,1,-99,-0.099,0.79
27,"xotask","mediumSC","hard",0.668,1,0,-99,-0.099,0.79
27,"xotask","mediumSC","average",0.951,-1,0,-99,-0.099,0.79
27,"xotask","mediumSC","easy",0.584,-1,1,-99,-0.099,0.79
27,"xotask","mediumSC","hard",0.585,-1,1,-99,-0.099,0.79
27,"xotask","mediumSC","hard",0.651,-1,1,-99,-0.099,0.79
27,"xotask","mediumSC","average",0.618,-1,1,-99,-0.099,0.79
27,"xotask","mediumSC","hard",0.701,-1,1,-99,-0.099,0.79
27,"xotask","mediumSC","easy",0.519,-1,1,-99,-0.099,0.79
27,"xotask","mediumSC","hard",0.651,1,1,-99,-0.099,0.79
27,"xotask","mediumSC","hard",0.951,-1,1,-99,-0.099,0.79
27,"xotask","mediumSC","easy",0.651,-1,0,-99,-0.099,0.79
27,"xotask","mediumSC","hard",0.569,1,1,-99,-0.099,0.79
27,"xotask","mediumSC","average",0.769,1,1,-99,-0.099,0.79
27,"xotask","mediumSC","hard",0.735,-1,1,-99,-0.099,0.7
27,"xotask","mediumSC","average",0.786,1,1,-99,-0.099,0.7
27,"xotask","mediumSC","easy",0.534,1,1,-99,-0.099,0.7
27,"xotask","mediumSC","average",0.668,-1,1,-99,-0.099,0.7
27,"xotask","mediumSC","easy",0.618,1,0,-99,-0.099,0.7
27,"xotask","mediumSC","easy",0.585,-1,0,-99,-0.099,0.7
27,"xotask","mediumSC","average",0.801,1,1,-99,-0.099,0.7
27,"xotask","mediumSC","average",0.802,1,0,-99,-0.099,0.7
27,"xotask","mediumSC","hard",0.952,1,1,-99,-0.099,0.7
27,"xotask","mediumSC","average",0.535,1,1,-99,-0.099,0.7
27,"xotask","mediumSC","easy",0.635,-1,1,-99,-0.099,0.7
27,"xotask","mediumSC","easy",0.585,-1,1,-99,-0.099,0.7
27,"xotask","mediumSC","hard",0.92,1,0,-99,-0.099,0.7
27,"xotask","mediumSC","easy",0.569,-1,1,-99,-0.099,0.7
27,"xotask","mediumSC","easy",0.601,-1,1,-99,-0.099,0.7
27,"xotask","mediumSC","average",1.019,-1,1,-99,-0.099,0.7
27,"xotask","mediumSC","average",0.618,1,1,-99,-0.099,0.7
27,"xotask","mediumSC","easy",0.735,-1,1,-99,-0.099,0.7
27,"xotask","mediumSC","hard",0.734,1,1,-99,-0.099,0.7
27,"xotask","mediumSC","hard",0.535,1,1,-99,-0.099,0.7
27,"xotask","mediumSC","average",0.537,1,1,-99,-0.099,0.7
27,"xotask","mediumSC","easy",0.552,1,1,-99,-0.099,0.7
27,"xotask","mediumSC","hard",1.068,-1,0,-99,-0.099,0.7
27,"xotask","mediumSC","hard",1.019,1,0,-99,-0.099,0.7
27,"xotask","mediumSC","hard",0.935,-1,1,-99,-0.099,0.72
27,"xotask","mediumSC","hard",0.602,1,1,-99,-0.099,0.72
27,"xotask","mediumSC","average",0.701,-1,1,-99,-0.099,0.72
27,"xotask","mediumSC","average",0.801,-1,1,-99,-0.099,0.72
27,"xotask","mediumSC","hard",0.734,1,1,-99,-0.099,0.72
27,"xotask","mediumSC","easy",0.651,1,1,-99,-0.099,0.72
27,"xotask","mediumSC","hard",0.801,-1,1,-99,-0.099,0.72
27,"xotask","mediumSC","easy",0.652,1,1,-99,-0.099,0.72
27,"xotask","mediumSC","easy",0.551,-1,1,-99,-0.099,0.72
27,"xotask","mediumSC","easy",0.667,-1,1,-99,-0.099,0.72
27,"xotask","mediumSC","easy",0.618,-1,1,-99,-0.099,0.72
27,"xotask","mediumSC","easy",0.552,-1,1,-99,-0.099,0.72
27,"xotask","mediumSC","hard",0.969,-1,1,-99,-0.099,0.72
27,"xotask","mediumSC","easy",0.551,-1,1,-99,-0.099,0.72
27,"xotask","mediumSC","hard",0.586,1,1,-99,-0.099,0.72
27,"xotask","mediumSC","average",0.535,-1,1,-99,-0.099,0.72
27,"xotask","mediumSC","easy",0.535,1,1,-99,-0.099,0.72
27,"xotask","mediumSC","hard",0.819,1,1,-99,-0.099,0.72
27,"xotask","mediumSC","average",0.568,1,1,-99,-0.099,0.72
27,"xotask","mediumSC","easy",0.635,-1,1,-99,-0.099,0.72
27,"xotask","mediumSC","average",0.618,-1,1,-99,-0.099,0.72
27,"xotask","mediumSC","hard",0.752,-1,0,-99,-0.099,0.72
27,"xotask","mediumSC","average",0.652,-1,1,-99,-0.099,0.72
27,"xotask","mediumSC","easy",0.502,-1,1,-99,-0.099,0.72
27,"xotask","mediumSC","easy",0.601,-1,1,-99,-0.099,0.7
27,"xotask","mediumSC","average",0.468,1,1,-99,-0.099,0.7
27,"xotask","mediumSC","average",0.585,1,1,-99,-0.099,0.7
27,"xotask","mediumSC","easy",0.585,-1,0,-99,-0.099,0.7
27,"xotask","mediumSC","hard",0.986,1,1,-99,-0.099,0.7
27,"xotask","mediumSC","easy",0.518,1,1,-99,-0.099,0.7
27,"xotask","mediumSC","easy",0.902,1,1,-99,-0.099,0.7
27,"xotask","mediumSC","average",0.835,-1,1,-99,-0.099,0.7
27,"xotask","mediumSC","average",0.751,1,1,-99,-0.099,0.7
27,"xotask","mediumSC","easy",0.686,-1,1,-99,-0.099,0.7
27,"xotask","mediumSC","hard",0.618,-1,0,-99,-0.099,0.7
27,"xotask","mediumSC","hard",0.934,-1,1,-99,-0.099,0.7
27,"xotask","mediumSC","hard",1.02,1,1,-99,-0.099,0.7
27,"xotask","mediumSC","average",0.602,-1,1,-99,-0.099,0.7
27,"xotask","mediumSC","hard",0.685,-1,1,-99,-0.099,0.7
27,"xotask","mediumSC","hard",0.568,1,1,-99,-0.099,0.7
27,"xotask","mediumSC","easy",0.517,-1,1,-99,-0.099,0.7
27,"xotask","mediumSC","average",0.651,-1,1,-99,-0.099,0.7
27,"xotask","mediumSC","hard",0.618,-1,1,-99,-0.099,0.7
27,"xotask","mediumSC","hard",0.735,1,1,-99,-0.099,0.7
27,"xotask","mediumSC","easy",0.635,1,1,-99,-0.099,0.7
27,"xotask","mediumSC","easy",1.051,1,1,-99,-0.099,0.7
27,"xotask","mediumSC","average",0.585,1,1,-99,-0.099,0.7
27,"xotask","mediumSC","hard",0.518,1,1,-99,-0.099,0.7
27,"dotcolour","lowSC","average",0.518,-1,0,-99,-0.099,0.68
27,"dotcolour","lowSC","hard",0.568,-1,1,-99,-0.099,0.68
27,"dotcolour","lowSC","average",0.451,-1,0,-99,-0.099,0.68
27,"dotcolour","lowSC","easy",0.418,1,1,-99,-0.099,0.68
27,"dotcolour","lowSC","easy",0.4,-1,1,-99,-0.099,0.68
27,"dotcolour","lowSC","average",0.401,-1,1,-99,-0.099,0.68
27,"dotcolour","lowSC","average",0.468,-1,1,-99,-0.099,0.68
27,"dotcolour","lowSC","easy",0.385,1,1,-99,-0.099,0.68
27,"dotcolour","lowSC","hard",0.435,-1,0,-99,-0.099,0.68
27,"dotcolour","lowSC","average",0.467,-1,1,-99,-0.099,0.68
27,"dotcolour","lowSC","average",0.468,1,1,-99,-0.099,0.68
27,"dotcolour","lowSC","easy",0.501,-1,1,-99,-0.099,0.68
27,"dotcolour","lowSC","hard",0.568,-1,0,-99,-0.099,0.68
27,"dotcolour","lowSC","average",0.451,-1,1,-99,-0.099,0.68
27,"dotcolour","lowSC","easy",0.384,1,1,-99,-0.099,0.68
27,"dotcolour","lowSC","hard",0.418,-1,0,-99,-0.099,0.68
27,"dotcolour","lowSC","easy",0.434,-1,1,-99,-0.099,0.68
27,"dotcolour","lowSC","easy",0.485,-1,1,-99,-0.099,0.68
27,"dotcolour","lowSC","average",0.385,-1,1,-99,-0.099,0.68
27,"dotcolour","lowSC","easy",0.452,-1,1,-99,-0.099,0.68
27,"dotcolour","lowSC","easy",0.434,-1,1,-99,-0.099,0.68
27,"dotcolour","lowSC","easy",0.467,-1,1,-99,-0.099,0.68
27,"dotcolour","lowSC","hard",0.435,-1,1,-99,-0.099,0.68
27,"dotcolour","lowSC","easy",0.385,-1,1,-99,-0.099,0.68
27,"dotcolour","lowSC","hard",0.551,-1,0,-99,-0.099,0.53
27,"dotcolour","lowSC","easy",0.402,-1,1,-99,-0.099,0.53
27,"dotcolour","lowSC","easy",0.519,1,1,-99,-0.099,0.53
27,"dotcolour","lowSC","easy",0.484,-1,1,-99,-0.099,0.53
27,"dotcolour","lowSC","easy",0.434,1,1,-99,-0.099,0.53
27,"dotcolour","lowSC","hard",0.435,-1,0,-99,-0.099,0.53
27,"dotcolour","lowSC","average",0.468,-1,1,-99,-0.099,0.53
27,"dotcolour","lowSC","hard",0.635,1,0,-99,-0.099,0.53
27,"dotcolour","lowSC","average",0.434,-1,1,-99,-0.099,0.53
27,"dotcolour","lowSC","average",0.451,1,1,-99,-0.099,0.53
27,"dotcolour","lowSC","hard",0.468,-1,1,-99,-0.099,0.53
27,"dotcolour","lowSC","hard",0.569,-1,1,-99,-0.099,0.53
27,"dotcolour","lowSC","average",0.685,1,1,-99,-0.099,0.53
27,"dotcolour","lowSC","hard",0.483,-1,0,-99,-0.099,0.53
27,"dotcolour","lowSC","easy",0.418,-1,1,-99,-0.099,0.53
27,"dotcolour","lowSC","easy",0.468,1,1,-99,-0.099,0.53
27,"dotcolour","lowSC","hard",0.386,-1,0,-99,-0.099,0.53
27,"dotcolour","lowSC","average",0.452,1,1,-99,-0.099,0.53
27,"dotcolour","lowSC","easy",0.418,1,1,-99,-0.099,0.53
27,"dotcolour","lowSC","average",0.434,-1,1,-99,-0.099,0.53
27,"dotcolour","lowSC","easy",0.468,-1,1,-99,-0.099,0.53
27,"dotcolour","lowSC","hard",0.552,1,1,-99,-0.099,0.53
27,"dotcolour","lowSC","easy",0.502,1,1,-99,-0.099,0.53
27,"dotcolour","lowSC","hard",0.518,1,1,-99,-0.099,0.53
27,"dotcolour","lowSC","hard",0.352,-1,0,-99,-0.099,0.56
27,"dotcolour","lowSC","average",0.501,-1,0,-99,-0.099,0.56
27,"dotcolour","lowSC","easy",0.385,1,1,-99,-0.099,0.56
27,"dotcolour","lowSC","easy",0.417,-1,1,-99,-0.099,0.56
27,"dotcolour","lowSC","average",0.419,1,1,-99,-0.099,0.56
27,"dotcolour","lowSC","average",0.467,-1,1,-99,-0.099,0.56
27,"dotcolour","lowSC","easy",0.368,1,1,-99,-0.099,0.56
27,"dotcolour","lowSC","hard",0.418,-1,0,-99,-0.099,0.56
27,"dotcolour","lowSC","hard",0.484,-1,1,-99,-0.099,0.56
27,"dotcolour","lowSC","easy",0.518,-1,1,-99,-0.099,0.56
27,"dotcolour","lowSC","easy",0.384,1,1,-99,-0.099,0.56
27,"dotcolour","lowSC","average",0.468,-1,1,-99,-0.099,0.56
27,"dotcolour","lowSC","hard",0.835,-1,0,-99,-0.099,0.56
27,"dotcolour","lowSC","easy",0.618,-1,1,-99,-0.099,0.56
27,"dotcolour","lowSC","average",0.452,-1,1,-99,-0.099,0.56
27,"dotcolour","lowSC","hard",0.536,-1,0,-99,-0.099,0.56
27,"dotcolour","lowSC","hard",0.501,-1,0,-99,-0.099,0.56
27,"dotcolour","lowSC","easy",0.434,1,1,-99,-0.099,0.56
27,"dotcolour","lowSC","average",0.418,-1,1,-99,-0.099,0.56
27,"dotcolour","lowSC","average",0.435,-1,1,-99,-0.099,0.56
27,"dotcolour","lowSC","easy",0.519,1,1,-99,-0.099,0.56
27,"dotcolour","lowSC","hard",0.469,-1,1,-99,-0.099,0.56
27,"dotcolour","lowSC","hard",0.501,1,1,-99,-0.099,0.56
27,"dotcolour","lowSC","easy",0.551,1,1,-99,-0.099,0.56
27,"dotcolour","lowSC","hard",0.535,1,1,-99,-0.099,0.6
27,"dotcolour","lowSC","average",0.385,-1,0,-99,-0.099,0.6
27,"dotcolour","lowSC","easy",0.619,1,1,-99,-0.099,0.6
27,"dotcolour","lowSC","easy",0.435,-1,1,-99,-0.099,0.6
27,"dotcolour","lowSC","easy",0.534,1,1,-99,-0.099,0.6
27,"dotcolour","lowSC","average",0.485,-1,1,-99,-0.099,0.6
27,"dotcolour","lowSC","hard",0.652,1,0,-99,-0.099,0.6
27,"dotcolour","lowSC","easy",0.468,-1,1,-99,-0.099,0.6
27,"dotcolour","lowSC","easy",0.452,-1,1,-99,-0.099,0.6
27,"dotcolour","lowSC","hard",0.301,-1,0,-99,-0.099,0.6
27,"dotcolour","lowSC","average",0.484,1,1,-99,-0.099,0.6
27,"dotcolour","lowSC","average",0.335,-1,1,-99,-0.099,0.6
27,"dotcolour","lowSC","easy",0.535,1,1,-99,-0.099,0.6
27,"dotcolour","lowSC","hard",0.434,-1,1,-99,-0.099,0.6
27,"dotcolour","lowSC","hard",0.735,-1,1,-99,-0.099,0.6
27,"dotcolour","lowSC","average",0.501,-1,1,-99,-0.099,0.6
27,"dotcolour","lowSC","easy",0.468,-1,1,-99,-0.099,0.6
27,"dotcolour","lowSC","hard",0.535,1,1,-99,-0.099,0.6
27,"dotcolour","lowSC","hard",0.451,-1,0,-99,-0.099,0.6
27,"dotcolour","lowSC","average",0.618,1,1,-99,-0.099,0.6
27,"dotcolour","lowSC","easy",0.435,1,1,-99,-0.099,0.6
27,"dotcolour","lowSC","average",0.384,1,1,-99,-0.099,0.6
27,"dotcolour","lowSC","easy",0.484,-1,1,-99,-0.099,0.6
27,"dotcolour","lowSC","hard",0.419,-1,0,-99,-0.099,0.6
27,"dotcolour","lowSC","easy",0.402,1,1,-99,-0.099,0.62
27,"dotcolour","lowSC","hard",0.351,-1,0,-99,-0.099,0.62
27,"dotcolour","lowSC","hard",0.501,1,1,-99,-0.099,0.62
27,"dotcolour","lowSC","easy",0.535,1,1,-99,-0.099,0.62
27,"dotcolour","lowSC","average",0.468,-1,1,-99,-0.099,0.62
27,"dotcolour","lowSC","easy",0.451,-1,0,-99,-0.099,0.62
27,"dotcolour","lowSC","easy",0.468,-1,1,-99,-0.099,0.62
27,"dotcolour","lowSC","hard",0.418,1,1,-99,-0.099,0.62
27,"dotcolour","lowSC","easy",0.468,-1,0,-99,-0.099,0.62
27,"dotcolour","lowSC","easy",0.452,-1,1,-99,-0.099,0.62
27,"dotcolour","lowSC","easy",0.585,-1,1,-99,-0.099,0.62
27,"dotcolour","lowSC","easy",0.418,-1,1,-99,-0.099,0.62
27,"dotcolour","lowSC","average",0.635,1,1,-99,-0.099,0.62
27,"dotcolour","lowSC","average",0.418,-1,1,-99,-0.099,0.62
27,"dotcolour","lowSC","average",0.467,1,1,-99,-0.099,0.62
27,"dotcolour","lowSC","hard",0.452,-1,1,-99,-0.099,0.62
27,"dotcolour","lowSC","easy",0.434,1,0,-99,-0.099,0.62
27,"dotcolour","lowSC","hard",0.434,-1,0,-99,-0.099,0.62
27,"dotcolour","lowSC","hard",0.552,1,0,-99,-0.099,0.62
27,"dotcolour","lowSC","hard",0.569,-1,0,-99,-0.099,0.62
27,"dotcolour","lowSC","easy",0.485,-1,1,-99,-0.099,0.62
27,"dotcolour","lowSC","easy",0.384,-1,1,-99,-0.099,0.62
27,"dotcolour","lowSC","hard",0.418,-1,0,-99,-0.099,0.62
27,"dotcolour","lowSC","easy",0.585,1,1,-99,-0.099,0.62
27,"dotnumber","highSC","hard",0.568,1,1,-99,-0.099,0.96
27,"dotnumber","highSC","easy",0.418,1,1,-99,-0.099,0.96
27,"dotnumber","highSC","hard",0.485,-1,1,-99,-0.099,0.96
27,"dotnumber","highSC","hard",0.467,1,0,-99,-0.099,0.96
27,"dotnumber","highSC","hard",0.435,1,0,-99,-0.099,0.96
27,"dotnumber","highSC","average",0.435,1,1,-99,-0.099,0.96
27,"dotnumber","highSC","easy",0.435,1,0,-99,-0.099,0.96
27,"dotnumber","highSC","easy",0.552,1,1,-99,-0.099,0.96
27,"dotnumber","highSC","hard",0.502,1,0,-99,-0.099,0.96
27,"dotnumber","highSC","average",0.451,1,1,-99,-0.099,0.96
27,"dotnumber","highSC","average",0.402,-1,0,-99,-0.099,0.96
27,"dotnumber","highSC","easy",0.352,1,0,-99,-0.099,0.96
27,"dotnumber","highSC","average",0.385,1,1,-99,-0.099,0.96
27,"dotnumber","highSC","average",0.419,1,0,-99,-0.099,0.96
27,"dotnumber","highSC","easy",0.301,-1,0,-99,-0.099,0.96
27,"dotnumber","highSC","hard",0.301,1,0,-99,-0.099,0.96
27,"dotnumber","highSC","hard",0.435,1,0,-99,-0.099,0.96
27,"dotnumber","highSC","easy",0.384,1,0,-99,-0.099,0.96
27,"dotnumber","highSC","hard",0.469,1,0,-99,-0.099,0.96
27,"dotnumber","highSC","hard",0.384,-1,1,-99,-0.099,0.96
27,"dotnumber","highSC","average",0.368,1,0,-99,-0.099,0.96
27,"dotnumber","highSC","easy",0.385,1,1,-99,-0.099,0.96
27,"dotnumber","highSC","hard",0.451,1,1,-99,-0.099,0.96
27,"dotnumber","highSC","easy",0.317,1,1,-99,-0.099,0.96
27,"dotnumber","highSC","easy",0.452,1,1,-99,-0.099,0.84
27,"dotnumber","highSC","easy",0.468,-1,1,-99,-0.099,0.84
27,"dotnumber","highSC","easy",0.384,1,1,-99,-0.099,0.84
27,"dotnumber","highSC","hard",0.285,-1,1,-99,-0.099,0.84
27,"dotnumber","highSC","easy",0.318,1,1,-99,-0.099,0.84
27,"dotnumber","highSC","hard",0.468,-1,0,-99,-0.099,0.84
27,"dotnumber","highSC","hard",0.401,-1,0,-99,-0.099,0.84
27,"dotnumber","highSC","easy",0.302,1,1,-99,-0.099,0.84
27,"dotnumber","highSC","hard",0.385,1,1,-99,-0.099,0.84
27,"dotnumber","highSC","average",0.318,-1,1,-99,-0.099,0.84
27,"dotnumber","highSC","average",0.484,1,0,-99,-0.099,0.84
27,"dotnumber","highSC","hard",0.369,-1,0,-99,-0.099,0.84
27,"dotnumber","highSC","average",0.318,1,1,-99,-0.099,0.84
27,"dotnumber","highSC","hard",0.367,1,0,-99,-0.099,0.84
27,"dotnumber","highSC","average",0.301,-1,1,-99,-0.099,0.84
27,"dotnumber","highSC","average",0.401,1,0,-99,-0.099,0.84
27,"dotnumber","highSC","easy",0.368,-1,1,-99,-0.099,0.84
27,"dotnumber","highSC","average",0.384,1,1,-99,-0.099,0.84
27,"dotnumber","highSC","hard",0.352,-1,0,-99,-0.099,0.84
27,"dotnumber","highSC","average",0.302,1,0,-99,-0.099,0.84
27,"dotnumber","highSC","hard",0.385,-1,0,-99,-0.099,0.84
27,"dotnumber","highSC","easy",0.318,1,0,-99,-0.099,0.84
27,"dotnumber","highSC","hard",0.233,-1,0,-99,-0.099,0.84
27,"dotnumber","highSC","average",0.317,1,1,-99,-0.099,0.84
27,"dotnumber","highSC","easy",0.435,1,1,-99,-0.099,0.98
27,"dotnumber","highSC","average",0.384,1,1,-99,-0.099,0.98
27,"dotnumber","highSC","hard",0.284,-1,0,-99,-0.099,0.98
27,"dotnumber","highSC","easy",0.302,1,1,-99,-0.099,0.98
27,"dotnumber","highSC","easy",0.452,-1,0,-99,-0.099,0.98
27,"dotnumber","highSC","hard",0.418,-1,1,-99,-0.099,0.98
27,"dotnumber","highSC","average",0.318,1,1,-99,-0.099,0.98
27,"dotnumber","highSC","hard",0.318,1,1,-99,-0.099,0.98
27,"dotnumber","highSC","average",0.335,1,1,-99,-0.099,0.98
27,"dotnumber","highSC","easy",0.468,-1,1,-99,-0.099,0.98
27,"dotnumber","highSC","hard",0.351,1,0,-99,-0.099,0.98
27,"dotnumber","highSC","average",0.418,1,1,-99,-0.099,0.98
27,"dotnumber","highSC","easy",0.335,1,1,-99,-0.099,0.98
27,"dotnumber","highSC","average",0.352,1,1,-99,-0.099,0.98
27,"dotnumber","highSC","hard",0.384,1,1,-99,-0.099,0.98
27,"dotnumber","highSC","average",0.419,1,0,-99,-0.099,0.98
27,"dotnumber","highSC","hard",0.419,1,0,-99,-0.099,0.98
27,"dotnumber","highSC","easy",0.368,-1,1,-99,-0.099,0.98
27,"dotnumber","highSC","average",0.384,1,0,-99,-0.099,0.98
27,"dotnumber","highSC","average",0.401,1,0,-99,-0.099,0.98
27,"dotnumber","highSC","average",0.451,1,1,-99,-0.099,0.98
27,"dotnumber","highSC","hard",0.418,1,1,-99,-0.099,0.98
27,"dotnumber","highSC","easy",0.434,1,0,-99,-0.099,0.98
27,"dotnumber","highSC","easy",0.485,1,0,-99,-0.099,0.98
27,"dotnumber","highSC","hard",0.518,-1,1,-99,-0.099,0.97
27,"dotnumber","highSC","hard",0.334,1,1,-99,-0.099,0.97
27,"dotnumber","highSC","hard",0.384,-1,1,-99,-0.099,0.97
27,"dotnumber","highSC","easy",0.368,1,1,-99,-0.099,0.97
27,"dotnumber","highSC","hard",0.468,-1,0,-99,-0.099,0.97
27,"dotnumber","highSC","easy",0.367,1,1,-99,-0.099,0.97
27,"dotnumber","highSC","hard",0.401,-1,1,-99,-0.099,0.97
27,"dotnumber","highSC","easy",0.301,1,1,-99,-0.099,0.97
27,"dotnumber","highSC","average",0.418,-1,0,-99,-0.099,0.97
27,"dotnumber","highSC","easy",0.335,1,0,-99,-0.099,0.97
27,"dotnumber","highSC","average",0.502,-1,0,-99,-0.099,0.97
27,"dotnumber","highSC","hard",0.384,1,0,-99,-0.099,0.97
27,"dotnumber","highSC","average",0.318,1,0,-99,-0.099,0.97
27,"dotnumber","highSC","hard",0.384,1,0,-99,-0.099,0.97
27,"dotnumber","highSC","easy",0.351,-1,1,-99,-0.099,0.97
27,"dotnumber","highSC","average",0.384,-1,0,-99,-0.099,0.97
27,"dotnumber","highSC","average",0.301,1,0,-99,-0.099,0.97
27,"dotnumber","highSC","average",0.385,-1,0,-99,-0.099,0.97
27,"dotnumber","highSC","hard",0.302,1,0,-99,-0.099,0.97
27,"dotnumber","highSC","average",0.284,1,0,-99,-0.099,0.97
27,"dotnumber","highSC","average",0.301,1,1,-99,-0.099,0.97
27,"dotnumber","highSC","average",0.301,1,0,-99,-0.099,0.97
27,"dotnumber","highSC","hard",0.335,1,0,-99,-0.099,0.97
27,"dotnumber","highSC","easy",0.352,-1,0,-99,-0.099,0.97
27,"dotnumber","highSC","average",0.251,1,0,-99,-0.099,0.96
27,"dotnumber","highSC","hard",0.335,1,0,-99,-0.099,0.96
27,"dotnumber","highSC","hard",0.368,1,0,-99,-0.099,0.96
27,"dotnumber","highSC","easy",0.435,-1,1,-99,-0.099,0.96
27,"dotnumber","highSC","average",0.384,1,0,-99,-0.099,0.96
27,"dotnumber","highSC","hard",0.434,1,1,-99,-0.099,0.96
27,"dotnumber","highSC","hard",0.284,-1,0,-99,-0.099,0.96
27,"dotnumber","highSC","average",0.302,1,1,-99,-0.099,0.96
27,"dotnumber","highSC","average",0.352,-1,0,-99,-0.099,0.96
27,"dotnumber","highSC","average",0.402,1,0,-99,-0.099,0.96
27,"dotnumber","highSC","average",0.401,1,0,-99,-0.099,0.96
27,"dotnumber","highSC","hard",0.385,1,1,-99,-0.099,0.96
27,"dotnumber","highSC","easy",0.368,1,1,-99,-0.099,0.96
27,"dotnumber","highSC","easy",0.451,-1,1,-99,-0.099,0.96
27,"dotnumber","highSC","average",0.318,1,1,-99,-0.099,0.96
27,"dotnumber","highSC","average",0.369,1,0,-99,-0.099,0.96
27,"dotnumber","highSC","easy",0.368,1,0,-99,-0.099,0.96
27,"dotnumber","highSC","easy",0.334,1,1,-99,-0.099,0.96
27,"dotnumber","highSC","hard",0.402,1,0,-99,-0.099,0.96
27,"dotnumber","highSC","hard",0.419,-1,0,-99,-0.099,0.96
27,"dotnumber","highSC","easy",0.368,1,1,-99,-0.099,0.96
27,"dotnumber","highSC","hard",0.384,1,0,-99,-0.099,0.96
27,"dotnumber","highSC","average",0.418,-1,0,-99,-0.099,0.96
27,"dotnumber","highSC","average",0.418,1,0,-99,-0.099,0.96
28,"dotcolour","lowSC","average",2.553,1,0,-99,-0.099,0.66
28,"dotcolour","lowSC","easy",1.052,1,1,-99,-0.099,0.66
28,"dotcolour","lowSC","hard",1.27,1,1,-99,-0.099,0.66
28,"dotcolour","lowSC","easy",0.902,-1,1,-99,-0.099,0.66
28,"dotcolour","lowSC","average",0.902,1,1,-99,-0.099,0.66
28,"dotcolour","lowSC","average",0.917,-1,1,-99,-0.099,0.66
28,"dotcolour","lowSC","average",0.752,1,1,-99,-0.099,0.66
28,"dotcolour","lowSC","average",0.701,-1,1,-99,-0.099,0.66
28,"dotcolour","lowSC","easy",0.602,1,1,-99,-0.099,0.66
28,"dotcolour","lowSC","easy",0.668,1,1,-99,-0.099,0.66
28,"dotcolour","lowSC","hard",1.419,1,0,-99,-0.099,0.66
28,"dotcolour","lowSC","hard",1.47,1,1,-99,-0.099,0.66
28,"dotcolour","lowSC","easy",2.57,-1,1,-99,-0.099,0.66
28,"dotcolour","lowSC","average",0.702,1,1,-99,-0.099,0.66
28,"dotcolour","lowSC","easy",0.802,1,1,-99,-0.099,0.66
28,"dotcolour","lowSC","average",1.119,1,1,-99,-0.099,0.66
28,"dotcolour","lowSC","easy",0.636,-1,1,-99,-0.099,0.66
28,"dotcolour","lowSC","easy",0.585,-1,1,-99,-0.099,0.66
28,"dotcolour","lowSC","average",0.885,1,0,-99,-0.099,0.66
28,"dotcolour","lowSC","average",0.852,-1,1,-99,-0.099,0.66
28,"dotcolour","lowSC","easy",0.62,1,1,-99,-0.099,0.66
28,"dotcolour","lowSC","average",0.752,-1,1,-99,-0.099,0.66
28,"dotcolour","lowSC","hard",1.018,1,0,-99,-0.099,0.66
28,"dotcolour","lowSC","hard",0.718,1,1,-99,-0.099,0.66
28,"dotcolour","lowSC","easy",0.635,1,1,-99,-0.099,0.61
28,"dotcolour","lowSC","average",0.569,-1,1,-99,-0.099,0.61
28,"dotcolour","lowSC","average",0.836,1,1,-99,-0.099,0.61
28,"dotcolour","lowSC","easy",0.585,1,1,-99,-0.099,0.61
28,"dotcolour","lowSC","average",0.502,1,1,-99,-0.099,0.61
28,"dotcolour","lowSC","average",0.485,1,1,-99,-0.099,0.61
28,"dotcolour","lowSC","average",0.886,1,1,-99,-0.099,0.61
28,"dotcolour","lowSC","average",0.685,1,1,-99,-0.099,0.61
28,"dotcolour","lowSC","easy",0.619,1,1,-99,-0.099,0.61
28,"dotcolour","lowSC","hard",0.685,1,0,-99,-0.099,0.61
28,"dotcolour","lowSC","hard",0.869,1,1,-99,-0.099,0.61
28,"dotcolour","lowSC","average",0.618,1,1,-99,-0.099,0.61
28,"dotcolour","lowSC","hard",0.902,1,0,-99,-0.099,0.61
28,"dotcolour","lowSC","average",0.801,-1,1,-99,-0.099,0.61
28,"dotcolour","lowSC","easy",0.635,-1,1,-99,-0.099,0.61
28,"dotcolour","lowSC","hard",0.702,1,0,-99,-0.099,0.61
28,"dotcolour","lowSC","hard",0.752,1,1,-99,-0.099,0.61
28,"dotcolour","lowSC","easy",0.619,-1,1,-99,-0.099,0.61
28,"dotcolour","lowSC","hard",0.685,1,1,-99,-0.099,0.61
28,"dotcolour","lowSC","easy",0.569,1,1,-99,-0.099,0.61
28,"dotcolour","lowSC","average",0.569,-1,1,-99,-0.099,0.61
28,"dotcolour","lowSC","average",0.619,1,1,-99,-0.099,0.61
28,"dotcolour","lowSC","average",0.818,1,1,-99,-0.099,0.61
28,"dotcolour","lowSC","easy",0.569,-1,1,-99,-0.099,0.61
28,"dotcolour","lowSC","easy",0.634,-1,1,-99,-0.099,0.59
28,"dotcolour","lowSC","hard",0.818,-1,1,-99,-0.099,0.59
28,"dotcolour","lowSC","easy",0.518,1,1,-99,-0.099,0.59
28,"dotcolour","lowSC","hard",0.852,1,1,-99,-0.099,0.59
28,"dotcolour","lowSC","easy",0.619,1,1,-99,-0.099,0.59
28,"dotcolour","lowSC","easy",0.602,1,1,-99,-0.099,0.59
28,"dotcolour","lowSC","average",0.585,-1,1,-99,-0.099,0.59
28,"dotcolour","lowSC","easy",0.601,-1,1,-99,-0.099,0.59
28,"dotcolour","lowSC","easy",0.602,1,1,-99,-0.099,0.59
28,"dotcolour","lowSC","hard",0.902,1,0,-99,-0.099,0.59
28,"dotcolour","lowSC","average",0.652,-1,1,-99,-0.099,0.59
28,"dotcolour","lowSC","average",0.652,-1,1,-99,-0.099,0.59
28,"dotcolour","lowSC","average",0.669,1,1,-99,-0.099,0.59
28,"dotcolour","lowSC","average",0.552,1,1,-99,-0.099,0.59
28,"dotcolour","lowSC","hard",0.885,1,0,-99,-0.099,0.59
28,"dotcolour","lowSC","easy",0.535,1,1,-99,-0.099,0.59
28,"dotcolour","lowSC","hard",0.951,-1,1,-99,-0.099,0.59
28,"dotcolour","lowSC","average",0.751,-1,1,-99,-0.099,0.59
28,"dotcolour","lowSC","easy",0.601,1,1,-99,-0.099,0.59
28,"dotcolour","lowSC","hard",0.701,1,0,-99,-0.099,0.59
28,"dotcolour","lowSC","easy",0.586,-1,1,-99,-0.099,0.59
28,"dotcolour","lowSC","hard",1.419,1,0,-99,-0.099,0.59
28,"dotcolour","lowSC","hard",0.535,1,0,-99,-0.099,0.59
28,"dotcolour","lowSC","average",0.518,-1,1,-99,-0.099,0.59
28,"dotcolour","lowSC","easy",0.652,1,1,-99,-0.099,0.63
28,"dotcolour","lowSC","hard",0.552,-1,0,-99,-0.099,0.63
28,"dotcolour","lowSC","average",0.718,1,1,-99,-0.099,0.63
28,"dotcolour","lowSC","hard",0.801,1,1,-99,-0.099,0.63
28,"dotcolour","lowSC","average",0.685,-1,1,-99,-0.099,0.63
28,"dotcolour","lowSC","hard",0.601,1,0,-99,-0.099,0.63
28,"dotcolour","lowSC","hard",0.668,-1,0,-99,-0.099,0.63
28,"dotcolour","lowSC","average",0.602,-1,1,-99,-0.099,0.63
28,"dotcolour","lowSC","average",0.618,1,0,-99,-0.099,0.63
28,"dotcolour","lowSC","average",0.568,-1,1,-99,-0.099,0.63
28,"dotcolour","lowSC","easy",0.735,-1,1,-99,-0.099,0.63
28,"dotcolour","lowSC","hard",1.036,1,0,-99,-0.099,0.63
28,"dotcolour","lowSC","hard",0.768,1,0,-99,-0.099,0.63
28,"dotcolour","lowSC","hard",0.752,1,1,-99,-0.099,0.63
28,"dotcolour","lowSC","average",0.519,1,0,-99,-0.099,0.63
28,"dotcolour","lowSC","easy",0.502,-1,1,-99,-0.099,0.63
28,"dotcolour","lowSC","easy",0.652,-1,1,-99,-0.099,0.63
28,"dotcolour","lowSC","easy",0.718,-1,1,-99,-0.099,0.63
28,"dotcolour","lowSC","average",0.569,1,1,-99,-0.099,0.63
28,"dotcolour","lowSC","easy",0.702,-1,1,-99,-0.099,0.63
28,"dotcolour","lowSC","easy",0.552,1,1,-99,-0.099,0.63
28,"dotcolour","lowSC","easy",0.401,1,1,-99,-0.099,0.63
28,"dotcolour","lowSC","hard",1.519,1,0,-99,-0.099,0.63
28,"dotcolour","lowSC","easy",0.535,-1,0,-99,-0.099,0.63
28,"dotcolour","lowSC","hard",0.651,-1,0,-99,-0.099,0.6
28,"dotcolour","lowSC","easy",0.535,1,0,-99,-0.099,0.6
28,"dotcolour","lowSC","easy",0.618,-1,1,-99,-0.099,0.6
28,"dotcolour","lowSC","hard",0.819,1,0,-99,-0.099,0.6
28,"dotcolour","lowSC","average",0.518,1,1,-99,-0.099,0.6
28,"dotcolour","lowSC","easy",0.568,-1,1,-99,-0.099,0.6
28,"dotcolour","lowSC","hard",0.802,1,0,-99,-0.099,0.6
28,"dotcolour","lowSC","average",0.602,1,1,-99,-0.099,0.6
28,"dotcolour","lowSC","easy",0.569,1,1,-99,-0.099,0.6
28,"dotcolour","lowSC","hard",1.235,1,0,-99,-0.099,0.6
28,"dotcolour","lowSC","easy",0.518,-1,1,-99,-0.099,0.6
28,"dotcolour","lowSC","easy",0.636,-1,1,-99,-0.099,0.6
28,"dotcolour","lowSC","hard",0.719,1,0,-99,-0.099,0.6
28,"dotcolour","lowSC","hard",0.735,1,0,-99,-0.099,0.6
28,"dotcolour","lowSC","hard",0.635,-1,0,-99,-0.099,0.6
28,"dotcolour","lowSC","easy",0.519,1,1,-99,-0.099,0.6
28,"dotcolour","lowSC","average",0.835,-1,1,-99,-0.099,0.6
28,"dotcolour","lowSC","average",0.535,1,1,-99,-0.099,0.6
28,"dotcolour","lowSC","hard",0.801,1,0,-99,-0.099,0.6
28,"dotcolour","lowSC","average",0.619,-1,1,-99,-0.099,0.6
28,"dotcolour","lowSC","average",1.001,-1,1,-99,-0.099,0.6
28,"dotcolour","lowSC","hard",0.902,-1,1,-99,-0.099,0.6
28,"dotcolour","lowSC","average",0.552,1,1,-99,-0.099,0.6
28,"dotcolour","lowSC","hard",0.934,-1,1,-99,-0.099,0.6
28,"dotnumber","highSC","average",1.42,-1,1,-99,-0.099,0.87
28,"dotnumber","highSC","easy",0.769,-1,1,-99,-0.099,0.87
28,"dotnumber","highSC","easy",0.668,1,0,-99,-0.099,0.87
28,"dotnumber","highSC","easy",0.734,-1,1,-99,-0.099,0.87
28,"dotnumber","highSC","hard",0.717,-1,0,-99,-0.099,0.87
28,"dotnumber","highSC","easy",2.036,1,1,-99,-0.099,0.87
28,"dotnumber","highSC","easy",0.686,-1,1,-99,-0.099,0.87
28,"dotnumber","highSC","average",1.185,-1,1,-99,-0.099,0.87
28,"dotnumber","highSC","average",0.652,-1,1,-99,-0.099,0.87
28,"dotnumber","highSC","hard",0.969,1,0,-99,-0.099,0.87
28,"dotnumber","highSC","hard",0.718,-1,0,-99,-0.099,0.87
28,"dotnumber","highSC","easy",0.485,1,1,-99,-0.099,0.87
28,"dotnumber","highSC","hard",0.651,1,1,-99,-0.099,0.87
28,"dotnumber","highSC","average",0.485,1,1,-99,-0.099,0.87
28,"dotnumber","highSC","average",0.585,1,1,-99,-0.099,0.87
28,"dotnumber","highSC","easy",0.718,1,1,-99,-0.099,0.87
28,"dotnumber","highSC","average",0.818,1,1,-99,-0.099,0.87
28,"dotnumber","highSC","easy",0.535,-1,1,-99,-0.099,0.87
28,"dotnumber","highSC","hard",0.567,1,0,-99,-0.099,0.87
28,"dotnumber","highSC","average",0.452,-1,1,-99,-0.099,0.87
28,"dotnumber","highSC","hard",0.452,1,0,-99,-0.099,0.87
28,"dotnumber","highSC","average",0.636,1,0,-99,-0.099,0.87
28,"dotnumber","highSC","hard",0.451,1,0,-99,-0.099,0.87
28,"dotnumber","highSC","easy",0.519,1,1,-99,-0.099,0.87
28,"dotnumber","highSC","easy",0.602,1,1,-99,-0.099,0.82
28,"dotnumber","highSC","easy",0.618,1,1,-99,-0.099,0.82
28,"dotnumber","highSC","easy",0.385,1,1,-99,-0.099,0.82
28,"dotnumber","highSC","hard",0.435,-1,1,-99,-0.099,0.82
28,"dotnumber","highSC","easy",0.652,-1,1,-99,-0.099,0.82
28,"dotnumber","highSC","hard",0.501,1,0,-99,-0.099,0.82
28,"dotnumber","highSC","hard",0.535,1,0,-99,-0.099,0.82
28,"dotnumber","highSC","average",0.384,1,1,-99,-0.099,0.82
28,"dotnumber","highSC","easy",0.452,1,1,-99,-0.099,0.82
28,"dotnumber","highSC","hard",0.434,1,1,-99,-0.099,0.82
28,"dotnumber","highSC","hard",0.501,-1,1,-99,-0.099,0.82
28,"dotnumber","highSC","average",0.485,1,1,-99,-0.099,0.82
28,"dotnumber","highSC","average",0.552,1,0,-99,-0.099,0.82
28,"dotnumber","highSC","easy",0.535,-1,1,-99,-0.099,0.82
28,"dotnumber","highSC","hard",0.402,1,0,-99,-0.099,0.82
28,"dotnumber","highSC","average",0.501,-1,0,-99,-0.099,0.82
28,"dotnumber","highSC","hard",0.535,1,1,-99,-0.099,0.82
28,"dotnumber","highSC","easy",0.501,1,1,-99,-0.099,0.82
28,"dotnumber","highSC","average",0.45,-1,1,-99,-0.099,0.82
28,"dotnumber","highSC","average",0.534,1,1,-99,-0.099,0.82
28,"dotnumber","highSC","hard",0.668,1,1,-99,-0.099,0.82
28,"dotnumber","highSC","hard",0.368,-1,1,-99,-0.099,0.82
28,"dotnumber","highSC","average",0.568,-1,1,-99,-0.099,0.82
28,"dotnumber","highSC","hard",0.535,1,1,-99,-0.099,0.82
28,"dotnumber","highSC","hard",0.535,-1,0,-99,-0.099,0.87
28,"dotnumber","highSC","easy",2.82,1,0,-99,-0.099,0.87
28,"dotnumber","highSC","easy",1.168,1,1,-99,-0.099,0.87
28,"dotnumber","highSC","hard",0.585,1,1,-99,-0.099,0.87
28,"dotnumber","highSC","hard",0.485,1,1,-99,-0.099,0.87
28,"dotnumber","highSC","average",0.501,-1,0,-99,-0.099,0.87
28,"dotnumber","highSC","easy",0.418,1,1,-99,-0.099,0.87
28,"dotnumber","highSC","hard",0.552,-1,1,-99,-0.099,0.87
28,"dotnumber","highSC","easy",0.469,1,1,-99,-0.099,0.87
28,"dotnumber","highSC","easy",0.518,-1,1,-99,-0.099,0.87
28,"dotnumber","highSC","easy",0.519,-1,1,-99,-0.099,0.87
28,"dotnumber","highSC","average",0.468,1,1,-99,-0.099,0.87
28,"dotnumber","highSC","average",0.785,-1,0,-99,-0.099,0.87
28,"dotnumber","highSC","average",0.786,-1,1,-99,-0.099,0.87
28,"dotnumber","highSC","average",0.952,-1,1,-99,-0.099,0.87
28,"dotnumber","highSC","hard",0.569,1,0,-99,-0.099,0.87
28,"dotnumber","highSC","hard",0.501,1,0,-99,-0.099,0.87
28,"dotnumber","highSC","easy",0.435,1,1,-99,-0.099,0.87
28,"dotnumber","highSC","hard",1.036,1,1,-99,-0.099,0.87
28,"dotnumber","highSC","easy",0.485,1,1,-99,-0.099,0.87
28,"dotnumber","highSC","average",0.601,-1,0,-99,-0.099,0.87
28,"dotnumber","highSC","average",0.368,1,1,-99,-0.099,0.87
28,"dotnumber","highSC","easy",0.368,1,1,-99,-0.099,0.87
28,"dotnumber","highSC","hard",0.485,1,0,-99,-0.099,0.87
28,"dotnumber","highSC","easy",0.502,-1,1,-99,-0.099,0.92
28,"dotnumber","highSC","easy",0.435,1,1,-99,-0.099,0.92
28,"dotnumber","highSC","easy",0.569,-1,1,-99,-0.099,0.92
28,"dotnumber","highSC","average",0.351,1,1,-99,-0.099,0.92
28,"dotnumber","highSC","hard",0.552,1,0,-99,-0.099,0.92
28,"dotnumber","highSC","hard",0.569,1,1,-99,-0.099,0.92
28,"dotnumber","highSC","hard",0.484,1,1,-99,-0.099,0.92
28,"dotnumber","highSC","average",1.336,-1,1,-99,-0.099,0.92
28,"dotnumber","highSC","easy",0.635,1,1,-99,-0.099,0.92
28,"dotnumber","highSC","easy",0.619,1,1,-99,-0.099,0.92
28,"dotnumber","highSC","average",0.485,-1,1,-99,-0.099,0.92
28,"dotnumber","highSC","hard",0.652,1,0,-99,-0.099,0.92
28,"dotnumber","highSC","hard",0.535,1,1,-99,-0.099,0.92
28,"dotnumber","highSC","easy",0.501,1,1,-99,-0.099,0.92
28,"dotnumber","highSC","hard",0.452,1,0,-99,-0.099,0.92
28,"dotnumber","highSC","hard",0.536,-1,0,-99,-0.099,0.92
28,"dotnumber","highSC","average",0.434,1,1,-99,-0.099,0.92
28,"dotnumber","highSC","average",0.435,1,0,-99,-0.099,0.92
28,"dotnumber","highSC","hard",0.469,1,1,-99,-0.099,0.92
28,"dotnumber","highSC","average",0.451,1,1,-99,-0.099,0.92
28,"dotnumber","highSC","hard",0.485,1,1,-99,-0.099,0.92
28,"dotnumber","highSC","hard",0.6,-1,1,-99,-0.099,0.92
28,"dotnumber","highSC","easy",1.353,1,1,-99,-0.099,0.92
28,"dotnumber","highSC","hard",0.469,1,1,-99,-0.099,0.92
28,"dotnumber","highSC","average",0.385,1,1,-99,-0.099,0.89
28,"dotnumber","highSC","easy",0.401,1,1,-99,-0.099,0.89
28,"dotnumber","highSC","easy",0.419,1,1,-99,-0.099,0.89
28,"dotnumber","highSC","average",0.969,-1,1,-99,-0.099,0.89
28,"dotnumber","highSC","average",0.419,1,1,-99,-0.099,0.89
28,"dotnumber","highSC","easy",0.485,1,1,-99,-0.099,0.89
28,"dotnumber","highSC","average",0.55,-1,1,-99,-0.099,0.89
28,"dotnumber","highSC","easy",0.485,1,1,-99,-0.099,0.89
28,"dotnumber","highSC","hard",0.552,1,0,-99,-0.099,0.89
28,"dotnumber","highSC","easy",0.568,1,1,-99,-0.099,0.89
28,"dotnumber","highSC","average",0.534,-1,1,-99,-0.099,0.89
28,"dotnumber","highSC","easy",0.434,1,1,-99,-0.099,0.89
28,"dotnumber","highSC","hard",0.534,-1,0,-99,-0.099,0.89
28,"dotnumber","highSC","hard",0.435,1,0,-99,-0.099,0.89
28,"dotnumber","highSC","average",0.368,1,1,-99,-0.099,0.89
28,"dotnumber","highSC","easy",0.417,1,1,-99,-0.099,0.89
28,"dotnumber","highSC","easy",0.452,-1,1,-99,-0.099,0.89
28,"dotnumber","highSC","easy",0.484,-1,1,-99,-0.099,0.89
28,"dotnumber","highSC","average",0.718,-1,1,-99,-0.099,0.89
28,"dotnumber","highSC","hard",0.569,1,0,-99,-0.099,0.89
28,"dotnumber","highSC","easy",0.469,-1,1,-99,-0.099,0.89
28,"dotnumber","highSC","average",0.502,-1,1,-99,-0.099,0.89
28,"dotnumber","highSC","easy",1.62,1,1,-99,-0.099,0.89
28,"dotnumber","highSC","hard",0.551,-1,1,-99,-0.099,0.89
28,"xotask","mediumSC","average",1.451,-1,0,-99,-0.099,0.74
28,"xotask","mediumSC","hard",0.485,1,1,-99,-0.099,0.74
28,"xotask","mediumSC","hard",1.469,1,0,-99,-0.099,0.74
28,"xotask","mediumSC","easy",0.618,-1,1,-99,-0.099,0.74
28,"xotask","mediumSC","hard",0.517,1,1,-99,-0.099,0.74
28,"xotask","mediumSC","easy",0.535,-1,0,-99,-0.099,0.74
28,"xotask","mediumSC","average",0.619,-1,1,-99,-0.099,0.74
28,"xotask","mediumSC","easy",0.602,-1,1,-99,-0.099,0.74
28,"xotask","mediumSC","average",0.985,1,1,-99,-0.099,0.74
28,"xotask","mediumSC","average",0.668,-1,0,-99,-0.099,0.74
28,"xotask","mediumSC","hard",0.601,-1,1,-99,-0.099,0.74
28,"xotask","mediumSC","hard",0.785,-1,0,-99,-0.099,0.74
28,"xotask","mediumSC","average",0.734,-1,0,-99,-0.099,0.74
28,"xotask","mediumSC","hard",0.485,-1,1,-99,-0.099,0.74
28,"xotask","mediumSC","average",0.618,-1,1,-99,-0.099,0.74
28,"xotask","mediumSC","hard",0.485,-1,1,-99,-0.099,0.74
28,"xotask","mediumSC","average",0.534,-1,1,-99,-0.099,0.74
28,"xotask","mediumSC","easy",0.552,-1,1,-99,-0.099,0.74
28,"xotask","mediumSC","average",0.685,-1,1,-99,-0.099,0.74
28,"xotask","mediumSC","hard",0.451,1,1,-99,-0.099,0.74
28,"xotask","mediumSC","easy",0.468,1,1,-99,-0.099,0.74
28,"xotask","mediumSC","hard",0.501,-1,1,-99,-0.099,0.74
28,"xotask","mediumSC","average",0.585,-1,1,-99,-0.099,0.74
28,"xotask","mediumSC","easy",0.518,-1,1,-99,-0.099,0.74
28,"xotask","mediumSC","average",0.768,1,1,-99,-0.099,0.74
28,"xotask","mediumSC","average",0.535,1,1,-99,-0.099,0.74
28,"xotask","mediumSC","hard",0.436,1,1,-99,-0.099,0.74
28,"xotask","mediumSC","average",0.552,1,1,-99,-0.099,0.74
28,"xotask","mediumSC","easy",0.385,-1,1,-99,-0.099,0.74
28,"xotask","mediumSC","easy",0.652,-1,0,-99,-0.099,0.74
28,"xotask","mediumSC","average",0.501,1,1,-99,-0.099,0.74
28,"xotask","mediumSC","easy",0.518,1,1,-99,-0.099,0.74
28,"xotask","mediumSC","average",0.551,1,1,-99,-0.099,0.74
28,"xotask","mediumSC","easy",0.551,-1,1,-99,-0.099,0.74
28,"xotask","mediumSC","hard",0.551,1,1,-99,-0.099,0.74
28,"xotask","mediumSC","average",0.786,1,1,-99,-0.099,0.74
28,"xotask","mediumSC","easy",0.652,1,1,-99,-0.099,0.74
28,"xotask","mediumSC","easy",0.935,1,1,-99,-0.099,0.74
28,"xotask","mediumSC","easy",0.535,1,1,-99,-0.099,0.74
28,"xotask","mediumSC","easy",0.385,1,1,-99,-0.099,0.74
28,"xotask","mediumSC","easy",0.385,1,1,-99,-0.099,0.74
28,"xotask","mediumSC","average",0.934,-1,0,-99,-0.099,0.74
28,"xotask","mediumSC","easy",0.502,-1,1,-99,-0.099,0.74
28,"xotask","mediumSC","average",0.502,-1,0,-99,-0.099,0.74
28,"xotask","mediumSC","hard",0.585,-1,0,-99,-0.099,0.74
28,"xotask","mediumSC","average",1.118,-1,1,-99,-0.099,0.74
28,"xotask","mediumSC","hard",0.952,-1,1,-99,-0.099,0.74
28,"xotask","mediumSC","hard",0.885,1,1,-99,-0.099,0.74
28,"xotask","mediumSC","hard",1.103,1,1,-99,-0.099,0.75
28,"xotask","mediumSC","easy",0.803,-1,1,-99,-0.099,0.75
28,"xotask","mediumSC","hard",1.887,-1,1,-99,-0.099,0.75
28,"xotask","mediumSC","hard",0.685,-1,1,-99,-0.099,0.75
28,"xotask","mediumSC","hard",3.771,-1,1,-99,-0.099,0.75
28,"xotask","mediumSC","average",1.786,1,1,-99,-0.099,0.75
28,"xotask","mediumSC","easy",0.618,-1,1,-99,-0.099,0.75
28,"xotask","mediumSC","average",1.352,-1,1,-99,-0.099,0.75
28,"xotask","mediumSC","average",0.634,1,1,-99,-0.099,0.75
28,"xotask","mediumSC","easy",0.502,-1,1,-99,-0.099,0.75
28,"xotask","mediumSC","easy",0.851,1,1,-99,-0.099,0.75
28,"xotask","mediumSC","average",0.535,-1,1,-99,-0.099,0.75
28,"xotask","mediumSC","easy",0.635,1,1,-99,-0.099,0.75
28,"xotask","mediumSC","hard",0.636,1,0,-99,-0.099,0.75
28,"xotask","mediumSC","hard",1.035,-1,1,-99,-0.099,0.75
28,"xotask","mediumSC","easy",0.435,-1,0,-99,-0.099,0.75
28,"xotask","mediumSC","hard",0.517,-1,1,-99,-0.099,0.75
28,"xotask","mediumSC","average",0.435,-1,1,-99,-0.099,0.75
28,"xotask","mediumSC","hard",0.568,-1,0,-99,-0.099,0.75
28,"xotask","mediumSC","easy",0.685,-1,1,-99,-0.099,0.75
28,"xotask","mediumSC","easy",0.618,1,1,-99,-0.099,0.75
28,"xotask","mediumSC","easy",0.535,1,1,-99,-0.099,0.75
28,"xotask","mediumSC","average",0.568,1,1,-99,-0.099,0.75
28,"xotask","mediumSC","easy",0.468,1,1,-99,-0.099,0.75
28,"xotask","mediumSC","hard",0.551,-1,1,-99,-0.099,0.77
28,"xotask","mediumSC","hard",0.652,1,1,-99,-0.099,0.77
28,"xotask","mediumSC","hard",0.619,-1,1,-99,-0.099,0.77
28,"xotask","mediumSC","average",0.702,1,1,-99,-0.099,0.77
28,"xotask","mediumSC","easy",0.868,-1,1,-99,-0.099,0.77
28,"xotask","mediumSC","easy",0.669,-1,1,-99,-0.099,0.77
28,"xotask","mediumSC","easy",0.685,1,1,-99,-0.099,0.77
28,"xotask","mediumSC","easy",0.468,-1,1,-99,-0.099,0.77
28,"xotask","mediumSC","hard",0.602,-1,0,-99,-0.099,0.77
28,"xotask","mediumSC","average",0.501,1,1,-99,-0.099,0.77
28,"xotask","mediumSC","hard",0.435,1,0,-99,-0.099,0.77
28,"xotask","mediumSC","hard",0.535,1,1,-99,-0.099,0.77
28,"xotask","mediumSC","easy",0.585,-1,1,-99,-0.099,0.77
28,"xotask","mediumSC","easy",0.484,1,1,-99,-0.099,0.77
28,"xotask","mediumSC","average",0.468,1,0,-99,-0.099,0.77
28,"xotask","mediumSC","hard",0.769,1,1,-99,-0.099,0.77
28,"xotask","mediumSC","easy",0.802,1,1,-99,-0.099,0.77
28,"xotask","mediumSC","average",0.534,-1,1,-99,-0.099,0.77
28,"xotask","mediumSC","hard",0.518,-1,1,-99,-0.099,0.77
28,"xotask","mediumSC","average",0.701,-1,0,-99,-0.099,0.77
28,"xotask","mediumSC","hard",0.435,1,1,-99,-0.099,0.77
28,"xotask","mediumSC","average",0.452,1,1,-99,-0.099,0.77
28,"xotask","mediumSC","hard",0.652,-1,1,-99,-0.099,0.77
28,"xotask","mediumSC","easy",0.536,-1,1,-99,-0.099,0.77
28,"xotask","mediumSC","easy",0.467,-1,0,-99,-0.099,0.79
28,"xotask","mediumSC","easy",1.036,1,1,-99,-0.099,0.79
28,"xotask","mediumSC","easy",0.451,1,1,-99,-0.099,0.79
28,"xotask","mediumSC","easy",0.452,1,1,-99,-0.099,0.79
28,"xotask","mediumSC","hard",0.468,1,1,-99,-0.099,0.79
28,"xotask","mediumSC","average",0.535,1,0,-99,-0.099,0.79
28,"xotask","mediumSC","easy",0.602,1,1,-99,-0.099,0.79
28,"xotask","mediumSC","hard",0.969,-1,0,-99,-0.099,0.79
28,"xotask","mediumSC","hard",0.702,-1,1,-99,-0.099,0.79
28,"xotask","mediumSC","hard",0.635,-1,0,-99,-0.099,0.79
28,"xotask","mediumSC","hard",0.485,1,1,-99,-0.099,0.79
28,"xotask","mediumSC","average",0.852,-1,1,-99,-0.099,0.79
28,"xotask","mediumSC","hard",1.168,-1,1,-99,-0.099,0.79
28,"xotask","mediumSC","hard",0.668,-1,1,-99,-0.099,0.79
28,"xotask","mediumSC","easy",0.535,-1,1,-99,-0.099,0.79
28,"xotask","mediumSC","easy",0.485,-1,1,-99,-0.099,0.79
28,"xotask","mediumSC","hard",0.902,1,1,-99,-0.099,0.79
28,"xotask","mediumSC","easy",0.452,1,1,-99,-0.099,0.79
28,"xotask","mediumSC","hard",0.601,-1,1,-99,-0.099,0.79
28,"xotask","mediumSC","hard",0.502,1,1,-99,-0.099,0.79
28,"xotask","mediumSC","average",0.536,1,1,-99,-0.099,0.79
28,"xotask","mediumSC","hard",0.518,-1,1,-99,-0.099,0.79
28,"xotask","mediumSC","easy",0.534,1,1,-99,-0.099,0.79
29,"dotnumber","highSC","average",0.418,-1,1,-99,-0.099,0.86
29,"dotnumber","highSC","average",0.352,1,1,-99,-0.099,0.86
29,"dotnumber","highSC","easy",0.385,-1,0,-99,-0.099,0.86
29,"dotnumber","highSC","hard",0.418,-1,0,-99,-0.099,0.86
29,"dotnumber","highSC","hard",0.551,1,0,-99,-0.099,0.86
29,"dotnumber","highSC","hard",0.451,-1,0,-99,-0.099,0.86
29,"dotnumber","highSC","easy",0.568,1,0,-99,-0.099,0.86
29,"dotnumber","highSC","easy",0.517,1,1,-99,-0.099,0.86
29,"dotnumber","highSC","average",0.434,1,1,-99,-0.099,0.86
29,"dotnumber","highSC","hard",0.369,-1,0,-99,-0.099,0.86
29,"dotnumber","highSC","hard",0.368,1,0,-99,-0.099,0.86
29,"dotnumber","highSC","easy",0.368,1,1,-99,-0.099,0.86
29,"dotnumber","highSC","easy",0.936,1,1,-99,-0.099,0.86
29,"dotnumber","highSC","easy",0.652,1,1,-99,-0.099,0.86
29,"dotnumber","highSC","easy",0.518,1,1,-99,-0.099,0.86
29,"dotnumber","highSC","hard",0.535,-1,1,-99,-0.099,0.86
29,"dotnumber","highSC","hard",0.569,1,0,-99,-0.099,0.86
29,"dotnumber","highSC","hard",0.552,1,0,-99,-0.099,0.86
29,"dotnumber","highSC","easy",0.484,-1,1,-99,-0.099,0.86
29,"dotnumber","highSC","easy",0.385,1,1,-99,-0.099,0.86
29,"dotnumber","highSC","average",0.401,1,1,-99,-0.099,0.86
29,"dotnumber","highSC","hard",0.752,1,0,-99,-0.099,0.86
29,"dotnumber","highSC","hard",0.368,-1,1,-99,-0.099,0.86
29,"dotnumber","highSC","average",0.535,1,1,-99,-0.099,0.86
29,"dotnumber","highSC","average",0.435,-1,1,-99,-0.099,0.83
29,"dotnumber","highSC","easy",0.268,1,0,-99,-0.099,0.83
29,"dotnumber","highSC","easy",0.251,-1,1,-99,-0.099,0.83
29,"dotnumber","highSC","average",0.302,1,0,-99,-0.099,0.83
29,"dotnumber","highSC","average",0.418,1,1,-99,-0.099,0.83
29,"dotnumber","highSC","average",0.334,-1,1,-99,-0.099,0.83
29,"dotnumber","highSC","hard",0.268,1,0,-99,-0.099,0.83
29,"dotnumber","highSC","average",0.368,1,1,-99,-0.099,0.83
29,"dotnumber","highSC","hard",0.301,1,0,-99,-0.099,0.83
29,"dotnumber","highSC","average",0.352,-1,1,-99,-0.099,0.83
29,"dotnumber","highSC","hard",0.268,1,0,-99,-0.099,0.83
29,"dotnumber","highSC","average",0.335,1,0,-99,-0.099,0.83
29,"dotnumber","highSC","easy",0.385,1,1,-99,-0.099,0.83
29,"dotnumber","highSC","easy",0.419,-1,1,-99,-0.099,0.83
29,"dotnumber","highSC","average",0.418,1,0,-99,-0.099,0.83
29,"dotnumber","highSC","average",0.452,1,1,-99,-0.099,0.83
29,"dotnumber","highSC","easy",0.335,1,1,-99,-0.099,0.83
29,"dotnumber","highSC","average",0.368,1,1,-99,-0.099,0.83
29,"dotnumber","highSC","easy",0.268,-1,0,-99,-0.099,0.83
29,"dotnumber","highSC","average",0.25,1,0,-99,-0.099,0.83
29,"dotnumber","highSC","easy",0.384,1,1,-99,-0.099,0.83
29,"dotnumber","highSC","easy",0.318,-1,0,-99,-0.099,0.83
29,"dotnumber","highSC","hard",0.619,-1,0,-99,-0.099,0.83
29,"dotnumber","highSC","average",0.468,-1,1,-99,-0.099,0.83
29,"dotnumber","highSC","easy",0.401,1,1,-99,-0.099,0.93
29,"dotnumber","highSC","hard",0.467,-1,0,-99,-0.099,0.93
29,"dotnumber","highSC","average",0.334,1,1,-99,-0.099,0.93
29,"dotnumber","highSC","hard",0.353,-1,1,-99,-0.099,0.93
29,"dotnumber","highSC","average",0.318,1,0,-99,-0.099,0.93
29,"dotnumber","highSC","average",0.451,1,0,-99,-0.099,0.93
29,"dotnumber","highSC","hard",0.569,1,0,-99,-0.099,0.93
29,"dotnumber","highSC","average",0.518,-1,1,-99,-0.099,0.93
29,"dotnumber","highSC","average",0.418,1,0,-99,-0.099,0.93
29,"dotnumber","highSC","average",0.401,-1,1,-99,-0.099,0.93
29,"dotnumber","highSC","hard",0.518,-1,1,-99,-0.099,0.93
29,"dotnumber","highSC","hard",0.468,-1,1,-99,-0.099,0.93
29,"dotnumber","highSC","hard",0.602,1,1,-99,-0.099,0.93
29,"dotnumber","highSC","easy",0.352,1,1,-99,-0.099,0.93
29,"dotnumber","highSC","hard",0.335,-1,0,-99,-0.099,0.93
29,"dotnumber","highSC","hard",0.601,1,1,-99,-0.099,0.93
29,"dotnumber","highSC","hard",0.435,-1,1,-99,-0.099,0.93
29,"dotnumber","highSC","average",0.367,1,0,-99,-0.099,0.93
29,"dotnumber","highSC","easy",0.485,-1,1,-99,-0.099,0.93
29,"dotnumber","highSC","hard",0.469,1,0,-99,-0.099,0.93
29,"dotnumber","highSC","easy",0.434,-1,1,-99,-0.099,0.93
29,"dotnumber","highSC","easy",0.417,-1,1,-99,-0.099,0.93
29,"dotnumber","highSC","average",0.519,-1,0,-99,-0.099,0.93
29,"dotnumber","highSC","easy",0.635,-1,1,-99,-0.099,0.93
29,"dotnumber","highSC","easy",0.485,1,1,-99,-0.099,0.92
29,"dotnumber","highSC","easy",0.418,-1,1,-99,-0.099,0.92
29,"dotnumber","highSC","easy",0.385,1,1,-99,-0.099,0.92
29,"dotnumber","highSC","average",0.402,-1,1,-99,-0.099,0.92
29,"dotnumber","highSC","hard",0.401,1,0,-99,-0.099,0.92
29,"dotnumber","highSC","average",0.301,-1,1,-99,-0.099,0.92
29,"dotnumber","highSC","easy",0.419,1,1,-99,-0.099,0.92
29,"dotnumber","highSC","hard",0.336,-1,1,-99,-0.099,0.92
29,"dotnumber","highSC","easy",0.368,1,0,-99,-0.099,0.92
29,"dotnumber","highSC","hard",0.468,-1,0,-99,-0.099,0.92
29,"dotnumber","highSC","easy",0.485,-1,1,-99,-0.099,0.92
29,"dotnumber","highSC","average",0.301,1,0,-99,-0.099,0.92
29,"dotnumber","highSC","hard",0.669,1,1,-99,-0.099,0.92
29,"dotnumber","highSC","easy",0.585,1,1,-99,-0.099,0.92
29,"dotnumber","highSC","hard",0.551,1,0,-99,-0.099,0.92
29,"dotnumber","highSC","average",0.384,-1,0,-99,-0.099,0.92
29,"dotnumber","highSC","hard",0.584,1,0,-99,-0.099,0.92
29,"dotnumber","highSC","average",0.268,1,0,-99,-0.099,0.92
29,"dotnumber","highSC","average",0.452,1,1,-99,-0.099,0.92
29,"dotnumber","highSC","easy",0.334,-1,1,-99,-0.099,0.92
29,"dotnumber","highSC","easy",0.502,1,1,-99,-0.099,0.92
29,"dotnumber","highSC","average",0.385,-1,1,-99,-0.099,0.92
29,"dotnumber","highSC","easy",0.635,1,1,-99,-0.099,0.92
29,"dotnumber","highSC","easy",0.301,-1,1,-99,-0.099,0.92
29,"dotnumber","highSC","average",0.285,1,1,-99,-0.099,0.96
29,"dotnumber","highSC","average",0.301,1,0,-99,-0.099,0.96
29,"dotnumber","highSC","average",0.352,1,1,-99,-0.099,0.96
29,"dotnumber","highSC","hard",0.669,-1,0,-99,-0.099,0.96
29,"dotnumber","highSC","easy",0.301,1,0,-99,-0.099,0.96
29,"dotnumber","highSC","average",0.401,1,1,-99,-0.099,0.96
29,"dotnumber","highSC","hard",0.385,1,1,-99,-0.099,0.96
29,"dotnumber","highSC","easy",0.235,1,0,-99,-0.099,0.96
29,"dotnumber","highSC","easy",0.351,1,1,-99,-0.099,0.96
29,"dotnumber","highSC","average",0.335,-1,1,-99,-0.099,0.96
29,"dotnumber","highSC","hard",0.268,1,1,-99,-0.099,0.96
29,"dotnumber","highSC","easy",0.568,1,1,-99,-0.099,0.96
29,"dotnumber","highSC","easy",0.385,1,0,-99,-0.099,0.96
29,"dotnumber","highSC","hard",0.501,1,0,-99,-0.099,0.96
29,"dotnumber","highSC","hard",0.218,-1,1,-99,-0.099,0.96
29,"dotnumber","highSC","easy",0.267,1,0,-99,-0.099,0.96
29,"dotnumber","highSC","average",0.218,-1,0,-99,-0.099,0.96
29,"dotnumber","highSC","average",0.469,1,0,-99,-0.099,0.96
29,"dotnumber","highSC","average",0.419,1,0,-99,-0.099,0.96
29,"dotnumber","highSC","hard",0.501,1,1,-99,-0.099,0.96
29,"dotnumber","highSC","easy",0.284,-1,1,-99,-0.099,0.96
29,"dotnumber","highSC","average",0.336,1,1,-99,-0.099,0.96
29,"dotnumber","highSC","hard",0.401,1,1,-99,-0.099,0.96
29,"xotask","mediumSC","hard",0.601,-1,0,-99,-0.099,0.8
29,"xotask","mediumSC","easy",0.635,-1,0,-99,-0.099,0.8
29,"xotask","mediumSC","hard",0.418,1,1,-99,-0.099,0.8
29,"xotask","mediumSC","easy",0.336,1,1,-99,-0.099,0.8
29,"xotask","mediumSC","easy",0.551,1,1,-99,-0.099,0.8
29,"xotask","mediumSC","hard",0.384,1,1,-99,-0.099,0.8
29,"xotask","mediumSC","average",0.585,1,0,-99,-0.099,0.8
29,"xotask","mediumSC","hard",0.551,1,0,-99,-0.099,0.8
29,"xotask","mediumSC","easy",0.518,-1,1,-99,-0.099,0.8
29,"xotask","mediumSC","average",0.519,1,1,-99,-0.099,0.8
29,"xotask","mediumSC","hard",0.701,-1,0,-99,-0.099,0.8
29,"xotask","mediumSC","hard",0.585,-1,0,-99,-0.099,0.8
29,"xotask","mediumSC","average",0.652,-1,1,-99,-0.099,0.8
29,"xotask","mediumSC","average",0.468,1,1,-99,-0.099,0.8
29,"xotask","mediumSC","easy",0.468,1,1,-99,-0.099,0.8
29,"xotask","mediumSC","average",0.518,-1,0,-99,-0.099,0.8
29,"xotask","mediumSC","hard",0.584,-1,0,-99,-0.099,0.8
29,"xotask","mediumSC","hard",0.585,1,1,-99,-0.099,0.8
29,"xotask","mediumSC","hard",0.418,1,0,-99,-0.099,0.8
29,"xotask","mediumSC","hard",0.568,1,1,-99,-0.099,0.8
29,"xotask","mediumSC","average",0.634,-1,0,-99,-0.099,0.8
29,"xotask","mediumSC","easy",0.568,1,1,-99,-0.099,0.8
29,"xotask","mediumSC","easy",0.602,-1,1,-99,-0.099,0.8
29,"xotask","mediumSC","average",0.62,1,1,-99,-0.099,0.8
29,"xotask","mediumSC","easy",0.65,-1,1,-99,-0.099,0.76
29,"xotask","mediumSC","hard",0.702,1,1,-99,-0.099,0.76
29,"xotask","mediumSC","average",0.601,-1,1,-99,-0.099,0.76
29,"xotask","mediumSC","average",0.785,-1,0,-99,-0.099,0.76
29,"xotask","mediumSC","average",0.686,1,1,-99,-0.099,0.76
29,"xotask","mediumSC","hard",0.551,1,1,-99,-0.099,0.76
29,"xotask","mediumSC","average",0.685,-1,1,-99,-0.099,0.76
29,"xotask","mediumSC","hard",0.819,-1,1,-99,-0.099,0.76
29,"xotask","mediumSC","hard",0.484,1,1,-99,-0.099,0.76
29,"xotask","mediumSC","average",0.585,1,1,-99,-0.099,0.76
29,"xotask","mediumSC","easy",0.635,-1,1,-99,-0.099,0.76
29,"xotask","mediumSC","hard",0.484,-1,1,-99,-0.099,0.76
29,"xotask","mediumSC","average",0.735,-1,1,-99,-0.099,0.76
29,"xotask","mediumSC","easy",0.535,1,1,-99,-0.099,0.76
29,"xotask","mediumSC","average",0.368,-1,0,-99,-0.099,0.76
29,"xotask","mediumSC","hard",0.451,-1,0,-99,-0.099,0.76
29,"xotask","mediumSC","easy",0.351,1,0,-99,-0.099,0.76
29,"xotask","mediumSC","easy",0.335,1,1,-99,-0.099,0.76
29,"xotask","mediumSC","easy",0.368,1,1,-99,-0.099,0.76
29,"xotask","mediumSC","average",0.434,1,1,-99,-0.099,0.76
29,"xotask","mediumSC","easy",0.651,-1,1,-99,-0.099,0.76
29,"xotask","mediumSC","average",0.603,1,1,-99,-0.099,0.76
29,"xotask","mediumSC","average",0.585,-1,1,-99,-0.099,0.76
29,"xotask","mediumSC","easy",0.451,1,1,-99,-0.099,0.76
29,"xotask","mediumSC","average",0.886,1,1,-99,-0.099,0.71
29,"xotask","mediumSC","average",0.519,-1,1,-99,-0.099,0.71
29,"xotask","mediumSC","average",0.635,-1,1,-99,-0.099,0.71
29,"xotask","mediumSC","easy",0.469,1,1,-99,-0.099,0.71
29,"xotask","mediumSC","easy",0.619,-1,1,-99,-0.099,0.71
29,"xotask","mediumSC","average",0.351,1,1,-99,-0.099,0.71
29,"xotask","mediumSC","easy",0.569,-1,1,-99,-0.099,0.71
29,"xotask","mediumSC","average",0.618,-1,1,-99,-0.099,0.71
29,"xotask","mediumSC","easy",0.335,-1,1,-99,-0.099,0.71
29,"xotask","mediumSC","hard",0.585,1,1,-99,-0.099,0.71
29,"xotask","mediumSC","hard",0.385,-1,1,-99,-0.099,0.71
29,"xotask","mediumSC","average",0.752,1,0,-99,-0.099,0.71
29,"xotask","mediumSC","hard",0.869,1,1,-99,-0.099,0.71
29,"xotask","mediumSC","hard",0.385,1,1,-99,-0.099,0.71
29,"xotask","mediumSC","average",0.636,-1,1,-99,-0.099,0.71
29,"xotask","mediumSC","average",0.468,1,1,-99,-0.099,0.71
29,"xotask","mediumSC","easy",0.468,-1,0,-99,-0.099,0.71
29,"xotask","mediumSC","easy",0.368,1,0,-99,-0.099,0.71
29,"xotask","mediumSC","easy",0.501,1,0,-99,-0.099,0.71
29,"xotask","mediumSC","hard",0.801,1,1,-99,-0.099,0.71
29,"xotask","mediumSC","hard",0.434,1,0,-99,-0.099,0.71
29,"xotask","mediumSC","hard",0.768,-1,1,-99,-0.099,0.71
29,"xotask","mediumSC","average",0.451,-1,0,-99,-0.099,0.71
29,"xotask","mediumSC","hard",0.702,1,0,-99,-0.099,0.71
29,"xotask","mediumSC","average",0.985,1,1,-99,-0.099,0.76
29,"xotask","mediumSC","easy",0.368,1,1,-99,-0.099,0.76
29,"xotask","mediumSC","easy",0.368,1,0,-99,-0.099,0.76
29,"xotask","mediumSC","hard",0.853,-1,1,-99,-0.099,0.76
29,"xotask","mediumSC","hard",0.468,-1,0,-99,-0.099,0.76
29,"xotask","mediumSC","easy",0.384,1,1,-99,-0.099,0.76
29,"xotask","mediumSC","easy",0.452,1,0,-99,-0.099,0.76
29,"xotask","mediumSC","hard",0.652,1,1,-99,-0.099,0.76
29,"xotask","mediumSC","average",0.602,-1,1,-99,-0.099,0.76
29,"xotask","mediumSC","hard",0.701,-1,1,-99,-0.099,0.76
29,"xotask","mediumSC","hard",0.702,1,1,-99,-0.099,0.76
29,"xotask","mediumSC","hard",0.869,-1,1,-99,-0.099,0.76
29,"xotask","mediumSC","easy",1.134,1,1,-99,-0.099,0.76
29,"xotask","mediumSC","easy",0.418,-1,0,-99,-0.099,0.76
29,"xotask","mediumSC","average",0.351,1,1,-99,-0.099,0.76
29,"xotask","mediumSC","easy",0.351,1,0,-99,-0.099,0.76
29,"xotask","mediumSC","hard",0.435,1,1,-99,-0.099,0.76
29,"xotask","mediumSC","easy",0.469,1,1,-99,-0.099,0.76
29,"xotask","mediumSC","hard",0.485,-1,1,-99,-0.099,0.76
29,"xotask","mediumSC","easy",0.468,1,1,-99,-0.099,0.76
29,"xotask","mediumSC","average",0.451,-1,1,-99,-0.099,0.76
29,"xotask","mediumSC","average",0.635,-1,1,-99,-0.099,0.76
29,"xotask","mediumSC","easy",0.401,-1,1,-99,-0.099,0.76
29,"xotask","mediumSC","hard",0.352,1,1,-99,-0.099,0.78
29,"xotask","mediumSC","average",0.451,1,1,-99,-0.099,0.78
29,"xotask","mediumSC","hard",0.551,-1,1,-99,-0.099,0.78
29,"xotask","mediumSC","easy",0.484,-1,1,-99,-0.099,0.78
29,"xotask","mediumSC","easy",0.452,1,1,-99,-0.099,0.78
29,"xotask","mediumSC","average",0.302,-1,1,-99,-0.099,0.78
29,"xotask","mediumSC","average",0.418,1,0,-99,-0.099,0.78
29,"xotask","mediumSC","easy",0.435,-1,1,-99,-0.099,0.78
29,"xotask","mediumSC","hard",0.336,-1,1,-99,-0.099,0.78
29,"xotask","mediumSC","easy",0.351,-1,0,-99,-0.099,0.78
29,"xotask","mediumSC","easy",0.384,1,0,-99,-0.099,0.78
29,"xotask","mediumSC","easy",0.602,1,1,-99,-0.099,0.78
29,"xotask","mediumSC","easy",0.635,1,1,-99,-0.099,0.78
29,"xotask","mediumSC","average",0.502,-1,1,-99,-0.099,0.78
29,"xotask","mediumSC","easy",0.485,1,1,-99,-0.099,0.78
29,"xotask","mediumSC","hard",0.418,-1,1,-99,-0.099,0.78
29,"xotask","mediumSC","average",0.418,-1,0,-99,-0.099,0.78
29,"xotask","mediumSC","hard",0.468,-1,0,-99,-0.099,0.78
29,"xotask","mediumSC","average",0.535,-1,1,-99,-0.099,0.78
29,"xotask","mediumSC","easy",0.451,1,0,-99,-0.099,0.78
29,"xotask","mediumSC","easy",0.352,1,1,-99,-0.099,0.78
29,"xotask","mediumSC","average",0.484,1,1,-99,-0.099,0.78
29,"xotask","mediumSC","easy",0.369,-1,1,-99,-0.099,0.78
29,"xotask","mediumSC","easy",0.401,1,0,-99,-0.099,0.78
29,"dotcolour","lowSC","hard",0.702,1,0,-99,-0.099,0.68
29,"dotcolour","lowSC","hard",0.484,1,1,-99,-0.099,0.68
29,"dotcolour","lowSC","easy",0.401,1,1,-99,-0.099,0.68
29,"dotcolour","lowSC","average",0.385,-1,1,-99,-0.099,0.68
29,"dotcolour","lowSC","easy",0.401,1,1,-99,-0.099,0.68
29,"dotcolour","lowSC","hard",0.319,1,1,-99,-0.099,0.68
29,"dotcolour","lowSC","hard",0.368,-1,1,-99,-0.099,0.68
29,"dotcolour","lowSC","hard",0.351,1,0,-99,-0.099,0.68
29,"dotcolour","lowSC","easy",0.369,1,1,-99,-0.099,0.68
29,"dotcolour","lowSC","hard",0.384,-1,1,-99,-0.099,0.68
29,"dotcolour","lowSC","average",0.318,1,1,-99,-0.099,0.68
29,"dotcolour","lowSC","easy",0.351,-1,1,-99,-0.099,0.68
29,"dotcolour","lowSC","hard",0.569,1,0,-99,-0.099,0.68
29,"dotcolour","lowSC","average",0.369,-1,1,-99,-0.099,0.68
29,"dotcolour","lowSC","average",0.519,1,1,-99,-0.099,0.68
29,"dotcolour","lowSC","hard",0.334,-1,1,-99,-0.099,0.68
29,"dotcolour","lowSC","easy",0.435,-1,0,-99,-0.099,0.68
29,"dotcolour","lowSC","average",0.402,-1,1,-99,-0.099,0.68
29,"dotcolour","lowSC","hard",0.318,1,1,-99,-0.099,0.68
29,"dotcolour","lowSC","easy",0.452,1,1,-99,-0.099,0.68
29,"dotcolour","lowSC","easy",0.335,-1,1,-99,-0.099,0.68
29,"dotcolour","lowSC","easy",0.302,-1,1,-99,-0.099,0.68
29,"dotcolour","lowSC","hard",0.367,-1,0,-99,-0.099,0.68
29,"dotcolour","lowSC","average",0.268,1,0,-99,-0.099,0.68
29,"dotcolour","lowSC","hard",0.285,-1,1,-99,-0.099,0.63
29,"dotcolour","lowSC","easy",0.318,1,1,-99,-0.099,0.63
29,"dotcolour","lowSC","easy",0.284,-1,0,-99,-0.099,0.63
29,"dotcolour","lowSC","easy",0.351,1,1,-99,-0.099,0.63
29,"dotcolour","lowSC","easy",0.301,-1,1,-99,-0.099,0.63
29,"dotcolour","lowSC","average",0.318,1,1,-99,-0.099,0.63
29,"dotcolour","lowSC","easy",0.318,-1,1,-99,-0.099,0.63
29,"dotcolour","lowSC","hard",0.368,1,1,-99,-0.099,0.63
29,"dotcolour","lowSC","average",0.285,-1,1,-99,-0.099,0.63
29,"dotcolour","lowSC","average",0.418,1,1,-99,-0.099,0.63
29,"dotcolour","lowSC","average",0.251,-1,0,-99,-0.099,0.63
29,"dotcolour","lowSC","easy",0.469,-1,1,-99,-0.099,0.63
29,"dotcolour","lowSC","hard",0.419,-1,1,-99,-0.099,0.63
29,"dotcolour","lowSC","average",0.352,-1,1,-99,-0.099,0.63
29,"dotcolour","lowSC","average",0.335,-1,0,-99,-0.099,0.63
29,"dotcolour","lowSC","hard",0.619,-1,1,-99,-0.099,0.63
29,"dotcolour","lowSC","hard",0.418,1,0,-99,-0.099,0.63
29,"dotcolour","lowSC","hard",0.601,-1,0,-99,-0.099,0.63
29,"dotcolour","lowSC","average",0.368,1,1,-99,-0.099,0.63
29,"dotcolour","lowSC","easy",0.502,-1,1,-99,-0.099,0.63
29,"dotcolour","lowSC","average",0.318,1,1,-99,-0.099,0.63
29,"dotcolour","lowSC","easy",0.269,-1,1,-99,-0.099,0.63
29,"dotcolour","lowSC","easy",0.351,-1,1,-99,-0.099,0.63
29,"dotcolour","lowSC","easy",0.351,1,1,-99,-0.099,0.63
29,"dotcolour","lowSC","easy",0.318,-1,1,-99,-0.099,0.62
29,"dotcolour","lowSC","easy",0.518,-1,1,-99,-0.099,0.62
29,"dotcolour","lowSC","hard",0.318,1,1,-99,-0.099,0.62
29,"dotcolour","lowSC","easy",0.301,-1,1,-99,-0.099,0.62
29,"dotcolour","lowSC","easy",0.333,-1,1,-99,-0.099,0.62
29,"dotcolour","lowSC","hard",0.219,-1,1,-99,-0.099,0.62
29,"dotcolour","lowSC","average",0.251,1,0,-99,-0.099,0.62
29,"dotcolour","lowSC","average",0.334,1,1,-99,-0.099,0.62
29,"dotcolour","lowSC","average",0.318,-1,1,-99,-0.099,0.62
29,"dotcolour","lowSC","average",0.302,-1,0,-99,-0.099,0.62
29,"dotcolour","lowSC","easy",0.468,1,1,-99,-0.099,0.62
29,"dotcolour","lowSC","hard",0.485,1,0,-99,-0.099,0.62
29,"dotcolour","lowSC","easy",0.502,1,1,-99,-0.099,0.62
29,"dotcolour","lowSC","hard",0.334,-1,1,-99,-0.099,0.62
29,"dotcolour","lowSC","hard",0.301,1,0,-99,-0.099,0.62
29,"dotcolour","lowSC","hard",0.335,1,0,-99,-0.099,0.62
29,"dotcolour","lowSC","average",1.654,1,1,-99,-0.099,0.62
29,"dotcolour","lowSC","hard",0.501,1,1,-99,-0.099,0.62
29,"dotcolour","lowSC","easy",0.335,-1,1,-99,-0.099,0.62
29,"dotcolour","lowSC","hard",0.368,1,0,-99,-0.099,0.62
29,"dotcolour","lowSC","easy",0.419,-1,0,-99,-0.099,0.62
29,"dotcolour","lowSC","easy",0.317,1,1,-99,-0.099,0.62
29,"dotcolour","lowSC","hard",0.418,1,1,-99,-0.099,0.62
29,"dotcolour","lowSC","average",0.284,1,0,-99,-0.099,0.62
29,"dotcolour","lowSC","average",0.318,-1,1,-99,-0.099,0.59
29,"dotcolour","lowSC","hard",0.301,-1,1,-99,-0.099,0.59
29,"dotcolour","lowSC","average",0.284,1,1,-99,-0.099,0.59
29,"dotcolour","lowSC","easy",0.285,-1,1,-99,-0.099,0.59
29,"dotcolour","lowSC","hard",0.385,-1,1,-99,-0.099,0.59
29,"dotcolour","lowSC","average",0.302,-1,1,-99,-0.099,0.59
29,"dotcolour","lowSC","easy",0.351,-1,0,-99,-0.099,0.59
29,"dotcolour","lowSC","average",0.702,1,1,-99,-0.099,0.59
29,"dotcolour","lowSC","average",0.418,-1,1,-99,-0.099,0.59
29,"dotcolour","lowSC","hard",0.234,1,1,-99,-0.099,0.59
29,"dotcolour","lowSC","hard",0.385,1,0,-99,-0.099,0.59
29,"dotcolour","lowSC","easy",0.436,1,1,-99,-0.099,0.59
29,"dotcolour","lowSC","easy",0.686,-1,1,-99,-0.099,0.59
29,"dotcolour","lowSC","average",0.318,1,0,-99,-0.099,0.59
29,"dotcolour","lowSC","average",0.401,1,0,-99,-0.099,0.59
29,"dotcolour","lowSC","average",0.3,-1,1,-99,-0.099,0.59
29,"dotcolour","lowSC","hard",0.352,-1,0,-99,-0.099,0.59
29,"dotcolour","lowSC","hard",0.284,1,0,-99,-0.099,0.59
29,"dotcolour","lowSC","average",0.285,-1,1,-99,-0.099,0.59
29,"dotcolour","lowSC","hard",0.267,1,1,-99,-0.099,0.59
29,"dotcolour","lowSC","average",0.301,-1,0,-99,-0.099,0.59
29,"dotcolour","lowSC","easy",0.301,1,1,-99,-0.099,0.59
29,"dotcolour","lowSC","easy",0.502,-1,1,-99,-0.099,0.59
29,"dotcolour","lowSC","hard",0.335,1,1,-99,-0.099,0.59
29,"dotcolour","lowSC","average",0.385,-1,1,-99,-0.099,0.55
29,"dotcolour","lowSC","hard",0.401,1,0,-99,-0.099,0.55
29,"dotcolour","lowSC","average",0.318,1,0,-99,-0.099,0.55
29,"dotcolour","lowSC","easy",0.267,-1,1,-99,-0.099,0.55
29,"dotcolour","lowSC","average",0.686,1,1,-99,-0.099,0.55
29,"dotcolour","lowSC","average",0.502,-1,1,-99,-0.099,0.55
29,"dotcolour","lowSC","easy",0.518,1,1,-99,-0.099,0.55
29,"dotcolour","lowSC","easy",0.267,-1,1,-99,-0.099,0.55
29,"dotcolour","lowSC","average",0.252,1,0,-99,-0.099,0.55
29,"dotcolour","lowSC","hard",0.402,-1,1,-99,-0.099,0.55
29,"dotcolour","lowSC","hard",0.267,1,0,-99,-0.099,0.55
29,"dotcolour","lowSC","easy",0.25,-1,1,-99,-0.099,0.55
29,"dotcolour","lowSC","hard",0.385,-1,1,-99,-0.099,0.55
29,"dotcolour","lowSC","hard",0.284,-1,0,-99,-0.099,0.55
29,"dotcolour","lowSC","easy",0.235,1,1,-99,-0.099,0.55
29,"dotcolour","lowSC","easy",0.418,1,1,-99,-0.099,0.55
29,"dotcolour","lowSC","easy",0.285,-1,0,-99,-0.099,0.55
29,"dotcolour","lowSC","easy",0.302,-1,1,-99,-0.099,0.55
29,"dotcolour","lowSC","easy",0.335,1,1,-99,-0.099,0.55
29,"dotcolour","lowSC","easy",0.301,1,1,-99,-0.099,0.55
29,"dotcolour","lowSC","average",0.285,1,1,-99,-0.099,0.55
29,"dotcolour","lowSC","easy",0.318,-1,1,-99,-0.099,0.55
29,"dotcolour","lowSC","hard",0.285,-1,0,-99,-0.099,0.55
29,"dotcolour","lowSC","easy",0.3,1,1,-99,-0.099,0.55
30,"xotask","lowSC","hard",1.57,1,1,-99,-0.099,0.66
30,"xotask","lowSC","hard",0.734,-1,1,-99,-0.099,0.66
30,"xotask","lowSC","average",0.584,-1,1,-99,-0.099,0.66
30,"xotask","lowSC","average",0.751,-1,1,-99,-0.099,0.66
30,"xotask","lowSC","average",1.068,1,0,-99,-0.099,0.66
30,"xotask","lowSC","hard",0.619,1,0,-99,-0.099,0.66
30,"xotask","lowSC","hard",1.136,1,0,-99,-0.099,0.66
30,"xotask","lowSC","easy",0.617,1,1,-99,-0.099,0.66
30,"xotask","lowSC","easy",0.602,-1,0,-99,-0.099,0.66
30,"xotask","lowSC","easy",0.618,1,1,-99,-0.099,0.66
30,"xotask","lowSC","easy",0.817,1,1,-99,-0.099,0.66
30,"xotask","lowSC","average",0.819,-1,0,-99,-0.099,0.66
30,"xotask","lowSC","average",1.353,-1,1,-99,-0.099,0.66
30,"xotask","lowSC","average",0.886,1,0,-99,-0.099,0.66
30,"xotask","lowSC","easy",0.936,-1,1,-99,-0.099,0.66
30,"xotask","lowSC","easy",1.053,-1,1,-99,-0.099,0.66
30,"xotask","lowSC","easy",0.969,-1,1,-99,-0.099,0.66
30,"xotask","lowSC","easy",0.802,-1,1,-99,-0.099,0.66
30,"xotask","lowSC","average",1.252,1,1,-99,-0.099,0.66
30,"xotask","lowSC","hard",1.203,1,1,-99,-0.099,0.66
30,"xotask","lowSC","hard",0.985,-1,1,-99,-0.099,0.66
30,"xotask","lowSC","average",1.136,1,1,-99,-0.099,0.66
30,"xotask","lowSC","average",0.953,1,1,-99,-0.099,0.66
30,"xotask","lowSC","easy",0.918,-1,1,-99,-0.099,0.66
30,"xotask","lowSC","hard",0.919,1,1,-99,-0.099,0.54
30,"xotask","lowSC","hard",0.935,-1,1,-99,-0.099,0.54
30,"xotask","lowSC","average",0.785,1,1,-99,-0.099,0.54
30,"xotask","lowSC","average",2.086,-1,1,-99,-0.099,0.54
30,"xotask","lowSC","easy",0.719,-1,1,-99,-0.099,0.54
30,"xotask","lowSC","easy",1.219,1,0,-99,-0.099,0.54
30,"xotask","lowSC","hard",0.801,-1,1,-99,-0.099,0.54
30,"xotask","lowSC","easy",0.886,1,1,-99,-0.099,0.54
30,"xotask","lowSC","hard",0.851,-1,0,-99,-0.099,0.54
30,"xotask","lowSC","hard",1.002,1,0,-99,-0.099,0.54
30,"xotask","lowSC","easy",0.635,-1,1,-99,-0.099,0.54
30,"xotask","lowSC","hard",1.036,-1,1,-99,-0.099,0.54
30,"xotask","lowSC","easy",0.902,1,1,-99,-0.099,0.54
30,"xotask","lowSC","easy",0.702,1,1,-99,-0.099,0.54
30,"xotask","lowSC","hard",0.918,-1,1,-99,-0.099,0.54
30,"xotask","lowSC","average",0.886,-1,0,-99,-0.099,0.54
30,"xotask","lowSC","easy",0.902,1,1,-99,-0.099,0.54
30,"xotask","lowSC","average",0.753,-1,1,-99,-0.099,0.54
30,"xotask","lowSC","average",1.302,-1,1,-99,-0.099,0.54
30,"xotask","lowSC","easy",0.735,1,0,-99,-0.099,0.54
30,"xotask","lowSC","hard",0.903,1,0,-99,-0.099,0.54
30,"xotask","lowSC","average",1.219,1,1,-99,-0.099,0.54
30,"xotask","lowSC","average",0.82,-1,1,-99,-0.099,0.54
30,"xotask","lowSC","average",0.602,1,1,-99,-0.099,0.54
30,"xotask","lowSC","hard",0.903,-1,1,-99,-0.099,0.59
30,"xotask","lowSC","average",0.851,1,1,-99,-0.099,0.59
30,"xotask","lowSC","average",1.069,1,1,-99,-0.099,0.59
30,"xotask","lowSC","easy",0.802,-1,1,-99,-0.099,0.59
30,"xotask","lowSC","easy",0.817,-1,1,-99,-0.099,0.59
30,"xotask","lowSC","easy",1.002,-1,1,-99,-0.099,0.59
30,"xotask","lowSC","average",0.852,1,1,-99,-0.099,0.59
30,"xotask","lowSC","hard",0.885,-1,1,-99,-0.099,0.59
30,"xotask","lowSC","easy",0.718,1,1,-99,-0.099,0.59
30,"xotask","lowSC","average",0.668,-1,1,-99,-0.099,0.59
30,"xotask","lowSC","easy",0.768,-1,1,-99,-0.099,0.59
30,"xotask","lowSC","easy",0.652,-1,1,-99,-0.099,0.59
30,"xotask","lowSC","average",0.903,1,0,-99,-0.099,0.59
30,"xotask","lowSC","easy",0.819,1,1,-99,-0.099,0.59
30,"xotask","lowSC","hard",1.035,-1,1,-99,-0.099,0.59
30,"xotask","lowSC","easy",0.802,-1,1,-99,-0.099,0.59
30,"xotask","lowSC","hard",0.669,1,1,-99,-0.099,0.59
30,"xotask","lowSC","easy",0.685,1,1,-99,-0.099,0.59
30,"xotask","lowSC","average",1.035,-1,1,-99,-0.099,0.59
30,"xotask","lowSC","hard",0.785,1,1,-99,-0.099,0.59
30,"xotask","lowSC","hard",1.003,-1,0,-99,-0.099,0.59
30,"xotask","lowSC","easy",0.753,1,1,-99,-0.099,0.59
30,"xotask","lowSC","easy",1.169,1,1,-99,-0.099,0.59
30,"xotask","lowSC","hard",0.719,-1,0,-99,-0.099,0.59
30,"xotask","lowSC","average",1.219,1,0,-99,-0.099,0.65
30,"xotask","lowSC","easy",0.869,1,1,-99,-0.099,0.65
30,"xotask","lowSC","easy",0.803,-1,1,-99,-0.099,0.65
30,"xotask","lowSC","hard",1.035,1,0,-99,-0.099,0.65
30,"xotask","lowSC","hard",0.719,-1,1,-99,-0.099,0.65
30,"xotask","lowSC","hard",0.769,-1,1,-99,-0.099,0.65
30,"xotask","lowSC","average",0.635,1,1,-99,-0.099,0.65
30,"xotask","lowSC","average",0.901,-1,0,-99,-0.099,0.65
30,"xotask","lowSC","average",0.684,1,1,-99,-0.099,0.65
30,"xotask","lowSC","average",0.901,1,1,-99,-0.099,0.65
30,"xotask","lowSC","hard",0.75,-1,0,-99,-0.099,0.65
30,"xotask","lowSC","easy",0.602,-1,1,-99,-0.099,0.65
30,"xotask","lowSC","average",1.67,-1,1,-99,-0.099,0.65
30,"xotask","lowSC","hard",1.369,1,0,-99,-0.099,0.65
30,"xotask","lowSC","easy",0.769,-1,1,-99,-0.099,0.65
30,"xotask","lowSC","average",0.918,1,0,-99,-0.099,0.65
30,"xotask","lowSC","average",0.752,1,1,-99,-0.099,0.65
30,"xotask","lowSC","hard",0.686,-1,1,-99,-0.099,0.65
30,"xotask","lowSC","hard",0.652,-1,1,-99,-0.099,0.65
30,"xotask","lowSC","average",0.835,1,1,-99,-0.099,0.65
30,"xotask","lowSC","easy",0.819,1,1,-99,-0.099,0.65
30,"xotask","lowSC","easy",0.653,1,1,-99,-0.099,0.65
30,"xotask","lowSC","hard",0.702,-1,1,-99,-0.099,0.65
30,"xotask","lowSC","average",0.769,-1,1,-99,-0.099,0.65
30,"xotask","lowSC","hard",0.985,1,0,-99,-0.099,0.55
30,"xotask","lowSC","hard",0.752,1,1,-99,-0.099,0.55
30,"xotask","lowSC","easy",0.702,-1,1,-99,-0.099,0.55
30,"xotask","lowSC","easy",0.719,1,1,-99,-0.099,0.55
30,"xotask","lowSC","average",0.685,1,1,-99,-0.099,0.55
30,"xotask","lowSC","hard",0.735,-1,1,-99,-0.099,0.55
30,"xotask","lowSC","average",0.769,-1,1,-99,-0.099,0.55
30,"xotask","lowSC","easy",0.568,1,1,-99,-0.099,0.55
30,"xotask","lowSC","easy",0.602,-1,1,-99,-0.099,0.55
30,"xotask","lowSC","average",0.585,-1,1,-99,-0.099,0.55
30,"xotask","lowSC","average",0.785,-1,0,-99,-0.099,0.55
30,"xotask","lowSC","hard",0.917,1,0,-99,-0.099,0.55
30,"xotask","lowSC","hard",0.82,1,1,-99,-0.099,0.55
30,"xotask","lowSC","hard",0.902,-1,1,-99,-0.099,0.55
30,"xotask","lowSC","hard",0.552,1,1,-99,-0.099,0.55
30,"xotask","lowSC","average",1.069,-1,0,-99,-0.099,0.55
30,"xotask","lowSC","easy",0.868,1,1,-99,-0.099,0.55
30,"xotask","lowSC","easy",0.769,1,1,-99,-0.099,0.55
30,"xotask","lowSC","easy",0.769,-1,1,-99,-0.099,0.55
30,"xotask","lowSC","easy",0.651,-1,1,-99,-0.099,0.55
30,"xotask","lowSC","hard",1.019,1,0,-99,-0.099,0.55
30,"xotask","lowSC","easy",0.635,1,1,-99,-0.099,0.55
30,"xotask","lowSC","average",0.718,-1,0,-99,-0.099,0.55
30,"xotask","lowSC","easy",0.635,-1,1,-99,-0.099,0.55
30,"dotcolour","highSC","easy",1.069,1,1,-99,-0.099,0.98
30,"dotcolour","highSC","hard",0.751,-1,1,-99,-0.099,0.98
30,"dotcolour","highSC","easy",0.585,1,1,-99,-0.099,0.98
30,"dotcolour","highSC","average",0.668,1,1,-99,-0.099,0.98
30,"dotcolour","highSC","average",0.785,1,1,-99,-0.099,0.98
30,"dotcolour","highSC","average",0.485,-1,1,-99,-0.099,0.98
30,"dotcolour","highSC","easy",0.518,-1,1,-99,-0.099,0.98
30,"dotcolour","highSC","easy",0.469,1,1,-99,-0.099,0.98
30,"dotcolour","highSC","hard",0.553,-1,1,-99,-0.099,0.98
30,"dotcolour","highSC","easy",0.518,1,1,-99,-0.099,0.98
30,"dotcolour","highSC","easy",0.535,1,1,-99,-0.099,0.98
30,"dotcolour","highSC","average",0.867,1,1,-99,-0.099,0.98
30,"dotcolour","highSC","easy",0.785,-1,1,-99,-0.099,0.98
30,"dotcolour","highSC","hard",0.451,1,1,-99,-0.099,0.98
30,"dotcolour","highSC","average",0.518,-1,1,-99,-0.099,0.98
30,"dotcolour","highSC","hard",0.702,-1,1,-99,-0.099,0.98
30,"dotcolour","highSC","hard",0.402,1,0,-99,-0.099,0.98
30,"dotcolour","highSC","average",0.418,-1,1,-99,-0.099,0.98
30,"dotcolour","highSC","average",0.402,-1,1,-99,-0.099,0.98
30,"dotcolour","highSC","hard",0.386,1,1,-99,-0.099,0.98
30,"dotcolour","highSC","hard",0.669,-1,1,-99,-0.099,0.98
30,"dotcolour","highSC","hard",0.686,-1,1,-99,-0.099,0.98
30,"dotcolour","highSC","average",0.369,1,0,-99,-0.099,0.98
30,"dotcolour","highSC","hard",0.419,-1,1,-99,-0.099,0.98
30,"dotcolour","highSC","easy",0.502,1,1,-99,-0.099,0.84
30,"dotcolour","highSC","average",0.369,1,1,-99,-0.099,0.84
30,"dotcolour","highSC","easy",0.519,1,1,-99,-0.099,0.84
30,"dotcolour","highSC","average",0.752,1,1,-99,-0.099,0.84
30,"dotcolour","highSC","average",0.519,-1,0,-99,-0.099,0.84
30,"dotcolour","highSC","average",0.536,-1,1,-99,-0.099,0.84
30,"dotcolour","highSC","hard",0.753,-1,1,-99,-0.099,0.84
30,"dotcolour","highSC","hard",0.536,1,0,-99,-0.099,0.84
30,"dotcolour","highSC","average",1.019,1,1,-99,-0.099,0.84
30,"dotcolour","highSC","average",0.819,-1,1,-99,-0.099,0.84
30,"dotcolour","highSC","hard",0.634,1,0,-99,-0.099,0.84
30,"dotcolour","highSC","average",1.036,1,1,-99,-0.099,0.84
30,"dotcolour","highSC","easy",1.669,1,1,-99,-0.099,0.84
30,"dotcolour","highSC","average",0.618,-1,1,-99,-0.099,0.84
30,"dotcolour","highSC","easy",0.418,-1,1,-99,-0.099,0.84
30,"dotcolour","highSC","average",0.602,1,1,-99,-0.099,0.84
30,"dotcolour","highSC","hard",0.586,1,0,-99,-0.099,0.84
30,"dotcolour","highSC","hard",0.385,-1,1,-99,-0.099,0.84
30,"dotcolour","highSC","easy",0.435,-1,1,-99,-0.099,0.84
30,"dotcolour","highSC","average",0.636,1,1,-99,-0.099,0.84
30,"dotcolour","highSC","average",0.552,-1,1,-99,-0.099,0.84
30,"dotcolour","highSC","average",0.618,-1,1,-99,-0.099,0.84
30,"dotcolour","highSC","easy",0.568,-1,1,-99,-0.099,0.84
30,"dotcolour","highSC","easy",0.551,-1,1,-99,-0.099,0.84
30,"dotcolour","highSC","hard",0.418,1,0,-99,-0.099,0.97
30,"dotcolour","highSC","hard",0.385,-1,1,-99,-0.099,0.97
30,"dotcolour","highSC","hard",0.584,-1,1,-99,-0.099,0.97
30,"dotcolour","highSC","average",0.568,1,1,-99,-0.099,0.97
30,"dotcolour","highSC","average",0.436,1,1,-99,-0.099,0.97
30,"dotcolour","highSC","hard",0.534,1,1,-99,-0.099,0.97
30,"dotcolour","highSC","easy",0.518,1,1,-99,-0.099,0.97
30,"dotcolour","highSC","easy",0.468,-1,1,-99,-0.099,0.97
30,"dotcolour","highSC","easy",0.519,-1,1,-99,-0.099,0.97
30,"dotcolour","highSC","easy",0.536,-1,1,-99,-0.099,0.97
30,"dotcolour","highSC","hard",0.419,1,0,-99,-0.099,0.97
30,"dotcolour","highSC","hard",0.552,1,0,-99,-0.099,0.97
30,"dotcolour","highSC","hard",0.585,-1,0,-99,-0.099,0.97
30,"dotcolour","highSC","easy",0.469,-1,1,-99,-0.099,0.97
30,"dotcolour","highSC","easy",0.502,1,1,-99,-0.099,0.97
30,"dotcolour","highSC","hard",0.701,1,0,-99,-0.099,0.97
30,"dotcolour","highSC","easy",0.684,1,1,-99,-0.099,0.97
30,"dotcolour","highSC","average",0.785,1,1,-99,-0.099,0.97
30,"dotcolour","highSC","hard",0.618,1,0,-99,-0.099,0.97
30,"dotcolour","highSC","average",0.635,1,1,-99,-0.099,0.97
30,"dotcolour","highSC","hard",0.453,-1,0,-99,-0.099,0.97
30,"dotcolour","highSC","average",0.669,1,1,-99,-0.099,0.97
30,"dotcolour","highSC","hard",0.468,-1,1,-99,-0.099,0.97
30,"dotcolour","highSC","easy",0.401,1,1,-99,-0.099,0.97
30,"dotcolour","highSC","hard",0.618,-1,1,-99,-0.099,0.93
30,"dotcolour","highSC","easy",0.585,-1,1,-99,-0.099,0.93
30,"dotcolour","highSC","hard",0.535,1,1,-99,-0.099,0.93
30,"dotcolour","highSC","easy",0.485,1,1,-99,-0.099,0.93
30,"dotcolour","highSC","easy",0.536,1,1,-99,-0.099,0.93
30,"dotcolour","highSC","easy",0.486,1,1,-99,-0.099,0.93
30,"dotcolour","highSC","average",0.468,-1,1,-99,-0.099,0.93
30,"dotcolour","highSC","hard",0.801,-1,0,-99,-0.099,0.93
30,"dotcolour","highSC","average",0.519,1,1,-99,-0.099,0.93
30,"dotcolour","highSC","hard",0.702,1,0,-99,-0.099,0.93
30,"dotcolour","highSC","hard",0.685,1,1,-99,-0.099,0.93
30,"dotcolour","highSC","hard",1.119,1,1,-99,-0.099,0.93
30,"dotcolour","highSC","average",0.952,1,1,-99,-0.099,0.93
30,"dotcolour","highSC","hard",0.768,1,0,-99,-0.099,0.93
30,"dotcolour","highSC","hard",0.451,-1,1,-99,-0.099,0.93
30,"dotcolour","highSC","hard",0.735,-1,1,-99,-0.099,0.93
30,"dotcolour","highSC","hard",0.868,-1,1,-99,-0.099,0.93
30,"dotcolour","highSC","easy",0.552,1,1,-99,-0.099,0.93
30,"dotcolour","highSC","average",0.867,-1,0,-99,-0.099,0.93
30,"dotcolour","highSC","hard",0.885,-1,1,-99,-0.099,0.93
30,"dotcolour","highSC","easy",0.536,-1,1,-99,-0.099,0.93
30,"dotcolour","highSC","hard",0.618,1,1,-99,-0.099,0.93
30,"dotcolour","highSC","hard",0.601,1,1,-99,-0.099,0.93
30,"dotcolour","highSC","easy",0.584,1,1,-99,-0.099,0.93
30,"dotcolour","highSC","easy",0.452,-1,1,-99,-0.099,0.94
30,"dotcolour","highSC","easy",0.435,-1,1,-99,-0.099,0.94
30,"dotcolour","highSC","easy",0.418,1,1,-99,-0.099,0.94
30,"dotcolour","highSC","hard",0.785,1,1,-99,-0.099,0.94
30,"dotcolour","highSC","hard",0.519,-1,1,-99,-0.099,0.94
30,"dotcolour","highSC","easy",0.568,-1,1,-99,-0.099,0.94
30,"dotcolour","highSC","average",0.518,1,1,-99,-0.099,0.94
30,"dotcolour","highSC","average",0.501,1,1,-99,-0.099,0.94
30,"dotcolour","highSC","hard",0.501,-1,1,-99,-0.099,0.94
30,"dotcolour","highSC","average",0.401,1,0,-99,-0.099,0.94
30,"dotcolour","highSC","easy",0.518,1,1,-99,-0.099,0.94
30,"dotcolour","highSC","average",0.469,-1,1,-99,-0.099,0.94
30,"dotcolour","highSC","easy",0.651,-1,1,-99,-0.099,0.94
30,"dotcolour","highSC","hard",0.969,1,1,-99,-0.099,0.94
30,"dotcolour","highSC","hard",0.852,-1,1,-99,-0.099,0.94
30,"dotcolour","highSC","average",0.618,1,1,-99,-0.099,0.94
30,"dotcolour","highSC","easy",0.635,-1,1,-99,-0.099,0.94
30,"dotcolour","highSC","easy",1.202,1,1,-99,-0.099,0.94
30,"dotcolour","highSC","hard",0.852,-1,1,-99,-0.099,0.94
30,"dotcolour","highSC","hard",0.786,1,1,-99,-0.099,0.94
30,"dotcolour","highSC","easy",0.518,1,1,-99,-0.099,0.94
30,"dotcolour","highSC","average",0.535,-1,1,-99,-0.099,0.94
30,"dotcolour","highSC","average",0.585,1,1,-99,-0.099,0.94
30,"dotcolour","highSC","hard",0.869,1,1,-99,-0.099,0.94
30,"dotnumber","mediumSC","easy",0.919,1,1,-99,-0.099,0.69
30,"dotnumber","mediumSC","hard",0.684,-1,0,-99,-0.099,0.69
30,"dotnumber","mediumSC","easy",1.153,-1,1,-99,-0.099,0.69
30,"dotnumber","mediumSC","easy",0.635,1,1,-99,-0.099,0.69
30,"dotnumber","mediumSC","hard",0.702,-1,1,-99,-0.099,0.69
30,"dotnumber","mediumSC","easy",0.501,-1,1,-99,-0.099,0.69
30,"dotnumber","mediumSC","easy",0.518,1,1,-99,-0.099,0.69
30,"dotnumber","mediumSC","average",0.568,-1,1,-99,-0.099,0.69
30,"dotnumber","mediumSC","average",0.535,1,1,-99,-0.099,0.69
30,"dotnumber","mediumSC","hard",0.652,-1,1,-99,-0.099,0.69
30,"dotnumber","mediumSC","average",0.519,1,1,-99,-0.099,0.69
30,"dotnumber","mediumSC","average",0.635,1,1,-99,-0.099,0.69
30,"dotnumber","mediumSC","average",0.701,-1,1,-99,-0.099,0.69
30,"dotnumber","mediumSC","hard",0.618,1,0,-99,-0.099,0.69
30,"dotnumber","mediumSC","hard",0.836,1,1,-99,-0.099,0.69
30,"dotnumber","mediumSC","average",0.585,-1,1,-99,-0.099,0.69
30,"dotnumber","mediumSC","average",0.768,1,1,-99,-0.099,0.69
30,"dotnumber","mediumSC","easy",0.636,1,1,-99,-0.099,0.69
30,"dotnumber","mediumSC","hard",0.567,-1,1,-99,-0.099,0.69
30,"dotnumber","mediumSC","average",0.701,-1,1,-99,-0.099,0.69
30,"dotnumber","mediumSC","hard",0.652,1,1,-99,-0.099,0.69
30,"dotnumber","mediumSC","average",0.519,-1,1,-99,-0.099,0.69
30,"dotnumber","mediumSC","hard",0.785,1,0,-99,-0.099,0.69
30,"dotnumber","mediumSC","easy",0.518,-1,1,-99,-0.099,0.69
30,"dotnumber","mediumSC","hard",0.818,-1,1,-99,-0.099,0.72
30,"dotnumber","mediumSC","average",0.618,-1,1,-99,-0.099,0.72
30,"dotnumber","mediumSC","hard",0.919,-1,0,-99,-0.099,0.72
30,"dotnumber","mediumSC","average",0.851,-1,1,-99,-0.099,0.72
30,"dotnumber","mediumSC","hard",0.519,-1,1,-99,-0.099,0.72
30,"dotnumber","mediumSC","average",0.586,1,0,-99,-0.099,0.72
30,"dotnumber","mediumSC","average",0.736,1,0,-99,-0.099,0.72
30,"dotnumber","mediumSC","hard",0.618,1,0,-99,-0.099,0.72
30,"dotnumber","mediumSC","average",0.753,-1,0,-99,-0.099,0.72
30,"dotnumber","mediumSC","easy",0.684,-1,1,-99,-0.099,0.72
30,"dotnumber","mediumSC","easy",0.635,-1,1,-99,-0.099,0.72
30,"dotnumber","mediumSC","easy",0.719,-1,1,-99,-0.099,0.72
30,"dotnumber","mediumSC","average",1.086,1,0,-99,-0.099,0.72
30,"dotnumber","mediumSC","easy",0.568,-1,1,-99,-0.099,0.72
30,"dotnumber","mediumSC","hard",0.669,1,0,-99,-0.099,0.72
30,"dotnumber","mediumSC","easy",0.484,-1,1,-99,-0.099,0.72
30,"dotnumber","mediumSC","easy",0.536,1,1,-99,-0.099,0.72
30,"dotnumber","mediumSC","average",0.702,1,1,-99,-0.099,0.72
30,"dotnumber","mediumSC","easy",0.485,-1,1,-99,-0.099,0.72
30,"dotnumber","mediumSC","hard",0.6,1,0,-99,-0.099,0.72
30,"dotnumber","mediumSC","easy",0.618,1,1,-99,-0.099,0.72
30,"dotnumber","mediumSC","easy",0.485,-1,1,-99,-0.099,0.72
30,"dotnumber","mediumSC","hard",0.468,1,1,-99,-0.099,0.72
30,"dotnumber","mediumSC","average",0.585,1,1,-99,-0.099,0.72
30,"dotnumber","mediumSC","hard",0.585,1,0,-99,-0.099,0.72
30,"dotnumber","mediumSC","average",0.553,-1,1,-99,-0.099,0.72
30,"dotnumber","mediumSC","average",0.935,1,0,-99,-0.099,0.72
30,"dotnumber","mediumSC","hard",0.886,-1,1,-99,-0.099,0.72
30,"dotnumber","mediumSC","average",0.902,1,1,-99,-0.099,0.72
30,"dotnumber","mediumSC","easy",0.702,1,1,-99,-0.099,0.72
30,"dotnumber","mediumSC","average",1.219,-1,0,-99,-0.099,0.72
30,"dotnumber","mediumSC","average",0.617,-1,1,-99,-0.099,0.72
30,"dotnumber","mediumSC","average",0.969,-1,0,-99,-0.099,0.72
30,"dotnumber","mediumSC","hard",1.42,-1,0,-99,-0.099,0.72
30,"dotnumber","mediumSC","average",0.802,-1,1,-99,-0.099,0.72
30,"dotnumber","mediumSC","easy",0.585,1,1,-99,-0.099,0.72
30,"dotnumber","mediumSC","hard",0.685,-1,1,-99,-0.099,0.72
30,"dotnumber","mediumSC","average",0.534,1,1,-99,-0.099,0.72
30,"dotnumber","mediumSC","easy",1.019,-1,0,-99,-0.099,0.72
30,"dotnumber","mediumSC","average",0.519,1,1,-99,-0.099,0.72
30,"dotnumber","mediumSC","hard",0.485,1,1,-99,-0.099,0.72
30,"dotnumber","mediumSC","easy",0.585,-1,1,-99,-0.099,0.72
30,"dotnumber","mediumSC","average",0.603,-1,0,-99,-0.099,0.72
30,"dotnumber","mediumSC","hard",0.868,-1,0,-99,-0.099,0.72
30,"dotnumber","mediumSC","average",0.569,1,1,-99,-0.099,0.72
30,"dotnumber","mediumSC","easy",0.685,1,1,-99,-0.099,0.72
30,"dotnumber","mediumSC","hard",0.552,-1,0,-99,-0.099,0.72
30,"dotnumber","mediumSC","average",0.752,1,1,-99,-0.099,0.72
30,"dotnumber","mediumSC","hard",0.769,1,0,-99,-0.099,0.75
30,"dotnumber","mediumSC","hard",0.535,-1,0,-99,-0.099,0.75
30,"dotnumber","mediumSC","hard",0.468,1,1,-99,-0.099,0.75
30,"dotnumber","mediumSC","hard",0.618,1,1,-99,-0.099,0.75
30,"dotnumber","mediumSC","hard",0.401,1,1,-99,-0.099,0.75
30,"dotnumber","mediumSC","average",0.736,1,0,-99,-0.099,0.75
30,"dotnumber","mediumSC","hard",0.535,1,1,-99,-0.099,0.75
30,"dotnumber","mediumSC","average",0.752,-1,1,-99,-0.099,0.75
30,"dotnumber","mediumSC","easy",0.618,1,1,-99,-0.099,0.75
30,"dotnumber","mediumSC","easy",0.534,-1,1,-99,-0.099,0.75
30,"dotnumber","mediumSC","average",0.702,-1,1,-99,-0.099,0.75
30,"dotnumber","mediumSC","easy",0.568,-1,1,-99,-0.099,0.75
30,"dotnumber","mediumSC","easy",0.601,1,1,-99,-0.099,0.75
30,"dotnumber","mediumSC","average",0.719,1,0,-99,-0.099,0.75
30,"dotnumber","mediumSC","hard",0.735,1,1,-99,-0.099,0.75
30,"dotnumber","mediumSC","easy",0.518,1,1,-99,-0.099,0.75
30,"dotnumber","mediumSC","easy",0.468,-1,1,-99,-0.099,0.75
30,"dotnumber","mediumSC","hard",0.569,1,0,-99,-0.099,0.75
30,"dotnumber","mediumSC","easy",0.635,1,1,-99,-0.099,0.75
30,"dotnumber","mediumSC","easy",0.668,1,1,-99,-0.099,0.75
30,"dotnumber","mediumSC","easy",0.468,-1,1,-99,-0.099,0.75
30,"dotnumber","mediumSC","average",0.685,-1,1,-99,-0.099,0.75
30,"dotnumber","mediumSC","hard",0.685,-1,0,-99,-0.099,0.75
30,"dotnumber","mediumSC","average",0.702,-1,0,-99,-0.099,0.75
30,"dotnumber","mediumSC","average",0.785,1,0,-99,-0.099,0.78
30,"dotnumber","mediumSC","easy",0.585,1,1,-99,-0.099,0.78
30,"dotnumber","mediumSC","average",0.435,-1,1,-99,-0.099,0.78
30,"dotnumber","mediumSC","easy",0.451,1,1,-99,-0.099,0.78
30,"dotnumber","mediumSC","average",0.618,1,1,-99,-0.099,0.78
30,"dotnumber","mediumSC","hard",0.485,-1,1,-99,-0.099,0.78
30,"dotnumber","mediumSC","average",0.518,1,1,-99,-0.099,0.78
30,"dotnumber","mediumSC","hard",0.818,1,1,-99,-0.099,0.78
30,"dotnumber","mediumSC","easy",0.652,-1,1,-99,-0.099,0.78
30,"dotnumber","mediumSC","easy",0.651,-1,1,-99,-0.099,0.78
30,"dotnumber","mediumSC","average",0.535,1,1,-99,-0.099,0.78
30,"dotnumber","mediumSC","easy",0.468,-1,1,-99,-0.099,0.78
30,"dotnumber","mediumSC","easy",0.684,1,1,-99,-0.099,0.78
30,"dotnumber","mediumSC","easy",0.635,-1,1,-99,-0.099,0.78
30,"dotnumber","mediumSC","easy",0.684,1,1,-99,-0.099,0.78
30,"dotnumber","mediumSC","average",0.868,1,1,-99,-0.099,0.78
30,"dotnumber","mediumSC","easy",0.835,-1,1,-99,-0.099,0.78
30,"dotnumber","mediumSC","hard",0.852,1,0,-99,-0.099,0.78
30,"dotnumber","mediumSC","average",0.652,-1,1,-99,-0.099,0.78
30,"dotnumber","mediumSC","hard",0.602,1,1,-99,-0.099,0.78
30,"dotnumber","mediumSC","easy",0.652,1,1,-99,-0.099,0.78
30,"dotnumber","mediumSC","hard",0.651,1,0,-99,-0.099,0.78
30,"dotnumber","mediumSC","hard",0.685,-1,1,-99,-0.099,0.78
30,"dotnumber","mediumSC","hard",0.634,1,1,-99,-0.099,0.78
31,"dotcolour","highSC","easy",2.286,1,1,-99,-0.099,0.89
31,"dotcolour","highSC","easy",0.702,-1,0,-99,-0.099,0.89
31,"dotcolour","highSC","easy",0.753,-1,1,-99,-0.099,0.89
31,"dotcolour","highSC","average",0.701,1,1,-99,-0.099,0.89
31,"dotcolour","highSC","hard",0.702,-1,1,-99,-0.099,0.89
31,"dotcolour","highSC","average",0.751,1,1,-99,-0.099,0.89
31,"dotcolour","highSC","easy",0.752,-1,1,-99,-0.099,0.89
31,"dotcolour","highSC","hard",1.369,-1,1,-99,-0.099,0.89
31,"dotcolour","highSC","hard",1.67,1,1,-99,-0.099,0.89
31,"dotcolour","highSC","easy",0.986,-1,1,-99,-0.099,0.89
31,"dotcolour","highSC","hard",0.835,-1,1,-99,-0.099,0.89
31,"dotcolour","highSC","average",1.753,-1,1,-99,-0.099,0.89
31,"dotcolour","highSC","average",0.769,-1,1,-99,-0.099,0.89
31,"dotcolour","highSC","hard",1.136,1,1,-99,-0.099,0.89
31,"dotcolour","highSC","easy",0.818,1,1,-99,-0.099,0.89
31,"dotcolour","highSC","easy",0.785,1,1,-99,-0.099,0.89
31,"dotcolour","highSC","hard",0.818,-1,0,-99,-0.099,0.89
31,"dotcolour","highSC","average",1.036,1,1,-99,-0.099,0.89
31,"dotcolour","highSC","easy",0.802,-1,1,-99,-0.099,0.89
31,"dotcolour","highSC","easy",0.702,1,1,-99,-0.099,0.89
31,"dotcolour","highSC","average",0.585,1,0,-99,-0.099,0.89
31,"dotcolour","highSC","easy",0.868,1,1,-99,-0.099,0.89
31,"dotcolour","highSC","average",0.902,1,1,-99,-0.099,0.89
31,"dotcolour","highSC","easy",0.769,1,1,-99,-0.099,0.89
31,"dotcolour","highSC","average",0.786,1,1,-99,-0.099,0.84
31,"dotcolour","highSC","average",0.901,1,1,-99,-0.099,0.84
31,"dotcolour","highSC","average",0.651,-1,1,-99,-0.099,0.84
31,"dotcolour","highSC","hard",0.752,-1,1,-99,-0.099,0.84
31,"dotcolour","highSC","hard",1.169,-1,1,-99,-0.099,0.84
31,"dotcolour","highSC","average",0.786,-1,1,-99,-0.099,0.84
31,"dotcolour","highSC","easy",0.785,1,1,-99,-0.099,0.84
31,"dotcolour","highSC","easy",1.636,1,1,-99,-0.099,0.84
31,"dotcolour","highSC","average",0.936,1,1,-99,-0.099,0.84
31,"dotcolour","highSC","average",0.768,-1,1,-99,-0.099,0.84
31,"dotcolour","highSC","average",0.735,-1,1,-99,-0.099,0.84
31,"dotcolour","highSC","hard",1.052,1,1,-99,-0.099,0.84
31,"dotcolour","highSC","hard",0.919,-1,0,-99,-0.099,0.84
31,"dotcolour","highSC","average",0.919,1,1,-99,-0.099,0.84
31,"dotcolour","highSC","hard",0.885,-1,1,-99,-0.099,0.84
31,"dotcolour","highSC","easy",0.652,-1,1,-99,-0.099,0.84
31,"dotcolour","highSC","easy",0.635,1,1,-99,-0.099,0.84
31,"dotcolour","highSC","average",0.668,1,1,-99,-0.099,0.84
31,"dotcolour","highSC","hard",0.986,-1,0,-99,-0.099,0.84
31,"dotcolour","highSC","hard",1.069,1,1,-99,-0.099,0.84
31,"dotcolour","highSC","average",0.835,-1,1,-99,-0.099,0.84
31,"dotcolour","highSC","hard",1.653,1,1,-99,-0.099,0.84
31,"dotcolour","highSC","hard",0.785,-1,1,-99,-0.099,0.84
31,"dotcolour","highSC","easy",0.619,1,1,-99,-0.099,0.84
31,"dotcolour","highSC","average",0.802,1,1,-99,-0.099,0.86
31,"dotcolour","highSC","average",0.653,-1,1,-99,-0.099,0.86
31,"dotcolour","highSC","hard",0.935,-1,0,-99,-0.099,0.86
31,"dotcolour","highSC","average",0.651,-1,1,-99,-0.099,0.86
31,"dotcolour","highSC","easy",0.803,1,1,-99,-0.099,0.86
31,"dotcolour","highSC","easy",0.552,1,1,-99,-0.099,0.86
31,"dotcolour","highSC","easy",0.586,-1,1,-99,-0.099,0.86
31,"dotcolour","highSC","hard",0.701,-1,0,-99,-0.099,0.86
31,"dotcolour","highSC","hard",0.769,-1,0,-99,-0.099,0.86
31,"dotcolour","highSC","hard",0.736,-1,0,-99,-0.099,0.86
31,"dotcolour","highSC","easy",0.634,1,1,-99,-0.099,0.86
31,"dotcolour","highSC","average",0.802,1,1,-99,-0.099,0.86
31,"dotcolour","highSC","easy",0.702,1,1,-99,-0.099,0.86
31,"dotcolour","highSC","hard",0.902,-1,1,-99,-0.099,0.86
31,"dotcolour","highSC","hard",0.702,-1,0,-99,-0.099,0.86
31,"dotcolour","highSC","hard",0.735,-1,1,-99,-0.099,0.86
31,"dotcolour","highSC","average",0.918,-1,1,-99,-0.099,0.86
31,"dotcolour","highSC","easy",0.952,1,1,-99,-0.099,0.86
31,"dotcolour","highSC","average",0.702,-1,1,-99,-0.099,0.86
31,"dotcolour","highSC","hard",0.535,-1,1,-99,-0.099,0.86
31,"dotcolour","highSC","hard",0.769,-1,0,-99,-0.099,0.86
31,"dotcolour","highSC","easy",0.601,1,1,-99,-0.099,0.86
31,"dotcolour","highSC","easy",0.552,-1,1,-99,-0.099,0.86
31,"dotcolour","highSC","easy",0.601,1,1,-99,-0.099,0.86
31,"dotcolour","highSC","average",0.585,-1,1,-99,-0.099,0.9
31,"dotcolour","highSC","easy",0.585,-1,1,-99,-0.099,0.9
31,"dotcolour","highSC","average",0.469,-1,1,-99,-0.099,0.9
31,"dotcolour","highSC","hard",0.535,-1,1,-99,-0.099,0.9
31,"dotcolour","highSC","easy",0.585,1,1,-99,-0.099,0.9
31,"dotcolour","highSC","average",0.703,-1,1,-99,-0.099,0.9
31,"dotcolour","highSC","hard",1.003,1,1,-99,-0.099,0.9
31,"dotcolour","highSC","average",1.318,1,1,-99,-0.099,0.9
31,"dotcolour","highSC","hard",1.236,-1,0,-99,-0.099,0.9
31,"dotcolour","highSC","average",0.818,1,1,-99,-0.099,0.9
31,"dotcolour","highSC","easy",0.602,1,1,-99,-0.099,0.9
31,"dotcolour","highSC","average",0.635,1,1,-99,-0.099,0.9
31,"dotcolour","highSC","average",0.868,-1,1,-99,-0.099,0.9
31,"dotcolour","highSC","easy",0.518,1,1,-99,-0.099,0.9
31,"dotcolour","highSC","easy",0.568,-1,1,-99,-0.099,0.9
31,"dotcolour","highSC","hard",0.519,-1,1,-99,-0.099,0.9
31,"dotcolour","highSC","easy",0.535,-1,1,-99,-0.099,0.9
31,"dotcolour","highSC","average",0.551,-1,1,-99,-0.099,0.9
31,"dotcolour","highSC","hard",0.584,-1,1,-99,-0.099,0.9
31,"dotcolour","highSC","easy",0.519,1,1,-99,-0.099,0.9
31,"dotcolour","highSC","hard",0.685,-1,1,-99,-0.099,0.9
31,"dotcolour","highSC","easy",0.517,1,1,-99,-0.099,0.9
31,"dotcolour","highSC","average",0.552,-1,1,-99,-0.099,0.9
31,"dotcolour","highSC","hard",1.251,1,1,-99,-0.099,0.9
31,"dotcolour","highSC","average",0.734,-1,1,-99,-0.099,0.91
31,"dotcolour","highSC","easy",0.685,-1,1,-99,-0.099,0.91
31,"dotcolour","highSC","average",0.651,1,1,-99,-0.099,0.91
31,"dotcolour","highSC","average",0.818,1,1,-99,-0.099,0.91
31,"dotcolour","highSC","easy",0.552,-1,1,-99,-0.099,0.91
31,"dotcolour","highSC","average",0.651,1,1,-99,-0.099,0.91
31,"dotcolour","highSC","average",0.785,-1,1,-99,-0.099,0.91
31,"dotcolour","highSC","easy",0.619,1,1,-99,-0.099,0.91
31,"dotcolour","highSC","hard",0.819,-1,0,-99,-0.099,0.91
31,"dotcolour","highSC","average",0.985,1,1,-99,-0.099,0.91
31,"dotcolour","highSC","average",0.785,1,1,-99,-0.099,0.91
31,"dotcolour","highSC","easy",0.551,1,1,-99,-0.099,0.91
31,"dotcolour","highSC","hard",1.887,-1,1,-99,-0.099,0.91
31,"dotcolour","highSC","hard",0.735,1,1,-99,-0.099,0.91
31,"dotcolour","highSC","hard",0.619,-1,1,-99,-0.099,0.91
31,"dotcolour","highSC","easy",0.635,1,1,-99,-0.099,0.91
31,"dotcolour","highSC","hard",1.136,1,1,-99,-0.099,0.91
31,"dotcolour","highSC","hard",0.668,-1,0,-99,-0.099,0.91
31,"dotcolour","highSC","average",0.702,-1,1,-99,-0.099,0.91
31,"dotcolour","highSC","easy",0.618,1,1,-99,-0.099,0.91
31,"dotcolour","highSC","average",0.918,-1,1,-99,-0.099,0.91
31,"dotcolour","highSC","easy",0.535,1,1,-99,-0.099,0.91
31,"dotcolour","highSC","average",0.634,1,1,-99,-0.099,0.91
31,"dotcolour","highSC","average",0.618,-1,1,-99,-0.099,0.91
31,"dotnumber","mediumSC","easy",0.802,1,1,-99,-0.099,0.69
31,"dotnumber","mediumSC","easy",1.369,-1,1,-99,-0.099,0.69
31,"dotnumber","mediumSC","average",1.169,-1,1,-99,-0.099,0.69
31,"dotnumber","mediumSC","hard",0.802,-1,1,-99,-0.099,0.69
31,"dotnumber","mediumSC","easy",0.684,1,1,-99,-0.099,0.69
31,"dotnumber","mediumSC","easy",0.601,-1,1,-99,-0.099,0.69
31,"dotnumber","mediumSC","average",0.717,1,1,-99,-0.099,0.69
31,"dotnumber","mediumSC","hard",0.919,-1,1,-99,-0.099,0.69
31,"dotnumber","mediumSC","average",0.935,1,1,-99,-0.099,0.69
31,"dotnumber","mediumSC","easy",0.836,1,1,-99,-0.099,0.69
31,"dotnumber","mediumSC","easy",0.703,1,1,-99,-0.099,0.69
31,"dotnumber","mediumSC","easy",0.635,1,1,-99,-0.099,0.69
31,"dotnumber","mediumSC","easy",0.585,1,1,-99,-0.099,0.69
31,"dotnumber","mediumSC","easy",0.569,-1,1,-99,-0.099,0.69
31,"dotnumber","mediumSC","average",0.619,1,1,-99,-0.099,0.69
31,"dotnumber","mediumSC","hard",0.651,1,0,-99,-0.099,0.69
31,"dotnumber","mediumSC","hard",0.584,1,1,-99,-0.099,0.69
31,"dotnumber","mediumSC","easy",0.667,-1,1,-99,-0.099,0.69
31,"dotnumber","mediumSC","easy",0.568,-1,1,-99,-0.099,0.69
31,"dotnumber","mediumSC","easy",0.685,1,1,-99,-0.099,0.69
31,"dotnumber","mediumSC","hard",0.884,-1,0,-99,-0.099,0.69
31,"dotnumber","mediumSC","hard",1.185,-1,1,-99,-0.099,0.69
31,"dotnumber","mediumSC","easy",0.602,-1,1,-99,-0.099,0.69
31,"dotnumber","mediumSC","average",0.635,-1,1,-99,-0.099,0.69
31,"dotnumber","mediumSC","average",0.568,-1,1,-99,-0.099,0.73
31,"dotnumber","mediumSC","easy",0.501,-1,1,-99,-0.099,0.73
31,"dotnumber","mediumSC","easy",0.685,1,1,-99,-0.099,0.73
31,"dotnumber","mediumSC","average",0.735,-1,1,-99,-0.099,0.73
31,"dotnumber","mediumSC","average",1.069,-1,0,-99,-0.099,0.73
31,"dotnumber","mediumSC","average",1.002,-1,1,-99,-0.099,0.73
31,"dotnumber","mediumSC","easy",0.852,-1,1,-99,-0.099,0.73
31,"dotnumber","mediumSC","hard",0.902,-1,0,-99,-0.099,0.73
31,"dotnumber","mediumSC","hard",0.936,-1,1,-99,-0.099,0.73
31,"dotnumber","mediumSC","easy",0.802,-1,1,-99,-0.099,0.73
31,"dotnumber","mediumSC","average",0.868,-1,1,-99,-0.099,0.73
31,"dotnumber","mediumSC","average",1.503,1,0,-99,-0.099,0.73
31,"dotnumber","mediumSC","hard",1.186,-1,0,-99,-0.099,0.73
31,"dotnumber","mediumSC","average",0.601,1,1,-99,-0.099,0.73
31,"dotnumber","mediumSC","average",0.868,-1,1,-99,-0.099,0.73
31,"dotnumber","mediumSC","hard",0.668,-1,0,-99,-0.099,0.73
31,"dotnumber","mediumSC","hard",0.784,-1,0,-99,-0.099,0.73
31,"dotnumber","mediumSC","easy",0.669,1,1,-99,-0.099,0.73
31,"dotnumber","mediumSC","easy",0.618,-1,0,-99,-0.099,0.73
31,"dotnumber","mediumSC","average",0.65,1,1,-99,-0.099,0.73
31,"dotnumber","mediumSC","easy",0.618,1,1,-99,-0.099,0.73
31,"dotnumber","mediumSC","easy",0.552,-1,1,-99,-0.099,0.73
31,"dotnumber","mediumSC","average",0.802,1,0,-99,-0.099,0.73
31,"dotnumber","mediumSC","average",0.653,1,1,-99,-0.099,0.73
31,"dotnumber","mediumSC","average",0.819,-1,1,-99,-0.099,0.76
31,"dotnumber","mediumSC","easy",0.685,-1,1,-99,-0.099,0.76
31,"dotnumber","mediumSC","hard",1.202,1,0,-99,-0.099,0.76
31,"dotnumber","mediumSC","easy",0.652,-1,1,-99,-0.099,0.76
31,"dotnumber","mediumSC","average",0.701,-1,1,-99,-0.099,0.76
31,"dotnumber","mediumSC","easy",1.119,1,0,-99,-0.099,0.76
31,"dotnumber","mediumSC","hard",0.701,1,1,-99,-0.099,0.76
31,"dotnumber","mediumSC","easy",0.602,1,1,-99,-0.099,0.76
31,"dotnumber","mediumSC","average",0.619,1,1,-99,-0.099,0.76
31,"dotnumber","mediumSC","easy",0.885,-1,1,-99,-0.099,0.76
31,"dotnumber","mediumSC","hard",1.652,-1,0,-99,-0.099,0.76
31,"dotnumber","mediumSC","average",0.635,-1,1,-99,-0.099,0.76
31,"dotnumber","mediumSC","average",0.618,1,1,-99,-0.099,0.76
31,"dotnumber","mediumSC","easy",0.551,-1,1,-99,-0.099,0.76
31,"dotnumber","mediumSC","average",0.585,1,1,-99,-0.099,0.76
31,"dotnumber","mediumSC","hard",0.918,-1,1,-99,-0.099,0.76
31,"dotnumber","mediumSC","average",0.518,-1,1,-99,-0.099,0.76
31,"dotnumber","mediumSC","easy",0.667,1,1,-99,-0.099,0.76
31,"dotnumber","mediumSC","average",0.552,1,0,-99,-0.099,0.76
31,"dotnumber","mediumSC","average",0.618,-1,1,-99,-0.099,0.76
31,"dotnumber","mediumSC","average",0.735,-1,1,-99,-0.099,0.76
31,"dotnumber","mediumSC","average",0.719,-1,1,-99,-0.099,0.76
31,"dotnumber","mediumSC","hard",0.686,1,1,-99,-0.099,0.76
31,"dotnumber","mediumSC","easy",0.483,-1,1,-99,-0.099,0.76
31,"dotnumber","mediumSC","hard",0.534,-1,0,-99,-0.099,0.78
31,"dotnumber","mediumSC","average",1.218,-1,1,-99,-0.099,0.78
31,"dotnumber","mediumSC","hard",0.667,1,0,-99,-0.099,0.78
31,"dotnumber","mediumSC","easy",0.635,-1,1,-99,-0.099,0.78
31,"dotnumber","mediumSC","hard",0.902,1,1,-99,-0.099,0.78
31,"dotnumber","mediumSC","average",0.769,1,0,-99,-0.099,0.78
31,"dotnumber","mediumSC","average",0.767,1,1,-99,-0.099,0.78
31,"dotnumber","mediumSC","easy",1.069,-1,1,-99,-0.099,0.78
31,"dotnumber","mediumSC","hard",0.752,1,1,-99,-0.099,0.78
31,"dotnumber","mediumSC","hard",0.518,1,1,-99,-0.099,0.78
31,"dotnumber","mediumSC","easy",0.734,1,1,-99,-0.099,0.78
31,"dotnumber","mediumSC","hard",0.869,1,0,-99,-0.099,0.78
31,"dotnumber","mediumSC","easy",0.551,1,1,-99,-0.099,0.78
31,"dotnumber","mediumSC","easy",0.551,-1,1,-99,-0.099,0.78
31,"dotnumber","mediumSC","easy",0.569,1,1,-99,-0.099,0.78
31,"dotnumber","mediumSC","easy",1.302,-1,1,-99,-0.099,0.78
31,"dotnumber","mediumSC","easy",0.551,1,1,-99,-0.099,0.78
31,"dotnumber","mediumSC","easy",0.502,1,1,-99,-0.099,0.78
31,"dotnumber","mediumSC","hard",0.968,-1,1,-99,-0.099,0.78
31,"dotnumber","mediumSC","average",0.551,1,1,-99,-0.099,0.78
31,"dotnumber","mediumSC","hard",1.018,-1,1,-99,-0.099,0.78
31,"dotnumber","mediumSC","hard",0.602,1,1,-99,-0.099,0.78
31,"dotnumber","mediumSC","hard",0.802,1,0,-99,-0.099,0.78
31,"dotnumber","mediumSC","easy",1.569,-1,1,-99,-0.099,0.78
31,"dotnumber","mediumSC","average",0.651,1,1,-99,-0.099,0.7
31,"dotnumber","mediumSC","hard",0.585,1,0,-99,-0.099,0.7
31,"dotnumber","mediumSC","easy",0.902,-1,1,-99,-0.099,0.7
31,"dotnumber","mediumSC","hard",0.719,-1,1,-99,-0.099,0.7
31,"dotnumber","mediumSC","average",0.885,1,1,-99,-0.099,0.7
31,"dotnumber","mediumSC","easy",0.667,-1,1,-99,-0.099,0.7
31,"dotnumber","mediumSC","easy",0.668,1,1,-99,-0.099,0.7
31,"dotnumber","mediumSC","easy",0.535,1,1,-99,-0.099,0.7
31,"dotnumber","mediumSC","average",0.719,-1,1,-99,-0.099,0.7
31,"dotnumber","mediumSC","hard",0.518,1,0,-99,-0.099,0.7
31,"dotnumber","mediumSC","average",0.801,1,0,-99,-0.099,0.7
31,"dotnumber","mediumSC","easy",1.052,-1,1,-99,-0.099,0.7
31,"dotnumber","mediumSC","hard",2.252,1,0,-99,-0.099,0.7
31,"dotnumber","mediumSC","average",0.669,-1,1,-99,-0.099,0.7
31,"dotnumber","mediumSC","average",0.918,1,1,-99,-0.099,0.7
31,"dotnumber","mediumSC","hard",0.686,1,0,-99,-0.099,0.7
31,"dotnumber","mediumSC","hard",0.968,-1,0,-99,-0.099,0.7
31,"dotnumber","mediumSC","easy",0.501,-1,1,-99,-0.099,0.7
31,"dotnumber","mediumSC","easy",0.702,1,1,-99,-0.099,0.7
31,"dotnumber","mediumSC","easy",0.618,-1,1,-99,-0.099,0.7
31,"dotnumber","mediumSC","average",0.686,-1,1,-99,-0.099,0.7
31,"dotnumber","mediumSC","average",1.37,1,1,-99,-0.099,0.7
31,"dotnumber","mediumSC","average",0.702,-1,1,-99,-0.099,0.7
31,"dotnumber","mediumSC","average",0.569,1,1,-99,-0.099,0.7
31,"xotask","lowSC","average",1.119,1,1,-99,-0.099,0.67
31,"xotask","lowSC","easy",0.535,-1,1,-99,-0.099,0.67
31,"xotask","lowSC","average",0.635,1,1,-99,-0.099,0.67
31,"xotask","lowSC","hard",0.636,1,1,-99,-0.099,0.67
31,"xotask","lowSC","hard",1.069,1,1,-99,-0.099,0.67
31,"xotask","lowSC","easy",0.885,1,1,-99,-0.099,0.67
31,"xotask","lowSC","average",0.985,1,1,-99,-0.099,0.67
31,"xotask","lowSC","easy",0.584,1,1,-99,-0.099,0.67
31,"xotask","lowSC","average",0.585,-1,1,-99,-0.099,0.67
31,"xotask","lowSC","easy",3.904,-1,1,-99,-0.099,0.67
31,"xotask","lowSC","hard",1.486,1,1,-99,-0.099,0.67
31,"xotask","lowSC","hard",0.735,1,1,-99,-0.099,0.67
31,"xotask","lowSC","average",1.102,1,1,-99,-0.099,0.67
31,"xotask","lowSC","average",1.786,1,0,-99,-0.099,0.67
31,"xotask","lowSC","hard",0.835,1,0,-99,-0.099,0.67
31,"xotask","lowSC","easy",0.551,1,1,-99,-0.099,0.67
31,"xotask","lowSC","hard",0.651,-1,1,-99,-0.099,0.67
31,"xotask","lowSC","easy",0.568,-1,1,-99,-0.099,0.67
31,"xotask","lowSC","average",0.619,1,1,-99,-0.099,0.67
31,"xotask","lowSC","average",0.735,-1,1,-99,-0.099,0.67
31,"xotask","lowSC","easy",0.503,-1,1,-99,-0.099,0.67
31,"xotask","lowSC","easy",0.469,-1,1,-99,-0.099,0.67
31,"xotask","lowSC","average",1.002,-1,1,-99,-0.099,0.67
31,"xotask","lowSC","easy",0.719,1,1,-99,-0.099,0.67
31,"xotask","lowSC","easy",0.569,1,1,-99,-0.099,0.64
31,"xotask","lowSC","average",0.503,1,1,-99,-0.099,0.64
31,"xotask","lowSC","average",0.836,1,1,-99,-0.099,0.64
31,"xotask","lowSC","easy",0.651,-1,1,-99,-0.099,0.64
31,"xotask","lowSC","hard",0.636,-1,1,-99,-0.099,0.64
31,"xotask","lowSC","average",1.285,-1,1,-99,-0.099,0.64
31,"xotask","lowSC","easy",0.568,1,1,-99,-0.099,0.64
31,"xotask","lowSC","hard",0.752,-1,1,-99,-0.099,0.64
31,"xotask","lowSC","easy",0.602,1,0,-99,-0.099,0.64
31,"xotask","lowSC","easy",0.502,1,1,-99,-0.099,0.64
31,"xotask","lowSC","hard",1.235,-1,0,-99,-0.099,0.64
31,"xotask","lowSC","easy",0.818,-1,1,-99,-0.099,0.64
31,"xotask","lowSC","average",0.702,-1,1,-99,-0.099,0.64
31,"xotask","lowSC","hard",0.619,1,1,-99,-0.099,0.64
31,"xotask","lowSC","average",0.634,1,1,-99,-0.099,0.64
31,"xotask","lowSC","average",0.585,-1,1,-99,-0.099,0.64
31,"xotask","lowSC","average",0.619,1,1,-99,-0.099,0.64
31,"xotask","lowSC","easy",0.984,-1,1,-99,-0.099,0.64
31,"xotask","lowSC","average",0.535,-1,1,-99,-0.099,0.64
31,"xotask","lowSC","average",0.518,-1,1,-99,-0.099,0.64
31,"xotask","lowSC","hard",0.635,1,0,-99,-0.099,0.64
31,"xotask","lowSC","hard",0.685,1,1,-99,-0.099,0.64
31,"xotask","lowSC","hard",0.702,-1,1,-99,-0.099,0.64
31,"xotask","lowSC","average",0.535,-1,1,-99,-0.099,0.64
31,"xotask","lowSC","hard",0.501,-1,1,-99,-0.099,0.56
31,"xotask","lowSC","average",0.586,1,1,-99,-0.099,0.56
31,"xotask","lowSC","easy",0.569,1,1,-99,-0.099,0.56
31,"xotask","lowSC","hard",0.918,-1,0,-99,-0.099,0.56
31,"xotask","lowSC","average",0.451,1,1,-99,-0.099,0.56
31,"xotask","lowSC","easy",0.502,1,1,-99,-0.099,0.56
31,"xotask","lowSC","hard",0.752,-1,0,-99,-0.099,0.56
31,"xotask","lowSC","easy",0.469,1,1,-99,-0.099,0.56
31,"xotask","lowSC","hard",0.418,1,1,-99,-0.099,0.56
31,"xotask","lowSC","easy",0.419,1,1,-99,-0.099,0.56
31,"xotask","lowSC","average",0.335,1,1,-99,-0.099,0.56
31,"xotask","lowSC","average",0.401,1,0,-99,-0.099,0.56
31,"xotask","lowSC","easy",0.635,-1,1,-99,-0.099,0.56
31,"xotask","lowSC","easy",0.818,-1,0,-99,-0.099,0.56
31,"xotask","lowSC","hard",0.634,1,1,-99,-0.099,0.56
31,"xotask","lowSC","hard",0.734,-1,1,-99,-0.099,0.56
31,"xotask","lowSC","average",0.585,1,1,-99,-0.099,0.56
31,"xotask","lowSC","hard",1.319,1,0,-99,-0.099,0.56
31,"xotask","lowSC","hard",0.751,1,1,-99,-0.099,0.56
31,"xotask","lowSC","hard",0.735,1,0,-99,-0.099,0.56
31,"xotask","lowSC","average",1.018,-1,1,-99,-0.099,0.56
31,"xotask","lowSC","average",0.752,-1,1,-99,-0.099,0.56
31,"xotask","lowSC","hard",0.801,1,1,-99,-0.099,0.56
31,"xotask","lowSC","hard",0.885,-1,1,-99,-0.099,0.56
31,"xotask","lowSC","easy",0.652,1,1,-99,-0.099,0.56
31,"xotask","lowSC","average",0.686,-1,1,-99,-0.099,0.56
31,"xotask","lowSC","average",0.785,1,1,-99,-0.099,0.56
31,"xotask","lowSC","average",0.534,-1,1,-99,-0.099,0.56
31,"xotask","lowSC","easy",0.518,1,0,-99,-0.099,0.56
31,"xotask","lowSC","hard",0.669,1,1,-99,-0.099,0.56
31,"xotask","lowSC","easy",0.619,-1,1,-99,-0.099,0.56
31,"xotask","lowSC","easy",0.484,-1,1,-99,-0.099,0.56
31,"xotask","lowSC","hard",0.519,-1,1,-99,-0.099,0.56
31,"xotask","lowSC","hard",0.736,1,0,-99,-0.099,0.56
31,"xotask","lowSC","average",0.836,1,1,-99,-0.099,0.56
31,"xotask","lowSC","average",1.335,-1,0,-99,-0.099,0.56
31,"xotask","lowSC","average",1.403,-1,0,-99,-0.099,0.56
31,"xotask","lowSC","average",0.652,-1,1,-99,-0.099,0.56
31,"xotask","lowSC","average",0.651,1,1,-99,-0.099,0.56
31,"xotask","lowSC","hard",0.652,1,1,-99,-0.099,0.56
31,"xotask","lowSC","hard",1.086,1,1,-99,-0.099,0.56
31,"xotask","lowSC","average",0.734,1,1,-99,-0.099,0.56
31,"xotask","lowSC","average",0.819,1,1,-99,-0.099,0.56
31,"xotask","lowSC","hard",0.835,1,1,-99,-0.099,0.56
31,"xotask","lowSC","easy",0.702,1,1,-99,-0.099,0.56
31,"xotask","lowSC","easy",0.519,1,1,-99,-0.099,0.56
31,"xotask","lowSC","average",0.618,-1,1,-99,-0.099,0.56
31,"xotask","lowSC","average",0.718,1,1,-99,-0.099,0.56
31,"xotask","lowSC","easy",0.535,1,1,-99,-0.099,0.65
31,"xotask","lowSC","average",0.835,-1,1,-99,-0.099,0.65
31,"xotask","lowSC","easy",1.335,1,1,-99,-0.099,0.65
31,"xotask","lowSC","hard",0.868,-1,0,-99,-0.099,0.65
31,"xotask","lowSC","easy",0.751,1,0,-99,-0.099,0.65
31,"xotask","lowSC","easy",0.652,-1,1,-99,-0.099,0.65
31,"xotask","lowSC","average",0.502,-1,0,-99,-0.099,0.65
31,"xotask","lowSC","hard",0.617,1,1,-99,-0.099,0.65
31,"xotask","lowSC","hard",2.037,-1,1,-99,-0.099,0.65
31,"xotask","lowSC","hard",1.036,1,1,-99,-0.099,0.65
31,"xotask","lowSC","hard",1.185,1,1,-99,-0.099,0.65
31,"xotask","lowSC","average",0.752,-1,1,-99,-0.099,0.65
31,"xotask","lowSC","average",0.868,-1,1,-99,-0.099,0.65
31,"xotask","lowSC","easy",0.619,-1,1,-99,-0.099,0.65
31,"xotask","lowSC","average",0.634,1,1,-99,-0.099,0.65
31,"xotask","lowSC","average",0.886,1,1,-99,-0.099,0.65
31,"xotask","lowSC","hard",0.851,-1,1,-99,-0.099,0.65
31,"xotask","lowSC","easy",1.236,1,0,-99,-0.099,0.65
31,"xotask","lowSC","average",0.952,1,1,-99,-0.099,0.65
31,"xotask","lowSC","average",0.985,1,1,-99,-0.099,0.65
31,"xotask","lowSC","easy",0.669,-1,1,-99,-0.099,0.65
31,"xotask","lowSC","easy",0.535,-1,1,-99,-0.099,0.65
31,"xotask","lowSC","hard",0.768,-1,0,-99,-0.099,0.65
31,"xotask","lowSC","average",1.019,1,1,-99,-0.099,0.65
32,"dotnumber","mediumSC","easy",3.556,1,1,-99,-0.099,0.77
32,"dotnumber","mediumSC","easy",1.286,-1,1,-99,-0.099,0.77
32,"dotnumber","mediumSC","easy",1.902,-1,1,-99,-0.099,0.77
32,"dotnumber","mediumSC","average",0.601,-1,1,-99,-0.099,0.77
32,"dotnumber","mediumSC","easy",0.769,-1,0,-99,-0.099,0.77
32,"dotnumber","mediumSC","hard",2.903,-1,0,-99,-0.099,0.77
32,"dotnumber","mediumSC","average",1.502,-1,0,-99,-0.099,0.77
32,"dotnumber","mediumSC","average",0.685,-1,0,-99,-0.099,0.77
32,"dotnumber","mediumSC","hard",0.602,-1,1,-99,-0.099,0.77
32,"dotnumber","mediumSC","hard",0.686,-1,1,-99,-0.099,0.77
32,"dotnumber","mediumSC","easy",0.601,-1,1,-99,-0.099,0.77
32,"dotnumber","mediumSC","easy",0.735,-1,0,-99,-0.099,0.77
32,"dotnumber","mediumSC","easy",0.618,1,1,-99,-0.099,0.77
32,"dotnumber","mediumSC","average",0.718,-1,0,-99,-0.099,0.77
32,"dotnumber","mediumSC","easy",1.102,1,1,-99,-0.099,0.77
32,"dotnumber","mediumSC","average",0.584,-1,1,-99,-0.099,0.77
32,"dotnumber","mediumSC","easy",0.569,-1,1,-99,-0.099,0.77
32,"dotnumber","mediumSC","easy",0.835,-1,1,-99,-0.099,0.77
32,"dotnumber","mediumSC","hard",0.683,1,1,-99,-0.099,0.77
32,"dotnumber","mediumSC","hard",0.835,-1,1,-99,-0.099,0.77
32,"dotnumber","mediumSC","hard",0.651,-1,1,-99,-0.099,0.77
32,"dotnumber","mediumSC","hard",1.069,1,1,-99,-0.099,0.77
32,"dotnumber","mediumSC","hard",0.585,-1,0,-99,-0.099,0.77
32,"dotnumber","mediumSC","easy",0.952,-1,0,-99,-0.099,0.75
32,"dotnumber","mediumSC","hard",1.253,1,0,-99,-0.099,0.75
32,"dotnumber","mediumSC","hard",0.852,-1,1,-99,-0.099,0.75
32,"dotnumber","mediumSC","hard",0.668,1,1,-99,-0.099,0.75
32,"dotnumber","mediumSC","hard",0.835,1,0,-99,-0.099,0.75
32,"dotnumber","mediumSC","average",0.852,-1,1,-99,-0.099,0.75
32,"dotnumber","mediumSC","average",0.702,1,1,-99,-0.099,0.75
32,"dotnumber","mediumSC","average",0.885,1,1,-99,-0.099,0.75
32,"dotnumber","mediumSC","average",0.885,1,0,-99,-0.099,0.75
32,"dotnumber","mediumSC","average",0.802,1,0,-99,-0.099,0.75
32,"dotnumber","mediumSC","easy",0.484,-1,1,-99,-0.099,0.75
32,"dotnumber","mediumSC","hard",0.585,1,0,-99,-0.099,0.75
32,"dotnumber","mediumSC","easy",0.452,1,1,-99,-0.099,0.75
32,"dotnumber","mediumSC","average",0.435,1,1,-99,-0.099,0.75
32,"dotnumber","mediumSC","average",0.668,-1,1,-99,-0.099,0.75
32,"dotnumber","mediumSC","easy",0.518,-1,1,-99,-0.099,0.75
32,"dotnumber","mediumSC","average",0.568,1,0,-99,-0.099,0.75
32,"dotnumber","mediumSC","easy",0.685,1,1,-99,-0.099,0.75
32,"dotnumber","mediumSC","easy",0.535,1,1,-99,-0.099,0.75
32,"dotnumber","mediumSC","average",0.851,1,1,-99,-0.099,0.75
32,"dotnumber","mediumSC","easy",0.585,-1,1,-99,-0.099,0.75
32,"dotnumber","mediumSC","hard",0.602,1,1,-99,-0.099,0.75
32,"dotnumber","mediumSC","average",0.569,-1,1,-99,-0.099,0.75
32,"dotnumber","mediumSC","easy",0.619,-1,1,-99,-0.099,0.76
32,"dotnumber","mediumSC","easy",0.552,-1,1,-99,-0.099,0.76
32,"dotnumber","mediumSC","hard",0.619,-1,1,-99,-0.099,0.76
32,"dotnumber","mediumSC","easy",0.484,1,1,-99,-0.099,0.76
32,"dotnumber","mediumSC","hard",0.452,-1,0,-99,-0.099,0.76
32,"dotnumber","mediumSC","average",0.551,1,0,-99,-0.099,0.76
32,"dotnumber","mediumSC","hard",0.719,1,1,-99,-0.099,0.76
32,"dotnumber","mediumSC","average",0.518,1,1,-99,-0.099,0.76
32,"dotnumber","mediumSC","average",0.518,1,1,-99,-0.099,0.76
32,"dotnumber","mediumSC","hard",1.002,1,1,-99,-0.099,0.76
32,"dotnumber","mediumSC","hard",0.702,-1,1,-99,-0.099,0.76
32,"dotnumber","mediumSC","average",0.486,-1,1,-99,-0.099,0.76
32,"dotnumber","mediumSC","hard",0.618,1,1,-99,-0.099,0.76
32,"dotnumber","mediumSC","easy",0.868,1,0,-99,-0.099,0.76
32,"dotnumber","mediumSC","average",0.869,1,1,-99,-0.099,0.76
32,"dotnumber","mediumSC","easy",1.319,-1,1,-99,-0.099,0.76
32,"dotnumber","mediumSC","average",0.452,1,1,-99,-0.099,0.76
32,"dotnumber","mediumSC","easy",0.502,1,1,-99,-0.099,0.76
32,"dotnumber","mediumSC","average",0.401,1,1,-99,-0.099,0.76
32,"dotnumber","mediumSC","hard",0.768,1,0,-99,-0.099,0.76
32,"dotnumber","mediumSC","hard",0.636,1,0,-99,-0.099,0.76
32,"dotnumber","mediumSC","average",3.304,1,0,-99,-0.099,0.76
32,"dotnumber","mediumSC","hard",0.685,-1,0,-99,-0.099,0.76
32,"dotnumber","mediumSC","easy",0.418,1,1,-99,-0.099,0.76
32,"dotnumber","mediumSC","average",0.718,1,0,-99,-0.099,0.75
32,"dotnumber","mediumSC","average",0.519,1,1,-99,-0.099,0.75
32,"dotnumber","mediumSC","easy",0.585,1,1,-99,-0.099,0.75
32,"dotnumber","mediumSC","hard",0.568,1,1,-99,-0.099,0.75
32,"dotnumber","mediumSC","average",0.535,1,1,-99,-0.099,0.75
32,"dotnumber","mediumSC","hard",0.435,1,0,-99,-0.099,0.75
32,"dotnumber","mediumSC","easy",0.485,1,0,-99,-0.099,0.75
32,"dotnumber","mediumSC","easy",0.568,1,1,-99,-0.099,0.75
32,"dotnumber","mediumSC","easy",0.602,-1,1,-99,-0.099,0.75
32,"dotnumber","mediumSC","hard",0.451,1,0,-99,-0.099,0.75
32,"dotnumber","mediumSC","hard",0.452,1,1,-99,-0.099,0.75
32,"dotnumber","mediumSC","average",0.452,-1,1,-99,-0.099,0.75
32,"dotnumber","mediumSC","average",0.568,-1,1,-99,-0.099,0.75
32,"dotnumber","mediumSC","average",0.685,1,0,-99,-0.099,0.75
32,"dotnumber","mediumSC","easy",0.385,-1,1,-99,-0.099,0.75
32,"dotnumber","mediumSC","hard",0.435,-1,0,-99,-0.099,0.75
32,"dotnumber","mediumSC","hard",0.535,-1,1,-99,-0.099,0.75
32,"dotnumber","mediumSC","hard",0.483,-1,1,-99,-0.099,0.75
32,"dotnumber","mediumSC","average",0.918,-1,0,-99,-0.099,0.75
32,"dotnumber","mediumSC","easy",0.485,-1,1,-99,-0.099,0.75
32,"dotnumber","mediumSC","easy",0.535,1,1,-99,-0.099,0.75
32,"dotnumber","mediumSC","average",0.518,-1,1,-99,-0.099,0.75
32,"dotnumber","mediumSC","average",0.535,-1,1,-99,-0.099,0.75
32,"dotnumber","mediumSC","average",0.601,1,1,-99,-0.099,0.75
32,"dotnumber","mediumSC","average",0.417,-1,1,-99,-0.099,0.8
32,"dotnumber","mediumSC","easy",0.385,-1,1,-99,-0.099,0.8
32,"dotnumber","mediumSC","hard",0.519,-1,0,-99,-0.099,0.8
32,"dotnumber","mediumSC","average",0.568,-1,0,-99,-0.099,0.8
32,"dotnumber","mediumSC","hard",0.485,-1,0,-99,-0.099,0.8
32,"dotnumber","mediumSC","easy",0.652,-1,1,-99,-0.099,0.8
32,"dotnumber","mediumSC","hard",0.568,1,1,-99,-0.099,0.8
32,"dotnumber","mediumSC","average",0.551,1,1,-99,-0.099,0.8
32,"dotnumber","mediumSC","hard",0.552,-1,1,-99,-0.099,0.8
32,"dotnumber","mediumSC","easy",0.434,-1,1,-99,-0.099,0.8
32,"dotnumber","mediumSC","easy",0.401,-1,1,-99,-0.099,0.8
32,"dotnumber","mediumSC","easy",0.435,1,1,-99,-0.099,0.8
32,"dotnumber","mediumSC","hard",0.769,-1,0,-99,-0.099,0.8
32,"dotnumber","mediumSC","easy",2.921,1,0,-99,-0.099,0.8
32,"dotnumber","mediumSC","easy",0.401,1,1,-99,-0.099,0.8
32,"dotnumber","mediumSC","hard",0.602,-1,1,-99,-0.099,0.8
32,"dotnumber","mediumSC","hard",0.435,1,1,-99,-0.099,0.8
32,"dotnumber","mediumSC","easy",0.402,1,1,-99,-0.099,0.8
32,"dotnumber","mediumSC","average",0.451,1,1,-99,-0.099,0.8
32,"dotnumber","mediumSC","average",0.468,-1,1,-99,-0.099,0.8
32,"dotnumber","mediumSC","hard",0.402,1,0,-99,-0.099,0.8
32,"dotnumber","mediumSC","average",0.417,-1,1,-99,-0.099,0.8
32,"dotnumber","mediumSC","hard",0.502,1,1,-99,-0.099,0.8
32,"dotnumber","mediumSC","easy",0.501,1,1,-99,-0.099,0.8
32,"xotask","lowSC","average",3.204,-1,1,-99,-0.099,0.68
32,"xotask","lowSC","hard",0.818,1,1,-99,-0.099,0.68
32,"xotask","lowSC","average",0.919,-1,1,-99,-0.099,0.68
32,"xotask","lowSC","easy",0.735,1,1,-99,-0.099,0.68
32,"xotask","lowSC","average",1.218,1,1,-99,-0.099,0.68
32,"xotask","lowSC","average",0.602,-1,1,-99,-0.099,0.68
32,"xotask","lowSC","hard",1.52,-1,1,-99,-0.099,0.68
32,"xotask","lowSC","hard",1.202,-1,1,-99,-0.099,0.68
32,"xotask","lowSC","easy",0.802,1,1,-99,-0.099,0.68
32,"xotask","lowSC","hard",0.652,-1,0,-99,-0.099,0.68
32,"xotask","lowSC","easy",0.602,-1,1,-99,-0.099,0.68
32,"xotask","lowSC","hard",0.602,1,1,-99,-0.099,0.68
32,"xotask","lowSC","hard",1.553,1,1,-99,-0.099,0.68
32,"xotask","lowSC","average",0.635,-1,0,-99,-0.099,0.68
32,"xotask","lowSC","easy",0.752,1,1,-99,-0.099,0.68
32,"xotask","lowSC","average",0.569,-1,1,-99,-0.099,0.68
32,"xotask","lowSC","average",0.734,1,1,-99,-0.099,0.68
32,"xotask","lowSC","average",0.884,1,1,-99,-0.099,0.68
32,"xotask","lowSC","hard",1.269,1,0,-99,-0.099,0.68
32,"xotask","lowSC","hard",1.053,-1,1,-99,-0.099,0.68
32,"xotask","lowSC","average",0.835,1,1,-99,-0.099,0.68
32,"xotask","lowSC","hard",1.219,1,0,-99,-0.099,0.68
32,"xotask","lowSC","hard",0.985,1,0,-99,-0.099,0.68
32,"xotask","lowSC","average",1.252,-1,0,-99,-0.099,0.68
32,"xotask","lowSC","hard",0.736,1,1,-99,-0.099,0.6
32,"xotask","lowSC","average",1.002,-1,1,-99,-0.099,0.6
32,"xotask","lowSC","easy",0.835,1,0,-99,-0.099,0.6
32,"xotask","lowSC","easy",1.052,1,1,-99,-0.099,0.6
32,"xotask","lowSC","hard",0.752,1,1,-99,-0.099,0.6
32,"xotask","lowSC","hard",0.718,1,1,-99,-0.099,0.6
32,"xotask","lowSC","hard",0.568,1,0,-99,-0.099,0.6
32,"xotask","lowSC","average",0.451,1,1,-99,-0.099,0.6
32,"xotask","lowSC","average",0.486,-1,1,-99,-0.099,0.6
32,"xotask","lowSC","easy",0.936,-1,1,-99,-0.099,0.6
32,"xotask","lowSC","average",0.651,1,1,-99,-0.099,0.6
32,"xotask","lowSC","average",0.635,-1,1,-99,-0.099,0.6
32,"xotask","lowSC","easy",0.653,1,0,-99,-0.099,0.6
32,"xotask","lowSC","average",0.768,1,1,-99,-0.099,0.6
32,"xotask","lowSC","hard",0.651,1,1,-99,-0.099,0.6
32,"xotask","lowSC","average",0.602,1,0,-99,-0.099,0.6
32,"xotask","lowSC","average",0.635,1,1,-99,-0.099,0.6
32,"xotask","lowSC","hard",1.352,1,0,-99,-0.099,0.6
32,"xotask","lowSC","average",0.535,-1,1,-99,-0.099,0.6
32,"xotask","lowSC","hard",0.585,-1,1,-99,-0.099,0.6
32,"xotask","lowSC","hard",0.851,-1,0,-99,-0.099,0.6
32,"xotask","lowSC","hard",0.552,1,0,-99,-0.099,0.6
32,"xotask","lowSC","average",0.518,1,1,-99,-0.099,0.6
32,"xotask","lowSC","average",0.535,1,1,-99,-0.099,0.6
32,"xotask","lowSC","hard",0.486,1,0,-99,-0.099,0.61
32,"xotask","lowSC","average",0.651,1,0,-99,-0.099,0.61
32,"xotask","lowSC","easy",0.484,1,1,-99,-0.099,0.61
32,"xotask","lowSC","easy",0.484,1,1,-99,-0.099,0.61
32,"xotask","lowSC","easy",0.651,1,0,-99,-0.099,0.61
32,"xotask","lowSC","easy",0.551,1,1,-99,-0.099,0.61
32,"xotask","lowSC","average",0.534,1,1,-99,-0.099,0.61
32,"xotask","lowSC","average",1.019,-1,1,-99,-0.099,0.61
32,"xotask","lowSC","easy",0.702,-1,1,-99,-0.099,0.61
32,"xotask","lowSC","hard",1.185,-1,0,-99,-0.099,0.61
32,"xotask","lowSC","average",1.503,-1,1,-99,-0.099,0.61
32,"xotask","lowSC","average",0.752,-1,1,-99,-0.099,0.61
32,"xotask","lowSC","easy",0.719,-1,1,-99,-0.099,0.61
32,"xotask","lowSC","average",0.702,-1,1,-99,-0.099,0.61
32,"xotask","lowSC","hard",1.719,-1,0,-99,-0.099,0.61
32,"xotask","lowSC","average",0.669,1,1,-99,-0.099,0.61
32,"xotask","lowSC","easy",0.985,-1,1,-99,-0.099,0.61
32,"xotask","lowSC","easy",0.768,-1,1,-99,-0.099,0.61
32,"xotask","lowSC","hard",0.685,-1,1,-99,-0.099,0.61
32,"xotask","lowSC","hard",0.635,-1,1,-99,-0.099,0.61
32,"xotask","lowSC","hard",0.635,-1,1,-99,-0.099,0.61
32,"xotask","lowSC","average",0.718,1,1,-99,-0.099,0.61
32,"xotask","lowSC","easy",0.469,1,1,-99,-0.099,0.61
32,"xotask","lowSC","hard",1.236,-1,1,-99,-0.099,0.61
32,"xotask","lowSC","easy",0.818,-1,1,-99,-0.099,0.6
32,"xotask","lowSC","hard",0.618,1,1,-99,-0.099,0.6
32,"xotask","lowSC","easy",0.502,1,1,-99,-0.099,0.6
32,"xotask","lowSC","hard",0.718,-1,1,-99,-0.099,0.6
32,"xotask","lowSC","easy",0.635,-1,1,-99,-0.099,0.6
32,"xotask","lowSC","hard",0.735,1,1,-99,-0.099,0.6
32,"xotask","lowSC","easy",0.551,1,1,-99,-0.099,0.6
32,"xotask","lowSC","easy",0.668,-1,1,-99,-0.099,0.6
32,"xotask","lowSC","average",2.77,-1,1,-99,-0.099,0.6
32,"xotask","lowSC","average",0.634,1,1,-99,-0.099,0.6
32,"xotask","lowSC","average",0.718,-1,0,-99,-0.099,0.6
32,"xotask","lowSC","easy",0.634,1,1,-99,-0.099,0.6
32,"xotask","lowSC","hard",0.719,1,0,-99,-0.099,0.6
32,"xotask","lowSC","average",0.635,1,1,-99,-0.099,0.6
32,"xotask","lowSC","average",0.802,-1,1,-99,-0.099,0.6
32,"xotask","lowSC","hard",0.585,-1,1,-99,-0.099,0.6
32,"xotask","lowSC","hard",0.852,-1,0,-99,-0.099,0.6
32,"xotask","lowSC","average",0.702,-1,1,-99,-0.099,0.6
32,"xotask","lowSC","easy",0.668,1,1,-99,-0.099,0.6
32,"xotask","lowSC","hard",0.768,1,1,-99,-0.099,0.6
32,"xotask","lowSC","easy",0.602,1,1,-99,-0.099,0.6
32,"xotask","lowSC","hard",1.604,-1,0,-99,-0.099,0.6
32,"xotask","lowSC","hard",0.685,-1,1,-99,-0.099,0.6
32,"xotask","lowSC","hard",0.752,1,1,-99,-0.099,0.6
32,"xotask","lowSC","hard",0.819,-1,1,-99,-0.099,0.62
32,"xotask","lowSC","easy",0.669,1,1,-99,-0.099,0.62
32,"xotask","lowSC","hard",0.935,1,1,-99,-0.099,0.62
32,"xotask","lowSC","hard",0.968,-1,1,-99,-0.099,0.62
32,"xotask","lowSC","hard",0.685,-1,1,-99,-0.099,0.62
32,"xotask","lowSC","easy",0.619,1,1,-99,-0.099,0.62
32,"xotask","lowSC","hard",0.786,-1,1,-99,-0.099,0.62
32,"xotask","lowSC","hard",0.702,-1,1,-99,-0.099,0.62
32,"xotask","lowSC","easy",0.602,1,1,-99,-0.099,0.62
32,"xotask","lowSC","easy",0.635,-1,1,-99,-0.099,0.62
32,"xotask","lowSC","easy",0.767,-1,1,-99,-0.099,0.62
32,"xotask","lowSC","average",0.985,-1,1,-99,-0.099,0.62
32,"xotask","lowSC","hard",0.584,1,1,-99,-0.099,0.62
32,"xotask","lowSC","average",0.568,1,1,-99,-0.099,0.62
32,"xotask","lowSC","average",0.804,1,1,-99,-0.099,0.62
32,"xotask","lowSC","hard",1.303,-1,1,-99,-0.099,0.62
32,"xotask","lowSC","easy",0.635,1,1,-99,-0.099,0.62
32,"xotask","lowSC","easy",0.903,-1,1,-99,-0.099,0.62
32,"xotask","lowSC","hard",0.986,-1,1,-99,-0.099,0.62
32,"xotask","lowSC","easy",0.751,1,1,-99,-0.099,0.62
32,"xotask","lowSC","average",1.102,-1,1,-99,-0.099,0.62
32,"xotask","lowSC","average",1.135,-1,1,-99,-0.099,0.62
32,"xotask","lowSC","hard",0.602,1,0,-99,-0.099,0.62
32,"xotask","lowSC","average",0.635,1,1,-99,-0.099,0.62
32,"dotcolour","highSC","easy",1.686,1,1,-99,-0.099,0.85
32,"dotcolour","highSC","average",0.785,-1,1,-99,-0.099,0.85
32,"dotcolour","highSC","easy",0.669,1,1,-99,-0.099,0.85
32,"dotcolour","highSC","hard",0.951,-1,1,-99,-0.099,0.85
32,"dotcolour","highSC","hard",0.802,-1,1,-99,-0.099,0.85
32,"dotcolour","highSC","easy",0.551,1,1,-99,-0.099,0.85
32,"dotcolour","highSC","hard",1.053,-1,1,-99,-0.099,0.85
32,"dotcolour","highSC","hard",0.584,1,1,-99,-0.099,0.85
32,"dotcolour","highSC","average",0.635,1,1,-99,-0.099,0.85
32,"dotcolour","highSC","average",0.719,1,1,-99,-0.099,0.85
32,"dotcolour","highSC","average",1.303,-1,1,-99,-0.099,0.85
32,"dotcolour","highSC","hard",1.536,-1,0,-99,-0.099,0.85
32,"dotcolour","highSC","average",0.653,1,1,-99,-0.099,0.85
32,"dotcolour","highSC","hard",1.986,1,1,-99,-0.099,0.85
32,"dotcolour","highSC","hard",0.769,-1,1,-99,-0.099,0.85
32,"dotcolour","highSC","average",0.735,-1,1,-99,-0.099,0.85
32,"dotcolour","highSC","hard",0.986,-1,0,-99,-0.099,0.85
32,"dotcolour","highSC","hard",0.651,-1,1,-99,-0.099,0.85
32,"dotcolour","highSC","easy",0.803,1,1,-99,-0.099,0.85
32,"dotcolour","highSC","easy",0.552,-1,1,-99,-0.099,0.85
32,"dotcolour","highSC","average",0.702,-1,1,-99,-0.099,0.85
32,"dotcolour","highSC","easy",0.818,-1,1,-99,-0.099,0.85
32,"dotcolour","highSC","hard",0.718,1,1,-99,-0.099,0.85
32,"dotcolour","highSC","easy",0.702,1,1,-99,-0.099,0.85
32,"dotcolour","highSC","hard",1.119,1,1,-99,-0.099,0.83
32,"dotcolour","highSC","average",0.651,-1,1,-99,-0.099,0.83
32,"dotcolour","highSC","average",0.418,1,0,-99,-0.099,0.83
32,"dotcolour","highSC","average",0.584,-1,1,-99,-0.099,0.83
32,"dotcolour","highSC","hard",0.852,1,1,-99,-0.099,0.83
32,"dotcolour","highSC","easy",0.735,1,1,-99,-0.099,0.83
32,"dotcolour","highSC","easy",0.602,1,1,-99,-0.099,0.83
32,"dotcolour","highSC","average",0.486,-1,1,-99,-0.099,0.83
32,"dotcolour","highSC","average",0.485,1,1,-99,-0.099,0.83
32,"dotcolour","highSC","average",0.652,1,1,-99,-0.099,0.83
32,"dotcolour","highSC","easy",0.502,-1,1,-99,-0.099,0.83
32,"dotcolour","highSC","hard",0.719,-1,1,-99,-0.099,0.83
32,"dotcolour","highSC","hard",1.469,1,0,-99,-0.099,0.83
32,"dotcolour","highSC","average",1.102,1,1,-99,-0.099,0.83
32,"dotcolour","highSC","hard",0.719,1,1,-99,-0.099,0.83
32,"dotcolour","highSC","hard",0.97,1,0,-99,-0.099,0.83
32,"dotcolour","highSC","easy",0.535,1,1,-99,-0.099,0.83
32,"dotcolour","highSC","easy",0.518,-1,1,-99,-0.099,0.83
32,"dotcolour","highSC","hard",1.402,1,1,-99,-0.099,0.83
32,"dotcolour","highSC","easy",0.518,1,1,-99,-0.099,0.83
32,"dotcolour","highSC","easy",0.467,1,1,-99,-0.099,0.83
32,"dotcolour","highSC","average",0.534,-1,1,-99,-0.099,0.83
32,"dotcolour","highSC","easy",0.552,1,1,-99,-0.099,0.83
32,"dotcolour","highSC","average",0.517,1,1,-99,-0.099,0.83
32,"dotcolour","highSC","hard",0.736,1,1,-99,-0.099,0.86
32,"dotcolour","highSC","hard",0.785,1,0,-99,-0.099,0.86
32,"dotcolour","highSC","easy",0.468,-1,1,-99,-0.099,0.86
32,"dotcolour","highSC","hard",0.602,1,0,-99,-0.099,0.86
32,"dotcolour","highSC","average",0.501,1,1,-99,-0.099,0.86
32,"dotcolour","highSC","average",0.418,-1,1,-99,-0.099,0.86
32,"dotcolour","highSC","hard",0.517,-1,1,-99,-0.099,0.86
32,"dotcolour","highSC","average",0.434,1,1,-99,-0.099,0.86
32,"dotcolour","highSC","hard",0.451,-1,0,-99,-0.099,0.86
32,"dotcolour","highSC","hard",0.818,-1,1,-99,-0.099,0.86
32,"dotcolour","highSC","average",0.835,1,1,-99,-0.099,0.86
32,"dotcolour","highSC","easy",0.552,-1,1,-99,-0.099,0.86
32,"dotcolour","highSC","easy",0.584,1,0,-99,-0.099,0.86
32,"dotcolour","highSC","easy",0.552,1,1,-99,-0.099,0.86
32,"dotcolour","highSC","average",0.852,-1,1,-99,-0.099,0.86
32,"dotcolour","highSC","average",0.585,-1,0,-99,-0.099,0.86
32,"dotcolour","highSC","hard",0.919,-1,1,-99,-0.099,0.86
32,"dotcolour","highSC","average",1.052,1,1,-99,-0.099,0.86
32,"dotcolour","highSC","easy",0.701,-1,1,-99,-0.099,0.86
32,"dotcolour","highSC","hard",1.252,1,0,-99,-0.099,0.86
32,"dotcolour","highSC","hard",1.036,1,1,-99,-0.099,0.86
32,"dotcolour","highSC","hard",0.802,1,1,-99,-0.099,0.86
32,"dotcolour","highSC","easy",0.685,1,1,-99,-0.099,0.86
32,"dotcolour","highSC","average",1.486,-1,1,-99,-0.099,0.86
32,"dotcolour","highSC","average",1.152,-1,1,-99,-0.099,0.94
32,"dotcolour","highSC","hard",0.736,1,1,-99,-0.099,0.94
32,"dotcolour","highSC","average",1.136,1,1,-99,-0.099,0.94
32,"dotcolour","highSC","easy",0.468,1,1,-99,-0.099,0.94
32,"dotcolour","highSC","average",0.651,1,1,-99,-0.099,0.94
32,"dotcolour","highSC","average",0.536,1,1,-99,-0.099,0.94
32,"dotcolour","highSC","easy",0.585,1,1,-99,-0.099,0.94
32,"dotcolour","highSC","hard",0.635,1,0,-99,-0.099,0.94
32,"dotcolour","highSC","easy",0.485,1,1,-99,-0.099,0.94
32,"dotcolour","highSC","average",0.552,-1,1,-99,-0.099,0.94
32,"dotcolour","highSC","easy",0.401,-1,1,-99,-0.099,0.94
32,"dotcolour","highSC","hard",0.618,-1,1,-99,-0.099,0.94
32,"dotcolour","highSC","hard",0.985,-1,1,-99,-0.099,0.94
32,"dotcolour","highSC","easy",0.534,-1,1,-99,-0.099,0.94
32,"dotcolour","highSC","average",0.602,1,1,-99,-0.099,0.94
32,"dotcolour","highSC","easy",0.852,-1,1,-99,-0.099,0.94
32,"dotcolour","highSC","hard",0.785,1,0,-99,-0.099,0.94
32,"dotcolour","highSC","hard",0.769,1,1,-99,-0.099,0.94
32,"dotcolour","highSC","average",0.584,-1,0,-99,-0.099,0.94
32,"dotcolour","highSC","hard",0.869,1,1,-99,-0.099,0.94
32,"dotcolour","highSC","easy",0.669,1,1,-99,-0.099,0.94
32,"dotcolour","highSC","average",1.018,-1,1,-99,-0.099,0.94
32,"dotcolour","highSC","average",0.568,1,1,-99,-0.099,0.94
32,"dotcolour","highSC","hard",1.619,1,1,-99,-0.099,0.94
32,"dotcolour","highSC","easy",0.419,1,1,-99,-0.099,0.95
32,"dotcolour","highSC","hard",0.769,-1,1,-99,-0.099,0.95
32,"dotcolour","highSC","average",0.634,-1,1,-99,-0.099,0.95
32,"dotcolour","highSC","easy",0.518,1,1,-99,-0.099,0.95
32,"dotcolour","highSC","average",0.569,1,1,-99,-0.099,0.95
32,"dotcolour","highSC","hard",0.802,1,1,-99,-0.099,0.95
32,"dotcolour","highSC","average",0.602,1,1,-99,-0.099,0.95
32,"dotcolour","highSC","easy",0.569,-1,1,-99,-0.099,0.95
32,"dotcolour","highSC","hard",0.952,1,0,-99,-0.099,0.95
32,"dotcolour","highSC","hard",0.635,-1,1,-99,-0.099,0.95
32,"dotcolour","highSC","hard",1.203,1,0,-99,-0.099,0.95
32,"dotcolour","highSC","hard",0.785,-1,1,-99,-0.099,0.95
32,"dotcolour","highSC","easy",0.552,1,1,-99,-0.099,0.95
32,"dotcolour","highSC","average",1.352,1,1,-99,-0.099,0.95
32,"dotcolour","highSC","average",0.584,-1,1,-99,-0.099,0.95
32,"dotcolour","highSC","average",0.635,-1,1,-99,-0.099,0.95
32,"dotcolour","highSC","hard",0.485,1,1,-99,-0.099,0.95
32,"dotcolour","highSC","hard",0.635,1,1,-99,-0.099,0.95
32,"dotcolour","highSC","easy",0.5,-1,1,-99,-0.099,0.95
32,"dotcolour","highSC","easy",0.485,-1,1,-99,-0.099,0.95
32,"dotcolour","highSC","hard",0.635,-1,0,-99,-0.099,0.95
32,"dotcolour","highSC","hard",0.551,-1,1,-99,-0.099,0.95
32,"dotcolour","highSC","average",0.552,1,1,-99,-0.099,0.95
32,"dotcolour","highSC","easy",0.502,-1,1,-99,-0.099,0.95
33,"xotask","highSC","hard",1.47,-1,1,-99,-0.099,0.94
33,"xotask","highSC","hard",1.436,-1,1,-99,-0.099,0.94
33,"xotask","highSC","easy",1.219,1,1,-99,-0.099,0.94
33,"xotask","highSC","easy",1.085,-1,1,-99,-0.099,0.94
33,"xotask","highSC","easy",0.886,-1,1,-99,-0.099,0.94
33,"xotask","highSC","average",1.037,-1,1,-99,-0.099,0.94
33,"xotask","highSC","easy",0.736,-1,1,-99,-0.099,0.94
33,"xotask","highSC","easy",0.652,1,1,-99,-0.099,0.94
33,"xotask","highSC","average",0.568,-1,1,-99,-0.099,0.94
33,"xotask","highSC","hard",0.718,1,1,-99,-0.099,0.94
33,"xotask","highSC","hard",0.534,-1,1,-99,-0.099,0.94
33,"xotask","highSC","easy",0.636,1,1,-99,-0.099,0.94
33,"xotask","highSC","average",1.069,1,0,-99,-0.099,0.94
33,"xotask","highSC","hard",0.869,-1,0,-99,-0.099,0.94
33,"xotask","highSC","hard",0.702,-1,1,-99,-0.099,0.94
33,"xotask","highSC","easy",0.619,-1,1,-99,-0.099,0.94
33,"xotask","highSC","easy",0.636,1,1,-99,-0.099,0.94
33,"xotask","highSC","hard",0.785,-1,0,-99,-0.099,0.94
33,"xotask","highSC","easy",0.651,1,1,-99,-0.099,0.94
33,"xotask","highSC","hard",0.786,-1,0,-99,-0.099,0.94
33,"xotask","highSC","easy",0.702,1,1,-99,-0.099,0.94
33,"xotask","highSC","hard",0.685,-1,1,-99,-0.099,0.94
33,"xotask","highSC","average",0.601,1,1,-99,-0.099,0.94
33,"xotask","highSC","easy",0.568,-1,0,-99,-0.099,0.94
33,"xotask","highSC","average",0.685,-1,0,-99,-0.099,0.83
33,"xotask","highSC","easy",0.785,-1,1,-99,-0.099,0.83
33,"xotask","highSC","average",0.801,-1,1,-99,-0.099,0.83
33,"xotask","highSC","easy",0.667,-1,1,-99,-0.099,0.83
33,"xotask","highSC","average",0.735,1,1,-99,-0.099,0.83
33,"xotask","highSC","average",0.685,1,1,-99,-0.099,0.83
33,"xotask","highSC","hard",0.785,-1,1,-99,-0.099,0.83
33,"xotask","highSC","average",0.734,1,1,-99,-0.099,0.83
33,"xotask","highSC","hard",0.718,-1,0,-99,-0.099,0.83
33,"xotask","highSC","easy",0.718,1,1,-99,-0.099,0.83
33,"xotask","highSC","hard",0.667,-1,1,-99,-0.099,0.83
33,"xotask","highSC","average",0.885,-1,0,-99,-0.099,0.83
33,"xotask","highSC","average",0.953,-1,1,-99,-0.099,0.83
33,"xotask","highSC","hard",0.718,-1,1,-99,-0.099,0.83
33,"xotask","highSC","easy",0.635,1,1,-99,-0.099,0.83
33,"xotask","highSC","average",0.803,-1,1,-99,-0.099,0.83
33,"xotask","highSC","easy",0.701,-1,1,-99,-0.099,0.83
33,"xotask","highSC","hard",0.702,1,0,-99,-0.099,0.83
33,"xotask","highSC","hard",0.702,-1,1,-99,-0.099,0.83
33,"xotask","highSC","average",0.602,-1,1,-99,-0.099,0.83
33,"xotask","highSC","easy",0.586,-1,1,-99,-0.099,0.83
33,"xotask","highSC","hard",0.568,-1,0,-99,-0.099,0.83
33,"xotask","highSC","hard",1.003,-1,0,-99,-0.099,0.83
33,"xotask","highSC","average",0.735,-1,0,-99,-0.099,0.83
33,"xotask","highSC","easy",0.685,1,1,-99,-0.099,0.86
33,"xotask","highSC","easy",0.669,-1,1,-99,-0.099,0.86
33,"xotask","highSC","easy",0.669,1,1,-99,-0.099,0.86
33,"xotask","highSC","hard",0.785,-1,0,-99,-0.099,0.86
33,"xotask","highSC","hard",0.852,1,1,-99,-0.099,0.86
33,"xotask","highSC","hard",0.769,-1,1,-99,-0.099,0.86
33,"xotask","highSC","easy",0.67,1,1,-99,-0.099,0.86
33,"xotask","highSC","average",0.501,1,1,-99,-0.099,0.86
33,"xotask","highSC","average",0.818,1,1,-99,-0.099,0.86
33,"xotask","highSC","average",0.702,-1,1,-99,-0.099,0.86
33,"xotask","highSC","average",0.852,1,0,-99,-0.099,0.86
33,"xotask","highSC","hard",0.836,-1,1,-99,-0.099,0.86
33,"xotask","highSC","average",1.803,1,0,-99,-0.099,0.86
33,"xotask","highSC","hard",0.935,-1,1,-99,-0.099,0.86
33,"xotask","highSC","hard",0.801,-1,0,-99,-0.099,0.86
33,"xotask","highSC","hard",0.752,-1,0,-99,-0.099,0.86
33,"xotask","highSC","easy",0.736,1,1,-99,-0.099,0.86
33,"xotask","highSC","hard",0.736,-1,1,-99,-0.099,0.86
33,"xotask","highSC","easy",0.734,1,1,-99,-0.099,0.86
33,"xotask","highSC","easy",0.719,-1,1,-99,-0.099,0.86
33,"xotask","highSC","easy",0.669,-1,1,-99,-0.099,0.86
33,"xotask","highSC","average",0.669,-1,1,-99,-0.099,0.86
33,"xotask","highSC","average",0.551,-1,1,-99,-0.099,0.86
33,"xotask","highSC","average",0.702,-1,1,-99,-0.099,0.86
33,"xotask","highSC","average",0.701,-1,1,-99,-0.099,0.9
33,"xotask","highSC","hard",0.852,-1,0,-99,-0.099,0.9
33,"xotask","highSC","average",0.819,1,1,-99,-0.099,0.9
33,"xotask","highSC","average",0.752,1,1,-99,-0.099,0.9
33,"xotask","highSC","easy",0.635,-1,1,-99,-0.099,0.9
33,"xotask","highSC","easy",0.735,-1,1,-99,-0.099,0.9
33,"xotask","highSC","hard",0.836,1,1,-99,-0.099,0.9
33,"xotask","highSC","hard",0.602,-1,1,-99,-0.099,0.9
33,"xotask","highSC","average",0.652,-1,1,-99,-0.099,0.9
33,"xotask","highSC","easy",0.719,-1,0,-99,-0.099,0.9
33,"xotask","highSC","hard",1.053,1,1,-99,-0.099,0.9
33,"xotask","highSC","average",0.951,-1,0,-99,-0.099,0.9
33,"xotask","highSC","hard",0.886,-1,0,-99,-0.099,0.9
33,"xotask","highSC","hard",0.569,-1,1,-99,-0.099,0.9
33,"xotask","highSC","easy",0.668,-1,1,-99,-0.099,0.9
33,"xotask","highSC","average",0.684,-1,1,-99,-0.099,0.9
33,"xotask","highSC","average",0.702,-1,0,-99,-0.099,0.9
33,"xotask","highSC","easy",0.735,1,1,-99,-0.099,0.9
33,"xotask","highSC","average",0.769,1,0,-99,-0.099,0.9
33,"xotask","highSC","hard",0.768,-1,1,-99,-0.099,0.9
33,"xotask","highSC","hard",0.902,-1,0,-99,-0.099,0.9
33,"xotask","highSC","hard",0.768,-1,1,-99,-0.099,0.9
33,"xotask","highSC","easy",0.752,-1,1,-99,-0.099,0.9
33,"xotask","highSC","hard",0.718,1,1,-99,-0.099,0.9
33,"xotask","highSC","hard",0.635,-1,1,-99,-0.099,0.93
33,"xotask","highSC","average",0.718,1,1,-99,-0.099,0.93
33,"xotask","highSC","easy",0.684,-1,0,-99,-0.099,0.93
33,"xotask","highSC","easy",0.936,1,1,-99,-0.099,0.93
33,"xotask","highSC","easy",0.684,-1,1,-99,-0.099,0.93
33,"xotask","highSC","average",0.786,1,1,-99,-0.099,0.93
33,"xotask","highSC","average",0.618,-1,1,-99,-0.099,0.93
33,"xotask","highSC","hard",0.552,-1,1,-99,-0.099,0.93
33,"xotask","highSC","hard",0.768,-1,0,-99,-0.099,0.93
33,"xotask","highSC","hard",0.734,-1,0,-99,-0.099,0.93
33,"xotask","highSC","hard",0.785,1,1,-99,-0.099,0.93
33,"xotask","highSC","average",0.836,-1,1,-99,-0.099,0.93
33,"xotask","highSC","hard",1.018,1,1,-99,-0.099,0.93
33,"xotask","highSC","average",0.569,-1,0,-99,-0.099,0.93
33,"xotask","highSC","average",0.968,1,0,-99,-0.099,0.93
33,"xotask","highSC","easy",0.802,1,0,-99,-0.099,0.93
33,"xotask","highSC","easy",1.053,1,1,-99,-0.099,0.93
33,"xotask","highSC","easy",0.919,1,1,-99,-0.099,0.93
33,"xotask","highSC","average",0.669,1,1,-99,-0.099,0.93
33,"xotask","highSC","hard",0.702,-1,1,-99,-0.099,0.93
33,"xotask","highSC","average",0.952,1,0,-99,-0.099,0.93
33,"xotask","highSC","hard",0.634,1,1,-99,-0.099,0.93
33,"xotask","highSC","average",0.701,1,1,-99,-0.099,0.93
33,"xotask","highSC","easy",0.668,1,1,-99,-0.099,0.93
33,"dotcolour","mediumSC","easy",0.585,-1,1,-99,-0.099,0.75
33,"dotcolour","mediumSC","easy",0.719,-1,1,-99,-0.099,0.75
33,"dotcolour","mediumSC","hard",0.435,1,1,-99,-0.099,0.75
33,"dotcolour","mediumSC","hard",0.835,1,1,-99,-0.099,0.75
33,"dotcolour","mediumSC","hard",0.785,1,1,-99,-0.099,0.75
33,"dotcolour","mediumSC","average",0.769,1,1,-99,-0.099,0.75
33,"dotcolour","mediumSC","easy",0.601,1,1,-99,-0.099,0.75
33,"dotcolour","mediumSC","average",0.519,1,1,-99,-0.099,0.75
33,"dotcolour","mediumSC","easy",0.585,1,1,-99,-0.099,0.75
33,"dotcolour","mediumSC","easy",0.517,1,1,-99,-0.099,0.75
33,"dotcolour","mediumSC","average",0.602,-1,1,-99,-0.099,0.75
33,"dotcolour","mediumSC","average",0.502,-1,1,-99,-0.099,0.75
33,"dotcolour","mediumSC","easy",0.536,1,0,-99,-0.099,0.75
33,"dotcolour","mediumSC","easy",0.586,1,1,-99,-0.099,0.75
33,"dotcolour","mediumSC","average",0.585,-1,1,-99,-0.099,0.75
33,"dotcolour","mediumSC","average",0.484,-1,1,-99,-0.099,0.75
33,"dotcolour","mediumSC","hard",0.551,1,0,-99,-0.099,0.75
33,"dotcolour","mediumSC","average",0.385,-1,1,-99,-0.099,0.75
33,"dotcolour","mediumSC","easy",0.517,-1,1,-99,-0.099,0.75
33,"dotcolour","mediumSC","hard",0.351,1,1,-99,-0.099,0.75
33,"dotcolour","mediumSC","average",0.351,-1,0,-99,-0.099,0.75
33,"dotcolour","mediumSC","hard",0.569,-1,1,-99,-0.099,0.75
33,"dotcolour","mediumSC","hard",0.452,1,0,-99,-0.099,0.75
33,"dotcolour","mediumSC","average",0.351,-1,1,-99,-0.099,0.75
33,"dotcolour","mediumSC","hard",0.47,1,1,-99,-0.099,0.78
33,"dotcolour","mediumSC","average",0.535,1,1,-99,-0.099,0.78
33,"dotcolour","mediumSC","hard",0.467,1,0,-99,-0.099,0.78
33,"dotcolour","mediumSC","easy",0.434,1,0,-99,-0.099,0.78
33,"dotcolour","mediumSC","average",0.786,-1,1,-99,-0.099,0.78
33,"dotcolour","mediumSC","hard",0.419,1,1,-99,-0.099,0.78
33,"dotcolour","mediumSC","hard",0.535,1,0,-99,-0.099,0.78
33,"dotcolour","mediumSC","average",0.618,1,1,-99,-0.099,0.78
33,"dotcolour","mediumSC","average",0.585,-1,1,-99,-0.099,0.78
33,"dotcolour","mediumSC","easy",0.368,1,1,-99,-0.099,0.78
33,"dotcolour","mediumSC","average",0.434,-1,1,-99,-0.099,0.78
33,"dotcolour","mediumSC","hard",0.351,1,1,-99,-0.099,0.78
33,"dotcolour","mediumSC","hard",0.787,-1,0,-99,-0.099,0.78
33,"dotcolour","mediumSC","easy",0.469,1,1,-99,-0.099,0.78
33,"dotcolour","mediumSC","hard",0.552,1,1,-99,-0.099,0.78
33,"dotcolour","mediumSC","easy",0.485,1,1,-99,-0.099,0.78
33,"dotcolour","mediumSC","average",0.485,1,1,-99,-0.099,0.78
33,"dotcolour","mediumSC","easy",0.468,-1,1,-99,-0.099,0.78
33,"dotcolour","mediumSC","easy",0.385,-1,1,-99,-0.099,0.78
33,"dotcolour","mediumSC","hard",0.501,1,1,-99,-0.099,0.78
33,"dotcolour","mediumSC","average",0.534,1,0,-99,-0.099,0.78
33,"dotcolour","mediumSC","hard",0.651,1,0,-99,-0.099,0.78
33,"dotcolour","mediumSC","hard",0.351,-1,1,-99,-0.099,0.78
33,"dotcolour","mediumSC","hard",0.534,-1,1,-99,-0.099,0.78
33,"dotcolour","mediumSC","average",0.302,1,0,-99,-0.099,0.76
33,"dotcolour","mediumSC","hard",0.452,1,1,-99,-0.099,0.76
33,"dotcolour","mediumSC","average",0.484,1,1,-99,-0.099,0.76
33,"dotcolour","mediumSC","hard",0.536,1,1,-99,-0.099,0.76
33,"dotcolour","mediumSC","hard",0.351,-1,1,-99,-0.099,0.76
33,"dotcolour","mediumSC","hard",0.451,1,0,-99,-0.099,0.76
33,"dotcolour","mediumSC","average",0.335,-1,0,-99,-0.099,0.76
33,"dotcolour","mediumSC","hard",0.352,1,0,-99,-0.099,0.76
33,"dotcolour","mediumSC","hard",0.468,1,1,-99,-0.099,0.76
33,"dotcolour","mediumSC","easy",0.435,1,1,-99,-0.099,0.76
33,"dotcolour","mediumSC","average",0.518,1,1,-99,-0.099,0.76
33,"dotcolour","mediumSC","hard",0.736,1,1,-99,-0.099,0.76
33,"dotcolour","mediumSC","average",0.535,1,1,-99,-0.099,0.76
33,"dotcolour","mediumSC","average",0.585,-1,1,-99,-0.099,0.76
33,"dotcolour","mediumSC","average",0.385,1,0,-99,-0.099,0.76
33,"dotcolour","mediumSC","average",0.651,-1,1,-99,-0.099,0.76
33,"dotcolour","mediumSC","hard",0.469,-1,1,-99,-0.099,0.76
33,"dotcolour","mediumSC","hard",0.586,-1,1,-99,-0.099,0.76
33,"dotcolour","mediumSC","average",0.569,-1,1,-99,-0.099,0.76
33,"dotcolour","mediumSC","easy",0.485,1,1,-99,-0.099,0.76
33,"dotcolour","mediumSC","easy",0.569,-1,1,-99,-0.099,0.76
33,"dotcolour","mediumSC","hard",0.618,1,0,-99,-0.099,0.76
33,"dotcolour","mediumSC","easy",0.603,1,0,-99,-0.099,0.76
33,"dotcolour","mediumSC","average",0.535,1,1,-99,-0.099,0.76
33,"dotcolour","mediumSC","average",0.535,-1,1,-99,-0.099,0.7
33,"dotcolour","mediumSC","easy",0.535,-1,1,-99,-0.099,0.7
33,"dotcolour","mediumSC","easy",0.484,-1,1,-99,-0.099,0.7
33,"dotcolour","mediumSC","easy",0.484,-1,1,-99,-0.099,0.7
33,"dotcolour","mediumSC","easy",0.568,1,1,-99,-0.099,0.7
33,"dotcolour","mediumSC","easy",0.435,1,1,-99,-0.099,0.7
33,"dotcolour","mediumSC","easy",0.617,-1,1,-99,-0.099,0.7
33,"dotcolour","mediumSC","hard",0.468,-1,1,-99,-0.099,0.7
33,"dotcolour","mediumSC","average",0.569,1,1,-99,-0.099,0.7
33,"dotcolour","mediumSC","easy",0.901,1,1,-99,-0.099,0.7
33,"dotcolour","mediumSC","average",0.501,1,1,-99,-0.099,0.7
33,"dotcolour","mediumSC","hard",0.434,-1,0,-99,-0.099,0.7
33,"dotcolour","mediumSC","hard",0.652,1,0,-99,-0.099,0.7
33,"dotcolour","mediumSC","easy",0.785,1,1,-99,-0.099,0.7
33,"dotcolour","mediumSC","average",0.467,-1,1,-99,-0.099,0.7
33,"dotcolour","mediumSC","average",0.685,1,1,-99,-0.099,0.7
33,"dotcolour","mediumSC","hard",0.685,1,0,-99,-0.099,0.7
33,"dotcolour","mediumSC","hard",0.568,1,0,-99,-0.099,0.7
33,"dotcolour","mediumSC","hard",0.718,1,1,-99,-0.099,0.7
33,"dotcolour","mediumSC","hard",0.435,-1,1,-99,-0.099,0.7
33,"dotcolour","mediumSC","easy",0.418,1,1,-99,-0.099,0.7
33,"dotcolour","mediumSC","easy",0.669,-1,1,-99,-0.099,0.7
33,"dotcolour","mediumSC","average",0.784,1,0,-99,-0.099,0.7
33,"dotcolour","mediumSC","average",0.551,-1,1,-99,-0.099,0.7
33,"dotcolour","mediumSC","hard",0.585,1,1,-99,-0.099,0.76
33,"dotcolour","mediumSC","easy",0.586,-1,1,-99,-0.099,0.76
33,"dotcolour","mediumSC","hard",0.668,-1,0,-99,-0.099,0.76
33,"dotcolour","mediumSC","average",0.452,1,1,-99,-0.099,0.76
33,"dotcolour","mediumSC","average",0.485,1,1,-99,-0.099,0.76
33,"dotcolour","mediumSC","hard",0.501,-1,0,-99,-0.099,0.76
33,"dotcolour","mediumSC","easy",0.652,1,1,-99,-0.099,0.76
33,"dotcolour","mediumSC","average",0.585,-1,1,-99,-0.099,0.76
33,"dotcolour","mediumSC","hard",0.619,1,0,-99,-0.099,0.76
33,"dotcolour","mediumSC","hard",0.602,1,1,-99,-0.099,0.76
33,"dotcolour","mediumSC","average",0.501,-1,1,-99,-0.099,0.76
33,"dotcolour","mediumSC","average",0.619,-1,1,-99,-0.099,0.76
33,"dotcolour","mediumSC","average",0.619,-1,1,-99,-0.099,0.76
33,"dotcolour","mediumSC","average",0.736,-1,1,-99,-0.099,0.76
33,"dotcolour","mediumSC","hard",0.669,-1,1,-99,-0.099,0.76
33,"dotcolour","mediumSC","hard",0.518,1,0,-99,-0.099,0.76
33,"dotcolour","mediumSC","easy",0.468,1,1,-99,-0.099,0.76
33,"dotcolour","mediumSC","average",0.519,-1,1,-99,-0.099,0.76
33,"dotcolour","mediumSC","easy",0.635,1,1,-99,-0.099,0.76
33,"dotcolour","mediumSC","easy",0.635,-1,1,-99,-0.099,0.76
33,"dotcolour","mediumSC","average",0.502,1,1,-99,-0.099,0.76
33,"dotcolour","mediumSC","easy",0.451,-1,1,-99,-0.099,0.76
33,"dotcolour","mediumSC","easy",0.602,-1,1,-99,-0.099,0.76
33,"dotcolour","mediumSC","hard",0.451,1,1,-99,-0.099,0.76
33,"dotnumber","lowSC","hard",1.236,1,0,-99,-0.099,0.68
33,"dotnumber","lowSC","easy",0.685,1,1,-99,-0.099,0.68
33,"dotnumber","lowSC","hard",1.003,1,1,-99,-0.099,0.68
33,"dotnumber","lowSC","easy",0.719,1,1,-99,-0.099,0.68
33,"dotnumber","lowSC","average",0.785,1,0,-99,-0.099,0.68
33,"dotnumber","lowSC","hard",1.686,1,1,-99,-0.099,0.68
33,"dotnumber","lowSC","easy",0.819,-1,1,-99,-0.099,0.68
33,"dotnumber","lowSC","average",0.684,1,1,-99,-0.099,0.68
33,"dotnumber","lowSC","hard",0.769,1,0,-99,-0.099,0.68
33,"dotnumber","lowSC","easy",0.769,1,1,-99,-0.099,0.68
33,"dotnumber","lowSC","easy",0.685,1,1,-99,-0.099,0.68
33,"dotnumber","lowSC","easy",0.902,-1,1,-99,-0.099,0.68
33,"dotnumber","lowSC","hard",1.636,1,0,-99,-0.099,0.68
33,"dotnumber","lowSC","easy",0.618,1,1,-99,-0.099,0.68
33,"dotnumber","lowSC","hard",0.684,1,0,-99,-0.099,0.68
33,"dotnumber","lowSC","hard",0.985,-1,1,-99,-0.099,0.68
33,"dotnumber","lowSC","hard",0.701,1,1,-99,-0.099,0.68
33,"dotnumber","lowSC","hard",0.786,-1,0,-99,-0.099,0.68
33,"dotnumber","lowSC","average",0.836,1,0,-99,-0.099,0.68
33,"dotnumber","lowSC","easy",0.719,-1,1,-99,-0.099,0.68
33,"dotnumber","lowSC","average",0.886,-1,0,-99,-0.099,0.68
33,"dotnumber","lowSC","average",0.719,-1,1,-99,-0.099,0.68
33,"dotnumber","lowSC","hard",1.035,1,1,-99,-0.099,0.68
33,"dotnumber","lowSC","easy",0.736,1,1,-99,-0.099,0.68
33,"dotnumber","lowSC","hard",0.918,-1,1,-99,-0.099,0.54
33,"dotnumber","lowSC","hard",1.17,1,1,-99,-0.099,0.54
33,"dotnumber","lowSC","hard",0.803,1,0,-99,-0.099,0.54
33,"dotnumber","lowSC","average",1.218,-1,1,-99,-0.099,0.54
33,"dotnumber","lowSC","average",0.768,1,1,-99,-0.099,0.54
33,"dotnumber","lowSC","average",0.819,1,0,-99,-0.099,0.54
33,"dotnumber","lowSC","hard",0.718,1,1,-99,-0.099,0.54
33,"dotnumber","lowSC","hard",0.802,1,1,-99,-0.099,0.54
33,"dotnumber","lowSC","hard",0.885,1,0,-99,-0.099,0.54
33,"dotnumber","lowSC","easy",1.269,1,1,-99,-0.099,0.54
33,"dotnumber","lowSC","hard",0.918,-1,0,-99,-0.099,0.54
33,"dotnumber","lowSC","easy",1.018,-1,1,-99,-0.099,0.54
33,"dotnumber","lowSC","hard",0.869,1,1,-99,-0.099,0.54
33,"dotnumber","lowSC","easy",1.402,1,1,-99,-0.099,0.54
33,"dotnumber","lowSC","average",1.252,1,1,-99,-0.099,0.54
33,"dotnumber","lowSC","easy",0.718,-1,1,-99,-0.099,0.54
33,"dotnumber","lowSC","hard",0.718,1,0,-99,-0.099,0.54
33,"dotnumber","lowSC","hard",1.402,1,0,-99,-0.099,0.54
33,"dotnumber","lowSC","easy",0.802,1,1,-99,-0.099,0.54
33,"dotnumber","lowSC","hard",0.986,-1,0,-99,-0.099,0.54
33,"dotnumber","lowSC","hard",1.485,-1,0,-99,-0.099,0.54
33,"dotnumber","lowSC","average",0.818,1,1,-99,-0.099,0.54
33,"dotnumber","lowSC","hard",0.668,-1,1,-99,-0.099,0.54
33,"dotnumber","lowSC","average",0.851,1,1,-99,-0.099,0.54
33,"dotnumber","lowSC","hard",1.018,-1,1,-99,-0.099,0.63
33,"dotnumber","lowSC","average",1.169,1,1,-99,-0.099,0.63
33,"dotnumber","lowSC","hard",1.018,-1,1,-99,-0.099,0.63
33,"dotnumber","lowSC","easy",0.836,1,1,-99,-0.099,0.63
33,"dotnumber","lowSC","easy",0.853,-1,1,-99,-0.099,0.63
33,"dotnumber","lowSC","average",0.818,1,0,-99,-0.099,0.63
33,"dotnumber","lowSC","hard",0.818,-1,0,-99,-0.099,0.63
33,"dotnumber","lowSC","hard",0.752,1,1,-99,-0.099,0.63
33,"dotnumber","lowSC","easy",1.051,-1,0,-99,-0.099,0.63
33,"dotnumber","lowSC","average",1.384,1,0,-99,-0.099,0.63
33,"dotnumber","lowSC","easy",0.852,1,1,-99,-0.099,0.63
33,"dotnumber","lowSC","average",0.82,-1,1,-99,-0.099,0.63
33,"dotnumber","lowSC","easy",0.802,1,1,-99,-0.099,0.63
33,"dotnumber","lowSC","hard",0.903,-1,0,-99,-0.099,0.63
33,"dotnumber","lowSC","average",0.835,1,1,-99,-0.099,0.63
33,"dotnumber","lowSC","hard",1.019,-1,0,-99,-0.099,0.63
33,"dotnumber","lowSC","easy",0.719,-1,1,-99,-0.099,0.63
33,"dotnumber","lowSC","average",0.852,-1,1,-99,-0.099,0.63
33,"dotnumber","lowSC","hard",1.002,1,1,-99,-0.099,0.63
33,"dotnumber","lowSC","easy",0.869,1,1,-99,-0.099,0.63
33,"dotnumber","lowSC","easy",1.252,-1,0,-99,-0.099,0.63
33,"dotnumber","lowSC","hard",1.152,1,1,-99,-0.099,0.63
33,"dotnumber","lowSC","average",0.852,-1,1,-99,-0.099,0.63
33,"dotnumber","lowSC","average",1.069,-1,1,-99,-0.099,0.63
33,"dotnumber","lowSC","hard",0.651,1,0,-99,-0.099,0.55
33,"dotnumber","lowSC","easy",0.668,1,1,-99,-0.099,0.55
33,"dotnumber","lowSC","average",0.836,-1,1,-99,-0.099,0.55
33,"dotnumber","lowSC","average",0.686,-1,1,-99,-0.099,0.55
33,"dotnumber","lowSC","easy",0.601,1,1,-99,-0.099,0.55
33,"dotnumber","lowSC","average",0.652,-1,1,-99,-0.099,0.55
33,"dotnumber","lowSC","hard",0.586,1,0,-99,-0.099,0.55
33,"dotnumber","lowSC","hard",0.652,1,0,-99,-0.099,0.55
33,"dotnumber","lowSC","easy",0.501,-1,1,-99,-0.099,0.55
33,"dotnumber","lowSC","average",0.786,-1,1,-99,-0.099,0.55
33,"dotnumber","lowSC","average",1.036,1,0,-99,-0.099,0.55
33,"dotnumber","lowSC","hard",0.585,-1,1,-99,-0.099,0.55
33,"dotnumber","lowSC","easy",0.618,1,1,-99,-0.099,0.55
33,"dotnumber","lowSC","average",0.735,1,0,-99,-0.099,0.55
33,"dotnumber","lowSC","easy",0.785,-1,1,-99,-0.099,0.55
33,"dotnumber","lowSC","average",0.534,1,1,-99,-0.099,0.55
33,"dotnumber","lowSC","hard",0.567,1,0,-99,-0.099,0.55
33,"dotnumber","lowSC","average",0.752,-1,0,-99,-0.099,0.55
33,"dotnumber","lowSC","average",0.836,1,0,-99,-0.099,0.55
33,"dotnumber","lowSC","easy",0.818,-1,1,-99,-0.099,0.55
33,"dotnumber","lowSC","easy",0.685,1,1,-99,-0.099,0.55
33,"dotnumber","lowSC","easy",0.551,1,1,-99,-0.099,0.55
33,"dotnumber","lowSC","average",0.602,1,1,-99,-0.099,0.55
33,"dotnumber","lowSC","hard",0.802,-1,1,-99,-0.099,0.55
33,"dotnumber","lowSC","average",0.701,1,1,-99,-0.099,0.55
33,"dotnumber","lowSC","hard",0.652,-1,0,-99,-0.099,0.55
33,"dotnumber","lowSC","easy",0.652,-1,1,-99,-0.099,0.55
33,"dotnumber","lowSC","hard",0.468,1,1,-99,-0.099,0.55
33,"dotnumber","lowSC","average",0.585,1,1,-99,-0.099,0.55
33,"dotnumber","lowSC","hard",0.417,-1,0,-99,-0.099,0.55
33,"dotnumber","lowSC","easy",0.368,1,0,-99,-0.099,0.55
33,"dotnumber","lowSC","hard",0.619,1,1,-99,-0.099,0.55
33,"dotnumber","lowSC","average",0.468,-1,0,-99,-0.099,0.55
33,"dotnumber","lowSC","hard",1.002,1,0,-99,-0.099,0.55
33,"dotnumber","lowSC","easy",0.985,-1,0,-99,-0.099,0.55
33,"dotnumber","lowSC","average",0.618,-1,1,-99,-0.099,0.55
33,"dotnumber","lowSC","average",0.736,1,1,-99,-0.099,0.55
33,"dotnumber","lowSC","average",0.518,-1,1,-99,-0.099,0.55
33,"dotnumber","lowSC","easy",0.768,1,1,-99,-0.099,0.55
33,"dotnumber","lowSC","average",0.618,-1,1,-99,-0.099,0.55
33,"dotnumber","lowSC","hard",0.636,-1,1,-99,-0.099,0.55
33,"dotnumber","lowSC","hard",0.719,-1,1,-99,-0.099,0.55
33,"dotnumber","lowSC","hard",0.802,-1,1,-99,-0.099,0.55
33,"dotnumber","lowSC","easy",0.635,1,1,-99,-0.099,0.55
33,"dotnumber","lowSC","easy",0.735,1,1,-99,-0.099,0.55
33,"dotnumber","lowSC","average",0.834,-1,1,-99,-0.099,0.55
33,"dotnumber","lowSC","average",0.835,1,1,-99,-0.099,0.55
33,"dotnumber","lowSC","hard",0.652,1,1,-99,-0.099,0.55
34,"dotcolour","mediumSC","average",2.204,-1,1,-99,-0.099,0.76
34,"dotcolour","mediumSC","easy",0.969,1,1,-99,-0.099,0.76
34,"dotcolour","mediumSC","average",1.035,-1,1,-99,-0.099,0.76
34,"dotcolour","mediumSC","easy",0.852,-1,1,-99,-0.099,0.76
34,"dotcolour","mediumSC","easy",0.752,-1,1,-99,-0.099,0.76
34,"dotcolour","mediumSC","hard",0.819,1,0,-99,-0.099,0.76
34,"dotcolour","mediumSC","hard",0.651,1,1,-99,-0.099,0.76
34,"dotcolour","mediumSC","easy",0.534,1,1,-99,-0.099,0.76
34,"dotcolour","mediumSC","easy",0.569,1,1,-99,-0.099,0.76
34,"dotcolour","mediumSC","hard",1.169,-1,1,-99,-0.099,0.76
34,"dotcolour","mediumSC","easy",0.752,1,1,-99,-0.099,0.76
34,"dotcolour","mediumSC","hard",0.685,-1,0,-99,-0.099,0.76
34,"dotcolour","mediumSC","hard",0.936,1,1,-99,-0.099,0.76
34,"dotcolour","mediumSC","easy",0.652,1,1,-99,-0.099,0.76
34,"dotcolour","mediumSC","easy",0.618,-1,1,-99,-0.099,0.76
34,"dotcolour","mediumSC","hard",1.07,-1,0,-99,-0.099,0.76
34,"dotcolour","mediumSC","hard",0.985,1,1,-99,-0.099,0.76
34,"dotcolour","mediumSC","average",0.768,-1,1,-99,-0.099,0.76
34,"dotcolour","mediumSC","easy",0.602,1,1,-99,-0.099,0.76
34,"dotcolour","mediumSC","average",0.584,1,1,-99,-0.099,0.76
34,"dotcolour","mediumSC","easy",0.602,1,1,-99,-0.099,0.76
34,"dotcolour","mediumSC","average",0.502,-1,1,-99,-0.099,0.76
34,"dotcolour","mediumSC","easy",0.502,-1,1,-99,-0.099,0.76
34,"dotcolour","mediumSC","easy",0.568,1,1,-99,-0.099,0.76
34,"dotcolour","mediumSC","hard",0.868,1,1,-99,-0.099,0.72
34,"dotcolour","mediumSC","easy",0.451,-1,1,-99,-0.099,0.72
34,"dotcolour","mediumSC","easy",0.568,1,1,-99,-0.099,0.72
34,"dotcolour","mediumSC","easy",0.435,-1,1,-99,-0.099,0.72
34,"dotcolour","mediumSC","hard",1.386,1,1,-99,-0.099,0.72
34,"dotcolour","mediumSC","hard",0.951,-1,0,-99,-0.099,0.72
34,"dotcolour","mediumSC","average",0.702,1,1,-99,-0.099,0.72
34,"dotcolour","mediumSC","hard",1.203,-1,1,-99,-0.099,0.72
34,"dotcolour","mediumSC","average",1.486,1,0,-99,-0.099,0.72
34,"dotcolour","mediumSC","easy",0.568,1,1,-99,-0.099,0.72
34,"dotcolour","mediumSC","hard",0.819,-1,0,-99,-0.099,0.72
34,"dotcolour","mediumSC","hard",0.97,-1,1,-99,-0.099,0.72
34,"dotcolour","mediumSC","easy",0.635,-1,0,-99,-0.099,0.72
34,"dotcolour","mediumSC","easy",0.618,1,1,-99,-0.099,0.72
34,"dotcolour","mediumSC","average",0.751,-1,1,-99,-0.099,0.72
34,"dotcolour","mediumSC","easy",0.618,-1,1,-99,-0.099,0.72
34,"dotcolour","mediumSC","average",1.118,-1,1,-99,-0.099,0.72
34,"dotcolour","mediumSC","hard",0.702,-1,1,-99,-0.099,0.72
34,"dotcolour","mediumSC","average",0.551,1,1,-99,-0.099,0.72
34,"dotcolour","mediumSC","hard",1.336,1,0,-99,-0.099,0.72
34,"dotcolour","mediumSC","average",0.586,-1,1,-99,-0.099,0.72
34,"dotcolour","mediumSC","easy",0.618,1,1,-99,-0.099,0.72
34,"dotcolour","mediumSC","average",0.685,1,1,-99,-0.099,0.72
34,"dotcolour","mediumSC","average",0.502,1,1,-99,-0.099,0.72
34,"dotcolour","mediumSC","average",0.468,-1,1,-99,-0.099,0.78
34,"dotcolour","mediumSC","average",0.969,-1,1,-99,-0.099,0.78
34,"dotcolour","mediumSC","easy",0.569,-1,1,-99,-0.099,0.78
34,"dotcolour","mediumSC","average",0.551,1,1,-99,-0.099,0.78
34,"dotcolour","mediumSC","easy",0.618,1,1,-99,-0.099,0.78
34,"dotcolour","mediumSC","easy",0.468,-1,1,-99,-0.099,0.78
34,"dotcolour","mediumSC","hard",0.919,-1,1,-99,-0.099,0.78
34,"dotcolour","mediumSC","hard",0.636,-1,0,-99,-0.099,0.78
34,"dotcolour","mediumSC","average",0.686,1,1,-99,-0.099,0.78
34,"dotcolour","mediumSC","easy",0.501,1,1,-99,-0.099,0.78
34,"dotcolour","mediumSC","easy",0.585,-1,1,-99,-0.099,0.78
34,"dotcolour","mediumSC","easy",0.536,-1,1,-99,-0.099,0.78
34,"dotcolour","mediumSC","easy",0.735,-1,1,-99,-0.099,0.78
34,"dotcolour","mediumSC","average",0.635,1,1,-99,-0.099,0.78
34,"dotcolour","mediumSC","easy",0.618,1,1,-99,-0.099,0.78
34,"dotcolour","mediumSC","average",0.518,1,1,-99,-0.099,0.78
34,"dotcolour","mediumSC","average",0.602,-1,1,-99,-0.099,0.78
34,"dotcolour","mediumSC","easy",0.652,1,1,-99,-0.099,0.78
34,"dotcolour","mediumSC","hard",0.535,1,0,-99,-0.099,0.78
34,"dotcolour","mediumSC","hard",0.652,-1,1,-99,-0.099,0.78
34,"dotcolour","mediumSC","hard",0.686,-1,1,-99,-0.099,0.78
34,"dotcolour","mediumSC","average",0.685,-1,1,-99,-0.099,0.78
34,"dotcolour","mediumSC","easy",0.585,1,1,-99,-0.099,0.78
34,"dotcolour","mediumSC","hard",1.102,1,1,-99,-0.099,0.78
34,"dotcolour","mediumSC","hard",0.585,-1,0,-99,-0.099,0.75
34,"dotcolour","mediumSC","average",0.569,1,1,-99,-0.099,0.75
34,"dotcolour","mediumSC","average",0.836,-1,1,-99,-0.099,0.75
34,"dotcolour","mediumSC","easy",0.601,-1,1,-99,-0.099,0.75
34,"dotcolour","mediumSC","average",0.569,1,1,-99,-0.099,0.75
34,"dotcolour","mediumSC","average",0.869,-1,1,-99,-0.099,0.75
34,"dotcolour","mediumSC","easy",0.719,-1,1,-99,-0.099,0.75
34,"dotcolour","mediumSC","easy",0.735,1,1,-99,-0.099,0.75
34,"dotcolour","mediumSC","average",0.651,1,1,-99,-0.099,0.75
34,"dotcolour","mediumSC","average",0.653,1,1,-99,-0.099,0.75
34,"dotcolour","mediumSC","hard",0.618,-1,1,-99,-0.099,0.75
34,"dotcolour","mediumSC","hard",0.968,1,1,-99,-0.099,0.75
34,"dotcolour","mediumSC","average",0.585,1,1,-99,-0.099,0.75
34,"dotcolour","mediumSC","hard",0.751,-1,1,-99,-0.099,0.75
34,"dotcolour","mediumSC","average",0.669,-1,1,-99,-0.099,0.75
34,"dotcolour","mediumSC","average",0.685,-1,1,-99,-0.099,0.75
34,"dotcolour","mediumSC","hard",0.568,1,1,-99,-0.099,0.75
34,"dotcolour","mediumSC","hard",0.835,-1,1,-99,-0.099,0.75
34,"dotcolour","mediumSC","easy",0.602,1,1,-99,-0.099,0.75
34,"dotcolour","mediumSC","hard",0.635,1,1,-99,-0.099,0.75
34,"dotcolour","mediumSC","easy",0.517,1,1,-99,-0.099,0.75
34,"dotcolour","mediumSC","easy",0.552,-1,1,-99,-0.099,0.75
34,"dotcolour","mediumSC","hard",0.769,-1,1,-99,-0.099,0.75
34,"dotcolour","mediumSC","average",0.585,1,1,-99,-0.099,0.75
34,"dotcolour","mediumSC","hard",0.619,-1,1,-99,-0.099,0.7
34,"dotcolour","mediumSC","easy",0.552,1,1,-99,-0.099,0.7
34,"dotcolour","mediumSC","average",0.518,-1,1,-99,-0.099,0.7
34,"dotcolour","mediumSC","hard",0.552,1,1,-99,-0.099,0.7
34,"dotcolour","mediumSC","average",0.636,1,1,-99,-0.099,0.7
34,"dotcolour","mediumSC","average",0.636,1,1,-99,-0.099,0.7
34,"dotcolour","mediumSC","easy",0.585,-1,1,-99,-0.099,0.7
34,"dotcolour","mediumSC","easy",0.618,-1,1,-99,-0.099,0.7
34,"dotcolour","mediumSC","average",0.551,-1,1,-99,-0.099,0.7
34,"dotcolour","mediumSC","easy",0.568,1,1,-99,-0.099,0.7
34,"dotcolour","mediumSC","easy",0.469,1,1,-99,-0.099,0.7
34,"dotcolour","mediumSC","hard",0.767,1,1,-99,-0.099,0.7
34,"dotcolour","mediumSC","easy",0.636,1,1,-99,-0.099,0.7
34,"dotcolour","mediumSC","average",0.503,-1,1,-99,-0.099,0.7
34,"dotcolour","mediumSC","average",0.535,1,1,-99,-0.099,0.7
34,"dotcolour","mediumSC","average",0.735,1,1,-99,-0.099,0.7
34,"dotcolour","mediumSC","average",0.585,-1,1,-99,-0.099,0.7
34,"dotcolour","mediumSC","average",0.585,1,1,-99,-0.099,0.7
34,"dotcolour","mediumSC","easy",0.602,1,1,-99,-0.099,0.7
34,"dotcolour","mediumSC","hard",0.569,-1,1,-99,-0.099,0.7
34,"dotcolour","mediumSC","hard",0.602,1,1,-99,-0.099,0.7
34,"dotcolour","mediumSC","hard",0.552,1,0,-99,-0.099,0.7
34,"dotcolour","mediumSC","easy",0.652,1,1,-99,-0.099,0.7
34,"dotcolour","mediumSC","hard",0.751,1,1,-99,-0.099,0.7
34,"dotnumber","lowSC","hard",0.868,1,0,-99,-0.099,0.68
34,"dotnumber","lowSC","hard",0.685,1,0,-99,-0.099,0.68
34,"dotnumber","lowSC","hard",1.253,-1,1,-99,-0.099,0.68
34,"dotnumber","lowSC","average",0.719,1,1,-99,-0.099,0.68
34,"dotnumber","lowSC","easy",0.635,1,1,-99,-0.099,0.68
34,"dotnumber","lowSC","hard",1.036,-1,1,-99,-0.099,0.68
34,"dotnumber","lowSC","easy",0.585,1,1,-99,-0.099,0.68
34,"dotnumber","lowSC","easy",0.92,1,1,-99,-0.099,0.68
34,"dotnumber","lowSC","easy",1.103,-1,1,-99,-0.099,0.68
34,"dotnumber","lowSC","average",0.502,-1,1,-99,-0.099,0.68
34,"dotnumber","lowSC","easy",0.552,-1,1,-99,-0.099,0.68
34,"dotnumber","lowSC","hard",0.902,-1,0,-99,-0.099,0.68
34,"dotnumber","lowSC","easy",0.652,-1,1,-99,-0.099,0.68
34,"dotnumber","lowSC","average",0.701,-1,1,-99,-0.099,0.68
34,"dotnumber","lowSC","average",0.685,1,1,-99,-0.099,0.68
34,"dotnumber","lowSC","hard",0.602,1,0,-99,-0.099,0.68
34,"dotnumber","lowSC","hard",1.17,1,1,-99,-0.099,0.68
34,"dotnumber","lowSC","hard",0.468,-1,0,-99,-0.099,0.68
34,"dotnumber","lowSC","easy",0.651,1,1,-99,-0.099,0.68
34,"dotnumber","lowSC","easy",0.585,1,1,-99,-0.099,0.68
34,"dotnumber","lowSC","average",0.802,1,0,-99,-0.099,0.68
34,"dotnumber","lowSC","hard",0.669,-1,1,-99,-0.099,0.68
34,"dotnumber","lowSC","hard",1.086,1,1,-99,-0.099,0.68
34,"dotnumber","lowSC","easy",0.568,-1,1,-99,-0.099,0.68
34,"dotnumber","lowSC","easy",0.752,-1,1,-99,-0.099,0.54
34,"dotnumber","lowSC","hard",0.802,1,0,-99,-0.099,0.54
34,"dotnumber","lowSC","hard",0.585,1,1,-99,-0.099,0.54
34,"dotnumber","lowSC","hard",0.702,1,1,-99,-0.099,0.54
34,"dotnumber","lowSC","average",0.802,-1,0,-99,-0.099,0.54
34,"dotnumber","lowSC","hard",0.551,-1,0,-99,-0.099,0.54
34,"dotnumber","lowSC","average",0.935,1,1,-99,-0.099,0.54
34,"dotnumber","lowSC","average",0.585,-1,1,-99,-0.099,0.54
34,"dotnumber","lowSC","easy",0.519,1,1,-99,-0.099,0.54
34,"dotnumber","lowSC","easy",0.569,1,1,-99,-0.099,0.54
34,"dotnumber","lowSC","average",0.536,1,1,-99,-0.099,0.54
34,"dotnumber","lowSC","hard",0.418,1,1,-99,-0.099,0.54
34,"dotnumber","lowSC","average",0.535,-1,1,-99,-0.099,0.54
34,"dotnumber","lowSC","easy",0.468,1,1,-99,-0.099,0.54
34,"dotnumber","lowSC","average",0.801,-1,1,-99,-0.099,0.54
34,"dotnumber","lowSC","average",0.552,1,1,-99,-0.099,0.54
34,"dotnumber","lowSC","average",0.669,-1,1,-99,-0.099,0.54
34,"dotnumber","lowSC","hard",0.768,-1,1,-99,-0.099,0.54
34,"dotnumber","lowSC","easy",0.602,1,0,-99,-0.099,0.54
34,"dotnumber","lowSC","hard",0.569,1,1,-99,-0.099,0.54
34,"dotnumber","lowSC","average",0.635,-1,0,-99,-0.099,0.54
34,"dotnumber","lowSC","easy",0.519,1,1,-99,-0.099,0.54
34,"dotnumber","lowSC","easy",0.651,-1,0,-99,-0.099,0.54
34,"dotnumber","lowSC","hard",0.718,-1,0,-99,-0.099,0.54
34,"dotnumber","lowSC","average",0.602,1,1,-99,-0.099,0.57
34,"dotnumber","lowSC","average",0.452,-1,1,-99,-0.099,0.57
34,"dotnumber","lowSC","easy",0.518,1,1,-99,-0.099,0.57
34,"dotnumber","lowSC","hard",0.618,1,1,-99,-0.099,0.57
34,"dotnumber","lowSC","hard",0.886,1,1,-99,-0.099,0.57
34,"dotnumber","lowSC","hard",0.568,1,1,-99,-0.099,0.57
34,"dotnumber","lowSC","average",0.585,-1,1,-99,-0.099,0.57
34,"dotnumber","lowSC","average",0.501,1,1,-99,-0.099,0.57
34,"dotnumber","lowSC","hard",0.618,1,1,-99,-0.099,0.57
34,"dotnumber","lowSC","easy",0.651,1,1,-99,-0.099,0.57
34,"dotnumber","lowSC","average",0.602,1,1,-99,-0.099,0.57
34,"dotnumber","lowSC","hard",0.752,-1,1,-99,-0.099,0.57
34,"dotnumber","lowSC","easy",0.719,-1,1,-99,-0.099,0.57
34,"dotnumber","lowSC","hard",0.601,1,0,-99,-0.099,0.57
34,"dotnumber","lowSC","hard",0.418,-1,1,-99,-0.099,0.57
34,"dotnumber","lowSC","average",1.084,-1,1,-99,-0.099,0.57
34,"dotnumber","lowSC","easy",0.535,1,1,-99,-0.099,0.57
34,"dotnumber","lowSC","average",0.534,-1,1,-99,-0.099,0.57
34,"dotnumber","lowSC","easy",0.485,-1,1,-99,-0.099,0.57
34,"dotnumber","lowSC","easy",0.468,-1,1,-99,-0.099,0.57
34,"dotnumber","lowSC","easy",0.519,-1,1,-99,-0.099,0.57
34,"dotnumber","lowSC","hard",0.618,1,1,-99,-0.099,0.57
34,"dotnumber","lowSC","easy",0.435,-1,1,-99,-0.099,0.57
34,"dotnumber","lowSC","hard",0.452,-1,0,-99,-0.099,0.57
34,"dotnumber","lowSC","hard",0.486,-1,1,-99,-0.099,0.59
34,"dotnumber","lowSC","easy",0.601,-1,1,-99,-0.099,0.59
34,"dotnumber","lowSC","easy",0.535,-1,1,-99,-0.099,0.59
34,"dotnumber","lowSC","average",0.385,-1,0,-99,-0.099,0.59
34,"dotnumber","lowSC","easy",0.384,-1,0,-99,-0.099,0.59
34,"dotnumber","lowSC","average",0.618,-1,1,-99,-0.099,0.59
34,"dotnumber","lowSC","easy",0.451,1,1,-99,-0.099,0.59
34,"dotnumber","lowSC","average",0.585,1,1,-99,-0.099,0.59
34,"dotnumber","lowSC","easy",0.468,-1,1,-99,-0.099,0.59
34,"dotnumber","lowSC","easy",0.768,1,1,-99,-0.099,0.59
34,"dotnumber","lowSC","average",0.836,-1,1,-99,-0.099,0.59
34,"dotnumber","lowSC","average",0.568,1,1,-99,-0.099,0.59
34,"dotnumber","lowSC","easy",0.501,-1,1,-99,-0.099,0.59
34,"dotnumber","lowSC","hard",0.502,-1,0,-99,-0.099,0.59
34,"dotnumber","lowSC","average",0.584,1,0,-99,-0.099,0.59
34,"dotnumber","lowSC","hard",0.485,-1,1,-99,-0.099,0.59
34,"dotnumber","lowSC","hard",0.586,1,1,-99,-0.099,0.59
34,"dotnumber","lowSC","average",0.569,-1,1,-99,-0.099,0.59
34,"dotnumber","lowSC","hard",0.702,1,1,-99,-0.099,0.59
34,"dotnumber","lowSC","average",0.501,-1,1,-99,-0.099,0.59
34,"dotnumber","lowSC","hard",1.001,1,0,-99,-0.099,0.59
34,"dotnumber","lowSC","average",0.535,1,1,-99,-0.099,0.59
34,"dotnumber","lowSC","average",0.535,-1,1,-99,-0.099,0.59
34,"dotnumber","lowSC","average",0.635,1,1,-99,-0.099,0.59
34,"dotnumber","lowSC","easy",0.602,1,1,-99,-0.099,0.62
34,"dotnumber","lowSC","easy",0.436,1,1,-99,-0.099,0.62
34,"dotnumber","lowSC","hard",0.567,1,1,-99,-0.099,0.62
34,"dotnumber","lowSC","average",0.567,1,1,-99,-0.099,0.62
34,"dotnumber","lowSC","easy",0.552,-1,1,-99,-0.099,0.62
34,"dotnumber","lowSC","average",0.501,1,1,-99,-0.099,0.62
34,"dotnumber","lowSC","easy",0.952,1,1,-99,-0.099,0.62
34,"dotnumber","lowSC","hard",0.418,-1,1,-99,-0.099,0.62
34,"dotnumber","lowSC","easy",0.534,1,1,-99,-0.099,0.62
34,"dotnumber","lowSC","average",0.385,1,1,-99,-0.099,0.62
34,"dotnumber","lowSC","hard",0.501,1,1,-99,-0.099,0.62
34,"dotnumber","lowSC","average",0.418,-1,1,-99,-0.099,0.62
34,"dotnumber","lowSC","easy",0.418,-1,1,-99,-0.099,0.62
34,"dotnumber","lowSC","easy",0.401,-1,0,-99,-0.099,0.62
34,"dotnumber","lowSC","average",0.251,-1,0,-99,-0.099,0.62
34,"dotnumber","lowSC","easy",0.502,-1,1,-99,-0.099,0.62
34,"dotnumber","lowSC","average",0.418,1,1,-99,-0.099,0.62
34,"dotnumber","lowSC","hard",0.451,-1,0,-99,-0.099,0.62
34,"dotnumber","lowSC","average",0.535,-1,1,-99,-0.099,0.62
34,"dotnumber","lowSC","hard",0.468,1,0,-99,-0.099,0.62
34,"dotnumber","lowSC","easy",0.467,1,1,-99,-0.099,0.62
34,"dotnumber","lowSC","average",0.502,1,1,-99,-0.099,0.62
34,"dotnumber","lowSC","hard",0.585,-1,1,-99,-0.099,0.62
34,"dotnumber","lowSC","average",0.517,-1,1,-99,-0.099,0.62
34,"xotask","highSC","easy",0.935,-1,1,-99,-0.099,0.96
34,"xotask","highSC","average",0.618,1,1,-99,-0.099,0.96
34,"xotask","highSC","hard",0.602,-1,1,-99,-0.099,0.96
34,"xotask","highSC","hard",0.685,-1,1,-99,-0.099,0.96
34,"xotask","highSC","hard",0.786,-1,1,-99,-0.099,0.96
34,"xotask","highSC","average",0.618,1,1,-99,-0.099,0.96
34,"xotask","highSC","easy",0.535,1,1,-99,-0.099,0.96
34,"xotask","highSC","easy",0.636,-1,1,-99,-0.099,0.96
34,"xotask","highSC","easy",0.501,-1,1,-99,-0.099,0.96
34,"xotask","highSC","average",1.22,-1,0,-99,-0.099,0.96
34,"xotask","highSC","easy",0.568,1,1,-99,-0.099,0.96
34,"xotask","highSC","average",0.735,-1,1,-99,-0.099,0.96
34,"xotask","highSC","easy",0.618,-1,1,-99,-0.099,0.96
34,"xotask","highSC","hard",0.785,-1,0,-99,-0.099,0.96
34,"xotask","highSC","hard",0.919,-1,1,-99,-0.099,0.96
34,"xotask","highSC","easy",0.418,-1,1,-99,-0.099,0.96
34,"xotask","highSC","easy",0.451,1,1,-99,-0.099,0.96
34,"xotask","highSC","hard",0.685,-1,0,-99,-0.099,0.96
34,"xotask","highSC","average",0.435,-1,1,-99,-0.099,0.96
34,"xotask","highSC","easy",0.701,-1,0,-99,-0.099,0.96
34,"xotask","highSC","average",0.435,-1,1,-99,-0.099,0.96
34,"xotask","highSC","easy",0.436,-1,1,-99,-0.099,0.96
34,"xotask","highSC","average",0.602,-1,1,-99,-0.099,0.96
34,"xotask","highSC","average",0.452,-1,0,-99,-0.099,0.96
34,"xotask","highSC","easy",0.385,-1,1,-99,-0.099,0.82
34,"xotask","highSC","hard",0.352,-1,0,-99,-0.099,0.82
34,"xotask","highSC","easy",0.502,1,1,-99,-0.099,0.82
34,"xotask","highSC","easy",0.518,1,1,-99,-0.099,0.82
34,"xotask","highSC","average",0.418,1,1,-99,-0.099,0.82
34,"xotask","highSC","hard",0.435,1,0,-99,-0.099,0.82
34,"xotask","highSC","average",0.802,1,1,-99,-0.099,0.82
34,"xotask","highSC","easy",0.552,-1,0,-99,-0.099,0.82
34,"xotask","highSC","easy",0.501,1,1,-99,-0.099,0.82
34,"xotask","highSC","average",0.585,-1,1,-99,-0.099,0.82
34,"xotask","highSC","easy",0.418,1,1,-99,-0.099,0.82
34,"xotask","highSC","hard",0.452,1,1,-99,-0.099,0.82
34,"xotask","highSC","hard",0.685,1,1,-99,-0.099,0.82
34,"xotask","highSC","average",0.651,-1,1,-99,-0.099,0.82
34,"xotask","highSC","average",0.485,-1,1,-99,-0.099,0.82
34,"xotask","highSC","hard",0.418,-1,0,-99,-0.099,0.82
34,"xotask","highSC","hard",0.768,-1,1,-99,-0.099,0.82
34,"xotask","highSC","average",0.485,-1,1,-99,-0.099,0.82
34,"xotask","highSC","average",0.352,1,1,-99,-0.099,0.82
34,"xotask","highSC","hard",0.601,1,1,-99,-0.099,0.82
34,"xotask","highSC","hard",0.718,-1,1,-99,-0.099,0.82
34,"xotask","highSC","hard",1.136,1,1,-99,-0.099,0.82
34,"xotask","highSC","average",0.485,-1,1,-99,-0.099,0.82
34,"xotask","highSC","easy",0.535,-1,1,-99,-0.099,0.82
34,"xotask","highSC","easy",0.368,-1,1,-99,-0.099,0.9
34,"xotask","highSC","easy",0.635,1,1,-99,-0.099,0.9
34,"xotask","highSC","easy",0.419,1,1,-99,-0.099,0.9
34,"xotask","highSC","easy",0.501,-1,1,-99,-0.099,0.9
34,"xotask","highSC","easy",0.385,-1,1,-99,-0.099,0.9
34,"xotask","highSC","average",0.418,-1,1,-99,-0.099,0.9
34,"xotask","highSC","hard",0.401,-1,0,-99,-0.099,0.9
34,"xotask","highSC","hard",0.551,-1,1,-99,-0.099,0.9
34,"xotask","highSC","hard",0.935,1,0,-99,-0.099,0.9
34,"xotask","highSC","hard",0.534,-1,1,-99,-0.099,0.9
34,"xotask","highSC","hard",0.919,-1,1,-99,-0.099,0.9
34,"xotask","highSC","easy",0.569,1,1,-99,-0.099,0.9
34,"xotask","highSC","easy",0.651,1,1,-99,-0.099,0.9
34,"xotask","highSC","average",0.668,-1,1,-99,-0.099,0.9
34,"xotask","highSC","average",1.22,1,1,-99,-0.099,0.9
34,"xotask","highSC","easy",0.452,-1,1,-99,-0.099,0.9
34,"xotask","highSC","average",0.519,1,1,-99,-0.099,0.9
34,"xotask","highSC","average",0.569,-1,1,-99,-0.099,0.9
34,"xotask","highSC","easy",0.818,1,1,-99,-0.099,0.9
34,"xotask","highSC","easy",0.45,-1,1,-99,-0.099,0.9
34,"xotask","highSC","easy",0.401,-1,1,-99,-0.099,0.9
34,"xotask","highSC","average",0.352,-1,0,-99,-0.099,0.9
34,"xotask","highSC","average",0.702,1,0,-99,-0.099,0.9
34,"xotask","highSC","hard",0.535,-1,0,-99,-0.099,0.9
34,"xotask","highSC","hard",0.468,-1,0,-99,-0.099,0.97
34,"xotask","highSC","hard",0.786,-1,1,-99,-0.099,0.97
34,"xotask","highSC","average",0.485,1,1,-99,-0.099,0.97
34,"xotask","highSC","average",0.636,-1,1,-99,-0.099,0.97
34,"xotask","highSC","average",0.552,1,1,-99,-0.099,0.97
34,"xotask","highSC","hard",0.402,1,1,-99,-0.099,0.97
34,"xotask","highSC","average",0.418,-1,1,-99,-0.099,0.97
34,"xotask","highSC","hard",0.352,-1,1,-99,-0.099,0.97
34,"xotask","highSC","average",0.518,-1,1,-99,-0.099,0.97
34,"xotask","highSC","average",0.668,1,1,-99,-0.099,0.97
34,"xotask","highSC","hard",0.752,1,1,-99,-0.099,0.97
34,"xotask","highSC","easy",0.519,1,1,-99,-0.099,0.97
34,"xotask","highSC","easy",0.552,1,1,-99,-0.099,0.97
34,"xotask","highSC","easy",0.385,-1,1,-99,-0.099,0.97
34,"xotask","highSC","average",0.585,1,1,-99,-0.099,0.97
34,"xotask","highSC","easy",0.485,1,1,-99,-0.099,0.97
34,"xotask","highSC","hard",0.402,1,0,-99,-0.099,0.97
34,"xotask","highSC","average",0.584,-1,1,-99,-0.099,0.97
34,"xotask","highSC","hard",0.518,-1,0,-99,-0.099,0.97
34,"xotask","highSC","easy",0.434,-1,1,-99,-0.099,0.97
34,"xotask","highSC","easy",0.602,1,1,-99,-0.099,0.97
34,"xotask","highSC","easy",0.587,-1,1,-99,-0.099,0.97
34,"xotask","highSC","hard",0.652,-1,1,-99,-0.099,0.97
34,"xotask","highSC","average",0.552,1,1,-99,-0.099,0.97
34,"xotask","highSC","hard",0.552,-1,1,-99,-0.099,0.97
34,"xotask","highSC","easy",0.485,-1,1,-99,-0.099,0.97
34,"xotask","highSC","easy",0.518,1,1,-99,-0.099,0.97
34,"xotask","highSC","average",0.601,-1,1,-99,-0.099,0.97
34,"xotask","highSC","hard",0.752,-1,1,-99,-0.099,0.97
34,"xotask","highSC","easy",0.535,1,1,-99,-0.099,0.97
34,"xotask","highSC","easy",0.418,1,1,-99,-0.099,0.97
34,"xotask","highSC","average",1.135,-1,0,-99,-0.099,0.97
34,"xotask","highSC","easy",0.435,1,1,-99,-0.099,0.97
34,"xotask","highSC","average",0.502,1,1,-99,-0.099,0.97
34,"xotask","highSC","average",0.535,-1,1,-99,-0.099,0.97
34,"xotask","highSC","easy",0.585,-1,1,-99,-0.099,0.97
34,"xotask","highSC","hard",0.587,-1,0,-99,-0.099,0.97
34,"xotask","highSC","average",0.401,-1,1,-99,-0.099,0.97
34,"xotask","highSC","average",0.602,1,1,-99,-0.099,0.97
34,"xotask","highSC","hard",0.384,1,1,-99,-0.099,0.97
34,"xotask","highSC","easy",0.469,-1,1,-99,-0.099,0.97
34,"xotask","highSC","average",0.568,-1,1,-99,-0.099,0.97
34,"xotask","highSC","hard",0.534,-1,1,-99,-0.099,0.97
34,"xotask","highSC","hard",0.386,-1,0,-99,-0.099,0.97
34,"xotask","highSC","average",0.602,-1,1,-99,-0.099,0.97
34,"xotask","highSC","easy",0.485,-1,1,-99,-0.099,0.97
34,"xotask","highSC","easy",0.485,-1,1,-99,-0.099,0.97
34,"xotask","highSC","easy",0.418,-1,1,-99,-0.099,0.97
35,"dotnumber","lowSC","easy",1.32,1,0,-99,-0.099,0.66
35,"dotnumber","lowSC","easy",1.202,1,1,-99,-0.099,0.66
35,"dotnumber","lowSC","easy",1.002,1,1,-99,-0.099,0.66
35,"dotnumber","lowSC","easy",0.818,-1,1,-99,-0.099,0.66
35,"dotnumber","lowSC","average",0.6,-1,1,-99,-0.099,0.66
35,"dotnumber","lowSC","hard",0.486,-1,1,-99,-0.099,0.66
35,"dotnumber","lowSC","hard",0.652,1,1,-99,-0.099,0.66
35,"dotnumber","lowSC","hard",0.618,1,1,-99,-0.099,0.66
35,"dotnumber","lowSC","average",0.718,1,0,-99,-0.099,0.66
35,"dotnumber","lowSC","easy",0.668,-1,1,-99,-0.099,0.66
35,"dotnumber","lowSC","hard",1.085,-1,1,-99,-0.099,0.66
35,"dotnumber","lowSC","easy",0.802,-1,1,-99,-0.099,0.66
35,"dotnumber","lowSC","hard",0.935,1,0,-99,-0.099,0.66
35,"dotnumber","lowSC","hard",0.534,-1,1,-99,-0.099,0.66
35,"dotnumber","lowSC","average",0.651,1,1,-99,-0.099,0.66
35,"dotnumber","lowSC","average",0.618,1,1,-99,-0.099,0.66
35,"dotnumber","lowSC","easy",0.585,1,1,-99,-0.099,0.66
35,"dotnumber","lowSC","hard",0.534,-1,0,-99,-0.099,0.66
35,"dotnumber","lowSC","easy",0.452,1,1,-99,-0.099,0.66
35,"dotnumber","lowSC","easy",0.452,1,1,-99,-0.099,0.66
35,"dotnumber","lowSC","easy",0.534,1,1,-99,-0.099,0.66
35,"dotnumber","lowSC","hard",0.519,-1,1,-99,-0.099,0.66
35,"dotnumber","lowSC","easy",0.569,-1,1,-99,-0.099,0.66
35,"dotnumber","lowSC","average",0.469,1,1,-99,-0.099,0.66
35,"dotnumber","lowSC","hard",0.619,1,0,-99,-0.099,0.64
35,"dotnumber","lowSC","hard",0.601,-1,1,-99,-0.099,0.64
35,"dotnumber","lowSC","hard",0.651,1,1,-99,-0.099,0.64
35,"dotnumber","lowSC","average",0.785,1,0,-99,-0.099,0.64
35,"dotnumber","lowSC","easy",0.618,1,1,-99,-0.099,0.64
35,"dotnumber","lowSC","hard",1.036,1,1,-99,-0.099,0.64
35,"dotnumber","lowSC","easy",0.501,-1,1,-99,-0.099,0.64
35,"dotnumber","lowSC","average",0.852,1,0,-99,-0.099,0.64
35,"dotnumber","lowSC","easy",0.835,1,1,-99,-0.099,0.64
35,"dotnumber","lowSC","easy",0.552,-1,1,-99,-0.099,0.64
35,"dotnumber","lowSC","hard",0.919,-1,1,-99,-0.099,0.64
35,"dotnumber","lowSC","average",0.736,1,1,-99,-0.099,0.64
35,"dotnumber","lowSC","average",0.502,1,1,-99,-0.099,0.64
35,"dotnumber","lowSC","average",0.584,-1,1,-99,-0.099,0.64
35,"dotnumber","lowSC","average",0.452,1,0,-99,-0.099,0.64
35,"dotnumber","lowSC","easy",0.418,-1,1,-99,-0.099,0.64
35,"dotnumber","lowSC","average",0.601,1,1,-99,-0.099,0.64
35,"dotnumber","lowSC","easy",0.568,1,1,-99,-0.099,0.64
35,"dotnumber","lowSC","average",0.617,1,1,-99,-0.099,0.64
35,"dotnumber","lowSC","easy",0.935,-1,0,-99,-0.099,0.64
35,"dotnumber","lowSC","easy",0.451,1,1,-99,-0.099,0.64
35,"dotnumber","lowSC","easy",0.819,1,1,-99,-0.099,0.64
35,"dotnumber","lowSC","average",0.584,-1,1,-99,-0.099,0.64
35,"dotnumber","lowSC","hard",0.652,1,1,-99,-0.099,0.64
35,"dotnumber","lowSC","hard",0.601,1,0,-99,-0.099,0.55
35,"dotnumber","lowSC","average",1.019,1,1,-99,-0.099,0.55
35,"dotnumber","lowSC","hard",0.702,1,1,-99,-0.099,0.55
35,"dotnumber","lowSC","hard",0.634,1,0,-99,-0.099,0.55
35,"dotnumber","lowSC","easy",0.484,1,1,-99,-0.099,0.55
35,"dotnumber","lowSC","easy",0.519,-1,1,-99,-0.099,0.55
35,"dotnumber","lowSC","average",0.6,-1,1,-99,-0.099,0.55
35,"dotnumber","lowSC","hard",0.802,-1,1,-99,-0.099,0.55
35,"dotnumber","lowSC","average",0.669,1,1,-99,-0.099,0.55
35,"dotnumber","lowSC","hard",0.568,-1,0,-99,-0.099,0.55
35,"dotnumber","lowSC","hard",1.084,-1,0,-99,-0.099,0.55
35,"dotnumber","lowSC","hard",0.568,1,1,-99,-0.099,0.55
35,"dotnumber","lowSC","easy",0.668,1,1,-99,-0.099,0.55
35,"dotnumber","lowSC","easy",0.469,1,1,-99,-0.099,0.55
35,"dotnumber","lowSC","average",0.718,-1,0,-99,-0.099,0.55
35,"dotnumber","lowSC","average",0.584,-1,1,-99,-0.099,0.55
35,"dotnumber","lowSC","easy",1.335,-1,1,-99,-0.099,0.55
35,"dotnumber","lowSC","hard",0.634,-1,1,-99,-0.099,0.55
35,"dotnumber","lowSC","easy",0.718,-1,1,-99,-0.099,0.55
35,"dotnumber","lowSC","average",0.669,1,1,-99,-0.099,0.55
35,"dotnumber","lowSC","easy",0.568,1,1,-99,-0.099,0.55
35,"dotnumber","lowSC","easy",0.518,1,1,-99,-0.099,0.55
35,"dotnumber","lowSC","average",0.468,-1,1,-99,-0.099,0.55
35,"dotnumber","lowSC","easy",0.535,1,1,-99,-0.099,0.55
35,"dotnumber","lowSC","average",0.519,-1,1,-99,-0.099,0.59
35,"dotnumber","lowSC","average",0.45,1,1,-99,-0.099,0.59
35,"dotnumber","lowSC","average",0.468,-1,1,-99,-0.099,0.59
35,"dotnumber","lowSC","easy",0.418,1,0,-99,-0.099,0.59
35,"dotnumber","lowSC","hard",0.569,-1,1,-99,-0.099,0.59
35,"dotnumber","lowSC","average",0.602,1,1,-99,-0.099,0.59
35,"dotnumber","lowSC","hard",0.568,-1,1,-99,-0.099,0.59
35,"dotnumber","lowSC","easy",0.852,1,1,-99,-0.099,0.59
35,"dotnumber","lowSC","hard",0.685,-1,0,-99,-0.099,0.59
35,"dotnumber","lowSC","hard",0.585,-1,0,-99,-0.099,0.59
35,"dotnumber","lowSC","average",0.668,-1,1,-99,-0.099,0.59
35,"dotnumber","lowSC","easy",0.602,1,1,-99,-0.099,0.59
35,"dotnumber","lowSC","easy",0.701,-1,1,-99,-0.099,0.59
35,"dotnumber","lowSC","easy",0.485,1,1,-99,-0.099,0.59
35,"dotnumber","lowSC","average",1.169,1,1,-99,-0.099,0.59
35,"dotnumber","lowSC","average",0.652,1,1,-99,-0.099,0.59
35,"dotnumber","lowSC","average",0.718,-1,1,-99,-0.099,0.59
35,"dotnumber","lowSC","easy",0.586,-1,1,-99,-0.099,0.59
35,"dotnumber","lowSC","average",0.751,-1,0,-99,-0.099,0.59
35,"dotnumber","lowSC","easy",1.153,1,1,-99,-0.099,0.59
35,"dotnumber","lowSC","hard",0.485,-1,1,-99,-0.099,0.59
35,"dotnumber","lowSC","easy",0.502,-1,1,-99,-0.099,0.59
35,"dotnumber","lowSC","average",1.019,1,1,-99,-0.099,0.59
35,"dotnumber","lowSC","hard",0.517,-1,1,-99,-0.099,0.59
35,"dotnumber","lowSC","hard",1.402,1,1,-99,-0.099,0.57
35,"dotnumber","lowSC","hard",0.702,-1,0,-99,-0.099,0.57
35,"dotnumber","lowSC","hard",1.069,1,1,-99,-0.099,0.57
35,"dotnumber","lowSC","hard",0.669,-1,1,-99,-0.099,0.57
35,"dotnumber","lowSC","hard",0.618,-1,1,-99,-0.099,0.57
35,"dotnumber","lowSC","hard",1.369,1,1,-99,-0.099,0.57
35,"dotnumber","lowSC","average",0.634,1,1,-99,-0.099,0.57
35,"dotnumber","lowSC","average",0.435,1,1,-99,-0.099,0.57
35,"dotnumber","lowSC","average",0.718,-1,1,-99,-0.099,0.57
35,"dotnumber","lowSC","average",0.884,-1,1,-99,-0.099,0.57
35,"dotnumber","lowSC","average",0.569,1,1,-99,-0.099,0.57
35,"dotnumber","lowSC","easy",0.618,-1,1,-99,-0.099,0.57
35,"dotnumber","lowSC","easy",0.852,-1,1,-99,-0.099,0.57
35,"dotnumber","lowSC","average",0.803,-1,1,-99,-0.099,0.57
35,"dotnumber","lowSC","average",1.034,-1,1,-99,-0.099,0.57
35,"dotnumber","lowSC","average",0.618,1,1,-99,-0.099,0.57
35,"dotnumber","lowSC","hard",1.352,1,0,-99,-0.099,0.57
35,"dotnumber","lowSC","hard",1.185,-1,0,-99,-0.099,0.57
35,"dotnumber","lowSC","average",1.202,1,0,-99,-0.099,0.57
35,"dotnumber","lowSC","easy",0.702,1,1,-99,-0.099,0.57
35,"dotnumber","lowSC","average",1.719,1,1,-99,-0.099,0.57
35,"dotnumber","lowSC","easy",1.169,-1,0,-99,-0.099,0.57
35,"dotnumber","lowSC","hard",0.768,-1,0,-99,-0.099,0.57
35,"dotnumber","lowSC","easy",0.668,-1,1,-99,-0.099,0.57
35,"xotask","highSC","easy",2.57,-1,0,-99,-0.099,0.86
35,"xotask","highSC","average",1.821,1,0,-99,-0.099,0.86
35,"xotask","highSC","easy",1.653,-1,1,-99,-0.099,0.86
35,"xotask","highSC","easy",3.271,-1,1,-99,-0.099,0.86
35,"xotask","highSC","average",2.153,1,0,-99,-0.099,0.86
35,"xotask","highSC","average",1.369,-1,1,-99,-0.099,0.86
35,"xotask","highSC","easy",1.269,1,1,-99,-0.099,0.86
35,"xotask","highSC","hard",1.802,1,0,-99,-0.099,0.86
35,"xotask","highSC","hard",1.77,1,1,-99,-0.099,0.86
35,"xotask","highSC","average",1.236,-1,1,-99,-0.099,0.86
35,"xotask","highSC","hard",1.201,1,1,-99,-0.099,0.86
35,"xotask","highSC","average",1.853,1,1,-99,-0.099,0.86
35,"xotask","highSC","average",1.836,1,1,-99,-0.099,0.86
35,"xotask","highSC","hard",1.235,1,0,-99,-0.099,0.86
35,"xotask","highSC","hard",1.953,1,0,-99,-0.099,0.86
35,"xotask","highSC","average",1.803,-1,1,-99,-0.099,0.86
35,"xotask","highSC","hard",1.619,-1,1,-99,-0.099,0.86
35,"xotask","highSC","hard",1.002,-1,1,-99,-0.099,0.86
35,"xotask","highSC","average",1.002,1,1,-99,-0.099,0.86
35,"xotask","highSC","easy",1.068,-1,1,-99,-0.099,0.86
35,"xotask","highSC","easy",1.001,1,1,-99,-0.099,0.86
35,"xotask","highSC","average",0.918,-1,1,-99,-0.099,0.86
35,"xotask","highSC","hard",0.968,1,1,-99,-0.099,0.86
35,"xotask","highSC","easy",0.952,-1,1,-99,-0.099,0.84
35,"xotask","highSC","average",0.852,-1,0,-99,-0.099,0.84
35,"xotask","highSC","average",1.27,1,1,-99,-0.099,0.84
35,"xotask","highSC","average",1.019,-1,1,-99,-0.099,0.84
35,"xotask","highSC","easy",1.303,-1,0,-99,-0.099,0.84
35,"xotask","highSC","average",1.519,1,1,-99,-0.099,0.84
35,"xotask","highSC","average",1.536,-1,1,-99,-0.099,0.84
35,"xotask","highSC","average",0.886,1,1,-99,-0.099,0.84
35,"xotask","highSC","average",0.785,1,1,-99,-0.099,0.84
35,"xotask","highSC","average",1.369,1,1,-99,-0.099,0.84
35,"xotask","highSC","easy",0.936,1,1,-99,-0.099,0.84
35,"xotask","highSC","hard",2.137,1,1,-99,-0.099,0.84
35,"xotask","highSC","easy",1.069,1,0,-99,-0.099,0.84
35,"xotask","highSC","hard",1.787,1,0,-99,-0.099,0.84
35,"xotask","highSC","hard",2.052,-1,0,-99,-0.099,0.84
35,"xotask","highSC","average",1.735,1,0,-99,-0.099,0.84
35,"xotask","highSC","easy",1.953,-1,1,-99,-0.099,0.84
35,"xotask","highSC","easy",0.902,1,1,-99,-0.099,0.84
35,"xotask","highSC","easy",0.869,1,1,-99,-0.099,0.84
35,"xotask","highSC","average",0.517,1,1,-99,-0.099,0.84
35,"xotask","highSC","hard",0.868,-1,1,-99,-0.099,0.84
35,"xotask","highSC","easy",1.118,-1,1,-99,-0.099,0.84
35,"xotask","highSC","average",1.418,-1,1,-99,-0.099,0.84
35,"xotask","highSC","hard",1.686,1,1,-99,-0.099,0.84
35,"xotask","highSC","hard",1.303,-1,1,-99,-0.099,0.95
35,"xotask","highSC","easy",0.835,-1,1,-99,-0.099,0.95
35,"xotask","highSC","easy",0.853,1,1,-99,-0.099,0.95
35,"xotask","highSC","hard",2.187,1,0,-99,-0.099,0.95
35,"xotask","highSC","average",1.035,1,1,-99,-0.099,0.95
35,"xotask","highSC","hard",1.186,-1,1,-99,-0.099,0.95
35,"xotask","highSC","hard",1.251,1,1,-99,-0.099,0.95
35,"xotask","highSC","hard",1.336,1,1,-99,-0.099,0.95
35,"xotask","highSC","average",1.67,1,0,-99,-0.099,0.95
35,"xotask","highSC","average",0.485,1,1,-99,-0.099,0.95
35,"xotask","highSC","average",0.485,1,1,-99,-0.099,0.95
35,"xotask","highSC","hard",1.001,-1,1,-99,-0.099,0.95
35,"xotask","highSC","easy",0.901,1,0,-99,-0.099,0.95
35,"xotask","highSC","easy",1.035,-1,1,-99,-0.099,0.95
35,"xotask","highSC","easy",0.768,1,1,-99,-0.099,0.95
35,"xotask","highSC","hard",0.818,-1,1,-99,-0.099,0.95
35,"xotask","highSC","average",0.968,1,1,-99,-0.099,0.95
35,"xotask","highSC","average",0.651,1,1,-99,-0.099,0.95
35,"xotask","highSC","easy",0.701,-1,1,-99,-0.099,0.95
35,"xotask","highSC","hard",1.487,-1,1,-99,-0.099,0.95
35,"xotask","highSC","average",1.486,-1,1,-99,-0.099,0.95
35,"xotask","highSC","average",1.386,-1,1,-99,-0.099,0.95
35,"xotask","highSC","easy",1.868,-1,1,-99,-0.099,0.95
35,"xotask","highSC","hard",0.801,1,1,-99,-0.099,0.95
35,"xotask","highSC","easy",0.968,1,1,-99,-0.099,0.92
35,"xotask","highSC","average",0.768,1,1,-99,-0.099,0.92
35,"xotask","highSC","easy",0.802,1,1,-99,-0.099,0.92
35,"xotask","highSC","easy",0.618,1,1,-99,-0.099,0.92
35,"xotask","highSC","easy",0.601,-1,1,-99,-0.099,0.92
35,"xotask","highSC","average",1.536,-1,0,-99,-0.099,0.92
35,"xotask","highSC","easy",0.852,-1,1,-99,-0.099,0.92
35,"xotask","highSC","average",0.602,1,1,-99,-0.099,0.92
35,"xotask","highSC","easy",0.685,-1,1,-99,-0.099,0.92
35,"xotask","highSC","hard",0.685,-1,1,-99,-0.099,0.92
35,"xotask","highSC","hard",0.969,-1,0,-99,-0.099,0.92
35,"xotask","highSC","easy",0.919,1,1,-99,-0.099,0.92
35,"xotask","highSC","average",1.67,-1,1,-99,-0.099,0.92
35,"xotask","highSC","hard",2.319,1,0,-99,-0.099,0.92
35,"xotask","highSC","average",1.353,-1,0,-99,-0.099,0.92
35,"xotask","highSC","average",0.836,-1,1,-99,-0.099,0.92
35,"xotask","highSC","easy",0.802,-1,1,-99,-0.099,0.92
35,"xotask","highSC","hard",1.019,-1,0,-99,-0.099,0.92
35,"xotask","highSC","average",1.002,-1,0,-99,-0.099,0.92
35,"xotask","highSC","easy",0.735,1,1,-99,-0.099,0.92
35,"xotask","highSC","easy",0.602,1,1,-99,-0.099,0.92
35,"xotask","highSC","average",0.951,-1,1,-99,-0.099,0.92
35,"xotask","highSC","average",0.684,1,1,-99,-0.099,0.92
35,"xotask","highSC","easy",0.786,-1,1,-99,-0.099,0.92
35,"xotask","highSC","easy",1.035,-1,1,-99,-0.099,0.95
35,"xotask","highSC","average",1.051,-1,0,-99,-0.099,0.95
35,"xotask","highSC","hard",0.952,1,1,-99,-0.099,0.95
35,"xotask","highSC","hard",0.902,-1,1,-99,-0.099,0.95
35,"xotask","highSC","easy",1.302,-1,1,-99,-0.099,0.95
35,"xotask","highSC","easy",1.236,1,0,-99,-0.099,0.95
35,"xotask","highSC","average",1.118,-1,1,-99,-0.099,0.95
35,"xotask","highSC","easy",0.885,1,1,-99,-0.099,0.95
35,"xotask","highSC","hard",1.035,1,1,-99,-0.099,0.95
35,"xotask","highSC","hard",0.684,-1,1,-99,-0.099,0.95
35,"xotask","highSC","average",0.585,1,1,-99,-0.099,0.95
35,"xotask","highSC","average",0.835,-1,1,-99,-0.099,0.95
35,"xotask","highSC","average",1.336,-1,1,-99,-0.099,0.95
35,"xotask","highSC","hard",1.336,-1,1,-99,-0.099,0.95
35,"xotask","highSC","average",1.102,-1,1,-99,-0.099,0.95
35,"xotask","highSC","easy",0.618,1,1,-99,-0.099,0.95
35,"xotask","highSC","average",0.901,1,1,-99,-0.099,0.95
35,"xotask","highSC","easy",1.085,-1,1,-99,-0.099,0.95
35,"xotask","highSC","average",1.135,1,1,-99,-0.099,0.95
35,"xotask","highSC","average",1.103,-1,1,-99,-0.099,0.95
35,"xotask","highSC","easy",1.036,1,0,-99,-0.099,0.95
35,"xotask","highSC","hard",1.303,-1,1,-99,-0.099,0.95
35,"xotask","highSC","easy",0.802,-1,1,-99,-0.099,0.95
35,"xotask","highSC","hard",1.003,1,1,-99,-0.099,0.95
35,"dotcolour","mediumSC","easy",1.485,1,1,-99,-0.099,0.79
35,"dotcolour","mediumSC","hard",0.634,-1,0,-99,-0.099,0.79
35,"dotcolour","mediumSC","easy",0.936,1,1,-99,-0.099,0.79
35,"dotcolour","mediumSC","hard",0.751,-1,0,-99,-0.099,0.79
35,"dotcolour","mediumSC","average",1.002,1,1,-99,-0.099,0.79
35,"dotcolour","mediumSC","average",0.735,1,1,-99,-0.099,0.79
35,"dotcolour","mediumSC","hard",0.468,-1,1,-99,-0.099,0.79
35,"dotcolour","mediumSC","hard",0.619,-1,0,-99,-0.099,0.79
35,"dotcolour","mediumSC","average",0.418,-1,1,-99,-0.099,0.79
35,"dotcolour","mediumSC","average",0.351,-1,0,-99,-0.099,0.79
35,"dotcolour","mediumSC","hard",1.503,-1,0,-99,-0.099,0.79
35,"dotcolour","mediumSC","average",0.819,-1,1,-99,-0.099,0.79
35,"dotcolour","mediumSC","easy",0.685,1,1,-99,-0.099,0.79
35,"dotcolour","mediumSC","hard",0.602,-1,1,-99,-0.099,0.79
35,"dotcolour","mediumSC","easy",0.719,-1,1,-99,-0.099,0.79
35,"dotcolour","mediumSC","hard",0.652,-1,1,-99,-0.099,0.79
35,"dotcolour","mediumSC","average",0.735,1,1,-99,-0.099,0.79
35,"dotcolour","mediumSC","hard",0.652,-1,0,-99,-0.099,0.79
35,"dotcolour","mediumSC","easy",0.601,1,1,-99,-0.099,0.79
35,"dotcolour","mediumSC","average",0.818,1,1,-99,-0.099,0.79
35,"dotcolour","mediumSC","hard",0.819,-1,1,-99,-0.099,0.79
35,"dotcolour","mediumSC","hard",0.668,-1,1,-99,-0.099,0.79
35,"dotcolour","mediumSC","hard",1.002,1,1,-99,-0.099,0.79
35,"dotcolour","mediumSC","average",0.801,-1,0,-99,-0.099,0.79
35,"dotcolour","mediumSC","easy",0.652,1,1,-99,-0.099,0.76
35,"dotcolour","mediumSC","easy",0.568,-1,1,-99,-0.099,0.76
35,"dotcolour","mediumSC","hard",0.769,1,1,-99,-0.099,0.76
35,"dotcolour","mediumSC","average",0.584,-1,1,-99,-0.099,0.76
35,"dotcolour","mediumSC","hard",0.668,1,0,-99,-0.099,0.76
35,"dotcolour","mediumSC","average",0.702,-1,1,-99,-0.099,0.76
35,"dotcolour","mediumSC","easy",0.617,-1,1,-99,-0.099,0.76
35,"dotcolour","mediumSC","easy",0.585,1,1,-99,-0.099,0.76
35,"dotcolour","mediumSC","hard",0.585,-1,1,-99,-0.099,0.76
35,"dotcolour","mediumSC","average",0.668,1,1,-99,-0.099,0.76
35,"dotcolour","mediumSC","easy",0.651,-1,1,-99,-0.099,0.76
35,"dotcolour","mediumSC","hard",0.652,1,1,-99,-0.099,0.76
35,"dotcolour","mediumSC","easy",0.602,-1,1,-99,-0.099,0.76
35,"dotcolour","mediumSC","average",0.651,1,1,-99,-0.099,0.76
35,"dotcolour","mediumSC","hard",0.685,-1,0,-99,-0.099,0.76
35,"dotcolour","mediumSC","average",0.634,-1,1,-99,-0.099,0.76
35,"dotcolour","mediumSC","average",0.785,1,1,-99,-0.099,0.76
35,"dotcolour","mediumSC","easy",0.969,1,1,-99,-0.099,0.76
35,"dotcolour","mediumSC","hard",0.785,-1,1,-99,-0.099,0.76
35,"dotcolour","mediumSC","easy",0.635,-1,1,-99,-0.099,0.76
35,"dotcolour","mediumSC","average",0.702,-1,1,-99,-0.099,0.76
35,"dotcolour","mediumSC","easy",0.602,1,1,-99,-0.099,0.76
35,"dotcolour","mediumSC","easy",0.719,1,1,-99,-0.099,0.76
35,"dotcolour","mediumSC","easy",0.618,-1,1,-99,-0.099,0.76
35,"dotcolour","mediumSC","easy",0.635,-1,1,-99,-0.099,0.73
35,"dotcolour","mediumSC","easy",0.635,1,1,-99,-0.099,0.73
35,"dotcolour","mediumSC","hard",1.553,1,1,-99,-0.099,0.73
35,"dotcolour","mediumSC","hard",1.069,-1,1,-99,-0.099,0.73
35,"dotcolour","mediumSC","hard",0.618,1,1,-99,-0.099,0.73
35,"dotcolour","mediumSC","average",0.586,-1,1,-99,-0.099,0.73
35,"dotcolour","mediumSC","easy",0.551,1,1,-99,-0.099,0.73
35,"dotcolour","mediumSC","hard",1.019,-1,0,-99,-0.099,0.73
35,"dotcolour","mediumSC","average",0.569,1,1,-99,-0.099,0.73
35,"dotcolour","mediumSC","easy",0.502,-1,1,-99,-0.099,0.73
35,"dotcolour","mediumSC","average",0.584,-1,1,-99,-0.099,0.73
35,"dotcolour","mediumSC","hard",0.718,-1,0,-99,-0.099,0.73
35,"dotcolour","mediumSC","easy",0.669,1,1,-99,-0.099,0.73
35,"dotcolour","mediumSC","average",0.969,1,1,-99,-0.099,0.73
35,"dotcolour","mediumSC","hard",0.585,-1,1,-99,-0.099,0.73
35,"dotcolour","mediumSC","average",1.202,-1,1,-99,-0.099,0.73
35,"dotcolour","mediumSC","average",0.585,-1,1,-99,-0.099,0.73
35,"dotcolour","mediumSC","hard",0.802,1,1,-99,-0.099,0.73
35,"dotcolour","mediumSC","hard",1.002,-1,1,-99,-0.099,0.73
35,"dotcolour","mediumSC","hard",0.886,-1,1,-99,-0.099,0.73
35,"dotcolour","mediumSC","average",0.602,-1,1,-99,-0.099,0.73
35,"dotcolour","mediumSC","hard",0.668,-1,1,-99,-0.099,0.73
35,"dotcolour","mediumSC","average",0.952,-1,1,-99,-0.099,0.73
35,"dotcolour","mediumSC","average",0.852,-1,0,-99,-0.099,0.73
35,"dotcolour","mediumSC","easy",0.568,1,1,-99,-0.099,0.76
35,"dotcolour","mediumSC","easy",0.5,-1,1,-99,-0.099,0.76
35,"dotcolour","mediumSC","hard",0.684,1,1,-99,-0.099,0.76
35,"dotcolour","mediumSC","easy",0.568,-1,1,-99,-0.099,0.76
35,"dotcolour","mediumSC","average",0.452,1,0,-99,-0.099,0.76
35,"dotcolour","mediumSC","hard",1.486,1,1,-99,-0.099,0.76
35,"dotcolour","mediumSC","average",0.751,-1,0,-99,-0.099,0.76
35,"dotcolour","mediumSC","hard",0.651,-1,0,-99,-0.099,0.76
35,"dotcolour","mediumSC","hard",1.168,-1,1,-99,-0.099,0.76
35,"dotcolour","mediumSC","hard",0.735,-1,1,-99,-0.099,0.76
35,"dotcolour","mediumSC","average",0.701,1,1,-99,-0.099,0.76
35,"dotcolour","mediumSC","average",0.802,-1,1,-99,-0.099,0.76
35,"dotcolour","mediumSC","easy",0.736,-1,1,-99,-0.099,0.76
35,"dotcolour","mediumSC","hard",1.469,1,1,-99,-0.099,0.76
35,"dotcolour","mediumSC","hard",0.836,-1,0,-99,-0.099,0.76
35,"dotcolour","mediumSC","average",0.686,1,1,-99,-0.099,0.76
35,"dotcolour","mediumSC","hard",1.118,1,1,-99,-0.099,0.76
35,"dotcolour","mediumSC","average",0.635,-1,1,-99,-0.099,0.76
35,"dotcolour","mediumSC","easy",0.718,1,1,-99,-0.099,0.76
35,"dotcolour","mediumSC","easy",0.668,1,1,-99,-0.099,0.76
35,"dotcolour","mediumSC","easy",0.618,1,1,-99,-0.099,0.76
35,"dotcolour","mediumSC","average",0.601,-1,1,-99,-0.099,0.76
35,"dotcolour","mediumSC","average",0.701,1,1,-99,-0.099,0.76
35,"dotcolour","mediumSC","easy",0.735,-1,1,-99,-0.099,0.76
35,"dotcolour","mediumSC","easy",0.501,1,1,-99,-0.099,0.75
35,"dotcolour","mediumSC","average",0.685,1,1,-99,-0.099,0.75
35,"dotcolour","mediumSC","easy",0.551,1,1,-99,-0.099,0.75
35,"dotcolour","mediumSC","hard",0.952,1,1,-99,-0.099,0.75
35,"dotcolour","mediumSC","average",0.586,-1,1,-99,-0.099,0.75
35,"dotcolour","mediumSC","easy",0.685,-1,1,-99,-0.099,0.75
35,"dotcolour","mediumSC","hard",1.219,-1,1,-99,-0.099,0.75
35,"dotcolour","mediumSC","hard",1.385,-1,0,-99,-0.099,0.75
35,"dotcolour","mediumSC","easy",0.618,-1,1,-99,-0.099,0.75
35,"dotcolour","mediumSC","easy",0.519,-1,1,-99,-0.099,0.75
35,"dotcolour","mediumSC","average",0.568,1,1,-99,-0.099,0.75
35,"dotcolour","mediumSC","hard",0.769,1,1,-99,-0.099,0.75
35,"dotcolour","mediumSC","average",0.618,1,1,-99,-0.099,0.75
35,"dotcolour","mediumSC","easy",0.452,-1,1,-99,-0.099,0.75
35,"dotcolour","mediumSC","easy",0.602,-1,1,-99,-0.099,0.75
35,"dotcolour","mediumSC","easy",0.452,-1,1,-99,-0.099,0.75
35,"dotcolour","mediumSC","hard",0.684,1,0,-99,-0.099,0.75
35,"dotcolour","mediumSC","easy",0.519,-1,1,-99,-0.099,0.75
35,"dotcolour","mediumSC","average",0.501,1,1,-99,-0.099,0.75
35,"dotcolour","mediumSC","hard",0.718,1,0,-99,-0.099,0.75
35,"dotcolour","mediumSC","hard",0.685,1,1,-99,-0.099,0.75
35,"dotcolour","mediumSC","easy",0.536,1,1,-99,-0.099,0.75
35,"dotcolour","mediumSC","hard",0.752,-1,1,-99,-0.099,0.75
35,"dotcolour","mediumSC","hard",0.485,-1,1,-99,-0.099,0.75
36,"xotask","mediumSC","average",2.853,-1,1,-99,-0.099,0.7
36,"xotask","mediumSC","average",2.02,1,0,-99,-0.099,0.7
36,"xotask","mediumSC","easy",0.901,1,0,-99,-0.099,0.7
36,"xotask","mediumSC","hard",0.985,-1,0,-99,-0.099,0.7
36,"xotask","mediumSC","easy",0.885,1,1,-99,-0.099,0.7
36,"xotask","mediumSC","average",1.052,-1,1,-99,-0.099,0.7
36,"xotask","mediumSC","hard",0.818,-1,1,-99,-0.099,0.7
36,"xotask","mediumSC","easy",0.536,-1,0,-99,-0.099,0.7
36,"xotask","mediumSC","hard",0.836,-1,1,-99,-0.099,0.7
36,"xotask","mediumSC","easy",0.818,-1,1,-99,-0.099,0.7
36,"xotask","mediumSC","hard",0.736,-1,1,-99,-0.099,0.7
36,"xotask","mediumSC","hard",0.869,-1,0,-99,-0.099,0.7
36,"xotask","mediumSC","easy",0.802,-1,1,-99,-0.099,0.7
36,"xotask","mediumSC","easy",0.618,1,1,-99,-0.099,0.7
36,"xotask","mediumSC","easy",0.551,1,1,-99,-0.099,0.7
36,"xotask","mediumSC","average",0.935,1,1,-99,-0.099,0.7
36,"xotask","mediumSC","easy",0.435,1,1,-99,-0.099,0.7
36,"xotask","mediumSC","hard",0.601,-1,1,-99,-0.099,0.7
36,"xotask","mediumSC","easy",0.569,-1,1,-99,-0.099,0.7
36,"xotask","mediumSC","easy",0.636,-1,0,-99,-0.099,0.7
36,"xotask","mediumSC","easy",0.585,1,1,-99,-0.099,0.7
36,"xotask","mediumSC","average",0.418,1,1,-99,-0.099,0.7
36,"xotask","mediumSC","hard",0.452,1,0,-99,-0.099,0.7
36,"xotask","mediumSC","average",0.635,-1,1,-99,-0.099,0.7
36,"xotask","mediumSC","hard",0.402,-1,1,-99,-0.099,0.79
36,"xotask","mediumSC","average",0.451,-1,1,-99,-0.099,0.79
36,"xotask","mediumSC","hard",0.401,-1,0,-99,-0.099,0.79
36,"xotask","mediumSC","easy",0.485,1,1,-99,-0.099,0.79
36,"xotask","mediumSC","average",0.468,1,0,-99,-0.099,0.79
36,"xotask","mediumSC","hard",0.919,-1,0,-99,-0.099,0.79
36,"xotask","mediumSC","average",0.485,-1,1,-99,-0.099,0.79
36,"xotask","mediumSC","easy",0.419,-1,1,-99,-0.099,0.79
36,"xotask","mediumSC","hard",0.418,-1,1,-99,-0.099,0.79
36,"xotask","mediumSC","average",0.718,1,1,-99,-0.099,0.79
36,"xotask","mediumSC","easy",0.584,1,1,-99,-0.099,0.79
36,"xotask","mediumSC","easy",0.636,-1,1,-99,-0.099,0.79
36,"xotask","mediumSC","average",0.901,1,1,-99,-0.099,0.79
36,"xotask","mediumSC","average",0.618,-1,1,-99,-0.099,0.79
36,"xotask","mediumSC","average",0.602,-1,1,-99,-0.099,0.79
36,"xotask","mediumSC","average",0.484,-1,1,-99,-0.099,0.79
36,"xotask","mediumSC","easy",0.501,-1,1,-99,-0.099,0.79
36,"xotask","mediumSC","average",0.384,-1,0,-99,-0.099,0.79
36,"xotask","mediumSC","easy",0.568,-1,1,-99,-0.099,0.79
36,"xotask","mediumSC","average",0.667,1,1,-99,-0.099,0.79
36,"xotask","mediumSC","hard",0.568,-1,1,-99,-0.099,0.79
36,"xotask","mediumSC","average",0.551,-1,1,-99,-0.099,0.79
36,"xotask","mediumSC","easy",0.534,-1,1,-99,-0.099,0.79
36,"xotask","mediumSC","hard",0.434,-1,0,-99,-0.099,0.79
36,"xotask","mediumSC","hard",0.519,-1,1,-99,-0.099,0.69
36,"xotask","mediumSC","easy",0.802,1,1,-99,-0.099,0.69
36,"xotask","mediumSC","hard",0.669,-1,1,-99,-0.099,0.69
36,"xotask","mediumSC","average",0.634,-1,1,-99,-0.099,0.69
36,"xotask","mediumSC","hard",0.551,-1,0,-99,-0.099,0.69
36,"xotask","mediumSC","easy",0.701,-1,1,-99,-0.099,0.69
36,"xotask","mediumSC","hard",0.752,-1,1,-99,-0.099,0.69
36,"xotask","mediumSC","hard",0.452,-1,1,-99,-0.099,0.69
36,"xotask","mediumSC","average",0.584,-1,0,-99,-0.099,0.69
36,"xotask","mediumSC","average",0.452,-1,1,-99,-0.099,0.69
36,"xotask","mediumSC","hard",0.502,-1,0,-99,-0.099,0.69
36,"xotask","mediumSC","average",0.635,-1,0,-99,-0.099,0.69
36,"xotask","mediumSC","hard",1.101,1,1,-99,-0.099,0.69
36,"xotask","mediumSC","hard",0.552,1,1,-99,-0.099,0.69
36,"xotask","mediumSC","easy",0.435,1,1,-99,-0.099,0.69
36,"xotask","mediumSC","average",0.601,-1,0,-99,-0.099,0.69
36,"xotask","mediumSC","hard",0.635,1,1,-99,-0.099,0.69
36,"xotask","mediumSC","easy",0.452,1,1,-99,-0.099,0.69
36,"xotask","mediumSC","average",0.769,-1,1,-99,-0.099,0.69
36,"xotask","mediumSC","average",0.602,-1,1,-99,-0.099,0.69
36,"xotask","mediumSC","hard",0.769,1,0,-99,-0.099,0.69
36,"xotask","mediumSC","hard",1.018,1,1,-99,-0.099,0.69
36,"xotask","mediumSC","easy",0.719,1,1,-99,-0.099,0.69
36,"xotask","mediumSC","hard",0.868,1,1,-99,-0.099,0.69
36,"xotask","mediumSC","hard",0.569,-1,1,-99,-0.099,0.82
36,"xotask","mediumSC","average",0.585,-1,1,-99,-0.099,0.82
36,"xotask","mediumSC","average",0.888,-1,0,-99,-0.099,0.82
36,"xotask","mediumSC","average",0.552,-1,1,-99,-0.099,0.82
36,"xotask","mediumSC","hard",0.736,1,1,-99,-0.099,0.82
36,"xotask","mediumSC","hard",0.685,-1,0,-99,-0.099,0.82
36,"xotask","mediumSC","average",0.835,-1,0,-99,-0.099,0.82
36,"xotask","mediumSC","average",0.918,1,1,-99,-0.099,0.82
36,"xotask","mediumSC","easy",0.634,-1,1,-99,-0.099,0.82
36,"xotask","mediumSC","easy",0.651,1,1,-99,-0.099,0.82
36,"xotask","mediumSC","average",0.635,1,1,-99,-0.099,0.82
36,"xotask","mediumSC","average",0.486,1,1,-99,-0.099,0.82
36,"xotask","mediumSC","hard",1.069,1,1,-99,-0.099,0.82
36,"xotask","mediumSC","hard",0.569,1,0,-99,-0.099,0.82
36,"xotask","mediumSC","hard",0.518,1,1,-99,-0.099,0.82
36,"xotask","mediumSC","hard",0.551,1,1,-99,-0.099,0.82
36,"xotask","mediumSC","easy",0.584,-1,1,-99,-0.099,0.82
36,"xotask","mediumSC","easy",0.469,-1,1,-99,-0.099,0.82
36,"xotask","mediumSC","hard",0.535,-1,1,-99,-0.099,0.82
36,"xotask","mediumSC","average",0.486,-1,1,-99,-0.099,0.82
36,"xotask","mediumSC","hard",0.719,1,1,-99,-0.099,0.82
36,"xotask","mediumSC","hard",0.518,-1,1,-99,-0.099,0.82
36,"xotask","mediumSC","easy",0.568,-1,0,-99,-0.099,0.82
36,"xotask","mediumSC","average",0.568,-1,1,-99,-0.099,0.82
36,"xotask","mediumSC","hard",0.636,1,1,-99,-0.099,0.75
36,"xotask","mediumSC","average",0.386,-1,0,-99,-0.099,0.75
36,"xotask","mediumSC","average",0.551,-1,1,-99,-0.099,0.75
36,"xotask","mediumSC","easy",0.619,1,1,-99,-0.099,0.75
36,"xotask","mediumSC","average",0.468,1,1,-99,-0.099,0.75
36,"xotask","mediumSC","hard",0.619,-1,1,-99,-0.099,0.75
36,"xotask","mediumSC","average",0.619,1,0,-99,-0.099,0.75
36,"xotask","mediumSC","hard",0.884,-1,1,-99,-0.099,0.75
36,"xotask","mediumSC","hard",0.651,-1,1,-99,-0.099,0.75
36,"xotask","mediumSC","average",0.785,-1,1,-99,-0.099,0.75
36,"xotask","mediumSC","hard",0.619,1,1,-99,-0.099,0.75
36,"xotask","mediumSC","average",0.685,1,1,-99,-0.099,0.75
36,"xotask","mediumSC","easy",1.219,1,1,-99,-0.099,0.75
36,"xotask","mediumSC","average",1.051,1,0,-99,-0.099,0.75
36,"xotask","mediumSC","hard",0.818,-1,0,-99,-0.099,0.75
36,"xotask","mediumSC","easy",1.201,1,1,-99,-0.099,0.75
36,"xotask","mediumSC","average",0.585,1,1,-99,-0.099,0.75
36,"xotask","mediumSC","hard",0.719,1,1,-99,-0.099,0.75
36,"xotask","mediumSC","average",0.518,1,1,-99,-0.099,0.75
36,"xotask","mediumSC","average",0.635,-1,1,-99,-0.099,0.75
36,"xotask","mediumSC","hard",0.552,-1,1,-99,-0.099,0.75
36,"xotask","mediumSC","average",0.45,-1,1,-99,-0.099,0.75
36,"xotask","mediumSC","average",0.502,-1,0,-99,-0.099,0.75
36,"xotask","mediumSC","easy",0.636,-1,1,-99,-0.099,0.75
36,"dotcolour","lowSC","easy",0.785,-1,1,-99,-0.099,0.69
36,"dotcolour","lowSC","easy",0.835,1,1,-99,-0.099,0.69
36,"dotcolour","lowSC","easy",0.736,1,1,-99,-0.099,0.69
36,"dotcolour","lowSC","hard",0.518,-1,0,-99,-0.099,0.69
36,"dotcolour","lowSC","average",0.585,1,1,-99,-0.099,0.69
36,"dotcolour","lowSC","hard",0.936,-1,1,-99,-0.099,0.69
36,"dotcolour","lowSC","average",0.751,1,1,-99,-0.099,0.69
36,"dotcolour","lowSC","hard",1.052,-1,1,-99,-0.099,0.69
36,"dotcolour","lowSC","average",0.552,-1,1,-99,-0.099,0.69
36,"dotcolour","lowSC","hard",0.901,1,0,-99,-0.099,0.69
36,"dotcolour","lowSC","average",0.617,-1,1,-99,-0.099,0.69
36,"dotcolour","lowSC","average",0.601,1,0,-99,-0.099,0.69
36,"dotcolour","lowSC","easy",0.752,-1,1,-99,-0.099,0.69
36,"dotcolour","lowSC","average",0.969,1,1,-99,-0.099,0.69
36,"dotcolour","lowSC","hard",0.651,-1,0,-99,-0.099,0.69
36,"dotcolour","lowSC","hard",0.668,-1,0,-99,-0.099,0.69
36,"dotcolour","lowSC","easy",0.651,1,1,-99,-0.099,0.69
36,"dotcolour","lowSC","hard",0.819,-1,0,-99,-0.099,0.69
36,"dotcolour","lowSC","average",0.802,-1,1,-99,-0.099,0.69
36,"dotcolour","lowSC","easy",0.534,-1,1,-99,-0.099,0.69
36,"dotcolour","lowSC","easy",0.435,-1,1,-99,-0.099,0.69
36,"dotcolour","lowSC","hard",0.701,1,0,-99,-0.099,0.69
36,"dotcolour","lowSC","average",0.635,1,1,-99,-0.099,0.69
36,"dotcolour","lowSC","easy",0.585,1,1,-99,-0.099,0.69
36,"dotcolour","lowSC","easy",0.535,1,1,-99,-0.099,0.63
36,"dotcolour","lowSC","easy",0.535,-1,1,-99,-0.099,0.63
36,"dotcolour","lowSC","average",0.602,-1,1,-99,-0.099,0.63
36,"dotcolour","lowSC","hard",0.684,1,1,-99,-0.099,0.63
36,"dotcolour","lowSC","easy",0.469,-1,1,-99,-0.099,0.63
36,"dotcolour","lowSC","easy",0.602,1,1,-99,-0.099,0.63
36,"dotcolour","lowSC","hard",0.568,-1,1,-99,-0.099,0.63
36,"dotcolour","lowSC","hard",0.486,1,1,-99,-0.099,0.63
36,"dotcolour","lowSC","hard",1.069,-1,1,-99,-0.099,0.63
36,"dotcolour","lowSC","average",0.819,1,1,-99,-0.099,0.63
36,"dotcolour","lowSC","hard",0.953,-1,1,-99,-0.099,0.63
36,"dotcolour","lowSC","average",0.918,1,1,-99,-0.099,0.63
36,"dotcolour","lowSC","average",0.602,-1,1,-99,-0.099,0.63
36,"dotcolour","lowSC","easy",0.434,-1,1,-99,-0.099,0.63
36,"dotcolour","lowSC","easy",0.701,1,1,-99,-0.099,0.63
36,"dotcolour","lowSC","average",0.519,-1,1,-99,-0.099,0.63
36,"dotcolour","lowSC","average",0.585,1,1,-99,-0.099,0.63
36,"dotcolour","lowSC","average",0.534,-1,1,-99,-0.099,0.63
36,"dotcolour","lowSC","average",0.684,1,1,-99,-0.099,0.63
36,"dotcolour","lowSC","average",0.485,-1,1,-99,-0.099,0.63
36,"dotcolour","lowSC","hard",0.652,1,1,-99,-0.099,0.63
36,"dotcolour","lowSC","easy",0.819,1,1,-99,-0.099,0.63
36,"dotcolour","lowSC","easy",0.735,1,1,-99,-0.099,0.63
36,"dotcolour","lowSC","average",0.601,-1,1,-99,-0.099,0.63
36,"dotcolour","lowSC","average",0.618,1,1,-99,-0.099,0.62
36,"dotcolour","lowSC","average",0.652,-1,1,-99,-0.099,0.62
36,"dotcolour","lowSC","easy",0.519,1,0,-99,-0.099,0.62
36,"dotcolour","lowSC","easy",0.518,-1,1,-99,-0.099,0.62
36,"dotcolour","lowSC","hard",0.702,1,1,-99,-0.099,0.62
36,"dotcolour","lowSC","easy",0.486,-1,1,-99,-0.099,0.62
36,"dotcolour","lowSC","hard",0.552,-1,1,-99,-0.099,0.62
36,"dotcolour","lowSC","average",0.568,1,1,-99,-0.099,0.62
36,"dotcolour","lowSC","hard",0.585,-1,1,-99,-0.099,0.62
36,"dotcolour","lowSC","easy",0.519,-1,1,-99,-0.099,0.62
36,"dotcolour","lowSC","average",0.719,1,0,-99,-0.099,0.62
36,"dotcolour","lowSC","average",0.519,1,1,-99,-0.099,0.62
36,"dotcolour","lowSC","hard",0.819,-1,1,-99,-0.099,0.62
36,"dotcolour","lowSC","easy",0.552,1,1,-99,-0.099,0.62
36,"dotcolour","lowSC","hard",0.602,-1,0,-99,-0.099,0.62
36,"dotcolour","lowSC","hard",1.019,1,1,-99,-0.099,0.62
36,"dotcolour","lowSC","average",0.734,-1,1,-99,-0.099,0.62
36,"dotcolour","lowSC","easy",0.718,1,1,-99,-0.099,0.62
36,"dotcolour","lowSC","hard",1.236,1,1,-99,-0.099,0.62
36,"dotcolour","lowSC","average",0.752,1,1,-99,-0.099,0.62
36,"dotcolour","lowSC","average",0.552,1,1,-99,-0.099,0.62
36,"dotcolour","lowSC","average",0.601,1,1,-99,-0.099,0.62
36,"dotcolour","lowSC","easy",0.568,1,1,-99,-0.099,0.62
36,"dotcolour","lowSC","hard",0.685,1,1,-99,-0.099,0.62
36,"dotcolour","lowSC","hard",0.918,-1,0,-99,-0.099,0.57
36,"dotcolour","lowSC","easy",0.518,-1,1,-99,-0.099,0.57
36,"dotcolour","lowSC","hard",0.868,1,0,-99,-0.099,0.57
36,"dotcolour","lowSC","easy",0.535,1,1,-99,-0.099,0.57
36,"dotcolour","lowSC","easy",0.536,-1,1,-99,-0.099,0.57
36,"dotcolour","lowSC","hard",0.685,1,1,-99,-0.099,0.57
36,"dotcolour","lowSC","easy",0.519,-1,1,-99,-0.099,0.57
36,"dotcolour","lowSC","average",0.585,1,0,-99,-0.099,0.57
36,"dotcolour","lowSC","average",0.352,-1,1,-99,-0.099,0.57
36,"dotcolour","lowSC","hard",1.219,-1,1,-99,-0.099,0.57
36,"dotcolour","lowSC","hard",0.686,-1,1,-99,-0.099,0.57
36,"dotcolour","lowSC","hard",0.57,1,1,-99,-0.099,0.57
36,"dotcolour","lowSC","hard",0.769,1,0,-99,-0.099,0.57
36,"dotcolour","lowSC","average",0.618,-1,1,-99,-0.099,0.57
36,"dotcolour","lowSC","average",0.719,1,1,-99,-0.099,0.57
36,"dotcolour","lowSC","hard",0.701,1,0,-99,-0.099,0.57
36,"dotcolour","lowSC","average",0.57,1,1,-99,-0.099,0.57
36,"dotcolour","lowSC","easy",0.552,1,1,-99,-0.099,0.57
36,"dotcolour","lowSC","easy",0.651,-1,1,-99,-0.099,0.57
36,"dotcolour","lowSC","easy",0.651,1,1,-99,-0.099,0.57
36,"dotcolour","lowSC","easy",0.501,-1,1,-99,-0.099,0.57
36,"dotcolour","lowSC","average",0.568,1,1,-99,-0.099,0.57
36,"dotcolour","lowSC","easy",0.534,1,0,-99,-0.099,0.57
36,"dotcolour","lowSC","average",0.618,1,1,-99,-0.099,0.57
36,"dotcolour","lowSC","hard",0.853,1,0,-99,-0.099,0.64
36,"dotcolour","lowSC","average",0.619,1,1,-99,-0.099,0.64
36,"dotcolour","lowSC","hard",0.552,-1,1,-99,-0.099,0.64
36,"dotcolour","lowSC","easy",0.502,-1,1,-99,-0.099,0.64
36,"dotcolour","lowSC","hard",0.785,1,1,-99,-0.099,0.64
36,"dotcolour","lowSC","average",0.502,1,0,-99,-0.099,0.64
36,"dotcolour","lowSC","average",0.401,-1,1,-99,-0.099,0.64
36,"dotcolour","lowSC","hard",0.385,-1,0,-99,-0.099,0.64
36,"dotcolour","lowSC","easy",0.653,-1,1,-99,-0.099,0.64
36,"dotcolour","lowSC","average",0.585,1,1,-99,-0.099,0.64
36,"dotcolour","lowSC","average",0.569,1,1,-99,-0.099,0.64
36,"dotcolour","lowSC","average",0.635,1,1,-99,-0.099,0.64
36,"dotcolour","lowSC","average",1.336,1,1,-99,-0.099,0.64
36,"dotcolour","lowSC","hard",0.651,1,1,-99,-0.099,0.64
36,"dotcolour","lowSC","hard",0.902,1,0,-99,-0.099,0.64
36,"dotcolour","lowSC","average",0.769,-1,1,-99,-0.099,0.64
36,"dotcolour","lowSC","average",0.518,-1,1,-99,-0.099,0.64
36,"dotcolour","lowSC","average",0.869,1,1,-99,-0.099,0.64
36,"dotcolour","lowSC","easy",0.569,1,1,-99,-0.099,0.64
36,"dotcolour","lowSC","hard",0.685,-1,1,-99,-0.099,0.64
36,"dotcolour","lowSC","average",0.752,-1,1,-99,-0.099,0.64
36,"dotcolour","lowSC","average",0.401,-1,0,-99,-0.099,0.64
36,"dotcolour","lowSC","average",0.752,-1,1,-99,-0.099,0.64
36,"dotcolour","lowSC","easy",0.719,-1,1,-99,-0.099,0.64
36,"dotnumber","highSC","average",0.901,-1,1,-99,-0.099,0.96
36,"dotnumber","highSC","easy",1.018,1,0,-99,-0.099,0.96
36,"dotnumber","highSC","hard",0.919,-1,0,-99,-0.099,0.96
36,"dotnumber","highSC","average",0.903,-1,1,-99,-0.099,0.96
36,"dotnumber","highSC","hard",0.584,1,0,-99,-0.099,0.96
36,"dotnumber","highSC","average",0.935,-1,1,-99,-0.099,0.96
36,"dotnumber","highSC","average",0.785,-1,1,-99,-0.099,0.96
36,"dotnumber","highSC","easy",0.718,1,1,-99,-0.099,0.96
36,"dotnumber","highSC","hard",0.736,-1,0,-99,-0.099,0.96
36,"dotnumber","highSC","average",0.567,1,1,-99,-0.099,0.96
36,"dotnumber","highSC","easy",0.835,-1,0,-99,-0.099,0.96
36,"dotnumber","highSC","hard",0.568,1,1,-99,-0.099,0.96
36,"dotnumber","highSC","easy",0.985,1,0,-99,-0.099,0.96
36,"dotnumber","highSC","hard",0.719,-1,1,-99,-0.099,0.96
36,"dotnumber","highSC","easy",0.468,-1,1,-99,-0.099,0.96
36,"dotnumber","highSC","average",0.668,1,1,-99,-0.099,0.96
36,"dotnumber","highSC","hard",0.768,-1,0,-99,-0.099,0.96
36,"dotnumber","highSC","average",0.669,1,1,-99,-0.099,0.96
36,"dotnumber","highSC","hard",0.568,1,0,-99,-0.099,0.96
36,"dotnumber","highSC","average",0.585,1,0,-99,-0.099,0.96
36,"dotnumber","highSC","easy",0.886,-1,1,-99,-0.099,0.96
36,"dotnumber","highSC","easy",0.767,1,1,-99,-0.099,0.96
36,"dotnumber","highSC","hard",0.568,-1,1,-99,-0.099,0.96
36,"dotnumber","highSC","average",0.652,1,1,-99,-0.099,0.96
36,"dotnumber","highSC","hard",0.717,-1,1,-99,-0.099,0.84
36,"dotnumber","highSC","average",0.435,1,1,-99,-0.099,0.84
36,"dotnumber","highSC","easy",0.535,1,0,-99,-0.099,0.84
36,"dotnumber","highSC","easy",0.518,-1,0,-99,-0.099,0.84
36,"dotnumber","highSC","easy",0.485,1,1,-99,-0.099,0.84
36,"dotnumber","highSC","easy",0.502,-1,1,-99,-0.099,0.84
36,"dotnumber","highSC","easy",0.485,-1,1,-99,-0.099,0.84
36,"dotnumber","highSC","easy",0.468,-1,1,-99,-0.099,0.84
36,"dotnumber","highSC","average",1.053,1,1,-99,-0.099,0.84
36,"dotnumber","highSC","easy",0.637,-1,1,-99,-0.099,0.84
36,"dotnumber","highSC","hard",0.719,-1,1,-99,-0.099,0.84
36,"dotnumber","highSC","average",0.468,-1,1,-99,-0.099,0.84
36,"dotnumber","highSC","hard",0.586,1,1,-99,-0.099,0.84
36,"dotnumber","highSC","hard",0.551,-1,1,-99,-0.099,0.84
36,"dotnumber","highSC","easy",0.452,1,1,-99,-0.099,0.84
36,"dotnumber","highSC","average",0.533,-1,0,-99,-0.099,0.84
36,"dotnumber","highSC","hard",0.435,1,0,-99,-0.099,0.84
36,"dotnumber","highSC","average",0.301,-1,1,-99,-0.099,0.84
36,"dotnumber","highSC","average",0.486,1,1,-99,-0.099,0.84
36,"dotnumber","highSC","hard",0.469,-1,1,-99,-0.099,0.84
36,"dotnumber","highSC","average",0.567,1,1,-99,-0.099,0.84
36,"dotnumber","highSC","average",0.451,-1,1,-99,-0.099,0.84
36,"dotnumber","highSC","easy",0.902,1,1,-99,-0.099,0.84
36,"dotnumber","highSC","easy",0.568,1,1,-99,-0.099,0.84
36,"dotnumber","highSC","easy",0.635,-1,1,-99,-0.099,0.91
36,"dotnumber","highSC","average",0.436,-1,1,-99,-0.099,0.91
36,"dotnumber","highSC","average",0.418,-1,1,-99,-0.099,0.91
36,"dotnumber","highSC","average",0.484,-1,0,-99,-0.099,0.91
36,"dotnumber","highSC","hard",4.589,-1,1,-99,-0.099,0.91
36,"dotnumber","highSC","hard",0.685,-1,1,-99,-0.099,0.91
36,"dotnumber","highSC","easy",2.036,-1,0,-99,-0.099,0.91
36,"dotnumber","highSC","hard",0.619,1,1,-99,-0.099,0.91
36,"dotnumber","highSC","easy",0.552,-1,1,-99,-0.099,0.91
36,"dotnumber","highSC","hard",0.768,1,0,-99,-0.099,0.91
36,"dotnumber","highSC","easy",0.551,1,1,-99,-0.099,0.91
36,"dotnumber","highSC","average",0.801,-1,1,-99,-0.099,0.91
36,"dotnumber","highSC","easy",0.618,1,1,-99,-0.099,0.91
36,"dotnumber","highSC","hard",0.501,1,0,-99,-0.099,0.91
36,"dotnumber","highSC","easy",0.502,-1,1,-99,-0.099,0.91
36,"dotnumber","highSC","easy",0.468,-1,1,-99,-0.099,0.91
36,"dotnumber","highSC","average",0.535,-1,1,-99,-0.099,0.91
36,"dotnumber","highSC","average",1.186,1,0,-99,-0.099,0.91
36,"dotnumber","highSC","average",0.569,1,1,-99,-0.099,0.91
36,"dotnumber","highSC","easy",0.518,1,1,-99,-0.099,0.91
36,"dotnumber","highSC","easy",0.701,-1,1,-99,-0.099,0.91
36,"dotnumber","highSC","hard",0.602,-1,1,-99,-0.099,0.91
36,"dotnumber","highSC","average",0.767,-1,0,-99,-0.099,0.91
36,"dotnumber","highSC","average",0.434,-1,1,-99,-0.099,0.91
36,"dotnumber","highSC","hard",0.569,-1,0,-99,-0.099,0.93
36,"dotnumber","highSC","easy",0.385,-1,0,-99,-0.099,0.93
36,"dotnumber","highSC","hard",0.669,1,1,-99,-0.099,0.93
36,"dotnumber","highSC","hard",0.401,-1,1,-99,-0.099,0.93
36,"dotnumber","highSC","hard",0.785,1,0,-99,-0.099,0.93
36,"dotnumber","highSC","average",0.468,-1,1,-99,-0.099,0.93
36,"dotnumber","highSC","easy",0.569,-1,0,-99,-0.099,0.93
36,"dotnumber","highSC","average",0.418,-1,0,-99,-0.099,0.93
36,"dotnumber","highSC","hard",0.618,-1,1,-99,-0.099,0.93
36,"dotnumber","highSC","hard",0.718,-1,1,-99,-0.099,0.93
36,"dotnumber","highSC","easy",0.451,-1,1,-99,-0.099,0.93
36,"dotnumber","highSC","average",0.469,-1,0,-99,-0.099,0.93
36,"dotnumber","highSC","easy",0.652,-1,1,-99,-0.099,0.93
36,"dotnumber","highSC","average",0.352,-1,1,-99,-0.099,0.93
36,"dotnumber","highSC","easy",0.601,-1,0,-99,-0.099,0.93
36,"dotnumber","highSC","easy",0.418,-1,0,-99,-0.099,0.93
36,"dotnumber","highSC","average",0.501,-1,1,-99,-0.099,0.93
36,"dotnumber","highSC","hard",0.736,1,0,-99,-0.099,0.93
36,"dotnumber","highSC","average",0.469,-1,0,-99,-0.099,0.93
36,"dotnumber","highSC","average",0.401,1,1,-99,-0.099,0.93
36,"dotnumber","highSC","hard",0.368,1,1,-99,-0.099,0.93
36,"dotnumber","highSC","average",0.618,1,0,-99,-0.099,0.93
36,"dotnumber","highSC","hard",0.518,-1,1,-99,-0.099,0.93
36,"dotnumber","highSC","average",0.685,1,1,-99,-0.099,0.93
36,"dotnumber","highSC","average",0.568,1,1,-99,-0.099,0.97
36,"dotnumber","highSC","easy",0.534,1,1,-99,-0.099,0.97
36,"dotnumber","highSC","easy",0.502,1,0,-99,-0.099,0.97
36,"dotnumber","highSC","hard",0.519,1,0,-99,-0.099,0.97
36,"dotnumber","highSC","average",0.585,-1,1,-99,-0.099,0.97
36,"dotnumber","highSC","easy",0.618,-1,1,-99,-0.099,0.97
36,"dotnumber","highSC","average",0.535,-1,0,-99,-0.099,0.97
36,"dotnumber","highSC","average",0.351,-1,1,-99,-0.099,0.97
36,"dotnumber","highSC","easy",0.369,-1,0,-99,-0.099,0.97
36,"dotnumber","highSC","average",0.569,1,0,-99,-0.099,0.97
36,"dotnumber","highSC","easy",0.519,-1,1,-99,-0.099,0.97
36,"dotnumber","highSC","easy",0.719,1,1,-99,-0.099,0.97
36,"dotnumber","highSC","easy",0.801,-1,1,-99,-0.099,0.97
36,"dotnumber","highSC","average",0.484,-1,1,-99,-0.099,0.97
36,"dotnumber","highSC","average",0.451,-1,1,-99,-0.099,0.97
36,"dotnumber","highSC","average",0.434,-1,1,-99,-0.099,0.97
36,"dotnumber","highSC","easy",0.452,-1,1,-99,-0.099,0.97
36,"dotnumber","highSC","hard",0.585,-1,1,-99,-0.099,0.97
36,"dotnumber","highSC","hard",0.535,-1,1,-99,-0.099,0.97
36,"dotnumber","highSC","hard",0.667,-1,0,-99,-0.099,0.97
36,"dotnumber","highSC","average",0.417,-1,0,-99,-0.099,0.97
36,"dotnumber","highSC","hard",0.734,-1,1,-99,-0.099,0.97
36,"dotnumber","highSC","hard",0.417,-1,0,-99,-0.099,0.97
36,"dotnumber","highSC","easy",0.334,-1,1,-99,-0.099,0.97
37,"dotcolour","lowSC","average",0.802,-1,0,-99,-0.099,0.68
37,"dotcolour","lowSC","hard",0.434,1,1,-99,-0.099,0.68
37,"dotcolour","lowSC","easy",0.402,-1,1,-99,-0.099,0.68
37,"dotcolour","lowSC","average",0.284,1,1,-99,-0.099,0.68
37,"dotcolour","lowSC","average",0.268,-1,1,-99,-0.099,0.68
37,"dotcolour","lowSC","easy",0.352,1,1,-99,-0.099,0.68
37,"dotcolour","lowSC","hard",0.268,-1,1,-99,-0.099,0.68
37,"dotcolour","lowSC","hard",0.435,-1,1,-99,-0.099,0.68
37,"dotcolour","lowSC","easy",0.317,-1,1,-99,-0.099,0.68
37,"dotcolour","lowSC","hard",0.402,-1,0,-99,-0.099,0.68
37,"dotcolour","lowSC","easy",0.384,1,1,-99,-0.099,0.68
37,"dotcolour","lowSC","average",0.384,-1,1,-99,-0.099,0.68
37,"dotcolour","lowSC","average",0.385,-1,0,-99,-0.099,0.68
37,"dotcolour","lowSC","hard",0.25,1,1,-99,-0.099,0.68
37,"dotcolour","lowSC","hard",0.268,-1,1,-99,-0.099,0.68
37,"dotcolour","lowSC","easy",0.368,-1,1,-99,-0.099,0.68
37,"dotcolour","lowSC","hard",0.351,-1,0,-99,-0.099,0.68
37,"dotcolour","lowSC","average",0.285,-1,0,-99,-0.099,0.68
37,"dotcolour","lowSC","easy",0.418,1,1,-99,-0.099,0.68
37,"dotcolour","lowSC","easy",0.251,1,1,-99,-0.099,0.68
37,"dotcolour","lowSC","hard",0.285,1,1,-99,-0.099,0.68
37,"dotcolour","lowSC","average",0.318,-1,1,-99,-0.099,0.68
37,"dotcolour","lowSC","average",1.353,1,1,-99,-0.099,0.68
37,"dotcolour","lowSC","average",1.219,-1,1,-99,-0.099,0.68
37,"dotcolour","lowSC","average",0.318,-1,1,-99,-0.099,0.56
37,"dotcolour","lowSC","average",0.267,-1,0,-99,-0.099,0.56
37,"dotcolour","lowSC","hard",0.385,1,0,-99,-0.099,0.56
37,"dotcolour","lowSC","easy",0.285,-1,0,-99,-0.099,0.56
37,"dotcolour","lowSC","easy",0.284,1,1,-99,-0.099,0.56
37,"dotcolour","lowSC","easy",0.284,1,0,-99,-0.099,0.56
37,"dotcolour","lowSC","easy",0.284,-1,1,-99,-0.099,0.56
37,"dotcolour","lowSC","hard",0.318,1,1,-99,-0.099,0.56
37,"dotcolour","lowSC","hard",0.334,1,0,-99,-0.099,0.56
37,"dotcolour","lowSC","hard",0.318,1,0,-99,-0.099,0.56
37,"dotcolour","lowSC","easy",0.284,-1,0,-99,-0.099,0.56
37,"dotcolour","lowSC","hard",0.301,1,1,-99,-0.099,0.56
37,"dotcolour","lowSC","average",0.352,1,1,-99,-0.099,0.56
37,"dotcolour","lowSC","hard",0.318,1,1,-99,-0.099,0.56
37,"dotcolour","lowSC","easy",0.285,1,1,-99,-0.099,0.56
37,"dotcolour","lowSC","hard",0.318,1,0,-99,-0.099,0.56
37,"dotcolour","lowSC","hard",0.552,-1,0,-99,-0.099,0.56
37,"dotcolour","lowSC","average",0.302,1,0,-99,-0.099,0.56
37,"dotcolour","lowSC","easy",0.434,-1,0,-99,-0.099,0.56
37,"dotcolour","lowSC","hard",0.301,1,0,-99,-0.099,0.56
37,"dotcolour","lowSC","hard",0.334,-1,1,-99,-0.099,0.56
37,"dotcolour","lowSC","easy",0.267,1,0,-99,-0.099,0.56
37,"dotcolour","lowSC","average",0.536,1,1,-99,-0.099,0.56
37,"dotcolour","lowSC","average",0.285,-1,1,-99,-0.099,0.56
37,"dotcolour","lowSC","average",0.335,-1,0,-99,-0.099,0.61
37,"dotcolour","lowSC","average",0.351,1,0,-99,-0.099,0.61
37,"dotcolour","lowSC","average",0.584,1,1,-99,-0.099,0.61
37,"dotcolour","lowSC","easy",0.417,-1,1,-99,-0.099,0.61
37,"dotcolour","lowSC","easy",0.369,1,1,-99,-0.099,0.61
37,"dotcolour","lowSC","easy",0.401,-1,0,-99,-0.099,0.61
37,"dotcolour","lowSC","average",0.317,1,0,-99,-0.099,0.61
37,"dotcolour","lowSC","easy",0.401,-1,0,-99,-0.099,0.61
37,"dotcolour","lowSC","easy",0.402,1,1,-99,-0.099,0.61
37,"dotcolour","lowSC","hard",0.368,1,1,-99,-0.099,0.61
37,"dotcolour","lowSC","hard",0.301,-1,0,-99,-0.099,0.61
37,"dotcolour","lowSC","hard",0.568,1,1,-99,-0.099,0.61
37,"dotcolour","lowSC","average",0.567,-1,0,-99,-0.099,0.61
37,"dotcolour","lowSC","easy",0.485,-1,1,-99,-0.099,0.61
37,"dotcolour","lowSC","hard",0.385,-1,0,-99,-0.099,0.61
37,"dotcolour","lowSC","hard",0.469,1,1,-99,-0.099,0.61
37,"dotcolour","lowSC","hard",0.335,1,0,-99,-0.099,0.61
37,"dotcolour","lowSC","easy",0.419,-1,1,-99,-0.099,0.61
37,"dotcolour","lowSC","hard",0.268,-1,0,-99,-0.099,0.61
37,"dotcolour","lowSC","hard",0.418,1,0,-99,-0.099,0.61
37,"dotcolour","lowSC","average",0.535,-1,0,-99,-0.099,0.61
37,"dotcolour","lowSC","average",0.519,1,0,-99,-0.099,0.61
37,"dotcolour","lowSC","average",0.467,1,1,-99,-0.099,0.61
37,"dotcolour","lowSC","easy",0.401,1,1,-99,-0.099,0.61
37,"dotcolour","lowSC","hard",0.518,-1,1,-99,-0.099,0.63
37,"dotcolour","lowSC","hard",0.419,-1,1,-99,-0.099,0.63
37,"dotcolour","lowSC","average",0.368,1,1,-99,-0.099,0.63
37,"dotcolour","lowSC","average",0.402,-1,0,-99,-0.099,0.63
37,"dotcolour","lowSC","easy",0.469,1,1,-99,-0.099,0.63
37,"dotcolour","lowSC","average",0.485,-1,0,-99,-0.099,0.63
37,"dotcolour","lowSC","easy",0.452,-1,1,-99,-0.099,0.63
37,"dotcolour","lowSC","hard",0.535,1,0,-99,-0.099,0.63
37,"dotcolour","lowSC","easy",0.452,1,1,-99,-0.099,0.63
37,"dotcolour","lowSC","average",0.402,-1,0,-99,-0.099,0.63
37,"dotcolour","lowSC","easy",0.551,1,1,-99,-0.099,0.63
37,"dotcolour","lowSC","average",0.301,1,1,-99,-0.099,0.63
37,"dotcolour","lowSC","hard",0.701,-1,1,-99,-0.099,0.63
37,"dotcolour","lowSC","easy",0.468,1,1,-99,-0.099,0.63
37,"dotcolour","lowSC","hard",0.401,-1,0,-99,-0.099,0.63
37,"dotcolour","lowSC","easy",0.468,-1,1,-99,-0.099,0.63
37,"dotcolour","lowSC","easy",0.318,-1,1,-99,-0.099,0.63
37,"dotcolour","lowSC","hard",0.584,1,0,-99,-0.099,0.63
37,"dotcolour","lowSC","easy",0.435,1,1,-99,-0.099,0.63
37,"dotcolour","lowSC","average",0.334,1,1,-99,-0.099,0.63
37,"dotcolour","lowSC","hard",0.5,-1,1,-99,-0.099,0.63
37,"dotcolour","lowSC","average",0.417,-1,1,-99,-0.099,0.63
37,"dotcolour","lowSC","average",0.402,-1,1,-99,-0.099,0.63
37,"dotcolour","lowSC","average",0.568,-1,1,-99,-0.099,0.63
37,"dotcolour","lowSC","hard",0.436,1,1,-99,-0.099,0.61
37,"dotcolour","lowSC","average",0.452,-1,1,-99,-0.099,0.61
37,"dotcolour","lowSC","hard",0.385,1,0,-99,-0.099,0.61
37,"dotcolour","lowSC","easy",0.385,1,1,-99,-0.099,0.61
37,"dotcolour","lowSC","easy",0.369,1,0,-99,-0.099,0.61
37,"dotcolour","lowSC","average",0.451,1,1,-99,-0.099,0.61
37,"dotcolour","lowSC","hard",0.469,1,0,-99,-0.099,0.61
37,"dotcolour","lowSC","easy",0.369,-1,1,-99,-0.099,0.61
37,"dotcolour","lowSC","average",0.452,1,1,-99,-0.099,0.61
37,"dotcolour","lowSC","hard",0.335,1,1,-99,-0.099,0.61
37,"dotcolour","lowSC","easy",0.435,1,1,-99,-0.099,0.61
37,"dotcolour","lowSC","average",0.434,1,0,-99,-0.099,0.61
37,"dotcolour","lowSC","average",0.419,-1,0,-99,-0.099,0.61
37,"dotcolour","lowSC","easy",0.318,1,1,-99,-0.099,0.61
37,"dotcolour","lowSC","easy",0.418,1,1,-99,-0.099,0.61
37,"dotcolour","lowSC","easy",0.252,1,0,-99,-0.099,0.61
37,"dotcolour","lowSC","hard",0.351,-1,1,-99,-0.099,0.61
37,"dotcolour","lowSC","average",0.301,1,1,-99,-0.099,0.61
37,"dotcolour","lowSC","easy",0.335,1,1,-99,-0.099,0.61
37,"dotcolour","lowSC","hard",0.351,1,0,-99,-0.099,0.61
37,"dotcolour","lowSC","hard",0.601,-1,0,-99,-0.099,0.61
37,"dotcolour","lowSC","easy",0.335,1,0,-99,-0.099,0.61
37,"dotcolour","lowSC","easy",0.318,-1,1,-99,-0.099,0.61
37,"dotcolour","lowSC","average",0.4,1,0,-99,-0.099,0.61
37,"dotnumber","highSC","average",0.419,1,1,-99,-0.099,0.86
37,"dotnumber","highSC","hard",0.401,1,0,-99,-0.099,0.86
37,"dotnumber","highSC","hard",0.77,-1,0,-99,-0.099,0.86
37,"dotnumber","highSC","average",0.451,1,1,-99,-0.099,0.86
37,"dotnumber","highSC","hard",0.418,1,0,-99,-0.099,0.86
37,"dotnumber","highSC","easy",0.485,-1,1,-99,-0.099,0.86
37,"dotnumber","highSC","average",0.368,1,1,-99,-0.099,0.86
37,"dotnumber","highSC","average",0.352,1,0,-99,-0.099,0.86
37,"dotnumber","highSC","hard",0.369,-1,1,-99,-0.099,0.86
37,"dotnumber","highSC","average",0.384,1,1,-99,-0.099,0.86
37,"dotnumber","highSC","easy",0.551,-1,1,-99,-0.099,0.86
37,"dotnumber","highSC","average",0.336,1,0,-99,-0.099,0.86
37,"dotnumber","highSC","easy",0.369,-1,1,-99,-0.099,0.86
37,"dotnumber","highSC","average",0.369,1,0,-99,-0.099,0.86
37,"dotnumber","highSC","hard",0.301,-1,1,-99,-0.099,0.86
37,"dotnumber","highSC","easy",0.418,-1,1,-99,-0.099,0.86
37,"dotnumber","highSC","hard",0.435,-1,0,-99,-0.099,0.86
37,"dotnumber","highSC","average",0.369,1,1,-99,-0.099,0.86
37,"dotnumber","highSC","hard",0.417,1,0,-99,-0.099,0.86
37,"dotnumber","highSC","average",0.385,1,0,-99,-0.099,0.86
37,"dotnumber","highSC","hard",0.584,1,0,-99,-0.099,0.86
37,"dotnumber","highSC","easy",0.434,1,1,-99,-0.099,0.86
37,"dotnumber","highSC","easy",0.268,1,1,-99,-0.099,0.86
37,"dotnumber","highSC","average",0.318,1,1,-99,-0.099,0.86
37,"dotnumber","highSC","hard",0.335,1,0,-99,-0.099,0.83
37,"dotnumber","highSC","hard",0.336,1,1,-99,-0.099,0.83
37,"dotnumber","highSC","easy",0.335,1,0,-99,-0.099,0.83
37,"dotnumber","highSC","easy",0.368,-1,0,-99,-0.099,0.83
37,"dotnumber","highSC","average",0.285,1,0,-99,-0.099,0.83
37,"dotnumber","highSC","hard",0.501,-1,0,-99,-0.099,0.83
37,"dotnumber","highSC","average",0.417,-1,0,-99,-0.099,0.83
37,"dotnumber","highSC","easy",0.336,1,0,-99,-0.099,0.83
37,"dotnumber","highSC","easy",0.368,-1,0,-99,-0.099,0.83
37,"dotnumber","highSC","average",0.318,1,1,-99,-0.099,0.83
37,"dotnumber","highSC","easy",0.302,-1,1,-99,-0.099,0.83
37,"dotnumber","highSC","easy",0.319,1,0,-99,-0.099,0.83
37,"dotnumber","highSC","average",0.285,-1,1,-99,-0.099,0.83
37,"dotnumber","highSC","hard",0.268,-1,0,-99,-0.099,0.83
37,"dotnumber","highSC","average",0.435,-1,1,-99,-0.099,0.83
37,"dotnumber","highSC","hard",0.367,-1,1,-99,-0.099,0.83
37,"dotnumber","highSC","average",0.385,-1,1,-99,-0.099,0.83
37,"dotnumber","highSC","hard",0.301,-1,0,-99,-0.099,0.83
37,"dotnumber","highSC","average",0.335,1,0,-99,-0.099,0.83
37,"dotnumber","highSC","easy",0.335,-1,1,-99,-0.099,0.83
37,"dotnumber","highSC","easy",0.351,-1,1,-99,-0.099,0.83
37,"dotnumber","highSC","average",0.368,-1,0,-99,-0.099,0.83
37,"dotnumber","highSC","average",0.334,1,1,-99,-0.099,0.83
37,"dotnumber","highSC","average",0.335,1,1,-99,-0.099,0.83
37,"dotnumber","highSC","easy",0.318,1,1,-99,-0.099,0.92
37,"dotnumber","highSC","easy",0.918,-1,1,-99,-0.099,0.92
37,"dotnumber","highSC","easy",0.319,-1,1,-99,-0.099,0.92
37,"dotnumber","highSC","hard",0.3,1,1,-99,-0.099,0.92
37,"dotnumber","highSC","average",0.284,-1,0,-99,-0.099,0.92
37,"dotnumber","highSC","easy",0.335,1,0,-99,-0.099,0.92
37,"dotnumber","highSC","hard",0.335,1,0,-99,-0.099,0.92
37,"dotnumber","highSC","average",0.401,1,1,-99,-0.099,0.92
37,"dotnumber","highSC","easy",0.334,1,1,-99,-0.099,0.92
37,"dotnumber","highSC","average",0.351,1,0,-99,-0.099,0.92
37,"dotnumber","highSC","average",0.284,1,0,-99,-0.099,0.92
37,"dotnumber","highSC","easy",0.402,1,0,-99,-0.099,0.92
37,"dotnumber","highSC","hard",0.335,1,0,-99,-0.099,0.92
37,"dotnumber","highSC","hard",0.318,1,1,-99,-0.099,0.92
37,"dotnumber","highSC","average",0.434,-1,1,-99,-0.099,0.92
37,"dotnumber","highSC","average",0.3,1,0,-99,-0.099,0.92
37,"dotnumber","highSC","hard",0.3,1,0,-99,-0.099,0.92
37,"dotnumber","highSC","hard",0.336,1,0,-99,-0.099,0.92
37,"dotnumber","highSC","average",0.318,1,1,-99,-0.099,0.92
37,"dotnumber","highSC","hard",0.351,-1,1,-99,-0.099,0.92
37,"dotnumber","highSC","average",0.368,1,0,-99,-0.099,0.92
37,"dotnumber","highSC","average",0.335,-1,0,-99,-0.099,0.92
37,"dotnumber","highSC","average",0.334,1,0,-99,-0.099,0.92
37,"dotnumber","highSC","hard",0.618,1,1,-99,-0.099,0.92
37,"dotnumber","highSC","easy",0.402,-1,1,-99,-0.099,0.91
37,"dotnumber","highSC","average",0.352,-1,1,-99,-0.099,0.91
37,"dotnumber","highSC","hard",0.335,1,1,-99,-0.099,0.91
37,"dotnumber","highSC","average",0.386,1,0,-99,-0.099,0.91
37,"dotnumber","highSC","hard",0.317,-1,0,-99,-0.099,0.91
37,"dotnumber","highSC","easy",0.385,-1,0,-99,-0.099,0.91
37,"dotnumber","highSC","average",0.6,-1,0,-99,-0.099,0.91
37,"dotnumber","highSC","average",0.352,-1,1,-99,-0.099,0.91
37,"dotnumber","highSC","average",0.352,-1,1,-99,-0.099,0.91
37,"dotnumber","highSC","hard",0.335,1,0,-99,-0.099,0.91
37,"dotnumber","highSC","average",0.402,-1,1,-99,-0.099,0.91
37,"dotnumber","highSC","hard",0.318,1,0,-99,-0.099,0.91
37,"dotnumber","highSC","average",0.402,1,1,-99,-0.099,0.91
37,"dotnumber","highSC","hard",0.301,1,1,-99,-0.099,0.91
37,"dotnumber","highSC","easy",0.285,-1,1,-99,-0.099,0.91
37,"dotnumber","highSC","average",0.337,1,1,-99,-0.099,0.91
37,"dotnumber","highSC","easy",0.319,1,1,-99,-0.099,0.91
37,"dotnumber","highSC","average",0.285,1,0,-99,-0.099,0.91
37,"dotnumber","highSC","easy",0.285,1,1,-99,-0.099,0.91
37,"dotnumber","highSC","average",0.401,1,1,-99,-0.099,0.91
37,"dotnumber","highSC","easy",0.318,-1,1,-99,-0.099,0.91
37,"dotnumber","highSC","easy",0.335,1,1,-99,-0.099,0.91
37,"dotnumber","highSC","hard",0.301,1,0,-99,-0.099,0.91
37,"dotnumber","highSC","hard",0.301,-1,1,-99,-0.099,0.95
37,"dotnumber","highSC","hard",0.267,1,1,-99,-0.099,0.95
37,"dotnumber","highSC","average",0.301,1,1,-99,-0.099,0.95
37,"dotnumber","highSC","easy",0.301,1,0,-99,-0.099,0.95
37,"dotnumber","highSC","hard",0.284,-1,0,-99,-0.099,0.95
37,"dotnumber","highSC","easy",0.268,1,1,-99,-0.099,0.95
37,"dotnumber","highSC","average",0.368,-1,1,-99,-0.099,0.95
37,"dotnumber","highSC","easy",0.284,1,0,-99,-0.099,0.95
37,"dotnumber","highSC","hard",0.35,1,1,-99,-0.099,0.95
37,"dotnumber","highSC","easy",0.318,1,0,-99,-0.099,0.95
37,"dotnumber","highSC","hard",0.317,-1,0,-99,-0.099,0.95
37,"dotnumber","highSC","easy",0.267,1,0,-99,-0.099,0.95
37,"dotnumber","highSC","hard",0.418,1,0,-99,-0.099,0.95
37,"dotnumber","highSC","average",0.268,-1,0,-99,-0.099,0.95
37,"dotnumber","highSC","average",0.302,1,0,-99,-0.099,0.95
37,"dotnumber","highSC","average",0.267,-1,1,-99,-0.099,0.95
37,"dotnumber","highSC","hard",0.285,1,1,-99,-0.099,0.95
37,"dotnumber","highSC","easy",0.301,-1,0,-99,-0.099,0.95
37,"dotnumber","highSC","average",0.301,1,1,-99,-0.099,0.95
37,"dotnumber","highSC","average",0.267,1,0,-99,-0.099,0.95
37,"dotnumber","highSC","average",0.284,1,0,-99,-0.099,0.95
37,"dotnumber","highSC","easy",0.334,-1,0,-99,-0.099,0.95
37,"dotnumber","highSC","easy",0.318,1,0,-99,-0.099,0.95
37,"dotnumber","highSC","hard",0.401,-1,1,-99,-0.099,0.95
37,"xotask","mediumSC","average",0.385,1,0,-99,-0.099,0.73
37,"xotask","mediumSC","average",0.434,1,1,-99,-0.099,0.73
37,"xotask","mediumSC","hard",0.368,-1,0,-99,-0.099,0.73
37,"xotask","mediumSC","easy",0.484,-1,0,-99,-0.099,0.73
37,"xotask","mediumSC","easy",0.318,1,1,-99,-0.099,0.73
37,"xotask","mediumSC","average",0.318,1,0,-99,-0.099,0.73
37,"xotask","mediumSC","easy",0.435,1,1,-99,-0.099,0.73
37,"xotask","mediumSC","average",0.319,-1,1,-99,-0.099,0.73
37,"xotask","mediumSC","easy",0.384,1,0,-99,-0.099,0.73
37,"xotask","mediumSC","average",0.535,-1,0,-99,-0.099,0.73
37,"xotask","mediumSC","hard",0.384,1,0,-99,-0.099,0.73
37,"xotask","mediumSC","average",0.468,1,0,-99,-0.099,0.73
37,"xotask","mediumSC","hard",0.401,1,0,-99,-0.099,0.73
37,"xotask","mediumSC","hard",0.301,1,0,-99,-0.099,0.73
37,"xotask","mediumSC","easy",0.3,-1,1,-99,-0.099,0.73
37,"xotask","mediumSC","average",0.301,1,1,-99,-0.099,0.73
37,"xotask","mediumSC","easy",0.369,1,1,-99,-0.099,0.73
37,"xotask","mediumSC","average",0.284,-1,0,-99,-0.099,0.73
37,"xotask","mediumSC","average",0.335,1,0,-99,-0.099,0.73
37,"xotask","mediumSC","average",0.485,-1,1,-99,-0.099,0.73
37,"xotask","mediumSC","average",0.351,-1,1,-99,-0.099,0.73
37,"xotask","mediumSC","hard",0.318,1,1,-99,-0.099,0.73
37,"xotask","mediumSC","easy",0.418,-1,1,-99,-0.099,0.73
37,"xotask","mediumSC","hard",0.317,1,0,-99,-0.099,0.73
37,"xotask","mediumSC","easy",0.301,-1,0,-99,-0.099,0.81
37,"xotask","mediumSC","average",0.301,1,1,-99,-0.099,0.81
37,"xotask","mediumSC","easy",0.336,1,0,-99,-0.099,0.81
37,"xotask","mediumSC","easy",0.285,1,0,-99,-0.099,0.81
37,"xotask","mediumSC","easy",0.335,1,0,-99,-0.099,0.81
37,"xotask","mediumSC","hard",0.317,-1,1,-99,-0.099,0.81
37,"xotask","mediumSC","easy",0.352,1,1,-99,-0.099,0.81
37,"xotask","mediumSC","average",0.385,-1,1,-99,-0.099,0.81
37,"xotask","mediumSC","easy",0.285,1,1,-99,-0.099,0.81
37,"xotask","mediumSC","hard",0.302,-1,1,-99,-0.099,0.81
37,"xotask","mediumSC","easy",0.251,1,0,-99,-0.099,0.81
37,"xotask","mediumSC","easy",0.301,-1,1,-99,-0.099,0.81
37,"xotask","mediumSC","average",0.384,1,1,-99,-0.099,0.81
37,"xotask","mediumSC","hard",0.401,-1,1,-99,-0.099,0.81
37,"xotask","mediumSC","average",0.351,-1,0,-99,-0.099,0.81
37,"xotask","mediumSC","average",0.435,1,0,-99,-0.099,0.81
37,"xotask","mediumSC","average",0.384,1,0,-99,-0.099,0.81
37,"xotask","mediumSC","easy",0.285,-1,0,-99,-0.099,0.81
37,"xotask","mediumSC","average",0.418,1,1,-99,-0.099,0.81
37,"xotask","mediumSC","average",0.4,-1,0,-99,-0.099,0.81
37,"xotask","mediumSC","hard",0.552,-1,1,-99,-0.099,0.81
37,"xotask","mediumSC","average",0.335,1,0,-99,-0.099,0.81
37,"xotask","mediumSC","easy",0.351,-1,1,-99,-0.099,0.81
37,"xotask","mediumSC","easy",0.367,1,0,-99,-0.099,0.81
37,"xotask","mediumSC","average",0.351,-1,1,-99,-0.099,0.78
37,"xotask","mediumSC","average",0.367,-1,0,-99,-0.099,0.78
37,"xotask","mediumSC","average",0.334,1,1,-99,-0.099,0.78
37,"xotask","mediumSC","hard",0.701,1,1,-99,-0.099,0.78
37,"xotask","mediumSC","hard",0.518,1,0,-99,-0.099,0.78
37,"xotask","mediumSC","hard",0.435,1,1,-99,-0.099,0.78
37,"xotask","mediumSC","easy",0.434,-1,1,-99,-0.099,0.78
37,"xotask","mediumSC","average",0.334,1,1,-99,-0.099,0.78
37,"xotask","mediumSC","easy",0.285,-1,0,-99,-0.099,0.78
37,"xotask","mediumSC","hard",0.601,-1,1,-99,-0.099,0.78
37,"xotask","mediumSC","average",0.385,1,1,-99,-0.099,0.78
37,"xotask","mediumSC","easy",0.352,-1,0,-99,-0.099,0.78
37,"xotask","mediumSC","average",0.351,1,0,-99,-0.099,0.78
37,"xotask","mediumSC","average",0.418,-1,1,-99,-0.099,0.78
37,"xotask","mediumSC","average",0.369,1,1,-99,-0.099,0.78
37,"xotask","mediumSC","average",0.318,-1,0,-99,-0.099,0.78
37,"xotask","mediumSC","easy",0.351,1,1,-99,-0.099,0.78
37,"xotask","mediumSC","hard",0.351,1,0,-99,-0.099,0.78
37,"xotask","mediumSC","easy",0.518,1,0,-99,-0.099,0.78
37,"xotask","mediumSC","average",0.568,1,1,-99,-0.099,0.78
37,"xotask","mediumSC","easy",0.485,-1,0,-99,-0.099,0.78
37,"xotask","mediumSC","easy",0.368,1,0,-99,-0.099,0.78
37,"xotask","mediumSC","easy",0.518,1,1,-99,-0.099,0.78
37,"xotask","mediumSC","easy",0.367,-1,1,-99,-0.099,0.78
37,"xotask","mediumSC","hard",0.468,1,1,-99,-0.099,0.76
37,"xotask","mediumSC","easy",0.402,1,1,-99,-0.099,0.76
37,"xotask","mediumSC","hard",0.652,-1,1,-99,-0.099,0.76
37,"xotask","mediumSC","easy",0.385,1,0,-99,-0.099,0.76
37,"xotask","mediumSC","easy",0.669,1,1,-99,-0.099,0.76
37,"xotask","mediumSC","hard",0.468,-1,0,-99,-0.099,0.76
37,"xotask","mediumSC","average",0.467,1,1,-99,-0.099,0.76
37,"xotask","mediumSC","hard",0.617,1,1,-99,-0.099,0.76
37,"xotask","mediumSC","hard",0.384,-1,1,-99,-0.099,0.76
37,"xotask","mediumSC","average",0.319,1,0,-99,-0.099,0.76
37,"xotask","mediumSC","average",0.634,-1,0,-99,-0.099,0.76
37,"xotask","mediumSC","average",0.468,-1,1,-99,-0.099,0.76
37,"xotask","mediumSC","hard",0.502,-1,1,-99,-0.099,0.76
37,"xotask","mediumSC","easy",0.402,1,1,-99,-0.099,0.76
37,"xotask","mediumSC","average",0.334,-1,1,-99,-0.099,0.76
37,"xotask","mediumSC","easy",0.335,1,0,-99,-0.099,0.76
37,"xotask","mediumSC","easy",0.401,-1,1,-99,-0.099,0.76
37,"xotask","mediumSC","average",0.369,1,0,-99,-0.099,0.76
37,"xotask","mediumSC","hard",0.485,-1,1,-99,-0.099,0.76
37,"xotask","mediumSC","hard",0.385,-1,1,-99,-0.099,0.76
37,"xotask","mediumSC","average",0.468,-1,0,-99,-0.099,0.76
37,"xotask","mediumSC","easy",0.385,-1,1,-99,-0.099,0.76
37,"xotask","mediumSC","average",0.453,-1,0,-99,-0.099,0.76
37,"xotask","mediumSC","hard",0.301,1,1,-99,-0.099,0.76
37,"xotask","mediumSC","easy",0.351,-1,1,-99,-0.099,0.7
37,"xotask","mediumSC","hard",0.301,1,1,-99,-0.099,0.7
37,"xotask","mediumSC","easy",0.334,-1,1,-99,-0.099,0.7
37,"xotask","mediumSC","hard",0.284,-1,1,-99,-0.099,0.7
37,"xotask","mediumSC","average",0.335,1,1,-99,-0.099,0.7
37,"xotask","mediumSC","easy",0.301,-1,0,-99,-0.099,0.7
37,"xotask","mediumSC","average",0.352,1,0,-99,-0.099,0.7
37,"xotask","mediumSC","easy",0.385,-1,0,-99,-0.099,0.7
37,"xotask","mediumSC","easy",0.318,1,0,-99,-0.099,0.7
37,"xotask","mediumSC","easy",0.501,1,1,-99,-0.099,0.7
37,"xotask","mediumSC","hard",0.268,-1,1,-99,-0.099,0.7
37,"xotask","mediumSC","hard",0.284,1,0,-99,-0.099,0.7
37,"xotask","mediumSC","average",0.417,1,1,-99,-0.099,0.7
37,"xotask","mediumSC","easy",0.318,1,0,-99,-0.099,0.7
37,"xotask","mediumSC","hard",0.517,1,0,-99,-0.099,0.7
37,"xotask","mediumSC","average",0.352,-1,0,-99,-0.099,0.7
37,"xotask","mediumSC","easy",0.351,1,0,-99,-0.099,0.7
37,"xotask","mediumSC","average",0.401,-1,0,-99,-0.099,0.7
37,"xotask","mediumSC","hard",0.351,1,0,-99,-0.099,0.7
37,"xotask","mediumSC","average",0.468,-1,1,-99,-0.099,0.7
37,"xotask","mediumSC","easy",0.518,1,1,-99,-0.099,0.7
37,"xotask","mediumSC","easy",0.452,-1,1,-99,-0.099,0.7
37,"xotask","mediumSC","hard",0.485,1,0,-99,-0.099,0.7
37,"xotask","mediumSC","average",0.417,-1,1,-99,-0.099,0.7
41938,"dotcolour","mediumSC","hard",2.671,-1,0,-99,-0.099,0.78
41938,"dotcolour","mediumSC","hard",1.669,-1,0,-99,-0.099,0.78
41938,"dotcolour","mediumSC","average",1.019,-1,1,-99,-0.099,0.78
41938,"dotcolour","mediumSC","average",0.668,-1,1,-99,-0.099,0.78
41938,"dotcolour","mediumSC","average",0.701,1,1,-99,-0.099,0.78
41938,"dotcolour","mediumSC","easy",0.484,1,1,-99,-0.099,0.78
41938,"dotcolour","mediumSC","hard",1.003,-1,1,-99,-0.099,0.78
41938,"dotcolour","mediumSC","easy",0.636,-1,1,-99,-0.099,0.78
41938,"dotcolour","mediumSC","hard",1.202,1,0,-99,-0.099,0.78
41938,"dotcolour","mediumSC","hard",1.102,1,1,-99,-0.099,0.78
41938,"dotcolour","mediumSC","average",1.102,-1,1,-99,-0.099,0.78
41938,"dotcolour","mediumSC","easy",0.685,-1,1,-99,-0.099,0.78
41938,"dotcolour","mediumSC","easy",0.802,1,1,-99,-0.099,0.78
41938,"dotcolour","mediumSC","easy",0.552,-1,1,-99,-0.099,0.78
41938,"dotcolour","mediumSC","average",0.535,-1,1,-99,-0.099,0.78
41938,"dotcolour","mediumSC","hard",0.618,-1,1,-99,-0.099,0.78
41938,"dotcolour","mediumSC","hard",0.619,-1,1,-99,-0.099,0.78
41938,"dotcolour","mediumSC","hard",0.769,1,1,-99,-0.099,0.78
41938,"dotcolour","mediumSC","average",0.535,1,1,-99,-0.099,0.78
41938,"dotcolour","mediumSC","average",0.501,1,1,-99,-0.099,0.78
41938,"dotcolour","mediumSC","hard",0.534,1,1,-99,-0.099,0.78
41938,"dotcolour","mediumSC","easy",0.468,-1,1,-99,-0.099,0.78
41938,"dotcolour","mediumSC","average",0.552,-1,1,-99,-0.099,0.78
41938,"dotcolour","mediumSC","easy",0.467,-1,1,-99,-0.099,0.78
41938,"dotcolour","mediumSC","average",0.502,1,1,-99,-0.099,0.7
41938,"dotcolour","mediumSC","hard",0.635,-1,0,-99,-0.099,0.7
41938,"dotcolour","mediumSC","average",0.451,1,1,-99,-0.099,0.7
41938,"dotcolour","mediumSC","easy",0.435,-1,1,-99,-0.099,0.7
41938,"dotcolour","mediumSC","hard",0.652,1,1,-99,-0.099,0.7
41938,"dotcolour","mediumSC","average",0.469,-1,1,-99,-0.099,0.7
41938,"dotcolour","mediumSC","hard",0.568,-1,1,-99,-0.099,0.7
41938,"dotcolour","mediumSC","easy",0.401,1,1,-99,-0.099,0.7
41938,"dotcolour","mediumSC","easy",0.484,-1,1,-99,-0.099,0.7
41938,"dotcolour","mediumSC","easy",0.418,-1,1,-99,-0.099,0.7
41938,"dotcolour","mediumSC","average",0.451,1,1,-99,-0.099,0.7
41938,"dotcolour","mediumSC","easy",0.418,1,1,-99,-0.099,0.7
41938,"dotcolour","mediumSC","average",0.619,1,1,-99,-0.099,0.7
41938,"dotcolour","mediumSC","easy",0.384,-1,1,-99,-0.099,0.7
41938,"dotcolour","mediumSC","hard",0.735,-1,1,-99,-0.099,0.7
41938,"dotcolour","mediumSC","average",0.768,1,1,-99,-0.099,0.7
41938,"dotcolour","mediumSC","average",0.551,-1,1,-99,-0.099,0.7
41938,"dotcolour","mediumSC","average",0.487,-1,1,-99,-0.099,0.7
41938,"dotcolour","mediumSC","hard",0.419,1,1,-99,-0.099,0.7
41938,"dotcolour","mediumSC","hard",0.702,-1,1,-99,-0.099,0.7
41938,"dotcolour","mediumSC","average",0.502,1,1,-99,-0.099,0.7
41938,"dotcolour","mediumSC","hard",0.519,-1,1,-99,-0.099,0.7
41938,"dotcolour","mediumSC","easy",0.436,-1,0,-99,-0.099,0.7
41938,"dotcolour","mediumSC","average",0.618,1,1,-99,-0.099,0.7
41938,"dotcolour","mediumSC","average",0.467,1,1,-99,-0.099,0.74
41938,"dotcolour","mediumSC","average",0.501,1,1,-99,-0.099,0.74
41938,"dotcolour","mediumSC","average",0.435,1,1,-99,-0.099,0.74
41938,"dotcolour","mediumSC","average",0.452,1,0,-99,-0.099,0.74
41938,"dotcolour","mediumSC","easy",0.452,1,1,-99,-0.099,0.74
41938,"dotcolour","mediumSC","easy",0.402,-1,1,-99,-0.099,0.74
41938,"dotcolour","mediumSC","average",0.484,-1,1,-99,-0.099,0.74
41938,"dotcolour","mediumSC","hard",0.502,1,1,-99,-0.099,0.74
41938,"dotcolour","mediumSC","average",0.419,-1,1,-99,-0.099,0.74
41938,"dotcolour","mediumSC","average",0.501,-1,1,-99,-0.099,0.74
41938,"dotcolour","mediumSC","average",0.418,1,1,-99,-0.099,0.74
41938,"dotcolour","mediumSC","average",0.402,1,1,-99,-0.099,0.74
41938,"dotcolour","mediumSC","average",0.486,1,1,-99,-0.099,0.74
41938,"dotcolour","mediumSC","easy",0.468,1,1,-99,-0.099,0.74
41938,"dotcolour","mediumSC","hard",0.618,1,0,-99,-0.099,0.74
41938,"dotcolour","mediumSC","hard",0.484,1,0,-99,-0.099,0.74
41938,"dotcolour","mediumSC","hard",0.684,1,0,-99,-0.099,0.74
41938,"dotcolour","mediumSC","average",0.435,1,1,-99,-0.099,0.74
41938,"dotcolour","mediumSC","average",0.551,1,1,-99,-0.099,0.74
41938,"dotcolour","mediumSC","easy",0.452,-1,1,-99,-0.099,0.74
41938,"dotcolour","mediumSC","easy",0.402,1,1,-99,-0.099,0.74
41938,"dotcolour","mediumSC","hard",0.436,1,1,-99,-0.099,0.74
41938,"dotcolour","mediumSC","average",0.469,1,1,-99,-0.099,0.74
41938,"dotcolour","mediumSC","average",0.452,-1,1,-99,-0.099,0.74
41938,"dotcolour","mediumSC","hard",0.485,1,0,-99,-0.099,0.79
41938,"dotcolour","mediumSC","easy",0.436,1,1,-99,-0.099,0.79
41938,"dotcolour","mediumSC","hard",0.668,1,1,-99,-0.099,0.79
41938,"dotcolour","mediumSC","average",0.469,1,1,-99,-0.099,0.79
41938,"dotcolour","mediumSC","average",0.918,1,1,-99,-0.099,0.79
41938,"dotcolour","mediumSC","average",0.635,-1,1,-99,-0.099,0.79
41938,"dotcolour","mediumSC","easy",0.652,-1,1,-99,-0.099,0.79
41938,"dotcolour","mediumSC","hard",0.502,1,0,-99,-0.099,0.79
41938,"dotcolour","mediumSC","hard",0.418,1,1,-99,-0.099,0.79
41938,"dotcolour","mediumSC","easy",0.585,-1,1,-99,-0.099,0.79
41938,"dotcolour","mediumSC","easy",0.368,1,1,-99,-0.099,0.79
41938,"dotcolour","mediumSC","average",0.418,1,1,-99,-0.099,0.79
41938,"dotcolour","mediumSC","average",0.584,1,1,-99,-0.099,0.79
41938,"dotcolour","mediumSC","hard",0.701,-1,1,-99,-0.099,0.79
41938,"dotcolour","mediumSC","average",0.335,1,1,-99,-0.099,0.79
41938,"dotcolour","mediumSC","easy",0.418,-1,1,-99,-0.099,0.79
41938,"dotcolour","mediumSC","hard",0.335,1,1,-99,-0.099,0.79
41938,"dotcolour","mediumSC","hard",0.536,1,1,-99,-0.099,0.79
41938,"dotcolour","mediumSC","hard",0.819,1,0,-99,-0.099,0.79
41938,"dotcolour","mediumSC","hard",0.651,1,0,-99,-0.099,0.79
41938,"dotcolour","mediumSC","easy",0.453,1,1,-99,-0.099,0.79
41938,"dotcolour","mediumSC","average",0.401,-1,1,-99,-0.099,0.79
41938,"dotcolour","mediumSC","hard",0.618,1,1,-99,-0.099,0.79
41938,"dotcolour","mediumSC","average",0.485,-1,1,-99,-0.099,0.79
41938,"dotcolour","mediumSC","average",0.568,-1,1,-99,-0.099,0.81
41938,"dotcolour","mediumSC","average",0.552,-1,1,-99,-0.099,0.81
41938,"dotcolour","mediumSC","hard",0.885,1,0,-99,-0.099,0.81
41938,"dotcolour","mediumSC","easy",0.469,-1,1,-99,-0.099,0.81
41938,"dotcolour","mediumSC","average",0.468,-1,1,-99,-0.099,0.81
41938,"dotcolour","mediumSC","hard",0.634,1,1,-99,-0.099,0.81
41938,"dotcolour","mediumSC","easy",0.453,-1,1,-99,-0.099,0.81
41938,"dotcolour","mediumSC","hard",0.835,-1,1,-99,-0.099,0.81
41938,"dotcolour","mediumSC","easy",0.418,-1,1,-99,-0.099,0.81
41938,"dotcolour","mediumSC","average",0.368,-1,1,-99,-0.099,0.81
41938,"dotcolour","mediumSC","hard",0.35,-1,0,-99,-0.099,0.81
41938,"dotcolour","mediumSC","hard",0.318,1,0,-99,-0.099,0.81
41938,"dotcolour","mediumSC","average",0.652,1,1,-99,-0.099,0.81
41938,"dotcolour","mediumSC","hard",1.036,1,1,-99,-0.099,0.81
41938,"dotcolour","mediumSC","average",0.702,-1,1,-99,-0.099,0.81
41938,"dotcolour","mediumSC","average",0.568,-1,1,-99,-0.099,0.81
41938,"dotcolour","mediumSC","average",0.501,1,1,-99,-0.099,0.81
41938,"dotcolour","mediumSC","hard",0.435,1,1,-99,-0.099,0.81
41938,"dotcolour","mediumSC","average",0.551,1,1,-99,-0.099,0.81
41938,"dotcolour","mediumSC","easy",0.401,-1,1,-99,-0.099,0.81
41938,"dotcolour","mediumSC","easy",0.452,1,1,-99,-0.099,0.81
41938,"dotcolour","mediumSC","average",0.468,1,1,-99,-0.099,0.81
41938,"dotcolour","mediumSC","average",0.618,1,1,-99,-0.099,0.81
41938,"dotcolour","mediumSC","hard",0.419,-1,0,-99,-0.099,0.81
41938,"dotnumber","lowSC","easy",0.585,1,1,-99,-0.099,0.69
41938,"dotnumber","lowSC","easy",0.534,-1,1,-99,-0.099,0.69
41938,"dotnumber","lowSC","easy",0.468,1,1,-99,-0.099,0.69
41938,"dotnumber","lowSC","average",0.451,1,1,-99,-0.099,0.69
41938,"dotnumber","lowSC","average",0.919,1,0,-99,-0.099,0.69
41938,"dotnumber","lowSC","average",0.585,-1,0,-99,-0.099,0.69
41938,"dotnumber","lowSC","average",0.802,1,1,-99,-0.099,0.69
41938,"dotnumber","lowSC","easy",0.484,-1,0,-99,-0.099,0.69
41938,"dotnumber","lowSC","hard",0.601,-1,1,-99,-0.099,0.69
41938,"dotnumber","lowSC","hard",0.418,1,0,-99,-0.099,0.69
41938,"dotnumber","lowSC","average",0.452,-1,1,-99,-0.099,0.69
41938,"dotnumber","lowSC","average",0.485,-1,1,-99,-0.099,0.69
41938,"dotnumber","lowSC","average",0.501,-1,1,-99,-0.099,0.69
41938,"dotnumber","lowSC","hard",0.619,-1,0,-99,-0.099,0.69
41938,"dotnumber","lowSC","easy",0.967,-1,0,-99,-0.099,0.69
41938,"dotnumber","lowSC","hard",0.735,-1,1,-99,-0.099,0.69
41938,"dotnumber","lowSC","easy",0.45,1,1,-99,-0.099,0.69
41938,"dotnumber","lowSC","easy",0.451,1,1,-99,-0.099,0.69
41938,"dotnumber","lowSC","hard",0.685,1,1,-99,-0.099,0.69
41938,"dotnumber","lowSC","average",0.468,-1,1,-99,-0.099,0.69
41938,"dotnumber","lowSC","easy",0.385,1,1,-99,-0.099,0.69
41938,"dotnumber","lowSC","hard",0.519,-1,0,-99,-0.099,0.69
41938,"dotnumber","lowSC","average",0.368,1,0,-99,-0.099,0.69
41938,"dotnumber","lowSC","average",0.419,1,1,-99,-0.099,0.69
41938,"dotnumber","lowSC","average",0.469,-1,1,-99,-0.099,0.63
41938,"dotnumber","lowSC","average",0.451,1,1,-99,-0.099,0.63
41938,"dotnumber","lowSC","average",0.968,1,1,-99,-0.099,0.63
41938,"dotnumber","lowSC","average",0.518,-1,1,-99,-0.099,0.63
41938,"dotnumber","lowSC","average",0.468,1,1,-99,-0.099,0.63
41938,"dotnumber","lowSC","average",0.568,-1,1,-99,-0.099,0.63
41938,"dotnumber","lowSC","hard",0.618,-1,0,-99,-0.099,0.63
41938,"dotnumber","lowSC","hard",0.618,-1,0,-99,-0.099,0.63
41938,"dotnumber","lowSC","hard",0.485,-1,1,-99,-0.099,0.63
41938,"dotnumber","lowSC","hard",0.786,1,0,-99,-0.099,0.63
41938,"dotnumber","lowSC","hard",0.852,-1,1,-99,-0.099,0.63
41938,"dotnumber","lowSC","easy",0.485,1,1,-99,-0.099,0.63
41938,"dotnumber","lowSC","easy",0.468,-1,1,-99,-0.099,0.63
41938,"dotnumber","lowSC","easy",0.451,-1,1,-99,-0.099,0.63
41938,"dotnumber","lowSC","hard",0.935,1,1,-99,-0.099,0.63
41938,"dotnumber","lowSC","average",0.452,-1,1,-99,-0.099,0.63
41938,"dotnumber","lowSC","easy",0.534,1,1,-99,-0.099,0.63
41938,"dotnumber","lowSC","easy",0.419,-1,1,-99,-0.099,0.63
41938,"dotnumber","lowSC","average",0.584,-1,0,-99,-0.099,0.63
41938,"dotnumber","lowSC","average",0.435,-1,1,-99,-0.099,0.63
41938,"dotnumber","lowSC","average",0.451,-1,1,-99,-0.099,0.63
41938,"dotnumber","lowSC","easy",0.335,1,1,-99,-0.099,0.63
41938,"dotnumber","lowSC","average",0.401,-1,1,-99,-0.099,0.63
41938,"dotnumber","lowSC","average",0.502,1,1,-99,-0.099,0.63
41938,"dotnumber","lowSC","easy",0.351,-1,1,-99,-0.099,0.54
41938,"dotnumber","lowSC","hard",0.352,-1,0,-99,-0.099,0.54
41938,"dotnumber","lowSC","hard",0.468,1,0,-99,-0.099,0.54
41938,"dotnumber","lowSC","average",0.519,1,1,-99,-0.099,0.54
41938,"dotnumber","lowSC","easy",0.434,-1,1,-99,-0.099,0.54
41938,"dotnumber","lowSC","average",0.385,1,1,-99,-0.099,0.54
41938,"dotnumber","lowSC","easy",0.368,-1,0,-99,-0.099,0.54
41938,"dotnumber","lowSC","average",0.435,-1,1,-99,-0.099,0.54
41938,"dotnumber","lowSC","average",0.618,-1,0,-99,-0.099,0.54
41938,"dotnumber","lowSC","average",0.385,1,0,-99,-0.099,0.54
41938,"dotnumber","lowSC","easy",0.435,-1,1,-99,-0.099,0.54
41938,"dotnumber","lowSC","average",0.368,1,1,-99,-0.099,0.54
41938,"dotnumber","lowSC","easy",1.97,-1,0,-99,-0.099,0.54
41938,"dotnumber","lowSC","easy",0.702,-1,1,-99,-0.099,0.54
41938,"dotnumber","lowSC","average",1.102,-1,1,-99,-0.099,0.54
41938,"dotnumber","lowSC","hard",0.451,-1,0,-99,-0.099,0.54
41938,"dotnumber","lowSC","easy",0.385,1,1,-99,-0.099,0.54
41938,"dotnumber","lowSC","average",0.334,1,1,-99,-0.099,0.54
41938,"dotnumber","lowSC","easy",0.435,-1,1,-99,-0.099,0.54
41938,"dotnumber","lowSC","average",0.418,1,1,-99,-0.099,0.54
41938,"dotnumber","lowSC","hard",0.936,1,0,-99,-0.099,0.54
41938,"dotnumber","lowSC","hard",0.703,1,1,-99,-0.099,0.54
41938,"dotnumber","lowSC","average",0.385,1,1,-99,-0.099,0.54
41938,"dotnumber","lowSC","hard",0.602,1,1,-99,-0.099,0.54
41938,"dotnumber","lowSC","hard",0.586,-1,1,-99,-0.099,0.65
41938,"dotnumber","lowSC","easy",0.803,-1,1,-99,-0.099,0.65
41938,"dotnumber","lowSC","hard",1.336,1,0,-99,-0.099,0.65
41938,"dotnumber","lowSC","easy",0.469,-1,1,-99,-0.099,0.65
41938,"dotnumber","lowSC","hard",0.601,-1,1,-99,-0.099,0.65
41938,"dotnumber","lowSC","easy",0.436,-1,1,-99,-0.099,0.65
41938,"dotnumber","lowSC","hard",0.385,-1,0,-99,-0.099,0.65
41938,"dotnumber","lowSC","average",0.485,1,1,-99,-0.099,0.65
41938,"dotnumber","lowSC","average",0.367,-1,1,-99,-0.099,0.65
41938,"dotnumber","lowSC","hard",0.484,1,0,-99,-0.099,0.65
41938,"dotnumber","lowSC","average",0.567,1,1,-99,-0.099,0.65
41938,"dotnumber","lowSC","easy",0.452,-1,1,-99,-0.099,0.65
41938,"dotnumber","lowSC","easy",0.535,-1,1,-99,-0.099,0.65
41938,"dotnumber","lowSC","average",0.352,-1,1,-99,-0.099,0.65
41938,"dotnumber","lowSC","average",0.435,-1,1,-99,-0.099,0.65
41938,"dotnumber","lowSC","hard",0.385,-1,1,-99,-0.099,0.65
41938,"dotnumber","lowSC","hard",0.769,1,1,-99,-0.099,0.65
41938,"dotnumber","lowSC","easy",0.402,-1,1,-99,-0.099,0.65
41938,"dotnumber","lowSC","easy",0.417,-1,1,-99,-0.099,0.65
41938,"dotnumber","lowSC","average",0.502,1,1,-99,-0.099,0.65
41938,"dotnumber","lowSC","hard",0.452,1,1,-99,-0.099,0.65
41938,"dotnumber","lowSC","average",0.602,1,1,-99,-0.099,0.65
41938,"dotnumber","lowSC","hard",1.051,-1,1,-99,-0.099,0.65
41938,"dotnumber","lowSC","average",0.451,-1,1,-99,-0.099,0.65
41938,"dotnumber","lowSC","average",0.835,-1,1,-99,-0.099,0.6
41938,"dotnumber","lowSC","average",0.635,-1,0,-99,-0.099,0.6
41938,"dotnumber","lowSC","hard",0.97,1,1,-99,-0.099,0.6
41938,"dotnumber","lowSC","average",0.686,1,1,-99,-0.099,0.6
41938,"dotnumber","lowSC","average",0.618,1,1,-99,-0.099,0.6
41938,"dotnumber","lowSC","hard",0.969,-1,0,-99,-0.099,0.6
41938,"dotnumber","lowSC","easy",0.502,-1,1,-99,-0.099,0.6
41938,"dotnumber","lowSC","easy",0.652,1,1,-99,-0.099,0.6
41938,"dotnumber","lowSC","easy",0.434,-1,1,-99,-0.099,0.6
41938,"dotnumber","lowSC","easy",0.435,1,1,-99,-0.099,0.6
41938,"dotnumber","lowSC","average",0.568,1,1,-99,-0.099,0.6
41938,"dotnumber","lowSC","hard",0.536,-1,0,-99,-0.099,0.6
41938,"dotnumber","lowSC","hard",1.219,-1,1,-99,-0.099,0.6
41938,"dotnumber","lowSC","average",0.637,1,1,-99,-0.099,0.6
41938,"dotnumber","lowSC","hard",0.652,1,0,-99,-0.099,0.6
41938,"dotnumber","lowSC","hard",0.519,-1,0,-99,-0.099,0.6
41938,"dotnumber","lowSC","average",0.635,-1,0,-99,-0.099,0.6
41938,"dotnumber","lowSC","easy",0.486,1,1,-99,-0.099,0.6
41938,"dotnumber","lowSC","easy",0.467,-1,1,-99,-0.099,0.6
41938,"dotnumber","lowSC","easy",0.584,1,1,-99,-0.099,0.6
41938,"dotnumber","lowSC","easy",0.401,-1,1,-99,-0.099,0.6
41938,"dotnumber","lowSC","hard",0.453,-1,0,-99,-0.099,0.6
41938,"dotnumber","lowSC","average",0.601,-1,1,-99,-0.099,0.6
41938,"dotnumber","lowSC","easy",0.451,-1,1,-99,-0.099,0.6
41938,"xotask","highSC","average",0.769,-1,1,-99,-0.099,0.86
41938,"xotask","highSC","average",0.686,1,1,-99,-0.099,0.86
41938,"xotask","highSC","average",0.869,1,1,-99,-0.099,0.86
41938,"xotask","highSC","hard",0.602,1,1,-99,-0.099,0.86
41938,"xotask","highSC","easy",0.536,1,1,-99,-0.099,0.86
41938,"xotask","highSC","average",0.584,-1,1,-99,-0.099,0.86
41938,"xotask","highSC","average",0.802,-1,1,-99,-0.099,0.86
41938,"xotask","highSC","easy",0.569,1,1,-99,-0.099,0.86
41938,"xotask","highSC","hard",0.635,1,0,-99,-0.099,0.86
41938,"xotask","highSC","average",0.701,1,0,-99,-0.099,0.86
41938,"xotask","highSC","average",0.551,1,1,-99,-0.099,0.86
41938,"xotask","highSC","hard",0.618,1,0,-99,-0.099,0.86
41938,"xotask","highSC","hard",0.886,-1,1,-99,-0.099,0.86
41938,"xotask","highSC","average",0.534,-1,0,-99,-0.099,0.86
41938,"xotask","highSC","hard",0.535,1,1,-99,-0.099,0.86
41938,"xotask","highSC","hard",0.434,1,1,-99,-0.099,0.86
41938,"xotask","highSC","easy",0.868,-1,1,-99,-0.099,0.86
41938,"xotask","highSC","hard",0.684,-1,1,-99,-0.099,0.86
41938,"xotask","highSC","hard",0.585,-1,1,-99,-0.099,0.86
41938,"xotask","highSC","average",0.535,-1,1,-99,-0.099,0.86
41938,"xotask","highSC","hard",0.669,-1,0,-99,-0.099,0.86
41938,"xotask","highSC","average",0.535,-1,1,-99,-0.099,0.86
41938,"xotask","highSC","easy",0.518,-1,1,-99,-0.099,0.86
41938,"xotask","highSC","hard",0.452,-1,1,-99,-0.099,0.86
41938,"xotask","highSC","easy",0.584,-1,1,-99,-0.099,0.83
41938,"xotask","highSC","average",0.436,1,1,-99,-0.099,0.83
41938,"xotask","highSC","hard",0.534,-1,0,-99,-0.099,0.83
41938,"xotask","highSC","average",0.469,1,1,-99,-0.099,0.83
41938,"xotask","highSC","easy",0.535,-1,1,-99,-0.099,0.83
41938,"xotask","highSC","hard",0.585,-1,1,-99,-0.099,0.83
41938,"xotask","highSC","easy",0.368,1,1,-99,-0.099,0.83
41938,"xotask","highSC","easy",0.385,1,1,-99,-0.099,0.83
41938,"xotask","highSC","average",0.534,1,1,-99,-0.099,0.83
41938,"xotask","highSC","easy",0.367,1,1,-99,-0.099,0.83
41938,"xotask","highSC","average",0.351,1,1,-99,-0.099,0.83
41938,"xotask","highSC","easy",0.401,1,1,-99,-0.099,0.83
41938,"xotask","highSC","hard",0.552,1,0,-99,-0.099,0.83
41938,"xotask","highSC","hard",0.751,1,1,-99,-0.099,0.83
41938,"xotask","highSC","hard",0.502,1,1,-99,-0.099,0.83
41938,"xotask","highSC","average",0.468,-1,1,-99,-0.099,0.83
41938,"xotask","highSC","easy",0.419,1,1,-99,-0.099,0.83
41938,"xotask","highSC","easy",0.552,-1,1,-99,-0.099,0.83
41938,"xotask","highSC","hard",0.468,-1,1,-99,-0.099,0.83
41938,"xotask","highSC","easy",0.401,1,1,-99,-0.099,0.83
41938,"xotask","highSC","hard",0.602,-1,1,-99,-0.099,0.83
41938,"xotask","highSC","average",0.518,-1,1,-99,-0.099,0.83
41938,"xotask","highSC","easy",0.369,1,1,-99,-0.099,0.83
41938,"xotask","highSC","easy",0.469,1,1,-99,-0.099,0.83
41938,"xotask","highSC","average",0.501,-1,0,-99,-0.099,0.9
41938,"xotask","highSC","easy",0.402,1,1,-99,-0.099,0.9
41938,"xotask","highSC","hard",0.452,1,1,-99,-0.099,0.9
41938,"xotask","highSC","hard",0.635,-1,0,-99,-0.099,0.9
41938,"xotask","highSC","hard",0.484,1,1,-99,-0.099,0.9
41938,"xotask","highSC","easy",0.418,1,1,-99,-0.099,0.9
41938,"xotask","highSC","easy",0.501,-1,1,-99,-0.099,0.9
41938,"xotask","highSC","easy",0.552,-1,1,-99,-0.099,0.9
41938,"xotask","highSC","average",0.502,1,1,-99,-0.099,0.9
41938,"xotask","highSC","hard",0.669,-1,0,-99,-0.099,0.9
41938,"xotask","highSC","hard",0.418,1,1,-99,-0.099,0.9
41938,"xotask","highSC","easy",0.584,-1,0,-99,-0.099,0.9
41938,"xotask","highSC","hard",0.585,1,1,-99,-0.099,0.9
41938,"xotask","highSC","average",0.519,1,1,-99,-0.099,0.9
41938,"xotask","highSC","average",0.401,1,1,-99,-0.099,0.9
41938,"xotask","highSC","average",0.418,-1,1,-99,-0.099,0.9
41938,"xotask","highSC","average",0.552,-1,1,-99,-0.099,0.9
41938,"xotask","highSC","easy",0.702,-1,0,-99,-0.099,0.9
41938,"xotask","highSC","easy",0.368,1,1,-99,-0.099,0.9
41938,"xotask","highSC","average",0.451,1,0,-99,-0.099,0.9
41938,"xotask","highSC","hard",0.536,-1,1,-99,-0.099,0.9
41938,"xotask","highSC","average",0.419,1,1,-99,-0.099,0.9
41938,"xotask","highSC","hard",0.736,-1,1,-99,-0.099,0.9
41938,"xotask","highSC","average",0.468,-1,1,-99,-0.099,0.9
41938,"xotask","highSC","hard",0.452,-1,0,-99,-0.099,0.92
41938,"xotask","highSC","easy",0.401,-1,1,-99,-0.099,0.92
41938,"xotask","highSC","easy",0.419,-1,1,-99,-0.099,0.92
41938,"xotask","highSC","hard",0.686,-1,1,-99,-0.099,0.92
41938,"xotask","highSC","hard",0.569,-1,1,-99,-0.099,0.92
41938,"xotask","highSC","easy",0.452,1,1,-99,-0.099,0.92
41938,"xotask","highSC","average",0.551,-1,1,-99,-0.099,0.92
41938,"xotask","highSC","hard",0.535,-1,0,-99,-0.099,0.92
41938,"xotask","highSC","average",0.401,-1,0,-99,-0.099,0.92
41938,"xotask","highSC","easy",0.618,-1,1,-99,-0.099,0.92
41938,"xotask","highSC","easy",0.502,-1,1,-99,-0.099,0.92
41938,"xotask","highSC","easy",0.485,-1,1,-99,-0.099,0.92
41938,"xotask","highSC","easy",0.635,-1,0,-99,-0.099,0.92
41938,"xotask","highSC","hard",1.236,1,1,-99,-0.099,0.92
41938,"xotask","highSC","hard",0.535,-1,1,-99,-0.099,0.92
41938,"xotask","highSC","average",0.534,-1,1,-99,-0.099,0.92
41938,"xotask","highSC","average",0.518,-1,1,-99,-0.099,0.92
41938,"xotask","highSC","hard",0.418,-1,0,-99,-0.099,0.92
41938,"xotask","highSC","average",0.385,1,0,-99,-0.099,0.92
41938,"xotask","highSC","easy",0.485,1,1,-99,-0.099,0.92
41938,"xotask","highSC","average",0.669,1,1,-99,-0.099,0.92
41938,"xotask","highSC","average",0.452,1,1,-99,-0.099,0.92
41938,"xotask","highSC","easy",0.452,1,1,-99,-0.099,0.92
41938,"xotask","highSC","easy",0.417,-1,1,-99,-0.099,0.92
41938,"xotask","highSC","hard",0.519,1,0,-99,-0.099,0.94
41938,"xotask","highSC","hard",0.518,1,1,-99,-0.099,0.94
41938,"xotask","highSC","hard",0.618,-1,1,-99,-0.099,0.94
41938,"xotask","highSC","average",0.451,1,1,-99,-0.099,0.94
41938,"xotask","highSC","average",0.518,-1,1,-99,-0.099,0.94
41938,"xotask","highSC","easy",0.434,1,1,-99,-0.099,0.94
41938,"xotask","highSC","easy",0.601,-1,1,-99,-0.099,0.94
41938,"xotask","highSC","hard",0.603,1,0,-99,-0.099,0.94
41938,"xotask","highSC","hard",0.368,-1,0,-99,-0.099,0.94
41938,"xotask","highSC","hard",0.367,1,0,-99,-0.099,0.94
41938,"xotask","highSC","hard",0.518,1,1,-99,-0.099,0.94
41938,"xotask","highSC","average",0.602,-1,1,-99,-0.099,0.94
41938,"xotask","highSC","hard",0.668,-1,1,-99,-0.099,0.94
41938,"xotask","highSC","easy",0.485,-1,1,-99,-0.099,0.94
41938,"xotask","highSC","hard",0.468,-1,1,-99,-0.099,0.94
41938,"xotask","highSC","average",0.418,-1,0,-99,-0.099,0.94
41938,"xotask","highSC","easy",0.368,1,1,-99,-0.099,0.94
41938,"xotask","highSC","easy",0.384,-1,1,-99,-0.099,0.94
41938,"xotask","highSC","average",0.551,-1,1,-99,-0.099,0.94
41938,"xotask","highSC","average",0.585,-1,1,-99,-0.099,0.94
41938,"xotask","highSC","hard",0.786,-1,1,-99,-0.099,0.94
41938,"xotask","highSC","easy",0.535,-1,1,-99,-0.099,0.94
41938,"xotask","highSC","easy",0.468,-1,1,-99,-0.099,0.94
41938,"xotask","highSC","hard",0.452,-1,1,-99,-0.099,0.94
39,"xotask","lowSC","easy",2.871,-1,1,-99,-0.099,0.69
39,"xotask","lowSC","hard",0.936,1,1,-99,-0.099,0.69
39,"xotask","lowSC","easy",1.22,-1,1,-99,-0.099,0.69
39,"xotask","lowSC","hard",1.002,-1,0,-99,-0.099,0.69
39,"xotask","lowSC","hard",0.852,-1,1,-99,-0.099,0.69
39,"xotask","lowSC","hard",1.119,-1,0,-99,-0.099,0.69
39,"xotask","lowSC","average",1.669,-1,1,-99,-0.099,0.69
39,"xotask","lowSC","average",1.42,-1,1,-99,-0.099,0.69
39,"xotask","lowSC","average",0.835,1,1,-99,-0.099,0.69
39,"xotask","lowSC","hard",0.752,1,1,-99,-0.099,0.69
39,"xotask","lowSC","average",0.836,-1,1,-99,-0.099,0.69
39,"xotask","lowSC","average",1.287,-1,0,-99,-0.099,0.69
39,"xotask","lowSC","hard",2.003,1,0,-99,-0.099,0.69
39,"xotask","lowSC","easy",0.752,-1,1,-99,-0.099,0.69
39,"xotask","lowSC","easy",0.819,-1,1,-99,-0.099,0.69
39,"xotask","lowSC","hard",1.952,-1,1,-99,-0.099,0.69
39,"xotask","lowSC","hard",0.735,1,1,-99,-0.099,0.69
39,"xotask","lowSC","average",1.401,1,1,-99,-0.099,0.69
39,"xotask","lowSC","hard",0.802,1,0,-99,-0.099,0.69
39,"xotask","lowSC","average",1.152,1,1,-99,-0.099,0.69
39,"xotask","lowSC","hard",0.867,-1,1,-99,-0.099,0.69
39,"xotask","lowSC","average",0.902,-1,1,-99,-0.099,0.69
39,"xotask","lowSC","easy",1.235,1,1,-99,-0.099,0.69
39,"xotask","lowSC","easy",1.019,1,0,-99,-0.099,0.69
39,"xotask","lowSC","average",1.052,-1,1,-99,-0.099,0.64
39,"xotask","lowSC","hard",0.835,-1,0,-99,-0.099,0.64
39,"xotask","lowSC","easy",0.685,1,1,-99,-0.099,0.64
39,"xotask","lowSC","average",1.202,-1,1,-99,-0.099,0.64
39,"xotask","lowSC","hard",0.735,1,1,-99,-0.099,0.64
39,"xotask","lowSC","hard",1.101,1,1,-99,-0.099,0.64
39,"xotask","lowSC","easy",0.702,1,1,-99,-0.099,0.64
39,"xotask","lowSC","easy",0.701,-1,1,-99,-0.099,0.64
39,"xotask","lowSC","easy",0.785,1,1,-99,-0.099,0.64
39,"xotask","lowSC","easy",0.635,1,1,-99,-0.099,0.64
39,"xotask","lowSC","easy",0.785,1,1,-99,-0.099,0.64
39,"xotask","lowSC","hard",0.869,1,0,-99,-0.099,0.64
39,"xotask","lowSC","average",1.352,-1,1,-99,-0.099,0.64
39,"xotask","lowSC","average",0.752,1,1,-99,-0.099,0.64
39,"xotask","lowSC","hard",1.769,-1,1,-99,-0.099,0.64
39,"xotask","lowSC","easy",1.052,1,1,-99,-0.099,0.64
39,"xotask","lowSC","hard",1.285,-1,1,-99,-0.099,0.64
39,"xotask","lowSC","hard",1.319,1,1,-99,-0.099,0.64
39,"xotask","lowSC","easy",1.369,-1,0,-99,-0.099,0.64
39,"xotask","lowSC","easy",1.253,-1,1,-99,-0.099,0.64
39,"xotask","lowSC","easy",0.635,-1,1,-99,-0.099,0.64
39,"xotask","lowSC","average",0.685,-1,1,-99,-0.099,0.64
39,"xotask","lowSC","hard",0.802,1,1,-99,-0.099,0.64
39,"xotask","lowSC","hard",0.818,-1,1,-99,-0.099,0.64
39,"xotask","lowSC","easy",0.619,1,1,-99,-0.099,0.6
39,"xotask","lowSC","average",0.935,1,0,-99,-0.099,0.6
39,"xotask","lowSC","average",1.001,-1,0,-99,-0.099,0.6
39,"xotask","lowSC","average",1.036,-1,1,-99,-0.099,0.6
39,"xotask","lowSC","average",0.751,-1,1,-99,-0.099,0.6
39,"xotask","lowSC","average",1.486,-1,1,-99,-0.099,0.6
39,"xotask","lowSC","easy",0.669,-1,1,-99,-0.099,0.6
39,"xotask","lowSC","average",0.452,1,1,-99,-0.099,0.6
39,"xotask","lowSC","hard",0.903,1,1,-99,-0.099,0.6
39,"xotask","lowSC","hard",0.518,1,1,-99,-0.099,0.6
39,"xotask","lowSC","hard",0.668,-1,1,-99,-0.099,0.6
39,"xotask","lowSC","average",0.685,-1,1,-99,-0.099,0.6
39,"xotask","lowSC","easy",0.802,1,1,-99,-0.099,0.6
39,"xotask","lowSC","hard",0.701,1,1,-99,-0.099,0.6
39,"xotask","lowSC","easy",0.568,1,1,-99,-0.099,0.6
39,"xotask","lowSC","hard",0.751,-1,1,-99,-0.099,0.6
39,"xotask","lowSC","hard",0.567,-1,1,-99,-0.099,0.6
39,"xotask","lowSC","average",0.685,-1,0,-99,-0.099,0.6
39,"xotask","lowSC","hard",0.468,1,1,-99,-0.099,0.6
39,"xotask","lowSC","easy",0.585,-1,1,-99,-0.099,0.6
39,"xotask","lowSC","easy",0.619,-1,1,-99,-0.099,0.6
39,"xotask","lowSC","hard",0.452,-1,0,-99,-0.099,0.6
39,"xotask","lowSC","easy",0.969,1,1,-99,-0.099,0.6
39,"xotask","lowSC","hard",0.969,1,0,-99,-0.099,0.6
39,"xotask","lowSC","easy",0.669,1,1,-99,-0.099,0.64
39,"xotask","lowSC","easy",0.552,1,0,-99,-0.099,0.64
39,"xotask","lowSC","easy",0.852,-1,1,-99,-0.099,0.64
39,"xotask","lowSC","average",0.852,-1,1,-99,-0.099,0.64
39,"xotask","lowSC","easy",0.768,-1,1,-99,-0.099,0.64
39,"xotask","lowSC","hard",0.668,-1,1,-99,-0.099,0.64
39,"xotask","lowSC","easy",0.518,1,1,-99,-0.099,0.64
39,"xotask","lowSC","easy",0.619,-1,1,-99,-0.099,0.64
39,"xotask","lowSC","easy",0.72,-1,1,-99,-0.099,0.64
39,"xotask","lowSC","easy",0.652,1,1,-99,-0.099,0.64
39,"xotask","lowSC","average",0.802,-1,1,-99,-0.099,0.64
39,"xotask","lowSC","hard",0.601,-1,1,-99,-0.099,0.64
39,"xotask","lowSC","easy",0.818,1,1,-99,-0.099,0.64
39,"xotask","lowSC","easy",1.652,-1,0,-99,-0.099,0.64
39,"xotask","lowSC","easy",1.285,1,0,-99,-0.099,0.64
39,"xotask","lowSC","average",0.702,1,1,-99,-0.099,0.64
39,"xotask","lowSC","hard",0.919,1,1,-99,-0.099,0.64
39,"xotask","lowSC","hard",0.869,1,1,-99,-0.099,0.64
39,"xotask","lowSC","easy",0.602,1,1,-99,-0.099,0.64
39,"xotask","lowSC","hard",0.535,-1,0,-99,-0.099,0.64
39,"xotask","lowSC","average",1.186,-1,0,-99,-0.099,0.64
39,"xotask","lowSC","hard",0.885,-1,1,-99,-0.099,0.64
39,"xotask","lowSC","easy",0.751,-1,1,-99,-0.099,0.64
39,"xotask","lowSC","average",0.718,1,1,-99,-0.099,0.64
39,"xotask","lowSC","easy",0.885,1,1,-99,-0.099,0.64
39,"xotask","lowSC","average",1.019,1,1,-99,-0.099,0.64
39,"xotask","lowSC","hard",0.919,-1,1,-99,-0.099,0.64
39,"xotask","lowSC","hard",0.619,1,1,-99,-0.099,0.64
39,"xotask","lowSC","easy",0.735,1,1,-99,-0.099,0.64
39,"xotask","lowSC","easy",0.834,1,1,-99,-0.099,0.64
39,"xotask","lowSC","hard",0.803,1,0,-99,-0.099,0.64
39,"xotask","lowSC","average",0.601,1,1,-99,-0.099,0.64
39,"xotask","lowSC","average",1.052,-1,1,-99,-0.099,0.64
39,"xotask","lowSC","easy",0.819,-1,1,-99,-0.099,0.64
39,"xotask","lowSC","easy",0.635,-1,1,-99,-0.099,0.64
39,"xotask","lowSC","hard",0.769,1,1,-99,-0.099,0.64
39,"xotask","lowSC","easy",1.668,-1,1,-99,-0.099,0.64
39,"xotask","lowSC","easy",0.768,-1,1,-99,-0.099,0.64
39,"xotask","lowSC","hard",1.135,-1,1,-99,-0.099,0.64
39,"xotask","lowSC","hard",1.035,-1,0,-99,-0.099,0.64
39,"xotask","lowSC","average",0.618,-1,1,-99,-0.099,0.64
39,"xotask","lowSC","average",1.169,-1,0,-99,-0.099,0.64
39,"xotask","lowSC","hard",0.668,-1,1,-99,-0.099,0.64
39,"xotask","lowSC","easy",0.835,-1,0,-99,-0.099,0.64
39,"xotask","lowSC","average",0.719,-1,0,-99,-0.099,0.64
39,"xotask","lowSC","average",0.802,-1,1,-99,-0.099,0.64
39,"xotask","lowSC","average",0.735,-1,1,-99,-0.099,0.64
39,"xotask","lowSC","easy",0.669,-1,1,-99,-0.099,0.64
39,"dotcolour","highSC","easy",0.752,-1,1,-99,-0.099,0.94
39,"dotcolour","highSC","average",0.785,-1,1,-99,-0.099,0.94
39,"dotcolour","highSC","average",0.985,1,0,-99,-0.099,0.94
39,"dotcolour","highSC","easy",0.518,1,1,-99,-0.099,0.94
39,"dotcolour","highSC","hard",1.07,1,1,-99,-0.099,0.94
39,"dotcolour","highSC","easy",0.518,-1,1,-99,-0.099,0.94
39,"dotcolour","highSC","average",0.535,-1,1,-99,-0.099,0.94
39,"dotcolour","highSC","easy",0.401,-1,1,-99,-0.099,0.94
39,"dotcolour","highSC","average",0.451,-1,1,-99,-0.099,0.94
39,"dotcolour","highSC","average",0.419,-1,0,-99,-0.099,0.94
39,"dotcolour","highSC","easy",0.401,1,1,-99,-0.099,0.94
39,"dotcolour","highSC","average",0.403,1,1,-99,-0.099,0.94
39,"dotcolour","highSC","average",0.851,1,1,-99,-0.099,0.94
39,"dotcolour","highSC","easy",0.453,-1,1,-99,-0.099,0.94
39,"dotcolour","highSC","average",0.552,1,1,-99,-0.099,0.94
39,"dotcolour","highSC","hard",0.601,1,1,-99,-0.099,0.94
39,"dotcolour","highSC","average",0.551,1,1,-99,-0.099,0.94
39,"dotcolour","highSC","average",0.585,-1,1,-99,-0.099,0.94
39,"dotcolour","highSC","easy",0.552,-1,1,-99,-0.099,0.94
39,"dotcolour","highSC","average",0.335,1,1,-99,-0.099,0.94
39,"dotcolour","highSC","easy",0.319,-1,0,-99,-0.099,0.94
39,"dotcolour","highSC","easy",0.585,1,1,-99,-0.099,0.94
39,"dotcolour","highSC","hard",0.551,-1,1,-99,-0.099,0.94
39,"dotcolour","highSC","hard",0.768,-1,1,-99,-0.099,0.94
39,"dotcolour","highSC","average",0.535,1,1,-99,-0.099,0.83
39,"dotcolour","highSC","average",0.635,-1,1,-99,-0.099,0.83
39,"dotcolour","highSC","hard",0.902,-1,0,-99,-0.099,0.83
39,"dotcolour","highSC","average",0.702,1,1,-99,-0.099,0.83
39,"dotcolour","highSC","easy",0.452,1,1,-99,-0.099,0.83
39,"dotcolour","highSC","hard",0.485,1,1,-99,-0.099,0.83
39,"dotcolour","highSC","hard",0.485,1,1,-99,-0.099,0.83
39,"dotcolour","highSC","hard",0.768,-1,1,-99,-0.099,0.83
39,"dotcolour","highSC","hard",0.669,1,1,-99,-0.099,0.83
39,"dotcolour","highSC","easy",0.536,-1,1,-99,-0.099,0.83
39,"dotcolour","highSC","average",0.569,1,1,-99,-0.099,0.83
39,"dotcolour","highSC","average",0.418,-1,1,-99,-0.099,0.83
39,"dotcolour","highSC","average",0.918,1,1,-99,-0.099,0.83
39,"dotcolour","highSC","average",0.585,1,1,-99,-0.099,0.83
39,"dotcolour","highSC","average",0.568,-1,1,-99,-0.099,0.83
39,"dotcolour","highSC","average",0.518,-1,1,-99,-0.099,0.83
39,"dotcolour","highSC","average",0.518,-1,1,-99,-0.099,0.83
39,"dotcolour","highSC","hard",0.435,-1,0,-99,-0.099,0.83
39,"dotcolour","highSC","average",0.418,1,1,-99,-0.099,0.83
39,"dotcolour","highSC","easy",0.552,-1,1,-99,-0.099,0.83
39,"dotcolour","highSC","easy",0.652,1,1,-99,-0.099,0.83
39,"dotcolour","highSC","hard",0.368,-1,1,-99,-0.099,0.83
39,"dotcolour","highSC","average",0.351,1,0,-99,-0.099,0.83
39,"dotcolour","highSC","easy",0.569,1,1,-99,-0.099,0.83
39,"dotcolour","highSC","average",0.618,-1,1,-99,-0.099,0.9
39,"dotcolour","highSC","hard",0.451,-1,1,-99,-0.099,0.9
39,"dotcolour","highSC","easy",0.518,-1,0,-99,-0.099,0.9
39,"dotcolour","highSC","hard",0.968,-1,0,-99,-0.099,0.9
39,"dotcolour","highSC","average",0.434,1,1,-99,-0.099,0.9
39,"dotcolour","highSC","hard",0.485,1,0,-99,-0.099,0.9
39,"dotcolour","highSC","average",0.585,-1,1,-99,-0.099,0.9
39,"dotcolour","highSC","average",0.753,-1,1,-99,-0.099,0.9
39,"dotcolour","highSC","easy",0.452,1,1,-99,-0.099,0.9
39,"dotcolour","highSC","hard",0.619,1,0,-99,-0.099,0.9
39,"dotcolour","highSC","hard",1.152,-1,0,-99,-0.099,0.9
39,"dotcolour","highSC","easy",0.735,-1,1,-99,-0.099,0.9
39,"dotcolour","highSC","average",0.702,-1,1,-99,-0.099,0.9
39,"dotcolour","highSC","hard",0.736,-1,0,-99,-0.099,0.9
39,"dotcolour","highSC","hard",0.567,-1,1,-99,-0.099,0.9
39,"dotcolour","highSC","average",0.819,-1,1,-99,-0.099,0.9
39,"dotcolour","highSC","average",0.651,1,1,-99,-0.099,0.9
39,"dotcolour","highSC","average",0.552,-1,1,-99,-0.099,0.9
39,"dotcolour","highSC","easy",0.618,1,1,-99,-0.099,0.9
39,"dotcolour","highSC","hard",0.485,-1,1,-99,-0.099,0.9
39,"dotcolour","highSC","average",0.435,1,0,-99,-0.099,0.9
39,"dotcolour","highSC","hard",1.869,-1,0,-99,-0.099,0.9
39,"dotcolour","highSC","easy",0.618,-1,1,-99,-0.099,0.9
39,"dotcolour","highSC","hard",0.586,1,1,-99,-0.099,0.9
39,"dotcolour","highSC","hard",0.569,-1,1,-99,-0.099,0.91
39,"dotcolour","highSC","average",0.719,-1,1,-99,-0.099,0.91
39,"dotcolour","highSC","easy",0.585,-1,1,-99,-0.099,0.91
39,"dotcolour","highSC","hard",0.718,-1,1,-99,-0.099,0.91
39,"dotcolour","highSC","average",0.551,1,1,-99,-0.099,0.91
39,"dotcolour","highSC","average",0.735,1,1,-99,-0.099,0.91
39,"dotcolour","highSC","hard",0.585,1,0,-99,-0.099,0.91
39,"dotcolour","highSC","hard",1.018,1,0,-99,-0.099,0.91
39,"dotcolour","highSC","hard",0.852,-1,0,-99,-0.099,0.91
39,"dotcolour","highSC","average",0.769,1,0,-99,-0.099,0.91
39,"dotcolour","highSC","hard",0.818,1,0,-99,-0.099,0.91
39,"dotcolour","highSC","hard",0.818,-1,0,-99,-0.099,0.91
39,"dotcolour","highSC","easy",0.87,1,1,-99,-0.099,0.91
39,"dotcolour","highSC","average",0.702,-1,1,-99,-0.099,0.91
39,"dotcolour","highSC","hard",0.786,-1,0,-99,-0.099,0.91
39,"dotcolour","highSC","average",0.618,1,1,-99,-0.099,0.91
39,"dotcolour","highSC","easy",0.535,1,1,-99,-0.099,0.91
39,"dotcolour","highSC","easy",0.501,-1,1,-99,-0.099,0.91
39,"dotcolour","highSC","hard",0.501,-1,1,-99,-0.099,0.91
39,"dotcolour","highSC","hard",0.433,1,0,-99,-0.099,0.91
39,"dotcolour","highSC","easy",0.368,1,0,-99,-0.099,0.91
39,"dotcolour","highSC","hard",0.684,1,1,-99,-0.099,0.91
39,"dotcolour","highSC","average",0.501,1,1,-99,-0.099,0.91
39,"dotcolour","highSC","hard",0.434,1,1,-99,-0.099,0.91
39,"dotcolour","highSC","hard",0.551,1,1,-99,-0.099,0.9
39,"dotcolour","highSC","hard",0.452,1,0,-99,-0.099,0.9
39,"dotcolour","highSC","hard",0.618,1,0,-99,-0.099,0.9
39,"dotcolour","highSC","easy",0.652,1,1,-99,-0.099,0.9
39,"dotcolour","highSC","hard",0.668,-1,1,-99,-0.099,0.9
39,"dotcolour","highSC","easy",0.469,-1,1,-99,-0.099,0.9
39,"dotcolour","highSC","average",0.501,1,1,-99,-0.099,0.9
39,"dotcolour","highSC","hard",0.652,1,1,-99,-0.099,0.9
39,"dotcolour","highSC","easy",0.434,1,1,-99,-0.099,0.9
39,"dotcolour","highSC","easy",0.384,1,1,-99,-0.099,0.9
39,"dotcolour","highSC","hard",0.385,1,1,-99,-0.099,0.9
39,"dotcolour","highSC","average",0.434,1,1,-99,-0.099,0.9
39,"dotcolour","highSC","average",0.702,-1,1,-99,-0.099,0.9
39,"dotcolour","highSC","average",0.752,-1,1,-99,-0.099,0.9
39,"dotcolour","highSC","hard",2.137,1,0,-99,-0.099,0.9
39,"dotcolour","highSC","average",0.652,-1,1,-99,-0.099,0.9
39,"dotcolour","highSC","hard",0.418,-1,0,-99,-0.099,0.9
39,"dotcolour","highSC","average",0.285,1,1,-99,-0.099,0.9
39,"dotcolour","highSC","easy",0.368,1,1,-99,-0.099,0.9
39,"dotcolour","highSC","easy",0.368,1,0,-99,-0.099,0.9
39,"dotcolour","highSC","hard",0.369,1,1,-99,-0.099,0.9
39,"dotcolour","highSC","easy",0.335,1,1,-99,-0.099,0.9
39,"dotcolour","highSC","hard",0.803,-1,1,-99,-0.099,0.9
39,"dotcolour","highSC","easy",0.469,-1,1,-99,-0.099,0.9
39,"dotnumber","mediumSC","easy",0.685,-1,1,-99,-0.099,0.77
39,"dotnumber","mediumSC","hard",0.918,1,0,-99,-0.099,0.77
39,"dotnumber","mediumSC","average",0.485,1,1,-99,-0.099,0.77
39,"dotnumber","mediumSC","average",1.002,-1,1,-99,-0.099,0.77
39,"dotnumber","mediumSC","average",0.836,-1,0,-99,-0.099,0.77
39,"dotnumber","mediumSC","average",0.568,1,1,-99,-0.099,0.77
39,"dotnumber","mediumSC","easy",0.435,1,1,-99,-0.099,0.77
39,"dotnumber","mediumSC","hard",0.534,1,1,-99,-0.099,0.77
39,"dotnumber","mediumSC","easy",0.586,-1,1,-99,-0.099,0.77
39,"dotnumber","mediumSC","hard",0.669,-1,0,-99,-0.099,0.77
39,"dotnumber","mediumSC","average",0.934,1,0,-99,-0.099,0.77
39,"dotnumber","mediumSC","hard",1.169,-1,1,-99,-0.099,0.77
39,"dotnumber","mediumSC","average",0.586,-1,1,-99,-0.099,0.77
39,"dotnumber","mediumSC","average",0.601,-1,0,-99,-0.099,0.77
39,"dotnumber","mediumSC","hard",0.318,1,1,-99,-0.099,0.77
39,"dotnumber","mediumSC","hard",0.301,-1,0,-99,-0.099,0.77
39,"dotnumber","mediumSC","easy",0.334,-1,0,-99,-0.099,0.77
39,"dotnumber","mediumSC","average",0.519,-1,0,-99,-0.099,0.77
39,"dotnumber","mediumSC","average",0.336,1,1,-99,-0.099,0.77
39,"dotnumber","mediumSC","hard",0.435,1,1,-99,-0.099,0.77
39,"dotnumber","mediumSC","easy",0.402,-1,1,-99,-0.099,0.77
39,"dotnumber","mediumSC","hard",0.618,1,1,-99,-0.099,0.77
39,"dotnumber","mediumSC","average",0.551,1,1,-99,-0.099,0.77
39,"dotnumber","mediumSC","hard",0.368,1,1,-99,-0.099,0.77
39,"dotnumber","mediumSC","easy",0.368,1,0,-99,-0.099,0.73
39,"dotnumber","mediumSC","easy",0.501,-1,1,-99,-0.099,0.73
39,"dotnumber","mediumSC","average",0.452,1,1,-99,-0.099,0.73
39,"dotnumber","mediumSC","easy",0.567,-1,1,-99,-0.099,0.73
39,"dotnumber","mediumSC","easy",0.418,1,1,-99,-0.099,0.73
39,"dotnumber","mediumSC","easy",0.418,1,1,-99,-0.099,0.73
39,"dotnumber","mediumSC","easy",0.35,1,0,-99,-0.099,0.73
39,"dotnumber","mediumSC","hard",0.385,1,1,-99,-0.099,0.73
39,"dotnumber","mediumSC","hard",0.436,1,1,-99,-0.099,0.73
39,"dotnumber","mediumSC","hard",0.418,1,0,-99,-0.099,0.73
39,"dotnumber","mediumSC","hard",0.585,1,1,-99,-0.099,0.73
39,"dotnumber","mediumSC","hard",0.384,1,0,-99,-0.099,0.73
39,"dotnumber","mediumSC","hard",0.736,1,0,-99,-0.099,0.73
39,"dotnumber","mediumSC","easy",0.485,1,0,-99,-0.099,0.73
39,"dotnumber","mediumSC","hard",0.435,1,0,-99,-0.099,0.73
39,"dotnumber","mediumSC","hard",0.352,1,0,-99,-0.099,0.73
39,"dotnumber","mediumSC","easy",0.552,1,1,-99,-0.099,0.73
39,"dotnumber","mediumSC","average",0.534,1,1,-99,-0.099,0.73
39,"dotnumber","mediumSC","easy",0.583,1,0,-99,-0.099,0.73
39,"dotnumber","mediumSC","hard",0.669,-1,1,-99,-0.099,0.73
39,"dotnumber","mediumSC","hard",0.635,1,1,-99,-0.099,0.73
39,"dotnumber","mediumSC","hard",0.835,1,1,-99,-0.099,0.73
39,"dotnumber","mediumSC","average",0.618,1,1,-99,-0.099,0.73
39,"dotnumber","mediumSC","average",0.851,1,1,-99,-0.099,0.73
39,"dotnumber","mediumSC","average",0.601,-1,1,-99,-0.099,0.81
39,"dotnumber","mediumSC","easy",0.551,1,1,-99,-0.099,0.81
39,"dotnumber","mediumSC","easy",0.535,-1,1,-99,-0.099,0.81
39,"dotnumber","mediumSC","easy",1.002,1,0,-99,-0.099,0.81
39,"dotnumber","mediumSC","hard",0.369,-1,0,-99,-0.099,0.81
39,"dotnumber","mediumSC","hard",0.769,1,0,-99,-0.099,0.81
39,"dotnumber","mediumSC","hard",0.468,1,1,-99,-0.099,0.81
39,"dotnumber","mediumSC","easy",0.519,1,0,-99,-0.099,0.81
39,"dotnumber","mediumSC","average",0.685,1,1,-99,-0.099,0.81
39,"dotnumber","mediumSC","average",0.435,1,1,-99,-0.099,0.81
39,"dotnumber","mediumSC","easy",0.635,-1,0,-99,-0.099,0.81
39,"dotnumber","mediumSC","hard",0.585,1,0,-99,-0.099,0.81
39,"dotnumber","mediumSC","hard",0.569,1,0,-99,-0.099,0.81
39,"dotnumber","mediumSC","hard",0.501,1,1,-99,-0.099,0.81
39,"dotnumber","mediumSC","hard",0.402,1,1,-99,-0.099,0.81
39,"dotnumber","mediumSC","average",0.435,1,0,-99,-0.099,0.81
39,"dotnumber","mediumSC","hard",0.534,1,1,-99,-0.099,0.81
39,"dotnumber","mediumSC","hard",0.401,-1,0,-99,-0.099,0.81
39,"dotnumber","mediumSC","hard",0.785,-1,1,-99,-0.099,0.81
39,"dotnumber","mediumSC","easy",0.551,-1,1,-99,-0.099,0.81
39,"dotnumber","mediumSC","average",0.401,1,1,-99,-0.099,0.81
39,"dotnumber","mediumSC","hard",0.351,1,1,-99,-0.099,0.81
39,"dotnumber","mediumSC","hard",0.285,-1,1,-99,-0.099,0.81
39,"dotnumber","mediumSC","hard",0.268,1,0,-99,-0.099,0.81
39,"dotnumber","mediumSC","average",0.369,1,1,-99,-0.099,0.77
39,"dotnumber","mediumSC","average",0.318,1,1,-99,-0.099,0.77
39,"dotnumber","mediumSC","easy",0.285,-1,1,-99,-0.099,0.77
39,"dotnumber","mediumSC","average",0.653,1,1,-99,-0.099,0.77
39,"dotnumber","mediumSC","average",0.318,-1,1,-99,-0.099,0.77
39,"dotnumber","mediumSC","easy",0.552,-1,1,-99,-0.099,0.77
39,"dotnumber","mediumSC","average",0.718,-1,1,-99,-0.099,0.77
39,"dotnumber","mediumSC","average",0.552,-1,1,-99,-0.099,0.77
39,"dotnumber","mediumSC","hard",0.468,1,0,-99,-0.099,0.77
39,"dotnumber","mediumSC","average",0.618,-1,1,-99,-0.099,0.77
39,"dotnumber","mediumSC","easy",0.584,1,1,-99,-0.099,0.77
39,"dotnumber","mediumSC","easy",0.485,-1,1,-99,-0.099,0.77
39,"dotnumber","mediumSC","easy",0.519,1,1,-99,-0.099,0.77
39,"dotnumber","mediumSC","easy",0.385,-1,1,-99,-0.099,0.77
39,"dotnumber","mediumSC","hard",0.419,-1,0,-99,-0.099,0.77
39,"dotnumber","mediumSC","easy",0.301,1,1,-99,-0.099,0.77
39,"dotnumber","mediumSC","hard",0.285,-1,0,-99,-0.099,0.77
39,"dotnumber","mediumSC","easy",0.35,1,0,-99,-0.099,0.77
39,"dotnumber","mediumSC","hard",0.435,1,0,-99,-0.099,0.77
39,"dotnumber","mediumSC","hard",0.335,1,0,-99,-0.099,0.77
39,"dotnumber","mediumSC","hard",0.368,1,1,-99,-0.099,0.77
39,"dotnumber","mediumSC","hard",0.469,1,0,-99,-0.099,0.77
39,"dotnumber","mediumSC","average",0.318,1,1,-99,-0.099,0.77
39,"dotnumber","mediumSC","hard",0.334,1,1,-99,-0.099,0.77
39,"dotnumber","mediumSC","hard",0.467,1,0,-99,-0.099,0.82
39,"dotnumber","mediumSC","average",0.318,1,1,-99,-0.099,0.82
39,"dotnumber","mediumSC","average",0.518,1,0,-99,-0.099,0.82
39,"dotnumber","mediumSC","average",0.402,1,0,-99,-0.099,0.82
39,"dotnumber","mediumSC","average",0.717,-1,0,-99,-0.099,0.82
39,"dotnumber","mediumSC","hard",0.335,1,1,-99,-0.099,0.82
39,"dotnumber","mediumSC","easy",0.368,1,1,-99,-0.099,0.82
39,"dotnumber","mediumSC","easy",0.385,1,1,-99,-0.099,0.82
39,"dotnumber","mediumSC","average",0.335,1,0,-99,-0.099,0.82
39,"dotnumber","mediumSC","average",0.352,1,0,-99,-0.099,0.82
39,"dotnumber","mediumSC","average",0.385,1,0,-99,-0.099,0.82
39,"dotnumber","mediumSC","easy",0.402,-1,0,-99,-0.099,0.82
39,"dotnumber","mediumSC","easy",0.518,1,0,-99,-0.099,0.82
39,"dotnumber","mediumSC","easy",0.502,-1,1,-99,-0.099,0.82
39,"dotnumber","mediumSC","average",0.318,1,1,-99,-0.099,0.82
39,"dotnumber","mediumSC","average",0.352,1,1,-99,-0.099,0.82
39,"dotnumber","mediumSC","easy",0.334,1,0,-99,-0.099,0.82
39,"dotnumber","mediumSC","average",0.318,1,0,-99,-0.099,0.82
39,"dotnumber","mediumSC","hard",0.301,1,0,-99,-0.099,0.82
39,"dotnumber","mediumSC","hard",0.334,1,0,-99,-0.099,0.82
39,"dotnumber","mediumSC","hard",0.401,1,1,-99,-0.099,0.82
39,"dotnumber","mediumSC","hard",0.368,1,1,-99,-0.099,0.82
39,"dotnumber","mediumSC","average",0.417,1,1,-99,-0.099,0.82
39,"dotnumber","mediumSC","average",0.401,1,1,-99,-0.099,0.82
40,"dotcolour","highSC","average",1.485,1,1,-99,-0.099,0.86
40,"dotcolour","highSC","easy",0.601,1,1,-99,-0.099,0.86
40,"dotcolour","highSC","easy",0.435,-1,1,-99,-0.099,0.86
40,"dotcolour","highSC","easy",0.503,-1,1,-99,-0.099,0.86
40,"dotcolour","highSC","easy",0.385,1,1,-99,-0.099,0.86
40,"dotcolour","highSC","hard",0.468,-1,1,-99,-0.099,0.86
40,"dotcolour","highSC","hard",0.769,-1,1,-99,-0.099,0.86
40,"dotcolour","highSC","easy",0.384,1,1,-99,-0.099,0.86
40,"dotcolour","highSC","average",0.518,1,1,-99,-0.099,0.86
40,"dotcolour","highSC","hard",0.451,-1,0,-99,-0.099,0.86
40,"dotcolour","highSC","hard",0.534,-1,0,-99,-0.099,0.86
40,"dotcolour","highSC","average",0.668,-1,1,-99,-0.099,0.86
40,"dotcolour","highSC","hard",0.635,1,1,-99,-0.099,0.86
40,"dotcolour","highSC","hard",0.735,-1,1,-99,-0.099,0.86
40,"dotcolour","highSC","easy",0.369,1,1,-99,-0.099,0.86
40,"dotcolour","highSC","easy",0.417,-1,1,-99,-0.099,0.86
40,"dotcolour","highSC","average",0.385,-1,1,-99,-0.099,0.86
40,"dotcolour","highSC","hard",0.519,-1,1,-99,-0.099,0.86
40,"dotcolour","highSC","easy",0.451,-1,1,-99,-0.099,0.86
40,"dotcolour","highSC","hard",0.384,1,1,-99,-0.099,0.86
40,"dotcolour","highSC","hard",0.417,-1,1,-99,-0.099,0.86
40,"dotcolour","highSC","average",0.335,1,1,-99,-0.099,0.86
40,"dotcolour","highSC","average",0.418,-1,0,-99,-0.099,0.86
40,"dotcolour","highSC","hard",0.453,-1,0,-99,-0.099,0.86
40,"dotcolour","highSC","easy",0.385,1,1,-99,-0.099,0.83
40,"dotcolour","highSC","average",0.467,-1,1,-99,-0.099,0.83
40,"dotcolour","highSC","average",0.585,1,1,-99,-0.099,0.83
40,"dotcolour","highSC","average",0.536,1,1,-99,-0.099,0.83
40,"dotcolour","highSC","easy",0.501,1,1,-99,-0.099,0.83
40,"dotcolour","highSC","hard",0.601,1,1,-99,-0.099,0.83
40,"dotcolour","highSC","hard",0.635,-1,1,-99,-0.099,0.83
40,"dotcolour","highSC","hard",0.62,-1,0,-99,-0.099,0.83
40,"dotcolour","highSC","easy",0.501,-1,1,-99,-0.099,0.83
40,"dotcolour","highSC","average",0.669,1,1,-99,-0.099,0.83
40,"dotcolour","highSC","easy",0.435,-1,1,-99,-0.099,0.83
40,"dotcolour","highSC","easy",0.385,1,1,-99,-0.099,0.83
40,"dotcolour","highSC","hard",0.485,1,1,-99,-0.099,0.83
40,"dotcolour","highSC","average",0.401,-1,1,-99,-0.099,0.83
40,"dotcolour","highSC","average",0.367,1,1,-99,-0.099,0.83
40,"dotcolour","highSC","average",0.402,-1,1,-99,-0.099,0.83
40,"dotcolour","highSC","easy",0.535,-1,1,-99,-0.099,0.83
40,"dotcolour","highSC","average",0.535,-1,1,-99,-0.099,0.83
40,"dotcolour","highSC","hard",0.45,1,1,-99,-0.099,0.83
40,"dotcolour","highSC","hard",0.502,-1,0,-99,-0.099,0.83
40,"dotcolour","highSC","average",0.485,-1,1,-99,-0.099,0.83
40,"dotcolour","highSC","average",0.368,1,1,-99,-0.099,0.83
40,"dotcolour","highSC","hard",0.836,-1,0,-99,-0.099,0.83
40,"dotcolour","highSC","hard",0.718,-1,1,-99,-0.099,0.83
40,"dotcolour","highSC","average",0.618,-1,1,-99,-0.099,0.95
40,"dotcolour","highSC","average",0.384,1,1,-99,-0.099,0.95
40,"dotcolour","highSC","average",0.402,1,1,-99,-0.099,0.95
40,"dotcolour","highSC","average",0.501,-1,0,-99,-0.099,0.95
40,"dotcolour","highSC","hard",0.568,1,0,-99,-0.099,0.95
40,"dotcolour","highSC","easy",0.518,-1,1,-99,-0.099,0.95
40,"dotcolour","highSC","average",0.601,-1,1,-99,-0.099,0.95
40,"dotcolour","highSC","hard",0.451,1,1,-99,-0.099,0.95
40,"dotcolour","highSC","hard",0.568,1,0,-99,-0.099,0.95
40,"dotcolour","highSC","hard",0.468,-1,1,-99,-0.099,0.95
40,"dotcolour","highSC","hard",0.634,1,1,-99,-0.099,0.95
40,"dotcolour","highSC","average",0.552,1,1,-99,-0.099,0.95
40,"dotcolour","highSC","hard",0.502,1,1,-99,-0.099,0.95
40,"dotcolour","highSC","easy",0.419,-1,1,-99,-0.099,0.95
40,"dotcolour","highSC","easy",0.451,-1,1,-99,-0.099,0.95
40,"dotcolour","highSC","average",0.468,1,1,-99,-0.099,0.95
40,"dotcolour","highSC","easy",0.435,1,1,-99,-0.099,0.95
40,"dotcolour","highSC","hard",0.384,1,1,-99,-0.099,0.95
40,"dotcolour","highSC","easy",0.434,-1,1,-99,-0.099,0.95
40,"dotcolour","highSC","hard",0.435,1,1,-99,-0.099,0.95
40,"dotcolour","highSC","easy",0.685,-1,1,-99,-0.099,0.95
40,"dotcolour","highSC","easy",0.335,1,1,-99,-0.099,0.95
40,"dotcolour","highSC","average",0.452,1,1,-99,-0.099,0.95
40,"dotcolour","highSC","average",0.418,-1,1,-99,-0.099,0.95
40,"dotcolour","highSC","easy",0.352,1,1,-99,-0.099,0.95
40,"dotcolour","highSC","hard",0.451,1,1,-99,-0.099,0.95
40,"dotcolour","highSC","easy",0.401,-1,1,-99,-0.099,0.95
40,"dotcolour","highSC","average",0.435,1,1,-99,-0.099,0.95
40,"dotcolour","highSC","easy",0.452,1,0,-99,-0.099,0.95
40,"dotcolour","highSC","average",0.402,1,1,-99,-0.099,0.95
40,"dotcolour","highSC","easy",0.485,-1,0,-99,-0.099,0.95
40,"dotcolour","highSC","hard",0.452,1,1,-99,-0.099,0.95
40,"dotcolour","highSC","hard",0.568,1,0,-99,-0.099,0.95
40,"dotcolour","highSC","average",0.484,1,1,-99,-0.099,0.95
40,"dotcolour","highSC","easy",0.501,-1,1,-99,-0.099,0.95
40,"dotcolour","highSC","easy",0.368,1,1,-99,-0.099,0.95
40,"dotcolour","highSC","average",0.701,-1,1,-99,-0.099,0.95
40,"dotcolour","highSC","hard",0.451,1,1,-99,-0.099,0.95
40,"dotcolour","highSC","hard",0.452,1,0,-99,-0.099,0.95
40,"dotcolour","highSC","average",0.5,-1,1,-99,-0.099,0.95
40,"dotcolour","highSC","hard",0.419,1,0,-99,-0.099,0.95
40,"dotcolour","highSC","average",0.585,-1,1,-99,-0.099,0.95
40,"dotcolour","highSC","easy",0.52,-1,1,-99,-0.099,0.95
40,"dotcolour","highSC","easy",0.435,-1,1,-99,-0.099,0.95
40,"dotcolour","highSC","average",0.419,1,1,-99,-0.099,0.95
40,"dotcolour","highSC","hard",0.519,-1,1,-99,-0.099,0.95
40,"dotcolour","highSC","average",0.568,-1,1,-99,-0.099,0.95
40,"dotcolour","highSC","hard",0.602,-1,1,-99,-0.099,0.95
40,"dotcolour","highSC","hard",0.635,-1,1,-99,-0.099,0.92
40,"dotcolour","highSC","hard",0.818,-1,1,-99,-0.099,0.92
40,"dotcolour","highSC","average",0.417,1,1,-99,-0.099,0.92
40,"dotcolour","highSC","hard",0.603,1,1,-99,-0.099,0.92
40,"dotcolour","highSC","easy",0.601,1,1,-99,-0.099,0.92
40,"dotcolour","highSC","hard",0.702,1,1,-99,-0.099,0.92
40,"dotcolour","highSC","average",0.468,1,1,-99,-0.099,0.92
40,"dotcolour","highSC","average",0.469,-1,1,-99,-0.099,0.92
40,"dotcolour","highSC","easy",0.368,1,1,-99,-0.099,0.92
40,"dotcolour","highSC","hard",0.418,1,1,-99,-0.099,0.92
40,"dotcolour","highSC","average",0.468,-1,1,-99,-0.099,0.92
40,"dotcolour","highSC","easy",0.384,1,1,-99,-0.099,0.92
40,"dotcolour","highSC","hard",0.601,1,0,-99,-0.099,0.92
40,"dotcolour","highSC","hard",0.419,1,1,-99,-0.099,0.92
40,"dotcolour","highSC","easy",0.368,-1,1,-99,-0.099,0.92
40,"dotcolour","highSC","hard",0.335,1,0,-99,-0.099,0.92
40,"dotcolour","highSC","average",0.619,-1,1,-99,-0.099,0.92
40,"dotcolour","highSC","average",0.518,1,1,-99,-0.099,0.92
40,"dotcolour","highSC","easy",0.452,-1,1,-99,-0.099,0.92
40,"dotcolour","highSC","average",0.518,1,1,-99,-0.099,0.92
40,"dotcolour","highSC","hard",0.568,1,1,-99,-0.099,0.92
40,"dotcolour","highSC","easy",0.518,-1,1,-99,-0.099,0.92
40,"dotcolour","highSC","hard",0.351,1,0,-99,-0.099,0.92
40,"dotcolour","highSC","average",0.451,-1,1,-99,-0.099,0.92
40,"dotnumber","mediumSC","easy",0.417,1,1,-99,-0.099,0.74
40,"dotnumber","mediumSC","average",0.451,-1,1,-99,-0.099,0.74
40,"dotnumber","mediumSC","easy",0.402,-1,1,-99,-0.099,0.74
40,"dotnumber","mediumSC","easy",0.719,1,0,-99,-0.099,0.74
40,"dotnumber","mediumSC","average",0.519,-1,1,-99,-0.099,0.74
40,"dotnumber","mediumSC","average",0.402,1,1,-99,-0.099,0.74
40,"dotnumber","mediumSC","easy",0.402,1,1,-99,-0.099,0.74
40,"dotnumber","mediumSC","hard",0.585,-1,0,-99,-0.099,0.74
40,"dotnumber","mediumSC","easy",0.402,1,1,-99,-0.099,0.74
40,"dotnumber","mediumSC","easy",0.619,-1,1,-99,-0.099,0.74
40,"dotnumber","mediumSC","hard",0.418,1,1,-99,-0.099,0.74
40,"dotnumber","mediumSC","average",0.418,1,1,-99,-0.099,0.74
40,"dotnumber","mediumSC","average",0.468,-1,1,-99,-0.099,0.74
40,"dotnumber","mediumSC","easy",0.335,1,1,-99,-0.099,0.74
40,"dotnumber","mediumSC","hard",0.368,1,0,-99,-0.099,0.74
40,"dotnumber","mediumSC","hard",0.384,1,0,-99,-0.099,0.74
40,"dotnumber","mediumSC","average",0.468,-1,1,-99,-0.099,0.74
40,"dotnumber","mediumSC","easy",0.351,1,1,-99,-0.099,0.74
40,"dotnumber","mediumSC","average",0.385,1,1,-99,-0.099,0.74
40,"dotnumber","mediumSC","average",0.351,-1,1,-99,-0.099,0.74
40,"dotnumber","mediumSC","easy",0.335,1,0,-99,-0.099,0.74
40,"dotnumber","mediumSC","average",0.435,1,1,-99,-0.099,0.74
40,"dotnumber","mediumSC","hard",0.684,-1,1,-99,-0.099,0.74
40,"dotnumber","mediumSC","hard",0.434,-1,0,-99,-0.099,0.74
40,"dotnumber","mediumSC","easy",0.319,1,1,-99,-0.099,0.75
40,"dotnumber","mediumSC","hard",0.451,-1,0,-99,-0.099,0.75
40,"dotnumber","mediumSC","hard",0.4,1,1,-99,-0.099,0.75
40,"dotnumber","mediumSC","hard",0.585,-1,1,-99,-0.099,0.75
40,"dotnumber","mediumSC","easy",0.618,-1,1,-99,-0.099,0.75
40,"dotnumber","mediumSC","easy",0.485,1,0,-99,-0.099,0.75
40,"dotnumber","mediumSC","easy",0.568,1,1,-99,-0.099,0.75
40,"dotnumber","mediumSC","hard",0.519,-1,1,-99,-0.099,0.75
40,"dotnumber","mediumSC","easy",0.419,1,1,-99,-0.099,0.75
40,"dotnumber","mediumSC","hard",0.518,1,1,-99,-0.099,0.75
40,"dotnumber","mediumSC","hard",0.434,-1,1,-99,-0.099,0.75
40,"dotnumber","mediumSC","average",0.368,1,0,-99,-0.099,0.75
40,"dotnumber","mediumSC","hard",0.469,-1,1,-99,-0.099,0.75
40,"dotnumber","mediumSC","average",0.385,1,1,-99,-0.099,0.75
40,"dotnumber","mediumSC","hard",0.385,1,0,-99,-0.099,0.75
40,"dotnumber","mediumSC","hard",0.351,1,1,-99,-0.099,0.75
40,"dotnumber","mediumSC","average",0.368,1,1,-99,-0.099,0.75
40,"dotnumber","mediumSC","hard",0.335,1,1,-99,-0.099,0.75
40,"dotnumber","mediumSC","hard",0.601,-1,1,-99,-0.099,0.75
40,"dotnumber","mediumSC","average",0.551,-1,1,-99,-0.099,0.75
40,"dotnumber","mediumSC","average",0.319,1,0,-99,-0.099,0.75
40,"dotnumber","mediumSC","easy",0.385,1,1,-99,-0.099,0.75
40,"dotnumber","mediumSC","average",0.384,1,1,-99,-0.099,0.75
40,"dotnumber","mediumSC","hard",0.385,1,0,-99,-0.099,0.75
40,"dotnumber","mediumSC","easy",0.536,-1,1,-99,-0.099,0.79
40,"dotnumber","mediumSC","average",0.383,1,0,-99,-0.099,0.79
40,"dotnumber","mediumSC","easy",0.419,1,1,-99,-0.099,0.79
40,"dotnumber","mediumSC","easy",0.436,-1,1,-99,-0.099,0.79
40,"dotnumber","mediumSC","easy",0.536,-1,1,-99,-0.099,0.79
40,"dotnumber","mediumSC","hard",0.352,1,1,-99,-0.099,0.79
40,"dotnumber","mediumSC","average",0.435,1,1,-99,-0.099,0.79
40,"dotnumber","mediumSC","average",0.335,1,1,-99,-0.099,0.79
40,"dotnumber","mediumSC","easy",0.335,1,1,-99,-0.099,0.79
40,"dotnumber","mediumSC","hard",0.835,1,0,-99,-0.099,0.79
40,"dotnumber","mediumSC","easy",0.451,1,1,-99,-0.099,0.79
40,"dotnumber","mediumSC","easy",0.401,1,1,-99,-0.099,0.79
40,"dotnumber","mediumSC","average",0.418,-1,1,-99,-0.099,0.79
40,"dotnumber","mediumSC","easy",0.335,1,0,-99,-0.099,0.79
40,"dotnumber","mediumSC","average",0.452,1,0,-99,-0.099,0.79
40,"dotnumber","mediumSC","hard",0.534,-1,1,-99,-0.099,0.79
40,"dotnumber","mediumSC","easy",0.368,1,1,-99,-0.099,0.79
40,"dotnumber","mediumSC","hard",0.385,1,0,-99,-0.099,0.79
40,"dotnumber","mediumSC","hard",0.634,-1,1,-99,-0.099,0.79
40,"dotnumber","mediumSC","average",0.602,1,0,-99,-0.099,0.79
40,"dotnumber","mediumSC","easy",0.418,1,1,-99,-0.099,0.79
40,"dotnumber","mediumSC","easy",0.334,1,1,-99,-0.099,0.79
40,"dotnumber","mediumSC","average",0.368,1,1,-99,-0.099,0.79
40,"dotnumber","mediumSC","average",0.618,-1,1,-99,-0.099,0.79
40,"dotnumber","mediumSC","easy",0.351,1,0,-99,-0.099,0.74
40,"dotnumber","mediumSC","average",0.484,-1,1,-99,-0.099,0.74
40,"dotnumber","mediumSC","hard",0.535,1,1,-99,-0.099,0.74
40,"dotnumber","mediumSC","average",0.535,-1,1,-99,-0.099,0.74
40,"dotnumber","mediumSC","easy",0.401,1,1,-99,-0.099,0.74
40,"dotnumber","mediumSC","easy",0.385,1,1,-99,-0.099,0.74
40,"dotnumber","mediumSC","average",0.469,1,1,-99,-0.099,0.74
40,"dotnumber","mediumSC","easy",0.435,1,1,-99,-0.099,0.74
40,"dotnumber","mediumSC","average",0.368,1,1,-99,-0.099,0.74
40,"dotnumber","mediumSC","average",0.468,-1,1,-99,-0.099,0.74
40,"dotnumber","mediumSC","hard",0.402,1,0,-99,-0.099,0.74
40,"dotnumber","mediumSC","easy",0.451,1,1,-99,-0.099,0.74
40,"dotnumber","mediumSC","average",0.618,1,1,-99,-0.099,0.74
40,"dotnumber","mediumSC","hard",0.718,1,1,-99,-0.099,0.74
40,"dotnumber","mediumSC","easy",0.435,1,1,-99,-0.099,0.74
40,"dotnumber","mediumSC","hard",0.668,-1,1,-99,-0.099,0.74
40,"dotnumber","mediumSC","average",0.402,1,1,-99,-0.099,0.74
40,"dotnumber","mediumSC","hard",0.669,-1,1,-99,-0.099,0.74
40,"dotnumber","mediumSC","easy",0.502,-1,1,-99,-0.099,0.74
40,"dotnumber","mediumSC","average",0.501,1,1,-99,-0.099,0.74
40,"dotnumber","mediumSC","hard",0.469,-1,1,-99,-0.099,0.74
40,"dotnumber","mediumSC","hard",0.636,-1,1,-99,-0.099,0.74
40,"dotnumber","mediumSC","average",0.469,1,1,-99,-0.099,0.74
40,"dotnumber","mediumSC","easy",0.419,1,1,-99,-0.099,0.74
40,"dotnumber","mediumSC","hard",0.484,-1,1,-99,-0.099,0.73
40,"dotnumber","mediumSC","easy",0.585,-1,1,-99,-0.099,0.73
40,"dotnumber","mediumSC","average",0.368,1,1,-99,-0.099,0.73
40,"dotnumber","mediumSC","easy",0.451,-1,1,-99,-0.099,0.73
40,"dotnumber","mediumSC","easy",0.419,1,1,-99,-0.099,0.73
40,"dotnumber","mediumSC","hard",0.701,1,0,-99,-0.099,0.73
40,"dotnumber","mediumSC","average",0.418,1,1,-99,-0.099,0.73
40,"dotnumber","mediumSC","hard",0.585,-1,1,-99,-0.099,0.73
40,"dotnumber","mediumSC","average",0.385,1,1,-99,-0.099,0.73
40,"dotnumber","mediumSC","easy",0.401,1,1,-99,-0.099,0.73
40,"dotnumber","mediumSC","easy",0.551,-1,1,-99,-0.099,0.73
40,"dotnumber","mediumSC","hard",0.452,1,1,-99,-0.099,0.73
40,"dotnumber","mediumSC","easy",0.419,-1,1,-99,-0.099,0.73
40,"dotnumber","mediumSC","average",0.402,1,1,-99,-0.099,0.73
40,"dotnumber","mediumSC","easy",0.351,1,1,-99,-0.099,0.73
40,"dotnumber","mediumSC","average",0.418,1,1,-99,-0.099,0.73
40,"dotnumber","mediumSC","easy",0.368,1,1,-99,-0.099,0.73
40,"dotnumber","mediumSC","hard",0.568,1,0,-99,-0.099,0.73
40,"dotnumber","mediumSC","easy",0.352,-1,1,-99,-0.099,0.73
40,"dotnumber","mediumSC","easy",0.401,-1,1,-99,-0.099,0.73
40,"dotnumber","mediumSC","hard",0.334,1,1,-99,-0.099,0.73
40,"dotnumber","mediumSC","hard",0.434,1,0,-99,-0.099,0.73
40,"dotnumber","mediumSC","average",0.451,-1,1,-99,-0.099,0.73
40,"dotnumber","mediumSC","average",0.368,1,1,-99,-0.099,0.73
40,"xotask","lowSC","hard",1.703,1,0,-99,-0.099,0.68
40,"xotask","lowSC","easy",0.701,-1,1,-99,-0.099,0.68
40,"xotask","lowSC","average",0.801,1,1,-99,-0.099,0.68
40,"xotask","lowSC","hard",0.535,-1,1,-99,-0.099,0.68
40,"xotask","lowSC","hard",0.502,-1,1,-99,-0.099,0.68
40,"xotask","lowSC","average",0.635,-1,1,-99,-0.099,0.68
40,"xotask","lowSC","average",0.452,1,1,-99,-0.099,0.68
40,"xotask","lowSC","average",0.752,1,1,-99,-0.099,0.68
40,"xotask","lowSC","easy",0.552,-1,1,-99,-0.099,0.68
40,"xotask","lowSC","easy",0.501,-1,1,-99,-0.099,0.68
40,"xotask","lowSC","average",0.485,-1,0,-99,-0.099,0.68
40,"xotask","lowSC","average",0.552,-1,1,-99,-0.099,0.68
40,"xotask","lowSC","average",0.802,-1,0,-99,-0.099,0.68
40,"xotask","lowSC","easy",0.519,-1,1,-99,-0.099,0.68
40,"xotask","lowSC","easy",0.434,-1,1,-99,-0.099,0.68
40,"xotask","lowSC","average",0.418,-1,1,-99,-0.099,0.68
40,"xotask","lowSC","easy",0.351,1,1,-99,-0.099,0.68
40,"xotask","lowSC","easy",0.401,1,1,-99,-0.099,0.68
40,"xotask","lowSC","hard",0.435,1,0,-99,-0.099,0.68
40,"xotask","lowSC","average",0.685,-1,0,-99,-0.099,0.68
40,"xotask","lowSC","easy",0.468,-1,1,-99,-0.099,0.68
40,"xotask","lowSC","hard",0.401,-1,1,-99,-0.099,0.68
40,"xotask","lowSC","hard",0.451,-1,0,-99,-0.099,0.68
40,"xotask","lowSC","easy",0.535,-1,0,-99,-0.099,0.68
40,"xotask","lowSC","average",0.518,1,1,-99,-0.099,0.59
40,"xotask","lowSC","average",0.45,-1,1,-99,-0.099,0.59
40,"xotask","lowSC","hard",0.434,-1,1,-99,-0.099,0.59
40,"xotask","lowSC","hard",0.452,-1,0,-99,-0.099,0.59
40,"xotask","lowSC","average",0.402,-1,0,-99,-0.099,0.59
40,"xotask","lowSC","hard",0.484,1,1,-99,-0.099,0.59
40,"xotask","lowSC","average",0.501,-1,0,-99,-0.099,0.59
40,"xotask","lowSC","easy",0.502,-1,0,-99,-0.099,0.59
40,"xotask","lowSC","average",0.617,1,1,-99,-0.099,0.59
40,"xotask","lowSC","easy",0.835,1,1,-99,-0.099,0.59
40,"xotask","lowSC","easy",0.434,-1,1,-99,-0.099,0.59
40,"xotask","lowSC","easy",0.419,-1,0,-99,-0.099,0.59
40,"xotask","lowSC","easy",0.585,-1,1,-99,-0.099,0.59
40,"xotask","lowSC","average",0.418,-1,1,-99,-0.099,0.59
40,"xotask","lowSC","hard",0.335,1,1,-99,-0.099,0.59
40,"xotask","lowSC","average",0.502,1,0,-99,-0.099,0.59
40,"xotask","lowSC","hard",0.552,1,1,-99,-0.099,0.59
40,"xotask","lowSC","hard",0.518,-1,1,-99,-0.099,0.59
40,"xotask","lowSC","hard",0.669,-1,1,-99,-0.099,0.59
40,"xotask","lowSC","easy",0.701,-1,1,-99,-0.099,0.59
40,"xotask","lowSC","easy",0.453,1,1,-99,-0.099,0.59
40,"xotask","lowSC","average",0.435,-1,1,-99,-0.099,0.59
40,"xotask","lowSC","easy",0.519,-1,1,-99,-0.099,0.59
40,"xotask","lowSC","hard",0.401,-1,0,-99,-0.099,0.59
40,"xotask","lowSC","average",0.769,-1,1,-99,-0.099,0.59
40,"xotask","lowSC","average",0.568,-1,1,-99,-0.099,0.59
40,"xotask","lowSC","hard",0.517,-1,1,-99,-0.099,0.59
40,"xotask","lowSC","easy",0.568,-1,1,-99,-0.099,0.59
40,"xotask","lowSC","hard",0.434,1,0,-99,-0.099,0.59
40,"xotask","lowSC","easy",0.535,1,1,-99,-0.099,0.59
40,"xotask","lowSC","easy",0.469,1,1,-99,-0.099,0.59
40,"xotask","lowSC","average",0.402,1,1,-99,-0.099,0.59
40,"xotask","lowSC","easy",0.417,-1,1,-99,-0.099,0.59
40,"xotask","lowSC","easy",0.469,-1,1,-99,-0.099,0.59
40,"xotask","lowSC","average",0.418,1,1,-99,-0.099,0.59
40,"xotask","lowSC","average",0.701,-1,0,-99,-0.099,0.59
40,"xotask","lowSC","easy",0.569,-1,1,-99,-0.099,0.59
40,"xotask","lowSC","hard",0.518,-1,1,-99,-0.099,0.59
40,"xotask","lowSC","easy",0.385,1,1,-99,-0.099,0.59
40,"xotask","lowSC","hard",0.552,-1,1,-99,-0.099,0.59
40,"xotask","lowSC","hard",0.435,1,1,-99,-0.099,0.59
40,"xotask","lowSC","hard",0.502,1,1,-99,-0.099,0.59
40,"xotask","lowSC","average",0.703,1,1,-99,-0.099,0.59
40,"xotask","lowSC","hard",0.585,-1,1,-99,-0.099,0.59
40,"xotask","lowSC","average",0.585,-1,1,-99,-0.099,0.59
40,"xotask","lowSC","average",0.486,-1,1,-99,-0.099,0.59
40,"xotask","lowSC","average",0.435,1,1,-99,-0.099,0.59
40,"xotask","lowSC","easy",0.768,-1,1,-99,-0.099,0.59
40,"xotask","lowSC","easy",0.452,1,1,-99,-0.099,0.53
40,"xotask","lowSC","hard",0.735,-1,1,-99,-0.099,0.53
40,"xotask","lowSC","easy",0.501,-1,0,-99,-0.099,0.53
40,"xotask","lowSC","average",0.519,-1,1,-99,-0.099,0.53
40,"xotask","lowSC","average",0.501,-1,1,-99,-0.099,0.53
40,"xotask","lowSC","average",0.451,1,1,-99,-0.099,0.53
40,"xotask","lowSC","easy",0.384,-1,1,-99,-0.099,0.53
40,"xotask","lowSC","average",0.635,1,1,-99,-0.099,0.53
40,"xotask","lowSC","hard",0.435,-1,0,-99,-0.099,0.53
40,"xotask","lowSC","average",0.467,-1,1,-99,-0.099,0.53
40,"xotask","lowSC","average",0.601,1,1,-99,-0.099,0.53
40,"xotask","lowSC","easy",0.419,-1,0,-99,-0.099,0.53
40,"xotask","lowSC","hard",0.568,-1,1,-99,-0.099,0.53
40,"xotask","lowSC","easy",0.469,-1,1,-99,-0.099,0.53
40,"xotask","lowSC","hard",0.435,1,1,-99,-0.099,0.53
40,"xotask","lowSC","easy",0.468,-1,1,-99,-0.099,0.53
40,"xotask","lowSC","hard",0.485,-1,0,-99,-0.099,0.53
40,"xotask","lowSC","average",0.367,1,1,-99,-0.099,0.53
40,"xotask","lowSC","average",0.401,-1,0,-99,-0.099,0.53
40,"xotask","lowSC","average",0.535,1,1,-99,-0.099,0.53
40,"xotask","lowSC","hard",0.436,-1,0,-99,-0.099,0.53
40,"xotask","lowSC","easy",0.518,-1,1,-99,-0.099,0.53
40,"xotask","lowSC","hard",0.601,-1,0,-99,-0.099,0.53
40,"xotask","lowSC","easy",0.368,1,1,-99,-0.099,0.53
40,"xotask","lowSC","average",0.751,-1,0,-99,-0.099,0.59
40,"xotask","lowSC","average",0.468,1,1,-99,-0.099,0.59
40,"xotask","lowSC","average",0.402,-1,1,-99,-0.099,0.59
40,"xotask","lowSC","easy",0.518,-1,1,-99,-0.099,0.59
40,"xotask","lowSC","average",0.484,-1,1,-99,-0.099,0.59
40,"xotask","lowSC","hard",0.452,1,0,-99,-0.099,0.59
40,"xotask","lowSC","easy",0.635,1,1,-99,-0.099,0.59
40,"xotask","lowSC","average",0.485,-1,1,-99,-0.099,0.59
40,"xotask","lowSC","easy",0.652,1,1,-99,-0.099,0.59
40,"xotask","lowSC","hard",0.551,-1,1,-99,-0.099,0.59
40,"xotask","lowSC","easy",0.485,-1,1,-99,-0.099,0.59
40,"xotask","lowSC","easy",0.585,-1,1,-99,-0.099,0.59
40,"xotask","lowSC","hard",0.701,1,1,-99,-0.099,0.59
40,"xotask","lowSC","average",0.469,-1,1,-99,-0.099,0.59
40,"xotask","lowSC","easy",0.484,1,1,-99,-0.099,0.59
40,"xotask","lowSC","easy",0.402,1,1,-99,-0.099,0.59
40,"xotask","lowSC","average",0.785,-1,1,-99,-0.099,0.59
40,"xotask","lowSC","hard",0.736,1,1,-99,-0.099,0.59
40,"xotask","lowSC","average",0.517,1,1,-99,-0.099,0.59
40,"xotask","lowSC","hard",0.602,1,1,-99,-0.099,0.59
40,"xotask","lowSC","hard",0.585,1,1,-99,-0.099,0.59
40,"xotask","lowSC","easy",0.502,1,1,-99,-0.099,0.59
40,"xotask","lowSC","average",0.518,1,1,-99,-0.099,0.59
40,"xotask","lowSC","hard",0.485,1,0,-99,-0.099,0.59
41,"dotnumber","mediumSC","hard",4.706,1,1,-99,-0.099,0.77
41,"dotnumber","mediumSC","hard",2.203,1,1,-99,-0.099,0.77
41,"dotnumber","mediumSC","easy",0.952,1,1,-99,-0.099,0.77
41,"dotnumber","mediumSC","easy",1.068,-1,0,-99,-0.099,0.77
41,"dotnumber","mediumSC","hard",1.186,-1,1,-99,-0.099,0.77
41,"dotnumber","mediumSC","hard",1.786,1,0,-99,-0.099,0.77
41,"dotnumber","mediumSC","average",0.718,-1,0,-99,-0.099,0.77
41,"dotnumber","mediumSC","average",1.002,-1,1,-99,-0.099,0.77
41,"dotnumber","mediumSC","easy",1.37,1,0,-99,-0.099,0.77
41,"dotnumber","mediumSC","average",1.735,1,1,-99,-0.099,0.77
41,"dotnumber","mediumSC","hard",1.068,-1,0,-99,-0.099,0.77
41,"dotnumber","mediumSC","average",0.852,-1,1,-99,-0.099,0.77
41,"dotnumber","mediumSC","average",2.936,1,1,-99,-0.099,0.77
41,"dotnumber","mediumSC","hard",1.452,-1,1,-99,-0.099,0.77
41,"dotnumber","mediumSC","average",1.085,1,0,-99,-0.099,0.77
41,"dotnumber","mediumSC","average",1.136,-1,1,-99,-0.099,0.77
41,"dotnumber","mediumSC","hard",1.236,1,1,-99,-0.099,0.77
41,"dotnumber","mediumSC","average",1.085,-1,0,-99,-0.099,0.77
41,"dotnumber","mediumSC","hard",0.868,1,1,-99,-0.099,0.77
41,"dotnumber","mediumSC","average",0.752,1,1,-99,-0.099,0.77
41,"dotnumber","mediumSC","hard",1.052,-1,0,-99,-0.099,0.77
41,"dotnumber","mediumSC","average",0.868,-1,1,-99,-0.099,0.77
41,"dotnumber","mediumSC","easy",0.818,-1,1,-99,-0.099,0.77
41,"dotnumber","mediumSC","hard",0.884,1,0,-99,-0.099,0.77
41,"dotnumber","mediumSC","easy",0.986,1,1,-99,-0.099,0.78
41,"dotnumber","mediumSC","hard",0.769,-1,0,-99,-0.099,0.78
41,"dotnumber","mediumSC","easy",0.687,1,1,-99,-0.099,0.78
41,"dotnumber","mediumSC","hard",0.769,-1,1,-99,-0.099,0.78
41,"dotnumber","mediumSC","hard",1.169,1,0,-99,-0.099,0.78
41,"dotnumber","mediumSC","average",0.735,-1,0,-99,-0.099,0.78
41,"dotnumber","mediumSC","easy",0.835,1,1,-99,-0.099,0.78
41,"dotnumber","mediumSC","average",1.085,1,1,-99,-0.099,0.78
41,"dotnumber","mediumSC","easy",0.869,-1,0,-99,-0.099,0.78
41,"dotnumber","mediumSC","average",0.902,1,0,-99,-0.099,0.78
41,"dotnumber","mediumSC","hard",0.584,1,0,-99,-0.099,0.78
41,"dotnumber","mediumSC","average",0.935,-1,1,-99,-0.099,0.78
41,"dotnumber","mediumSC","hard",1.253,-1,0,-99,-0.099,0.78
41,"dotnumber","mediumSC","hard",0.602,1,0,-99,-0.099,0.78
41,"dotnumber","mediumSC","average",0.802,1,0,-99,-0.099,0.78
41,"dotnumber","mediumSC","easy",0.618,-1,1,-99,-0.099,0.78
41,"dotnumber","mediumSC","easy",0.902,-1,1,-99,-0.099,0.78
41,"dotnumber","mediumSC","average",0.752,-1,1,-99,-0.099,0.78
41,"dotnumber","mediumSC","average",0.718,1,1,-99,-0.099,0.78
41,"dotnumber","mediumSC","hard",1.201,1,0,-99,-0.099,0.78
41,"dotnumber","mediumSC","average",0.786,-1,0,-99,-0.099,0.78
41,"dotnumber","mediumSC","average",0.885,1,0,-99,-0.099,0.78
41,"dotnumber","mediumSC","average",1.019,-1,0,-99,-0.099,0.78
41,"dotnumber","mediumSC","easy",0.818,1,1,-99,-0.099,0.78
41,"dotnumber","mediumSC","average",0.702,1,0,-99,-0.099,0.76
41,"dotnumber","mediumSC","easy",1.702,-1,1,-99,-0.099,0.76
41,"dotnumber","mediumSC","average",0.818,-1,1,-99,-0.099,0.76
41,"dotnumber","mediumSC","average",0.7,1,1,-99,-0.099,0.76
41,"dotnumber","mediumSC","hard",0.869,1,1,-99,-0.099,0.76
41,"dotnumber","mediumSC","hard",0.702,-1,0,-99,-0.099,0.76
41,"dotnumber","mediumSC","easy",0.651,1,0,-99,-0.099,0.76
41,"dotnumber","mediumSC","hard",0.701,-1,0,-99,-0.099,0.76
41,"dotnumber","mediumSC","hard",0.751,1,0,-99,-0.099,0.76
41,"dotnumber","mediumSC","average",1.085,-1,1,-99,-0.099,0.76
41,"dotnumber","mediumSC","average",0.819,-1,1,-99,-0.099,0.76
41,"dotnumber","mediumSC","average",0.735,1,1,-99,-0.099,0.76
41,"dotnumber","mediumSC","hard",0.769,1,0,-99,-0.099,0.76
41,"dotnumber","mediumSC","average",0.585,-1,0,-99,-0.099,0.76
41,"dotnumber","mediumSC","hard",0.535,1,1,-99,-0.099,0.76
41,"dotnumber","mediumSC","easy",0.419,1,1,-99,-0.099,0.76
41,"dotnumber","mediumSC","hard",0.652,-1,0,-99,-0.099,0.76
41,"dotnumber","mediumSC","easy",0.601,1,0,-99,-0.099,0.76
41,"dotnumber","mediumSC","average",0.986,-1,1,-99,-0.099,0.76
41,"dotnumber","mediumSC","average",0.535,1,0,-99,-0.099,0.76
41,"dotnumber","mediumSC","average",0.819,-1,0,-99,-0.099,0.76
41,"dotnumber","mediumSC","hard",0.584,1,0,-99,-0.099,0.76
41,"dotnumber","mediumSC","easy",0.651,1,1,-99,-0.099,0.76
41,"dotnumber","mediumSC","hard",0.668,-1,1,-99,-0.099,0.76
41,"dotnumber","mediumSC","easy",0.769,1,1,-99,-0.099,0.8
41,"dotnumber","mediumSC","hard",1.153,1,1,-99,-0.099,0.8
41,"dotnumber","mediumSC","hard",0.568,-1,0,-99,-0.099,0.8
41,"dotnumber","mediumSC","hard",0.984,-1,1,-99,-0.099,0.8
41,"dotnumber","mediumSC","average",0.585,1,1,-99,-0.099,0.8
41,"dotnumber","mediumSC","average",0.585,-1,1,-99,-0.099,0.8
41,"dotnumber","mediumSC","hard",0.752,1,0,-99,-0.099,0.8
41,"dotnumber","mediumSC","hard",0.686,-1,1,-99,-0.099,0.8
41,"dotnumber","mediumSC","hard",0.852,-1,0,-99,-0.099,0.8
41,"dotnumber","mediumSC","hard",0.985,-1,0,-99,-0.099,0.8
41,"dotnumber","mediumSC","average",0.452,1,1,-99,-0.099,0.8
41,"dotnumber","mediumSC","average",1.27,-1,0,-99,-0.099,0.8
41,"dotnumber","mediumSC","easy",1.886,1,1,-99,-0.099,0.8
41,"dotnumber","mediumSC","easy",1.336,-1,1,-99,-0.099,0.8
41,"dotnumber","mediumSC","easy",0.853,-1,1,-99,-0.099,0.8
41,"dotnumber","mediumSC","hard",1.052,-1,1,-99,-0.099,0.8
41,"dotnumber","mediumSC","average",0.801,1,0,-99,-0.099,0.8
41,"dotnumber","mediumSC","hard",0.885,-1,0,-99,-0.099,0.8
41,"dotnumber","mediumSC","hard",0.818,-1,1,-99,-0.099,0.8
41,"dotnumber","mediumSC","easy",0.751,-1,1,-99,-0.099,0.8
41,"dotnumber","mediumSC","average",0.785,1,0,-99,-0.099,0.8
41,"dotnumber","mediumSC","easy",0.935,-1,1,-99,-0.099,0.8
41,"dotnumber","mediumSC","easy",0.751,1,1,-99,-0.099,0.8
41,"dotnumber","mediumSC","average",0.752,1,1,-99,-0.099,0.8
41,"dotnumber","mediumSC","hard",0.902,1,1,-99,-0.099,0.77
41,"dotnumber","mediumSC","average",1.253,-1,1,-99,-0.099,0.77
41,"dotnumber","mediumSC","easy",0.668,1,1,-99,-0.099,0.77
41,"dotnumber","mediumSC","hard",0.868,1,1,-99,-0.099,0.77
41,"dotnumber","mediumSC","hard",0.802,-1,1,-99,-0.099,0.77
41,"dotnumber","mediumSC","hard",0.819,1,0,-99,-0.099,0.77
41,"dotnumber","mediumSC","easy",0.719,-1,0,-99,-0.099,0.77
41,"dotnumber","mediumSC","hard",0.685,-1,0,-99,-0.099,0.77
41,"dotnumber","mediumSC","average",0.836,-1,1,-99,-0.099,0.77
41,"dotnumber","mediumSC","hard",0.702,1,1,-99,-0.099,0.77
41,"dotnumber","mediumSC","easy",0.736,1,0,-99,-0.099,0.77
41,"dotnumber","mediumSC","average",0.418,-1,1,-99,-0.099,0.77
41,"dotnumber","mediumSC","easy",1.252,-1,1,-99,-0.099,0.77
41,"dotnumber","mediumSC","hard",0.852,1,1,-99,-0.099,0.77
41,"dotnumber","mediumSC","easy",2.787,-1,1,-99,-0.099,0.77
41,"dotnumber","mediumSC","hard",0.602,1,1,-99,-0.099,0.77
41,"dotnumber","mediumSC","hard",0.702,-1,1,-99,-0.099,0.77
41,"dotnumber","mediumSC","easy",0.601,1,1,-99,-0.099,0.77
41,"dotnumber","mediumSC","hard",0.618,1,0,-99,-0.099,0.77
41,"dotnumber","mediumSC","easy",0.569,-1,1,-99,-0.099,0.77
41,"dotnumber","mediumSC","hard",0.635,1,0,-99,-0.099,0.77
41,"dotnumber","mediumSC","average",0.968,-1,1,-99,-0.099,0.77
41,"dotnumber","mediumSC","average",0.753,1,1,-99,-0.099,0.77
41,"dotnumber","mediumSC","average",0.718,-1,1,-99,-0.099,0.77
41,"xotask","lowSC","average",2.871,-1,1,-99,-0.099,0.68
41,"xotask","lowSC","average",0.685,1,1,-99,-0.099,0.68
41,"xotask","lowSC","average",0.918,-1,1,-99,-0.099,0.68
41,"xotask","lowSC","easy",0.718,-1,1,-99,-0.099,0.68
41,"xotask","lowSC","average",0.652,1,1,-99,-0.099,0.68
41,"xotask","lowSC","average",0.802,1,1,-99,-0.099,0.68
41,"xotask","lowSC","hard",0.836,-1,1,-99,-0.099,0.68
41,"xotask","lowSC","easy",0.668,1,1,-99,-0.099,0.68
41,"xotask","lowSC","average",0.985,1,1,-99,-0.099,0.68
41,"xotask","lowSC","average",0.802,1,1,-99,-0.099,0.68
41,"xotask","lowSC","average",0.769,-1,0,-99,-0.099,0.68
41,"xotask","lowSC","hard",0.786,1,1,-99,-0.099,0.68
41,"xotask","lowSC","average",1.303,1,1,-99,-0.099,0.68
41,"xotask","lowSC","easy",0.836,-1,1,-99,-0.099,0.68
41,"xotask","lowSC","easy",0.702,1,1,-99,-0.099,0.68
41,"xotask","lowSC","hard",1.003,-1,0,-99,-0.099,0.68
41,"xotask","lowSC","hard",0.919,1,0,-99,-0.099,0.68
41,"xotask","lowSC","hard",1.435,-1,1,-99,-0.099,0.68
41,"xotask","lowSC","hard",1.119,1,0,-99,-0.099,0.68
41,"xotask","lowSC","easy",0.619,1,1,-99,-0.099,0.68
41,"xotask","lowSC","easy",0.636,1,1,-99,-0.099,0.68
41,"xotask","lowSC","easy",0.753,1,1,-99,-0.099,0.68
41,"xotask","lowSC","hard",0.752,-1,0,-99,-0.099,0.68
41,"xotask","lowSC","easy",0.668,1,1,-99,-0.099,0.68
41,"xotask","lowSC","easy",0.669,1,1,-99,-0.099,0.61
41,"xotask","lowSC","average",0.768,1,1,-99,-0.099,0.61
41,"xotask","lowSC","average",0.769,-1,1,-99,-0.099,0.61
41,"xotask","lowSC","hard",1.001,1,1,-99,-0.099,0.61
41,"xotask","lowSC","easy",0.685,-1,1,-99,-0.099,0.61
41,"xotask","lowSC","hard",1.102,-1,1,-99,-0.099,0.61
41,"xotask","lowSC","easy",0.819,1,1,-99,-0.099,0.61
41,"xotask","lowSC","average",0.684,1,1,-99,-0.099,0.61
41,"xotask","lowSC","average",0.902,1,1,-99,-0.099,0.61
41,"xotask","lowSC","average",0.786,-1,1,-99,-0.099,0.61
41,"xotask","lowSC","easy",0.819,-1,1,-99,-0.099,0.61
41,"xotask","lowSC","average",0.685,1,1,-99,-0.099,0.61
41,"xotask","lowSC","average",0.867,-1,1,-99,-0.099,0.61
41,"xotask","lowSC","average",0.953,1,1,-99,-0.099,0.61
41,"xotask","lowSC","hard",0.952,1,1,-99,-0.099,0.61
41,"xotask","lowSC","average",1.185,-1,0,-99,-0.099,0.61
41,"xotask","lowSC","easy",0.635,1,1,-99,-0.099,0.61
41,"xotask","lowSC","easy",0.719,-1,1,-99,-0.099,0.61
41,"xotask","lowSC","easy",0.619,1,1,-99,-0.099,0.61
41,"xotask","lowSC","average",0.584,1,1,-99,-0.099,0.61
41,"xotask","lowSC","average",0.769,-1,1,-99,-0.099,0.61
41,"xotask","lowSC","hard",0.851,-1,1,-99,-0.099,0.61
41,"xotask","lowSC","hard",0.768,1,1,-99,-0.099,0.61
41,"xotask","lowSC","easy",0.735,-1,1,-99,-0.099,0.61
41,"xotask","lowSC","easy",0.719,1,1,-99,-0.099,0.62
41,"xotask","lowSC","average",0.719,-1,1,-99,-0.099,0.62
41,"xotask","lowSC","hard",0.935,1,0,-99,-0.099,0.62
41,"xotask","lowSC","easy",0.635,-1,1,-99,-0.099,0.62
41,"xotask","lowSC","easy",0.685,-1,1,-99,-0.099,0.62
41,"xotask","lowSC","average",0.669,1,1,-99,-0.099,0.62
41,"xotask","lowSC","hard",0.836,1,1,-99,-0.099,0.62
41,"xotask","lowSC","hard",0.752,-1,1,-99,-0.099,0.62
41,"xotask","lowSC","hard",0.668,1,0,-99,-0.099,0.62
41,"xotask","lowSC","easy",0.619,1,1,-99,-0.099,0.62
41,"xotask","lowSC","hard",0.752,-1,1,-99,-0.099,0.62
41,"xotask","lowSC","hard",0.636,-1,1,-99,-0.099,0.62
41,"xotask","lowSC","easy",2.171,-1,0,-99,-0.099,0.62
41,"xotask","lowSC","easy",1.071,1,1,-99,-0.099,0.62
41,"xotask","lowSC","hard",1.236,1,1,-99,-0.099,0.62
41,"xotask","lowSC","average",0.785,1,1,-99,-0.099,0.62
41,"xotask","lowSC","easy",0.684,-1,1,-99,-0.099,0.62
41,"xotask","lowSC","hard",0.717,-1,1,-99,-0.099,0.62
41,"xotask","lowSC","hard",0.819,1,1,-99,-0.099,0.62
41,"xotask","lowSC","hard",1.453,-1,1,-99,-0.099,0.62
41,"xotask","lowSC","easy",0.718,-1,1,-99,-0.099,0.62
41,"xotask","lowSC","easy",0.785,1,1,-99,-0.099,0.62
41,"xotask","lowSC","average",0.652,1,1,-99,-0.099,0.62
41,"xotask","lowSC","hard",0.751,-1,0,-99,-0.099,0.62
41,"xotask","lowSC","easy",0.635,1,1,-99,-0.099,0.62
41,"xotask","lowSC","hard",0.718,-1,1,-99,-0.099,0.62
41,"xotask","lowSC","easy",0.668,1,1,-99,-0.099,0.62
41,"xotask","lowSC","hard",0.803,-1,1,-99,-0.099,0.62
41,"xotask","lowSC","easy",0.852,-1,1,-99,-0.099,0.62
41,"xotask","lowSC","easy",0.669,1,1,-99,-0.099,0.62
41,"xotask","lowSC","average",0.635,1,1,-99,-0.099,0.62
41,"xotask","lowSC","hard",0.651,-1,1,-99,-0.099,0.62
41,"xotask","lowSC","average",1.687,1,0,-99,-0.099,0.62
41,"xotask","lowSC","average",0.903,1,1,-99,-0.099,0.62
41,"xotask","lowSC","hard",0.919,-1,0,-99,-0.099,0.62
41,"xotask","lowSC","average",0.685,1,1,-99,-0.099,0.62
41,"xotask","lowSC","easy",1.186,1,0,-99,-0.099,0.62
41,"xotask","lowSC","easy",0.819,1,1,-99,-0.099,0.62
41,"xotask","lowSC","easy",0.818,-1,1,-99,-0.099,0.62
41,"xotask","lowSC","hard",0.619,1,0,-99,-0.099,0.62
41,"xotask","lowSC","average",0.685,1,1,-99,-0.099,0.62
41,"xotask","lowSC","average",0.852,-1,0,-99,-0.099,0.62
41,"xotask","lowSC","average",0.768,-1,1,-99,-0.099,0.62
41,"xotask","lowSC","hard",1.002,-1,1,-99,-0.099,0.62
41,"xotask","lowSC","average",0.802,-1,1,-99,-0.099,0.62
41,"xotask","lowSC","hard",1.655,1,1,-99,-0.099,0.62
41,"xotask","lowSC","hard",0.668,-1,1,-99,-0.099,0.62
41,"xotask","lowSC","hard",0.835,-1,0,-99,-0.099,0.62
41,"xotask","lowSC","easy",0.619,1,1,-99,-0.099,0.56
41,"xotask","lowSC","easy",0.701,-1,1,-99,-0.099,0.56
41,"xotask","lowSC","easy",0.668,1,1,-99,-0.099,0.56
41,"xotask","lowSC","average",0.701,1,1,-99,-0.099,0.56
41,"xotask","lowSC","hard",0.734,-1,1,-99,-0.099,0.56
41,"xotask","lowSC","average",0.953,1,1,-99,-0.099,0.56
41,"xotask","lowSC","hard",0.735,1,1,-99,-0.099,0.56
41,"xotask","lowSC","hard",0.669,1,0,-99,-0.099,0.56
41,"xotask","lowSC","hard",0.785,1,1,-99,-0.099,0.56
41,"xotask","lowSC","easy",0.651,-1,1,-99,-0.099,0.56
41,"xotask","lowSC","average",1.153,1,0,-99,-0.099,0.56
41,"xotask","lowSC","average",0.736,-1,1,-99,-0.099,0.56
41,"xotask","lowSC","easy",0.736,-1,1,-99,-0.099,0.56
41,"xotask","lowSC","average",0.685,1,1,-99,-0.099,0.56
41,"xotask","lowSC","average",1.252,1,1,-99,-0.099,0.56
41,"xotask","lowSC","easy",0.903,-1,1,-99,-0.099,0.56
41,"xotask","lowSC","hard",0.851,1,0,-99,-0.099,0.56
41,"xotask","lowSC","easy",0.868,1,1,-99,-0.099,0.56
41,"xotask","lowSC","hard",0.968,-1,0,-99,-0.099,0.56
41,"xotask","lowSC","easy",0.702,1,1,-99,-0.099,0.56
41,"xotask","lowSC","hard",0.686,1,1,-99,-0.099,0.56
41,"xotask","lowSC","easy",0.668,-1,1,-99,-0.099,0.56
41,"xotask","lowSC","hard",2.387,1,1,-99,-0.099,0.56
41,"xotask","lowSC","easy",0.619,-1,1,-99,-0.099,0.56
41,"dotcolour","highSC","average",1.452,-1,1,-99,-0.099,0.97
41,"dotcolour","highSC","average",0.751,-1,1,-99,-0.099,0.97
41,"dotcolour","highSC","easy",0.502,1,1,-99,-0.099,0.97
41,"dotcolour","highSC","hard",0.618,-1,1,-99,-0.099,0.97
41,"dotcolour","highSC","average",0.802,1,1,-99,-0.099,0.97
41,"dotcolour","highSC","easy",0.601,-1,1,-99,-0.099,0.97
41,"dotcolour","highSC","average",0.585,1,1,-99,-0.099,0.97
41,"dotcolour","highSC","easy",0.552,1,1,-99,-0.099,0.97
41,"dotcolour","highSC","average",0.602,-1,1,-99,-0.099,0.97
41,"dotcolour","highSC","average",0.635,1,1,-99,-0.099,0.97
41,"dotcolour","highSC","hard",0.617,-1,1,-99,-0.099,0.97
41,"dotcolour","highSC","average",0.601,1,1,-99,-0.099,0.97
41,"dotcolour","highSC","easy",1.069,-1,1,-99,-0.099,0.97
41,"dotcolour","highSC","hard",0.685,-1,0,-99,-0.099,0.97
41,"dotcolour","highSC","hard",0.702,1,1,-99,-0.099,0.97
41,"dotcolour","highSC","average",0.519,1,1,-99,-0.099,0.97
41,"dotcolour","highSC","average",0.502,1,1,-99,-0.099,0.97
41,"dotcolour","highSC","hard",1.752,-1,0,-99,-0.099,0.97
41,"dotcolour","highSC","average",0.685,1,1,-99,-0.099,0.97
41,"dotcolour","highSC","easy",0.468,1,1,-99,-0.099,0.97
41,"dotcolour","highSC","easy",0.635,1,1,-99,-0.099,0.97
41,"dotcolour","highSC","average",0.535,1,1,-99,-0.099,0.97
41,"dotcolour","highSC","average",0.535,-1,1,-99,-0.099,0.97
41,"dotcolour","highSC","hard",1.169,-1,1,-99,-0.099,0.97
41,"dotcolour","highSC","easy",0.702,-1,1,-99,-0.099,0.83
41,"dotcolour","highSC","average",0.936,-1,1,-99,-0.099,0.83
41,"dotcolour","highSC","average",0.635,-1,1,-99,-0.099,0.83
41,"dotcolour","highSC","average",0.885,-1,0,-99,-0.099,0.83
41,"dotcolour","highSC","easy",0.502,1,1,-99,-0.099,0.83
41,"dotcolour","highSC","easy",0.568,-1,1,-99,-0.099,0.83
41,"dotcolour","highSC","hard",1.451,1,1,-99,-0.099,0.83
41,"dotcolour","highSC","hard",0.719,1,1,-99,-0.099,0.83
41,"dotcolour","highSC","easy",0.601,-1,1,-99,-0.099,0.83
41,"dotcolour","highSC","hard",0.569,1,0,-99,-0.099,0.83
41,"dotcolour","highSC","easy",0.534,1,1,-99,-0.099,0.83
41,"dotcolour","highSC","hard",1.102,-1,1,-99,-0.099,0.83
41,"dotcolour","highSC","average",0.952,-1,1,-99,-0.099,0.83
41,"dotcolour","highSC","average",0.702,-1,1,-99,-0.099,0.83
41,"dotcolour","highSC","hard",0.919,-1,1,-99,-0.099,0.83
41,"dotcolour","highSC","average",1.085,1,1,-99,-0.099,0.83
41,"dotcolour","highSC","average",0.601,1,1,-99,-0.099,0.83
41,"dotcolour","highSC","hard",1.035,1,1,-99,-0.099,0.83
41,"dotcolour","highSC","average",0.651,-1,1,-99,-0.099,0.83
41,"dotcolour","highSC","easy",0.601,1,1,-99,-0.099,0.83
41,"dotcolour","highSC","easy",0.669,-1,1,-99,-0.099,0.83
41,"dotcolour","highSC","hard",1.236,1,0,-99,-0.099,0.83
41,"dotcolour","highSC","average",0.585,-1,1,-99,-0.099,0.83
41,"dotcolour","highSC","hard",1.002,1,1,-99,-0.099,0.83
41,"dotcolour","highSC","easy",0.618,1,1,-99,-0.099,0.97
41,"dotcolour","highSC","easy",0.502,1,1,-99,-0.099,0.97
41,"dotcolour","highSC","hard",0.802,1,1,-99,-0.099,0.97
41,"dotcolour","highSC","easy",0.519,1,1,-99,-0.099,0.97
41,"dotcolour","highSC","easy",0.686,1,1,-99,-0.099,0.97
41,"dotcolour","highSC","average",0.535,-1,1,-99,-0.099,0.97
41,"dotcolour","highSC","average",0.552,1,1,-99,-0.099,0.97
41,"dotcolour","highSC","average",1.32,1,1,-99,-0.099,0.97
41,"dotcolour","highSC","hard",1.235,-1,1,-99,-0.099,0.97
41,"dotcolour","highSC","average",0.668,-1,1,-99,-0.099,0.97
41,"dotcolour","highSC","easy",0.468,1,1,-99,-0.099,0.97
41,"dotcolour","highSC","average",0.718,1,1,-99,-0.099,0.97
41,"dotcolour","highSC","average",1.068,1,1,-99,-0.099,0.97
41,"dotcolour","highSC","easy",0.586,-1,1,-99,-0.099,0.97
41,"dotcolour","highSC","hard",1.218,-1,0,-99,-0.099,0.97
41,"dotcolour","highSC","hard",0.868,-1,1,-99,-0.099,0.97
41,"dotcolour","highSC","easy",0.618,-1,1,-99,-0.099,0.97
41,"dotcolour","highSC","hard",0.602,1,1,-99,-0.099,0.97
41,"dotcolour","highSC","easy",0.452,-1,1,-99,-0.099,0.97
41,"dotcolour","highSC","hard",0.869,1,1,-99,-0.099,0.97
41,"dotcolour","highSC","hard",1.67,1,1,-99,-0.099,0.97
41,"dotcolour","highSC","hard",0.97,-1,0,-99,-0.099,0.97
41,"dotcolour","highSC","average",0.768,1,1,-99,-0.099,0.97
41,"dotcolour","highSC","easy",0.501,-1,1,-99,-0.099,0.97
41,"dotcolour","highSC","hard",0.585,1,1,-99,-0.099,0.87
41,"dotcolour","highSC","hard",0.752,1,0,-99,-0.099,0.87
41,"dotcolour","highSC","hard",0.419,-1,1,-99,-0.099,0.87
41,"dotcolour","highSC","hard",0.468,-1,1,-99,-0.099,0.87
41,"dotcolour","highSC","average",0.651,1,1,-99,-0.099,0.87
41,"dotcolour","highSC","hard",0.652,1,1,-99,-0.099,0.87
41,"dotcolour","highSC","average",0.568,-1,1,-99,-0.099,0.87
41,"dotcolour","highSC","hard",0.985,-1,0,-99,-0.099,0.87
41,"dotcolour","highSC","easy",0.802,1,1,-99,-0.099,0.87
41,"dotcolour","highSC","average",1.703,-1,1,-99,-0.099,0.87
41,"dotcolour","highSC","hard",0.885,1,0,-99,-0.099,0.87
41,"dotcolour","highSC","easy",0.652,-1,1,-99,-0.099,0.87
41,"dotcolour","highSC","easy",1.336,1,1,-99,-0.099,0.87
41,"dotcolour","highSC","average",0.585,-1,1,-99,-0.099,0.87
41,"dotcolour","highSC","easy",0.67,1,1,-99,-0.099,0.87
41,"dotcolour","highSC","hard",0.935,-1,0,-99,-0.099,0.87
41,"dotcolour","highSC","average",0.686,-1,1,-99,-0.099,0.87
41,"dotcolour","highSC","easy",0.518,1,1,-99,-0.099,0.87
41,"dotcolour","highSC","easy",1.019,-1,1,-99,-0.099,0.87
41,"dotcolour","highSC","average",0.535,1,1,-99,-0.099,0.87
41,"dotcolour","highSC","hard",0.635,1,1,-99,-0.099,0.87
41,"dotcolour","highSC","easy",0.451,-1,1,-99,-0.099,0.87
41,"dotcolour","highSC","easy",0.635,1,1,-99,-0.099,0.87
41,"dotcolour","highSC","hard",0.802,-1,1,-99,-0.099,0.87
41,"dotcolour","highSC","average",0.652,1,1,-99,-0.099,0.93
41,"dotcolour","highSC","easy",0.369,1,1,-99,-0.099,0.93
41,"dotcolour","highSC","average",0.602,-1,1,-99,-0.099,0.93
41,"dotcolour","highSC","easy",0.568,1,1,-99,-0.099,0.93
41,"dotcolour","highSC","easy",0.669,-1,1,-99,-0.099,0.93
41,"dotcolour","highSC","hard",1.119,1,0,-99,-0.099,0.93
41,"dotcolour","highSC","average",0.634,1,1,-99,-0.099,0.93
41,"dotcolour","highSC","average",0.819,1,1,-99,-0.099,0.93
41,"dotcolour","highSC","easy",0.552,-1,1,-99,-0.099,0.93
41,"dotcolour","highSC","average",0.601,1,1,-99,-0.099,0.93
41,"dotcolour","highSC","hard",0.802,-1,1,-99,-0.099,0.93
41,"dotcolour","highSC","easy",0.602,1,1,-99,-0.099,0.93
41,"dotcolour","highSC","easy",0.685,-1,1,-99,-0.099,0.93
41,"dotcolour","highSC","easy",0.552,-1,1,-99,-0.099,0.93
41,"dotcolour","highSC","hard",0.752,-1,1,-99,-0.099,0.93
41,"dotcolour","highSC","hard",1.352,-1,0,-99,-0.099,0.93
41,"dotcolour","highSC","hard",0.918,1,1,-99,-0.099,0.93
41,"dotcolour","highSC","hard",0.684,1,1,-99,-0.099,0.93
41,"dotcolour","highSC","hard",0.752,1,1,-99,-0.099,0.93
41,"dotcolour","highSC","average",0.751,1,1,-99,-0.099,0.93
41,"dotcolour","highSC","hard",1.619,1,0,-99,-0.099,0.93
41,"dotcolour","highSC","hard",1.67,1,1,-99,-0.099,0.93
41,"dotcolour","highSC","average",0.786,1,1,-99,-0.099,0.93
41,"dotcolour","highSC","average",0.819,1,1,-99,-0.099,0.93
42,"xotask","highSC","easy",2.987,-1,0,-99,-0.099,0.97
42,"xotask","highSC","easy",0.686,1,0,-99,-0.099,0.97
42,"xotask","highSC","easy",0.985,-1,1,-99,-0.099,0.97
42,"xotask","highSC","average",1.019,1,1,-99,-0.099,0.97
42,"xotask","highSC","average",1.335,1,0,-99,-0.099,0.97
42,"xotask","highSC","hard",1.137,1,1,-99,-0.099,0.97
42,"xotask","highSC","easy",0.903,-1,1,-99,-0.099,0.97
42,"xotask","highSC","hard",0.918,-1,1,-99,-0.099,0.97
42,"xotask","highSC","hard",1.018,1,1,-99,-0.099,0.97
42,"xotask","highSC","easy",0.901,1,1,-99,-0.099,0.97
42,"xotask","highSC","hard",1.118,1,1,-99,-0.099,0.97
42,"xotask","highSC","easy",0.902,-1,1,-99,-0.099,0.97
42,"xotask","highSC","hard",1.085,-1,1,-99,-0.099,0.97
42,"xotask","highSC","hard",0.719,-1,1,-99,-0.099,0.97
42,"xotask","highSC","hard",1.253,1,0,-99,-0.099,0.97
42,"xotask","highSC","easy",0.784,-1,1,-99,-0.099,0.97
42,"xotask","highSC","hard",0.835,-1,0,-99,-0.099,0.97
42,"xotask","highSC","hard",0.802,-1,1,-99,-0.099,0.97
42,"xotask","highSC","hard",1.453,-1,1,-99,-0.099,0.97
42,"xotask","highSC","hard",1.402,1,0,-99,-0.099,0.97
42,"xotask","highSC","average",0.702,-1,1,-99,-0.099,0.97
42,"xotask","highSC","easy",0.701,-1,1,-99,-0.099,0.97
42,"xotask","highSC","hard",0.903,1,1,-99,-0.099,0.97
42,"xotask","highSC","average",0.835,-1,1,-99,-0.099,0.97
42,"xotask","highSC","hard",0.852,1,1,-99,-0.099,0.83
42,"xotask","highSC","easy",0.719,1,1,-99,-0.099,0.83
42,"xotask","highSC","hard",0.735,1,1,-99,-0.099,0.83
42,"xotask","highSC","average",0.769,1,1,-99,-0.099,0.83
42,"xotask","highSC","hard",0.702,-1,1,-99,-0.099,0.83
42,"xotask","highSC","average",0.803,-1,1,-99,-0.099,0.83
42,"xotask","highSC","average",0.934,-1,1,-99,-0.099,0.83
42,"xotask","highSC","easy",0.702,1,1,-99,-0.099,0.83
42,"xotask","highSC","hard",1.001,-1,1,-99,-0.099,0.83
42,"xotask","highSC","average",0.685,-1,1,-99,-0.099,0.83
42,"xotask","highSC","hard",0.553,-1,1,-99,-0.099,0.83
42,"xotask","highSC","hard",0.819,1,1,-99,-0.099,0.83
42,"xotask","highSC","easy",0.901,-1,1,-99,-0.099,0.83
42,"xotask","highSC","average",1.269,1,0,-99,-0.099,0.83
42,"xotask","highSC","hard",0.602,-1,1,-99,-0.099,0.83
42,"xotask","highSC","hard",0.852,1,1,-99,-0.099,0.83
42,"xotask","highSC","easy",0.719,-1,1,-99,-0.099,0.83
42,"xotask","highSC","easy",0.836,1,1,-99,-0.099,0.83
42,"xotask","highSC","average",0.819,-1,1,-99,-0.099,0.83
42,"xotask","highSC","average",0.851,1,1,-99,-0.099,0.83
42,"xotask","highSC","easy",0.602,1,1,-99,-0.099,0.83
42,"xotask","highSC","easy",0.635,-1,1,-99,-0.099,0.83
42,"xotask","highSC","average",0.768,1,1,-99,-0.099,0.83
42,"xotask","highSC","hard",0.952,1,0,-99,-0.099,0.83
42,"xotask","highSC","easy",0.636,-1,0,-99,-0.099,0.95
42,"xotask","highSC","easy",0.685,1,1,-99,-0.099,0.95
42,"xotask","highSC","average",0.619,1,1,-99,-0.099,0.95
42,"xotask","highSC","average",0.719,-1,1,-99,-0.099,0.95
42,"xotask","highSC","easy",0.834,1,1,-99,-0.099,0.95
42,"xotask","highSC","hard",0.953,1,0,-99,-0.099,0.95
42,"xotask","highSC","easy",1.07,-1,1,-99,-0.099,0.95
42,"xotask","highSC","easy",0.635,-1,1,-99,-0.099,0.95
42,"xotask","highSC","easy",0.635,-1,1,-99,-0.099,0.95
42,"xotask","highSC","average",0.668,1,1,-99,-0.099,0.95
42,"xotask","highSC","hard",0.585,1,1,-99,-0.099,0.95
42,"xotask","highSC","average",0.569,-1,1,-99,-0.099,0.95
42,"xotask","highSC","easy",0.786,-1,1,-99,-0.099,0.95
42,"xotask","highSC","easy",0.517,-1,1,-99,-0.099,0.95
42,"xotask","highSC","average",0.618,1,0,-99,-0.099,0.95
42,"xotask","highSC","hard",0.668,1,0,-99,-0.099,0.95
42,"xotask","highSC","hard",0.735,-1,1,-99,-0.099,0.95
42,"xotask","highSC","easy",2.403,1,1,-99,-0.099,0.95
42,"xotask","highSC","average",1.003,-1,1,-99,-0.099,0.95
42,"xotask","highSC","easy",0.652,1,1,-99,-0.099,0.95
42,"xotask","highSC","average",0.886,1,0,-99,-0.099,0.95
42,"xotask","highSC","average",0.769,-1,1,-99,-0.099,0.95
42,"xotask","highSC","easy",0.585,-1,1,-99,-0.099,0.95
42,"xotask","highSC","hard",0.685,-1,1,-99,-0.099,0.95
42,"xotask","highSC","hard",1.119,1,1,-99,-0.099,0.95
42,"xotask","highSC","easy",0.601,1,0,-99,-0.099,0.95
42,"xotask","highSC","easy",0.618,-1,0,-99,-0.099,0.95
42,"xotask","highSC","hard",0.801,1,1,-99,-0.099,0.95
42,"xotask","highSC","easy",0.586,1,1,-99,-0.099,0.95
42,"xotask","highSC","average",0.718,1,0,-99,-0.099,0.95
42,"xotask","highSC","hard",0.735,-1,1,-99,-0.099,0.95
42,"xotask","highSC","average",0.636,1,1,-99,-0.099,0.95
42,"xotask","highSC","average",0.77,-1,1,-99,-0.099,0.95
42,"xotask","highSC","average",0.602,1,1,-99,-0.099,0.95
42,"xotask","highSC","easy",0.602,-1,1,-99,-0.099,0.95
42,"xotask","highSC","easy",0.568,1,1,-99,-0.099,0.95
42,"xotask","highSC","easy",1.369,1,0,-99,-0.099,0.95
42,"xotask","highSC","average",0.652,-1,1,-99,-0.099,0.95
42,"xotask","highSC","hard",0.501,-1,1,-99,-0.099,0.95
42,"xotask","highSC","hard",0.985,-1,0,-99,-0.099,0.95
42,"xotask","highSC","hard",0.668,1,1,-99,-0.099,0.95
42,"xotask","highSC","hard",0.585,1,1,-99,-0.099,0.95
42,"xotask","highSC","hard",0.817,1,1,-99,-0.099,0.95
42,"xotask","highSC","average",0.518,1,1,-99,-0.099,0.95
42,"xotask","highSC","easy",0.568,1,1,-99,-0.099,0.95
42,"xotask","highSC","hard",0.535,1,1,-99,-0.099,0.95
42,"xotask","highSC","hard",0.853,1,0,-99,-0.099,0.95
42,"xotask","highSC","hard",0.835,-1,1,-99,-0.099,0.95
42,"xotask","highSC","easy",0.535,-1,1,-99,-0.099,0.96
42,"xotask","highSC","hard",0.485,-1,0,-99,-0.099,0.96
42,"xotask","highSC","average",0.668,1,1,-99,-0.099,0.96
42,"xotask","highSC","easy",0.684,1,1,-99,-0.099,0.96
42,"xotask","highSC","easy",0.452,1,1,-99,-0.099,0.96
42,"xotask","highSC","hard",0.519,1,0,-99,-0.099,0.96
42,"xotask","highSC","hard",0.619,1,0,-99,-0.099,0.96
42,"xotask","highSC","hard",0.751,1,1,-99,-0.099,0.96
42,"xotask","highSC","average",0.585,-1,1,-99,-0.099,0.96
42,"xotask","highSC","average",0.719,-1,1,-99,-0.099,0.96
42,"xotask","highSC","average",1.286,-1,1,-99,-0.099,0.96
42,"xotask","highSC","average",0.418,-1,1,-99,-0.099,0.96
42,"xotask","highSC","hard",0.952,1,0,-99,-0.099,0.96
42,"xotask","highSC","average",0.485,1,1,-99,-0.099,0.96
42,"xotask","highSC","easy",0.435,1,0,-99,-0.099,0.96
42,"xotask","highSC","hard",0.669,1,1,-99,-0.099,0.96
42,"xotask","highSC","easy",0.401,1,1,-99,-0.099,0.96
42,"xotask","highSC","hard",0.502,1,1,-99,-0.099,0.96
42,"xotask","highSC","average",0.567,1,0,-99,-0.099,0.96
42,"xotask","highSC","average",0.635,1,1,-99,-0.099,0.96
42,"xotask","highSC","hard",0.585,1,1,-99,-0.099,0.96
42,"xotask","highSC","easy",0.402,1,0,-99,-0.099,0.96
42,"xotask","highSC","easy",0.785,1,1,-99,-0.099,0.96
42,"xotask","highSC","hard",0.635,1,1,-99,-0.099,0.96
42,"dotcolour","mediumSC","average",1.119,1,1,-99,-0.099,0.79
42,"dotcolour","mediumSC","average",0.835,1,0,-99,-0.099,0.79
42,"dotcolour","mediumSC","easy",0.702,-1,1,-99,-0.099,0.79
42,"dotcolour","mediumSC","easy",0.468,1,1,-99,-0.099,0.79
42,"dotcolour","mediumSC","easy",0.469,1,1,-99,-0.099,0.79
42,"dotcolour","mediumSC","hard",0.468,1,1,-99,-0.099,0.79
42,"dotcolour","mediumSC","average",0.569,-1,1,-99,-0.099,0.79
42,"dotcolour","mediumSC","average",0.501,1,1,-99,-0.099,0.79
42,"dotcolour","mediumSC","easy",0.435,-1,1,-99,-0.099,0.79
42,"dotcolour","mediumSC","average",0.518,1,1,-99,-0.099,0.79
42,"dotcolour","mediumSC","average",0.418,-1,1,-99,-0.099,0.79
42,"dotcolour","mediumSC","easy",0.436,1,1,-99,-0.099,0.79
42,"dotcolour","mediumSC","hard",0.719,1,1,-99,-0.099,0.79
42,"dotcolour","mediumSC","easy",0.385,-1,1,-99,-0.099,0.79
42,"dotcolour","mediumSC","easy",0.435,1,0,-99,-0.099,0.79
42,"dotcolour","mediumSC","hard",0.451,1,1,-99,-0.099,0.79
42,"dotcolour","mediumSC","hard",0.519,1,0,-99,-0.099,0.79
42,"dotcolour","mediumSC","easy",0.434,1,1,-99,-0.099,0.79
42,"dotcolour","mediumSC","hard",0.502,1,1,-99,-0.099,0.79
42,"dotcolour","mediumSC","hard",0.519,1,0,-99,-0.099,0.79
42,"dotcolour","mediumSC","average",0.501,-1,1,-99,-0.099,0.79
42,"dotcolour","mediumSC","hard",0.518,1,0,-99,-0.099,0.79
42,"dotcolour","mediumSC","easy",0.468,-1,1,-99,-0.099,0.79
42,"dotcolour","mediumSC","easy",0.385,-1,1,-99,-0.099,0.79
42,"dotcolour","mediumSC","hard",0.468,1,1,-99,-0.099,0.73
42,"dotcolour","mediumSC","hard",0.335,1,0,-99,-0.099,0.73
42,"dotcolour","mediumSC","hard",0.452,1,1,-99,-0.099,0.73
42,"dotcolour","mediumSC","hard",0.468,1,0,-99,-0.099,0.73
42,"dotcolour","mediumSC","average",0.368,1,1,-99,-0.099,0.73
42,"dotcolour","mediumSC","average",0.418,1,1,-99,-0.099,0.73
42,"dotcolour","mediumSC","easy",0.434,1,1,-99,-0.099,0.73
42,"dotcolour","mediumSC","hard",0.418,1,1,-99,-0.099,0.73
42,"dotcolour","mediumSC","easy",0.468,-1,1,-99,-0.099,0.73
42,"dotcolour","mediumSC","hard",0.434,1,0,-99,-0.099,0.73
42,"dotcolour","mediumSC","easy",0.469,1,1,-99,-0.099,0.73
42,"dotcolour","mediumSC","easy",0.517,-1,1,-99,-0.099,0.73
42,"dotcolour","mediumSC","average",0.669,1,1,-99,-0.099,0.73
42,"dotcolour","mediumSC","easy",0.418,1,1,-99,-0.099,0.73
42,"dotcolour","mediumSC","easy",0.435,-1,1,-99,-0.099,0.73
42,"dotcolour","mediumSC","average",0.318,-1,1,-99,-0.099,0.73
42,"dotcolour","mediumSC","hard",0.352,-1,1,-99,-0.099,0.73
42,"dotcolour","mediumSC","hard",0.385,1,1,-99,-0.099,0.73
42,"dotcolour","mediumSC","average",0.602,-1,1,-99,-0.099,0.73
42,"dotcolour","mediumSC","easy",0.351,1,1,-99,-0.099,0.73
42,"dotcolour","mediumSC","hard",0.601,1,1,-99,-0.099,0.73
42,"dotcolour","mediumSC","easy",0.352,1,1,-99,-0.099,0.73
42,"dotcolour","mediumSC","average",0.318,1,0,-99,-0.099,0.73
42,"dotcolour","mediumSC","average",0.385,-1,1,-99,-0.099,0.73
42,"dotcolour","mediumSC","hard",0.435,1,0,-99,-0.099,0.7
42,"dotcolour","mediumSC","easy",0.435,1,1,-99,-0.099,0.7
42,"dotcolour","mediumSC","average",0.401,1,1,-99,-0.099,0.7
42,"dotcolour","mediumSC","easy",0.302,1,0,-99,-0.099,0.7
42,"dotcolour","mediumSC","hard",0.467,1,1,-99,-0.099,0.7
42,"dotcolour","mediumSC","average",0.386,-1,1,-99,-0.099,0.7
42,"dotcolour","mediumSC","average",0.386,-1,1,-99,-0.099,0.7
42,"dotcolour","mediumSC","hard",0.302,-1,1,-99,-0.099,0.7
42,"dotcolour","mediumSC","easy",0.401,-1,1,-99,-0.099,0.7
42,"dotcolour","mediumSC","average",0.435,1,1,-99,-0.099,0.7
42,"dotcolour","mediumSC","average",0.335,1,1,-99,-0.099,0.7
42,"dotcolour","mediumSC","average",0.384,1,0,-99,-0.099,0.7
42,"dotcolour","mediumSC","hard",0.885,-1,0,-99,-0.099,0.7
42,"dotcolour","mediumSC","hard",0.451,1,1,-99,-0.099,0.7
42,"dotcolour","mediumSC","easy",0.318,1,1,-99,-0.099,0.7
42,"dotcolour","mediumSC","hard",0.301,1,0,-99,-0.099,0.7
42,"dotcolour","mediumSC","hard",0.368,1,0,-99,-0.099,0.7
42,"dotcolour","mediumSC","easy",0.468,-1,1,-99,-0.099,0.7
42,"dotcolour","mediumSC","easy",0.417,1,1,-99,-0.099,0.7
42,"dotcolour","mediumSC","average",0.302,1,1,-99,-0.099,0.7
42,"dotcolour","mediumSC","average",0.568,-1,1,-99,-0.099,0.7
42,"dotcolour","mediumSC","hard",0.418,1,0,-99,-0.099,0.7
42,"dotcolour","mediumSC","easy",0.567,-1,1,-99,-0.099,0.7
42,"dotcolour","mediumSC","easy",0.435,1,1,-99,-0.099,0.7
42,"dotcolour","mediumSC","average",0.384,-1,1,-99,-0.099,0.78
42,"dotcolour","mediumSC","hard",0.418,-1,1,-99,-0.099,0.78
42,"dotcolour","mediumSC","average",0.402,-1,1,-99,-0.099,0.78
42,"dotcolour","mediumSC","easy",0.402,-1,1,-99,-0.099,0.78
42,"dotcolour","mediumSC","hard",0.417,-1,1,-99,-0.099,0.78
42,"dotcolour","mediumSC","average",0.385,1,1,-99,-0.099,0.78
42,"dotcolour","mediumSC","average",0.384,-1,0,-99,-0.099,0.78
42,"dotcolour","mediumSC","hard",0.701,-1,0,-99,-0.099,0.78
42,"dotcolour","mediumSC","average",0.835,-1,0,-99,-0.099,0.78
42,"dotcolour","mediumSC","easy",0.536,-1,1,-99,-0.099,0.78
42,"dotcolour","mediumSC","easy",0.452,1,1,-99,-0.099,0.78
42,"dotcolour","mediumSC","average",0.385,-1,1,-99,-0.099,0.78
42,"dotcolour","mediumSC","average",0.551,-1,0,-99,-0.099,0.78
42,"dotcolour","mediumSC","easy",0.401,1,1,-99,-0.099,0.78
42,"dotcolour","mediumSC","average",0.484,-1,1,-99,-0.099,0.78
42,"dotcolour","mediumSC","hard",0.368,-1,1,-99,-0.099,0.78
42,"dotcolour","mediumSC","easy",0.402,1,1,-99,-0.099,0.78
42,"dotcolour","mediumSC","easy",0.402,-1,1,-99,-0.099,0.78
42,"dotcolour","mediumSC","average",0.384,1,1,-99,-0.099,0.78
42,"dotcolour","mediumSC","average",0.435,-1,1,-99,-0.099,0.78
42,"dotcolour","mediumSC","hard",0.501,-1,0,-99,-0.099,0.78
42,"dotcolour","mediumSC","easy",0.684,1,0,-99,-0.099,0.78
42,"dotcolour","mediumSC","hard",0.385,-1,0,-99,-0.099,0.78
42,"dotcolour","mediumSC","easy",0.418,1,1,-99,-0.099,0.78
42,"dotcolour","mediumSC","average",0.319,1,1,-99,-0.099,0.77
42,"dotcolour","mediumSC","average",0.251,1,0,-99,-0.099,0.77
42,"dotcolour","mediumSC","hard",0.434,1,0,-99,-0.099,0.77
42,"dotcolour","mediumSC","hard",0.402,1,1,-99,-0.099,0.77
42,"dotcolour","mediumSC","average",0.401,-1,1,-99,-0.099,0.77
42,"dotcolour","mediumSC","easy",0.418,-1,1,-99,-0.099,0.77
42,"dotcolour","mediumSC","easy",0.335,-1,1,-99,-0.099,0.77
42,"dotcolour","mediumSC","hard",0.351,-1,1,-99,-0.099,0.77
42,"dotcolour","mediumSC","easy",0.585,1,1,-99,-0.099,0.77
42,"dotcolour","mediumSC","average",0.385,1,1,-99,-0.099,0.77
42,"dotcolour","mediumSC","average",0.35,1,1,-99,-0.099,0.77
42,"dotcolour","mediumSC","hard",0.418,1,0,-99,-0.099,0.77
42,"dotcolour","mediumSC","hard",0.668,-1,1,-99,-0.099,0.77
42,"dotcolour","mediumSC","hard",0.335,-1,1,-99,-0.099,0.77
42,"dotcolour","mediumSC","easy",0.369,1,1,-99,-0.099,0.77
42,"dotcolour","mediumSC","hard",0.301,1,0,-99,-0.099,0.77
42,"dotcolour","mediumSC","hard",0.352,1,1,-99,-0.099,0.77
42,"dotcolour","mediumSC","average",0.352,1,0,-99,-0.099,0.77
42,"dotcolour","mediumSC","average",0.468,-1,1,-99,-0.099,0.77
42,"dotcolour","mediumSC","easy",0.318,-1,1,-99,-0.099,0.77
42,"dotcolour","mediumSC","easy",0.501,-1,1,-99,-0.099,0.77
42,"dotcolour","mediumSC","average",0.318,-1,0,-99,-0.099,0.77
42,"dotcolour","mediumSC","average",0.368,1,1,-99,-0.099,0.77
42,"dotcolour","mediumSC","easy",0.435,1,0,-99,-0.099,0.77
42,"dotnumber","lowSC","average",0.735,1,1,-99,-0.099,0.68
42,"dotnumber","lowSC","hard",0.651,-1,1,-99,-0.099,0.68
42,"dotnumber","lowSC","hard",0.485,1,0,-99,-0.099,0.68
42,"dotnumber","lowSC","hard",0.851,1,1,-99,-0.099,0.68
42,"dotnumber","lowSC","average",0.501,1,1,-99,-0.099,0.68
42,"dotnumber","lowSC","easy",0.418,1,1,-99,-0.099,0.68
42,"dotnumber","lowSC","average",0.517,-1,1,-99,-0.099,0.68
42,"dotnumber","lowSC","hard",0.651,1,0,-99,-0.099,0.68
42,"dotnumber","lowSC","hard",0.651,-1,0,-99,-0.099,0.68
42,"dotnumber","lowSC","hard",0.502,-1,0,-99,-0.099,0.68
42,"dotnumber","lowSC","easy",0.485,-1,1,-99,-0.099,0.68
42,"dotnumber","lowSC","easy",0.401,-1,0,-99,-0.099,0.68
42,"dotnumber","lowSC","easy",0.752,-1,0,-99,-0.099,0.68
42,"dotnumber","lowSC","easy",0.417,1,1,-99,-0.099,0.68
42,"dotnumber","lowSC","hard",0.385,-1,0,-99,-0.099,0.68
42,"dotnumber","lowSC","average",0.352,1,0,-99,-0.099,0.68
42,"dotnumber","lowSC","average",0.317,-1,0,-99,-0.099,0.68
42,"dotnumber","lowSC","easy",0.419,1,0,-99,-0.099,0.68
42,"dotnumber","lowSC","hard",0.301,-1,1,-99,-0.099,0.68
42,"dotnumber","lowSC","hard",0.368,-1,0,-99,-0.099,0.68
42,"dotnumber","lowSC","average",0.368,-1,0,-99,-0.099,0.68
42,"dotnumber","lowSC","average",0.352,1,0,-99,-0.099,0.68
42,"dotnumber","lowSC","hard",0.384,-1,1,-99,-0.099,0.68
42,"dotnumber","lowSC","hard",0.301,-1,0,-99,-0.099,0.68
42,"dotnumber","lowSC","easy",0.351,1,1,-99,-0.099,0.61
42,"dotnumber","lowSC","average",0.402,-1,1,-99,-0.099,0.61
42,"dotnumber","lowSC","easy",0.335,1,1,-99,-0.099,0.61
42,"dotnumber","lowSC","average",0.318,-1,1,-99,-0.099,0.61
42,"dotnumber","lowSC","hard",0.368,-1,0,-99,-0.099,0.61
42,"dotnumber","lowSC","easy",0.384,1,0,-99,-0.099,0.61
42,"dotnumber","lowSC","easy",0.3,-1,1,-99,-0.099,0.61
42,"dotnumber","lowSC","easy",0.318,-1,1,-99,-0.099,0.61
42,"dotnumber","lowSC","easy",0.584,1,1,-99,-0.099,0.61
42,"dotnumber","lowSC","average",0.35,-1,1,-99,-0.099,0.61
42,"dotnumber","lowSC","easy",0.334,1,0,-99,-0.099,0.61
42,"dotnumber","lowSC","easy",0.4,-1,0,-99,-0.099,0.61
42,"dotnumber","lowSC","hard",0.636,-1,1,-99,-0.099,0.61
42,"dotnumber","lowSC","easy",0.334,-1,1,-99,-0.099,0.61
42,"dotnumber","lowSC","easy",0.318,-1,1,-99,-0.099,0.61
42,"dotnumber","lowSC","hard",0.451,-1,0,-99,-0.099,0.61
42,"dotnumber","lowSC","average",0.434,-1,1,-99,-0.099,0.61
42,"dotnumber","lowSC","easy",0.451,1,1,-99,-0.099,0.61
42,"dotnumber","lowSC","average",0.385,-1,1,-99,-0.099,0.61
42,"dotnumber","lowSC","hard",0.317,-1,0,-99,-0.099,0.61
42,"dotnumber","lowSC","average",0.436,-1,0,-99,-0.099,0.61
42,"dotnumber","lowSC","average",0.318,1,1,-99,-0.099,0.61
42,"dotnumber","lowSC","easy",0.386,-1,1,-99,-0.099,0.61
42,"dotnumber","lowSC","hard",0.452,1,1,-99,-0.099,0.61
42,"dotnumber","lowSC","easy",0.352,-1,0,-99,-0.099,0.53
42,"dotnumber","lowSC","average",0.386,-1,1,-99,-0.099,0.53
42,"dotnumber","lowSC","hard",0.402,-1,0,-99,-0.099,0.53
42,"dotnumber","lowSC","average",0.469,1,1,-99,-0.099,0.53
42,"dotnumber","lowSC","hard",0.385,-1,0,-99,-0.099,0.53
42,"dotnumber","lowSC","average",0.402,-1,1,-99,-0.099,0.53
42,"dotnumber","lowSC","easy",0.369,-1,0,-99,-0.099,0.53
42,"dotnumber","lowSC","hard",0.437,1,1,-99,-0.099,0.53
42,"dotnumber","lowSC","hard",0.368,-1,1,-99,-0.099,0.53
42,"dotnumber","lowSC","hard",0.318,-1,1,-99,-0.099,0.53
42,"dotnumber","lowSC","easy",0.352,-1,0,-99,-0.099,0.53
42,"dotnumber","lowSC","average",0.435,-1,1,-99,-0.099,0.53
42,"dotnumber","lowSC","average",0.518,1,1,-99,-0.099,0.53
42,"dotnumber","lowSC","average",0.435,-1,1,-99,-0.099,0.53
42,"dotnumber","lowSC","average",0.335,-1,1,-99,-0.099,0.53
42,"dotnumber","lowSC","hard",0.351,-1,0,-99,-0.099,0.53
42,"dotnumber","lowSC","average",0.318,-1,0,-99,-0.099,0.53
42,"dotnumber","lowSC","average",0.368,-1,1,-99,-0.099,0.53
42,"dotnumber","lowSC","average",0.401,1,1,-99,-0.099,0.53
42,"dotnumber","lowSC","average",0.368,-1,1,-99,-0.099,0.53
42,"dotnumber","lowSC","hard",0.317,-1,0,-99,-0.099,0.53
42,"dotnumber","lowSC","easy",0.418,-1,1,-99,-0.099,0.53
42,"dotnumber","lowSC","easy",0.319,-1,1,-99,-0.099,0.53
42,"dotnumber","lowSC","hard",0.368,1,0,-99,-0.099,0.53
42,"dotnumber","lowSC","easy",0.418,1,1,-99,-0.099,0.63
42,"dotnumber","lowSC","hard",0.334,1,1,-99,-0.099,0.63
42,"dotnumber","lowSC","easy",0.419,-1,1,-99,-0.099,0.63
42,"dotnumber","lowSC","average",0.336,-1,0,-99,-0.099,0.63
42,"dotnumber","lowSC","easy",0.335,-1,0,-99,-0.099,0.63
42,"dotnumber","lowSC","hard",0.301,1,0,-99,-0.099,0.63
42,"dotnumber","lowSC","easy",0.284,-1,0,-99,-0.099,0.63
42,"dotnumber","lowSC","average",0.285,1,1,-99,-0.099,0.63
42,"dotnumber","lowSC","average",0.335,-1,0,-99,-0.099,0.63
42,"dotnumber","lowSC","average",0.352,1,0,-99,-0.099,0.63
42,"dotnumber","lowSC","hard",0.435,1,1,-99,-0.099,0.63
42,"dotnumber","lowSC","hard",0.417,1,0,-99,-0.099,0.63
42,"dotnumber","lowSC","hard",0.435,-1,1,-99,-0.099,0.63
42,"dotnumber","lowSC","easy",0.284,-1,1,-99,-0.099,0.63
42,"dotnumber","lowSC","easy",0.385,-1,1,-99,-0.099,0.63
42,"dotnumber","lowSC","easy",0.318,1,0,-99,-0.099,0.63
42,"dotnumber","lowSC","easy",0.301,-1,1,-99,-0.099,0.63
42,"dotnumber","lowSC","average",0.251,-1,1,-99,-0.099,0.63
42,"dotnumber","lowSC","average",0.267,-1,1,-99,-0.099,0.63
42,"dotnumber","lowSC","average",0.335,-1,1,-99,-0.099,0.63
42,"dotnumber","lowSC","average",0.218,-1,1,-99,-0.099,0.63
42,"dotnumber","lowSC","hard",0.352,1,1,-99,-0.099,0.63
42,"dotnumber","lowSC","average",0.336,-1,0,-99,-0.099,0.63
42,"dotnumber","lowSC","average",0.351,1,1,-99,-0.099,0.63
42,"dotnumber","lowSC","easy",0.369,-1,1,-99,-0.099,0.56
42,"dotnumber","lowSC","average",0.368,1,1,-99,-0.099,0.56
42,"dotnumber","lowSC","average",0.385,1,0,-99,-0.099,0.56
42,"dotnumber","lowSC","average",0.335,1,1,-99,-0.099,0.56
42,"dotnumber","lowSC","average",0.334,1,1,-99,-0.099,0.56
42,"dotnumber","lowSC","average",0.585,1,0,-99,-0.099,0.56
42,"dotnumber","lowSC","average",0.417,1,0,-99,-0.099,0.56
42,"dotnumber","lowSC","average",0.402,-1,1,-99,-0.099,0.56
42,"dotnumber","lowSC","easy",0.351,-1,1,-99,-0.099,0.56
42,"dotnumber","lowSC","easy",0.385,-1,1,-99,-0.099,0.56
42,"dotnumber","lowSC","hard",0.436,-1,0,-99,-0.099,0.56
42,"dotnumber","lowSC","average",0.351,1,1,-99,-0.099,0.56
42,"dotnumber","lowSC","hard",0.602,1,1,-99,-0.099,0.56
42,"dotnumber","lowSC","average",0.301,-1,0,-99,-0.099,0.56
42,"dotnumber","lowSC","average",1.035,-1,1,-99,-0.099,0.56
42,"dotnumber","lowSC","hard",0.367,1,1,-99,-0.099,0.56
42,"dotnumber","lowSC","average",0.302,-1,0,-99,-0.099,0.56
42,"dotnumber","lowSC","hard",0.318,1,1,-99,-0.099,0.56
42,"dotnumber","lowSC","easy",0.268,-1,0,-99,-0.099,0.56
42,"dotnumber","lowSC","hard",0.301,1,1,-99,-0.099,0.56
42,"dotnumber","lowSC","easy",0.268,-1,1,-99,-0.099,0.56
42,"dotnumber","lowSC","easy",0.25,-1,0,-99,-0.099,0.56
42,"dotnumber","lowSC","hard",0.401,1,0,-99,-0.099,0.56
42,"dotnumber","lowSC","hard",0.285,-1,1,-99,-0.099,0.56
43,"dotcolour","mediumSC","hard",2.22,-1,1,-99,-0.099,0.79
43,"dotcolour","mediumSC","easy",0.719,-1,1,-99,-0.099,0.79
43,"dotcolour","mediumSC","average",0.618,1,1,-99,-0.099,0.79
43,"dotcolour","mediumSC","average",0.819,1,1,-99,-0.099,0.79
43,"dotcolour","mediumSC","hard",0.552,-1,1,-99,-0.099,0.79
43,"dotcolour","mediumSC","hard",0.502,1,1,-99,-0.099,0.79
43,"dotcolour","mediumSC","easy",0.401,1,1,-99,-0.099,0.79
43,"dotcolour","mediumSC","hard",0.485,-1,1,-99,-0.099,0.79
43,"dotcolour","mediumSC","average",0.485,1,1,-99,-0.099,0.79
43,"dotcolour","mediumSC","hard",0.486,-1,0,-99,-0.099,0.79
43,"dotcolour","mediumSC","hard",0.719,1,1,-99,-0.099,0.79
43,"dotcolour","mediumSC","easy",0.5,-1,1,-99,-0.099,0.79
43,"dotcolour","mediumSC","easy",0.568,1,1,-99,-0.099,0.79
43,"dotcolour","mediumSC","easy",0.435,1,1,-99,-0.099,0.79
43,"dotcolour","mediumSC","average",0.385,-1,1,-99,-0.099,0.79
43,"dotcolour","mediumSC","hard",0.386,1,0,-99,-0.099,0.79
43,"dotcolour","mediumSC","average",0.401,1,0,-99,-0.099,0.79
43,"dotcolour","mediumSC","easy",0.419,-1,1,-99,-0.099,0.79
43,"dotcolour","mediumSC","average",0.418,-1,1,-99,-0.099,0.79
43,"dotcolour","mediumSC","hard",0.418,1,1,-99,-0.099,0.79
43,"dotcolour","mediumSC","easy",0.469,-1,0,-99,-0.099,0.79
43,"dotcolour","mediumSC","average",0.584,-1,1,-99,-0.099,0.79
43,"dotcolour","mediumSC","average",0.402,1,1,-99,-0.099,0.79
43,"dotcolour","mediumSC","hard",0.602,1,1,-99,-0.099,0.79
43,"dotcolour","mediumSC","average",0.42,1,1,-99,-0.099,0.72
43,"dotcolour","mediumSC","hard",0.369,-1,0,-99,-0.099,0.72
43,"dotcolour","mediumSC","hard",0.402,1,1,-99,-0.099,0.72
43,"dotcolour","mediumSC","easy",0.518,-1,1,-99,-0.099,0.72
43,"dotcolour","mediumSC","easy",0.418,1,1,-99,-0.099,0.72
43,"dotcolour","mediumSC","average",0.502,-1,1,-99,-0.099,0.72
43,"dotcolour","mediumSC","easy",0.535,-1,1,-99,-0.099,0.72
43,"dotcolour","mediumSC","hard",0.418,1,0,-99,-0.099,0.72
43,"dotcolour","mediumSC","hard",0.419,-1,0,-99,-0.099,0.72
43,"dotcolour","mediumSC","average",0.535,1,1,-99,-0.099,0.72
43,"dotcolour","mediumSC","easy",0.368,1,1,-99,-0.099,0.72
43,"dotcolour","mediumSC","hard",0.401,-1,1,-99,-0.099,0.72
43,"dotcolour","mediumSC","easy",0.401,1,1,-99,-0.099,0.72
43,"dotcolour","mediumSC","easy",0.485,1,1,-99,-0.099,0.72
43,"dotcolour","mediumSC","average",0.435,1,1,-99,-0.099,0.72
43,"dotcolour","mediumSC","hard",0.368,1,0,-99,-0.099,0.72
43,"dotcolour","mediumSC","average",0.301,-1,1,-99,-0.099,0.72
43,"dotcolour","mediumSC","easy",0.335,-1,1,-99,-0.099,0.72
43,"dotcolour","mediumSC","hard",0.468,1,0,-99,-0.099,0.72
43,"dotcolour","mediumSC","average",0.284,1,1,-99,-0.099,0.72
43,"dotcolour","mediumSC","average",0.569,1,1,-99,-0.099,0.72
43,"dotcolour","mediumSC","average",0.318,1,1,-99,-0.099,0.72
43,"dotcolour","mediumSC","hard",0.334,1,1,-99,-0.099,0.72
43,"dotcolour","mediumSC","hard",0.368,-1,1,-99,-0.099,0.72
43,"dotcolour","mediumSC","easy",0.385,-1,1,-99,-0.099,0.77
43,"dotcolour","mediumSC","hard",0.302,-1,1,-99,-0.099,0.77
43,"dotcolour","mediumSC","average",0.368,1,1,-99,-0.099,0.77
43,"dotcolour","mediumSC","hard",0.435,1,0,-99,-0.099,0.77
43,"dotcolour","mediumSC","hard",0.435,1,1,-99,-0.099,0.77
43,"dotcolour","mediumSC","hard",0.351,-1,1,-99,-0.099,0.77
43,"dotcolour","mediumSC","average",0.518,1,1,-99,-0.099,0.77
43,"dotcolour","mediumSC","average",0.436,-1,1,-99,-0.099,0.77
43,"dotcolour","mediumSC","easy",0.335,1,1,-99,-0.099,0.77
43,"dotcolour","mediumSC","average",0.469,1,1,-99,-0.099,0.77
43,"dotcolour","mediumSC","average",0.418,-1,1,-99,-0.099,0.77
43,"dotcolour","mediumSC","hard",0.418,-1,1,-99,-0.099,0.77
43,"dotcolour","mediumSC","average",0.668,-1,1,-99,-0.099,0.77
43,"dotcolour","mediumSC","easy",0.401,-1,1,-99,-0.099,0.77
43,"dotcolour","mediumSC","average",0.301,-1,1,-99,-0.099,0.77
43,"dotcolour","mediumSC","easy",0.385,1,1,-99,-0.099,0.77
43,"dotcolour","mediumSC","hard",0.351,-1,0,-99,-0.099,0.77
43,"dotcolour","mediumSC","average",0.384,-1,1,-99,-0.099,0.77
43,"dotcolour","mediumSC","easy",0.452,-1,1,-99,-0.099,0.77
43,"dotcolour","mediumSC","easy",0.467,1,1,-99,-0.099,0.77
43,"dotcolour","mediumSC","easy",0.385,1,1,-99,-0.099,0.77
43,"dotcolour","mediumSC","hard",0.368,-1,1,-99,-0.099,0.77
43,"dotcolour","mediumSC","average",0.436,-1,1,-99,-0.099,0.77
43,"dotcolour","mediumSC","hard",0.401,-1,1,-99,-0.099,0.77
43,"dotcolour","mediumSC","average",0.401,1,1,-99,-0.099,0.7
43,"dotcolour","mediumSC","easy",0.501,-1,1,-99,-0.099,0.7
43,"dotcolour","mediumSC","hard",0.401,-1,1,-99,-0.099,0.7
43,"dotcolour","mediumSC","hard",0.452,1,0,-99,-0.099,0.7
43,"dotcolour","mediumSC","hard",0.535,1,1,-99,-0.099,0.7
43,"dotcolour","mediumSC","easy",0.468,-1,1,-99,-0.099,0.7
43,"dotcolour","mediumSC","average",0.385,-1,1,-99,-0.099,0.7
43,"dotcolour","mediumSC","average",0.368,1,1,-99,-0.099,0.7
43,"dotcolour","mediumSC","average",0.419,-1,1,-99,-0.099,0.7
43,"dotcolour","mediumSC","average",0.401,-1,1,-99,-0.099,0.7
43,"dotcolour","mediumSC","easy",0.335,1,1,-99,-0.099,0.7
43,"dotcolour","mediumSC","easy",0.351,-1,1,-99,-0.099,0.7
43,"dotcolour","mediumSC","easy",0.685,1,1,-99,-0.099,0.7
43,"dotcolour","mediumSC","hard",0.434,-1,0,-99,-0.099,0.7
43,"dotcolour","mediumSC","average",0.518,1,1,-99,-0.099,0.7
43,"dotcolour","mediumSC","easy",0.385,1,1,-99,-0.099,0.7
43,"dotcolour","mediumSC","average",0.384,-1,1,-99,-0.099,0.7
43,"dotcolour","mediumSC","hard",0.485,1,0,-99,-0.099,0.7
43,"dotcolour","mediumSC","average",0.451,1,1,-99,-0.099,0.7
43,"dotcolour","mediumSC","hard",0.401,1,0,-99,-0.099,0.7
43,"dotcolour","mediumSC","hard",0.518,1,1,-99,-0.099,0.7
43,"dotcolour","mediumSC","average",0.568,-1,1,-99,-0.099,0.7
43,"dotcolour","mediumSC","hard",0.451,1,1,-99,-0.099,0.7
43,"dotcolour","mediumSC","hard",0.417,1,0,-99,-0.099,0.7
43,"dotcolour","mediumSC","hard",0.586,1,0,-99,-0.099,0.7
43,"dotcolour","mediumSC","hard",0.568,1,1,-99,-0.099,0.7
43,"dotcolour","mediumSC","hard",0.568,1,1,-99,-0.099,0.7
43,"dotcolour","mediumSC","easy",0.402,1,1,-99,-0.099,0.7
43,"dotcolour","mediumSC","average",0.334,-1,1,-99,-0.099,0.7
43,"dotcolour","mediumSC","hard",0.551,-1,1,-99,-0.099,0.7
43,"dotcolour","mediumSC","easy",0.385,1,1,-99,-0.099,0.7
43,"dotcolour","mediumSC","average",0.402,-1,1,-99,-0.099,0.7
43,"dotcolour","mediumSC","easy",0.284,1,1,-99,-0.099,0.7
43,"dotcolour","mediumSC","easy",0.369,-1,1,-99,-0.099,0.7
43,"dotcolour","mediumSC","average",0.302,1,1,-99,-0.099,0.7
43,"dotcolour","mediumSC","easy",0.367,1,1,-99,-0.099,0.7
43,"dotcolour","mediumSC","easy",0.685,1,0,-99,-0.099,0.7
43,"dotcolour","mediumSC","easy",0.401,1,1,-99,-0.099,0.7
43,"dotcolour","mediumSC","average",0.368,1,1,-99,-0.099,0.7
43,"dotcolour","mediumSC","easy",0.368,1,1,-99,-0.099,0.7
43,"dotcolour","mediumSC","average",0.368,1,1,-99,-0.099,0.7
43,"dotcolour","mediumSC","hard",0.751,-1,1,-99,-0.099,0.7
43,"dotcolour","mediumSC","easy",0.402,-1,1,-99,-0.099,0.7
43,"dotcolour","mediumSC","hard",0.419,1,1,-99,-0.099,0.7
43,"dotcolour","mediumSC","hard",0.385,-1,1,-99,-0.099,0.7
43,"dotcolour","mediumSC","hard",0.818,1,1,-99,-0.099,0.7
43,"dotcolour","mediumSC","easy",0.468,-1,1,-99,-0.099,0.7
43,"dotcolour","mediumSC","average",0.385,1,1,-99,-0.099,0.7
43,"dotnumber","lowSC","easy",0.635,-1,1,-99,-0.099,0.66
43,"dotnumber","lowSC","average",0.618,-1,1,-99,-0.099,0.66
43,"dotnumber","lowSC","average",0.401,1,1,-99,-0.099,0.66
43,"dotnumber","lowSC","average",0.451,1,1,-99,-0.099,0.66
43,"dotnumber","lowSC","hard",0.519,-1,0,-99,-0.099,0.66
43,"dotnumber","lowSC","easy",0.368,-1,1,-99,-0.099,0.66
43,"dotnumber","lowSC","average",0.402,-1,1,-99,-0.099,0.66
43,"dotnumber","lowSC","easy",0.785,1,1,-99,-0.099,0.66
43,"dotnumber","lowSC","easy",0.501,-1,0,-99,-0.099,0.66
43,"dotnumber","lowSC","average",0.535,-1,0,-99,-0.099,0.66
43,"dotnumber","lowSC","average",0.552,1,1,-99,-0.099,0.66
43,"dotnumber","lowSC","easy",0.434,-1,0,-99,-0.099,0.66
43,"dotnumber","lowSC","hard",0.5,-1,1,-99,-0.099,0.66
43,"dotnumber","lowSC","easy",0.453,1,1,-99,-0.099,0.66
43,"dotnumber","lowSC","hard",0.452,-1,1,-99,-0.099,0.66
43,"dotnumber","lowSC","average",0.551,-1,1,-99,-0.099,0.66
43,"dotnumber","lowSC","hard",0.552,1,1,-99,-0.099,0.66
43,"dotnumber","lowSC","easy",0.369,-1,1,-99,-0.099,0.66
43,"dotnumber","lowSC","easy",0.335,-1,0,-99,-0.099,0.66
43,"dotnumber","lowSC","easy",0.385,-1,1,-99,-0.099,0.66
43,"dotnumber","lowSC","average",0.385,-1,1,-99,-0.099,0.66
43,"dotnumber","lowSC","easy",0.435,-1,1,-99,-0.099,0.66
43,"dotnumber","lowSC","hard",0.385,-1,0,-99,-0.099,0.66
43,"dotnumber","lowSC","easy",0.417,-1,1,-99,-0.099,0.66
43,"dotnumber","lowSC","hard",0.368,-1,1,-99,-0.099,0.62
43,"dotnumber","lowSC","easy",0.468,-1,1,-99,-0.099,0.62
43,"dotnumber","lowSC","average",0.484,1,1,-99,-0.099,0.62
43,"dotnumber","lowSC","easy",0.452,-1,1,-99,-0.099,0.62
43,"dotnumber","lowSC","hard",0.518,1,1,-99,-0.099,0.62
43,"dotnumber","lowSC","easy",0.368,-1,1,-99,-0.099,0.62
43,"dotnumber","lowSC","average",0.368,-1,1,-99,-0.099,0.62
43,"dotnumber","lowSC","easy",0.385,1,1,-99,-0.099,0.62
43,"dotnumber","lowSC","easy",0.452,-1,0,-99,-0.099,0.62
43,"dotnumber","lowSC","easy",0.568,1,1,-99,-0.099,0.62
43,"dotnumber","lowSC","easy",0.368,-1,1,-99,-0.099,0.62
43,"dotnumber","lowSC","average",2.453,-1,1,-99,-0.099,0.62
43,"dotnumber","lowSC","hard",0.402,1,1,-99,-0.099,0.62
43,"dotnumber","lowSC","average",0.653,1,1,-99,-0.099,0.62
43,"dotnumber","lowSC","hard",0.368,-1,1,-99,-0.099,0.62
43,"dotnumber","lowSC","average",0.384,1,1,-99,-0.099,0.62
43,"dotnumber","lowSC","hard",0.436,-1,0,-99,-0.099,0.62
43,"dotnumber","lowSC","average",0.384,-1,0,-99,-0.099,0.62
43,"dotnumber","lowSC","easy",0.451,-1,1,-99,-0.099,0.62
43,"dotnumber","lowSC","easy",0.351,1,1,-99,-0.099,0.62
43,"dotnumber","lowSC","hard",0.419,-1,1,-99,-0.099,0.62
43,"dotnumber","lowSC","average",0.368,-1,1,-99,-0.099,0.62
43,"dotnumber","lowSC","hard",0.352,1,1,-99,-0.099,0.62
43,"dotnumber","lowSC","easy",0.352,-1,1,-99,-0.099,0.62
43,"dotnumber","lowSC","easy",0.385,1,1,-99,-0.099,0.53
43,"dotnumber","lowSC","hard",0.352,1,1,-99,-0.099,0.53
43,"dotnumber","lowSC","average",0.385,1,1,-99,-0.099,0.53
43,"dotnumber","lowSC","easy",0.367,-1,0,-99,-0.099,0.53
43,"dotnumber","lowSC","hard",0.552,1,1,-99,-0.099,0.53
43,"dotnumber","lowSC","hard",0.368,1,0,-99,-0.099,0.53
43,"dotnumber","lowSC","easy",0.368,1,1,-99,-0.099,0.53
43,"dotnumber","lowSC","easy",0.4,1,1,-99,-0.099,0.53
43,"dotnumber","lowSC","hard",0.501,1,1,-99,-0.099,0.53
43,"dotnumber","lowSC","easy",0.552,1,1,-99,-0.099,0.53
43,"dotnumber","lowSC","average",0.434,1,1,-99,-0.099,0.53
43,"dotnumber","lowSC","average",0.368,1,1,-99,-0.099,0.53
43,"dotnumber","lowSC","average",0.685,-1,1,-99,-0.099,0.53
43,"dotnumber","lowSC","hard",0.485,1,1,-99,-0.099,0.53
43,"dotnumber","lowSC","average",0.568,1,1,-99,-0.099,0.53
43,"dotnumber","lowSC","average",0.435,-1,1,-99,-0.099,0.53
43,"dotnumber","lowSC","average",0.601,1,0,-99,-0.099,0.53
43,"dotnumber","lowSC","hard",0.634,1,1,-99,-0.099,0.53
43,"dotnumber","lowSC","average",0.434,-1,1,-99,-0.099,0.53
43,"dotnumber","lowSC","hard",0.401,1,0,-99,-0.099,0.53
43,"dotnumber","lowSC","average",0.436,-1,1,-99,-0.099,0.53
43,"dotnumber","lowSC","easy",0.435,-1,1,-99,-0.099,0.53
43,"dotnumber","lowSC","easy",0.401,-1,1,-99,-0.099,0.53
43,"dotnumber","lowSC","easy",0.385,-1,1,-99,-0.099,0.53
43,"dotnumber","lowSC","hard",0.386,-1,1,-99,-0.099,0.63
43,"dotnumber","lowSC","hard",0.418,-1,0,-99,-0.099,0.63
43,"dotnumber","lowSC","hard",0.385,1,0,-99,-0.099,0.63
43,"dotnumber","lowSC","average",0.385,-1,1,-99,-0.099,0.63
43,"dotnumber","lowSC","hard",0.434,-1,1,-99,-0.099,0.63
43,"dotnumber","lowSC","easy",0.385,-1,1,-99,-0.099,0.63
43,"dotnumber","lowSC","average",1.202,1,1,-99,-0.099,0.63
43,"dotnumber","lowSC","easy",1.152,-1,1,-99,-0.099,0.63
43,"dotnumber","lowSC","easy",0.4,-1,1,-99,-0.099,0.63
43,"dotnumber","lowSC","average",0.385,-1,1,-99,-0.099,0.63
43,"dotnumber","lowSC","hard",0.65,1,0,-99,-0.099,0.63
43,"dotnumber","lowSC","average",0.502,-1,0,-99,-0.099,0.63
43,"dotnumber","lowSC","average",0.552,1,1,-99,-0.099,0.63
43,"dotnumber","lowSC","easy",0.969,1,1,-99,-0.099,0.63
43,"dotnumber","lowSC","easy",0.434,-1,1,-99,-0.099,0.63
43,"dotnumber","lowSC","hard",0.651,-1,0,-99,-0.099,0.63
43,"dotnumber","lowSC","easy",0.418,-1,1,-99,-0.099,0.63
43,"dotnumber","lowSC","hard",0.419,1,0,-99,-0.099,0.63
43,"dotnumber","lowSC","average",0.568,-1,1,-99,-0.099,0.63
43,"dotnumber","lowSC","easy",0.568,1,1,-99,-0.099,0.63
43,"dotnumber","lowSC","hard",0.484,-1,1,-99,-0.099,0.63
43,"dotnumber","lowSC","easy",0.701,1,1,-99,-0.099,0.63
43,"dotnumber","lowSC","easy",0.468,-1,1,-99,-0.099,0.63
43,"dotnumber","lowSC","easy",1.185,-1,1,-99,-0.099,0.56
43,"dotnumber","lowSC","hard",0.517,1,1,-99,-0.099,0.56
43,"dotnumber","lowSC","easy",0.469,-1,1,-99,-0.099,0.56
43,"dotnumber","lowSC","easy",0.451,1,1,-99,-0.099,0.56
43,"dotnumber","lowSC","hard",0.552,1,0,-99,-0.099,0.56
43,"dotnumber","lowSC","hard",0.451,-1,1,-99,-0.099,0.56
43,"dotnumber","lowSC","hard",0.602,1,0,-99,-0.099,0.56
43,"dotnumber","lowSC","hard",0.568,1,0,-99,-0.099,0.56
43,"dotnumber","lowSC","hard",1.853,-1,1,-99,-0.099,0.56
43,"dotnumber","lowSC","average",0.434,-1,1,-99,-0.099,0.56
43,"dotnumber","lowSC","hard",0.485,1,1,-99,-0.099,0.56
43,"dotnumber","lowSC","easy",0.418,-1,1,-99,-0.099,0.56
43,"dotnumber","lowSC","easy",0.536,-1,1,-99,-0.099,0.56
43,"dotnumber","lowSC","easy",0.352,1,1,-99,-0.099,0.56
43,"dotnumber","lowSC","average",0.418,-1,1,-99,-0.099,0.56
43,"dotnumber","lowSC","hard",0.451,1,1,-99,-0.099,0.56
43,"dotnumber","lowSC","average",0.351,-1,1,-99,-0.099,0.56
43,"dotnumber","lowSC","hard",0.485,-1,1,-99,-0.099,0.56
43,"dotnumber","lowSC","average",0.367,1,1,-99,-0.099,0.56
43,"dotnumber","lowSC","hard",0.369,-1,1,-99,-0.099,0.56
43,"dotnumber","lowSC","hard",0.384,-1,0,-99,-0.099,0.56
43,"dotnumber","lowSC","hard",0.902,1,1,-99,-0.099,0.56
43,"dotnumber","lowSC","hard",0.368,-1,1,-99,-0.099,0.56
43,"dotnumber","lowSC","hard",0.435,1,1,-99,-0.099,0.56
43,"xotask","highSC","average",1.452,1,0,-99,-0.099,0.97
43,"xotask","highSC","easy",1.002,1,1,-99,-0.099,0.97
43,"xotask","highSC","easy",0.784,1,1,-99,-0.099,0.97
43,"xotask","highSC","easy",0.552,-1,1,-99,-0.099,0.97
43,"xotask","highSC","hard",0.867,-1,1,-99,-0.099,0.97
43,"xotask","highSC","easy",0.852,1,1,-99,-0.099,0.97
43,"xotask","highSC","hard",0.801,-1,1,-99,-0.099,0.97
43,"xotask","highSC","average",0.534,-1,0,-99,-0.099,0.97
43,"xotask","highSC","hard",0.418,1,1,-99,-0.099,0.97
43,"xotask","highSC","easy",0.434,1,0,-99,-0.099,0.97
43,"xotask","highSC","hard",0.535,-1,1,-99,-0.099,0.97
43,"xotask","highSC","average",0.485,1,0,-99,-0.099,0.97
43,"xotask","highSC","hard",0.518,1,0,-99,-0.099,0.97
43,"xotask","highSC","hard",0.685,-1,0,-99,-0.099,0.97
43,"xotask","highSC","easy",0.502,-1,1,-99,-0.099,0.97
43,"xotask","highSC","easy",0.518,-1,1,-99,-0.099,0.97
43,"xotask","highSC","easy",0.384,1,1,-99,-0.099,0.97
43,"xotask","highSC","hard",0.452,1,1,-99,-0.099,0.97
43,"xotask","highSC","easy",0.402,1,1,-99,-0.099,0.97
43,"xotask","highSC","average",0.619,-1,1,-99,-0.099,0.97
43,"xotask","highSC","average",0.352,1,1,-99,-0.099,0.97
43,"xotask","highSC","easy",0.535,-1,1,-99,-0.099,0.97
43,"xotask","highSC","average",0.402,-1,1,-99,-0.099,0.97
43,"xotask","highSC","hard",0.437,-1,1,-99,-0.099,0.97
43,"xotask","highSC","easy",0.419,-1,1,-99,-0.099,0.83
43,"xotask","highSC","hard",0.484,1,1,-99,-0.099,0.83
43,"xotask","highSC","average",0.435,1,1,-99,-0.099,0.83
43,"xotask","highSC","hard",0.402,1,0,-99,-0.099,0.83
43,"xotask","highSC","easy",0.619,-1,1,-99,-0.099,0.83
43,"xotask","highSC","average",0.452,1,1,-99,-0.099,0.83
43,"xotask","highSC","hard",0.436,1,1,-99,-0.099,0.83
43,"xotask","highSC","easy",0.551,-1,1,-99,-0.099,0.83
43,"xotask","highSC","average",0.418,1,1,-99,-0.099,0.83
43,"xotask","highSC","hard",0.501,-1,0,-99,-0.099,0.83
43,"xotask","highSC","average",0.419,1,1,-99,-0.099,0.83
43,"xotask","highSC","easy",0.485,1,1,-99,-0.099,0.83
43,"xotask","highSC","easy",0.636,-1,1,-99,-0.099,0.83
43,"xotask","highSC","easy",0.468,1,1,-99,-0.099,0.83
43,"xotask","highSC","easy",0.384,1,1,-99,-0.099,0.83
43,"xotask","highSC","easy",0.401,1,1,-99,-0.099,0.83
43,"xotask","highSC","hard",0.417,1,1,-99,-0.099,0.83
43,"xotask","highSC","easy",0.569,-1,1,-99,-0.099,0.83
43,"xotask","highSC","hard",0.919,-1,0,-99,-0.099,0.83
43,"xotask","highSC","average",0.418,1,1,-99,-0.099,0.83
43,"xotask","highSC","average",0.434,1,1,-99,-0.099,0.83
43,"xotask","highSC","average",0.701,-1,1,-99,-0.099,0.83
43,"xotask","highSC","hard",0.536,-1,1,-99,-0.099,0.83
43,"xotask","highSC","average",0.451,-1,1,-99,-0.099,0.83
43,"xotask","highSC","average",0.485,1,1,-99,-0.099,0.89
43,"xotask","highSC","easy",0.434,-1,1,-99,-0.099,0.89
43,"xotask","highSC","easy",0.434,1,1,-99,-0.099,0.89
43,"xotask","highSC","hard",0.485,-1,0,-99,-0.099,0.89
43,"xotask","highSC","average",0.451,1,1,-99,-0.099,0.89
43,"xotask","highSC","average",0.535,-1,0,-99,-0.099,0.89
43,"xotask","highSC","average",0.468,-1,1,-99,-0.099,0.89
43,"xotask","highSC","easy",0.467,-1,1,-99,-0.099,0.89
43,"xotask","highSC","average",0.502,1,1,-99,-0.099,0.89
43,"xotask","highSC","easy",0.451,1,1,-99,-0.099,0.89
43,"xotask","highSC","average",0.452,1,1,-99,-0.099,0.89
43,"xotask","highSC","average",0.501,1,0,-99,-0.099,0.89
43,"xotask","highSC","hard",0.569,-1,0,-99,-0.099,0.89
43,"xotask","highSC","hard",0.569,-1,0,-99,-0.099,0.89
43,"xotask","highSC","hard",0.735,-1,1,-99,-0.099,0.89
43,"xotask","highSC","average",0.468,1,1,-99,-0.099,0.89
43,"xotask","highSC","hard",0.551,-1,1,-99,-0.099,0.89
43,"xotask","highSC","average",0.401,-1,1,-99,-0.099,0.89
43,"xotask","highSC","average",0.552,-1,0,-99,-0.099,0.89
43,"xotask","highSC","easy",0.401,-1,1,-99,-0.099,0.89
43,"xotask","highSC","hard",0.369,1,1,-99,-0.099,0.89
43,"xotask","highSC","hard",0.402,-1,1,-99,-0.099,0.89
43,"xotask","highSC","average",0.435,-1,1,-99,-0.099,0.89
43,"xotask","highSC","easy",0.568,1,1,-99,-0.099,0.89
43,"xotask","highSC","easy",0.402,1,1,-99,-0.099,0.92
43,"xotask","highSC","easy",0.384,-1,1,-99,-0.099,0.92
43,"xotask","highSC","average",0.402,1,1,-99,-0.099,0.92
43,"xotask","highSC","hard",0.368,-1,1,-99,-0.099,0.92
43,"xotask","highSC","easy",0.401,1,0,-99,-0.099,0.92
43,"xotask","highSC","easy",0.351,1,1,-99,-0.099,0.92
43,"xotask","highSC","hard",0.452,1,1,-99,-0.099,0.92
43,"xotask","highSC","easy",0.417,-1,1,-99,-0.099,0.92
43,"xotask","highSC","easy",0.402,1,1,-99,-0.099,0.92
43,"xotask","highSC","average",1.002,-1,1,-99,-0.099,0.92
43,"xotask","highSC","average",0.902,1,1,-99,-0.099,0.92
43,"xotask","highSC","average",0.435,-1,1,-99,-0.099,0.92
43,"xotask","highSC","hard",1.903,1,1,-99,-0.099,0.92
43,"xotask","highSC","hard",0.535,-1,0,-99,-0.099,0.92
43,"xotask","highSC","average",0.518,-1,0,-99,-0.099,0.92
43,"xotask","highSC","hard",0.652,1,1,-99,-0.099,0.92
43,"xotask","highSC","easy",0.417,1,1,-99,-0.099,0.92
43,"xotask","highSC","easy",0.619,1,1,-99,-0.099,0.92
43,"xotask","highSC","hard",0.435,-1,1,-99,-0.099,0.92
43,"xotask","highSC","average",0.451,-1,1,-99,-0.099,0.92
43,"xotask","highSC","average",0.436,-1,1,-99,-0.099,0.92
43,"xotask","highSC","average",0.451,-1,1,-99,-0.099,0.92
43,"xotask","highSC","easy",0.552,1,1,-99,-0.099,0.92
43,"xotask","highSC","easy",0.384,1,1,-99,-0.099,0.92
43,"xotask","highSC","average",0.401,-1,1,-99,-0.099,0.97
43,"xotask","highSC","hard",0.518,-1,0,-99,-0.099,0.97
43,"xotask","highSC","easy",0.518,-1,1,-99,-0.099,0.97
43,"xotask","highSC","hard",0.668,-1,0,-99,-0.099,0.97
43,"xotask","highSC","hard",0.434,-1,1,-99,-0.099,0.97
43,"xotask","highSC","average",0.452,1,1,-99,-0.099,0.97
43,"xotask","highSC","easy",0.501,-1,1,-99,-0.099,0.97
43,"xotask","highSC","easy",0.486,-1,1,-99,-0.099,0.97
43,"xotask","highSC","easy",0.468,1,0,-99,-0.099,0.97
43,"xotask","highSC","average",0.467,-1,1,-99,-0.099,0.97
43,"xotask","highSC","hard",0.501,1,1,-99,-0.099,0.97
43,"xotask","highSC","average",0.402,1,1,-99,-0.099,0.97
43,"xotask","highSC","average",0.485,-1,1,-99,-0.099,0.97
43,"xotask","highSC","hard",0.369,1,1,-99,-0.099,0.97
43,"xotask","highSC","average",0.485,1,1,-99,-0.099,0.97
43,"xotask","highSC","average",0.435,-1,1,-99,-0.099,0.97
43,"xotask","highSC","average",0.368,1,1,-99,-0.099,0.97
43,"xotask","highSC","hard",0.401,-1,1,-99,-0.099,0.97
43,"xotask","highSC","hard",0.435,-1,1,-99,-0.099,0.97
43,"xotask","highSC","hard",0.518,-1,1,-99,-0.099,0.97
43,"xotask","highSC","hard",0.469,1,1,-99,-0.099,0.97
43,"xotask","highSC","average",0.435,1,0,-99,-0.099,0.97
43,"xotask","highSC","average",0.736,1,1,-99,-0.099,0.97
43,"xotask","highSC","easy",0.518,-1,1,-99,-0.099,0.97
44,"dotnumber","lowSC","easy",1.151,-1,1,-99,-0.099,0.68
44,"dotnumber","lowSC","hard",0.751,1,0,-99,-0.099,0.68
44,"dotnumber","lowSC","average",1.085,-1,1,-99,-0.099,0.68
44,"dotnumber","lowSC","average",1.37,1,0,-99,-0.099,0.68
44,"dotnumber","lowSC","hard",0.618,1,0,-99,-0.099,0.68
44,"dotnumber","lowSC","hard",0.535,1,0,-99,-0.099,0.68
44,"dotnumber","lowSC","easy",0.385,1,1,-99,-0.099,0.68
44,"dotnumber","lowSC","hard",0.936,-1,1,-99,-0.099,0.68
44,"dotnumber","lowSC","average",1.02,1,1,-99,-0.099,0.68
44,"dotnumber","lowSC","hard",0.935,1,1,-99,-0.099,0.68
44,"dotnumber","lowSC","hard",1.953,1,0,-99,-0.099,0.68
44,"dotnumber","lowSC","hard",1.186,-1,1,-99,-0.099,0.68
44,"dotnumber","lowSC","easy",1.47,-1,1,-99,-0.099,0.68
44,"dotnumber","lowSC","easy",0.734,1,1,-99,-0.099,0.68
44,"dotnumber","lowSC","easy",1.302,1,0,-99,-0.099,0.68
44,"dotnumber","lowSC","easy",0.72,1,1,-99,-0.099,0.68
44,"dotnumber","lowSC","hard",0.718,1,1,-99,-0.099,0.68
44,"dotnumber","lowSC","easy",0.902,-1,1,-99,-0.099,0.68
44,"dotnumber","lowSC","hard",0.618,1,1,-99,-0.099,0.68
44,"dotnumber","lowSC","easy",0.385,1,1,-99,-0.099,0.68
44,"dotnumber","lowSC","average",0.35,1,1,-99,-0.099,0.68
44,"dotnumber","lowSC","hard",0.301,1,0,-99,-0.099,0.68
44,"dotnumber","lowSC","easy",0.602,1,0,-99,-0.099,0.68
44,"dotnumber","lowSC","easy",0.535,1,1,-99,-0.099,0.68
44,"dotnumber","lowSC","average",0.618,-1,1,-99,-0.099,0.55
44,"dotnumber","lowSC","average",0.368,1,1,-99,-0.099,0.55
44,"dotnumber","lowSC","easy",0.552,-1,1,-99,-0.099,0.55
44,"dotnumber","lowSC","hard",0.502,1,1,-99,-0.099,0.55
44,"dotnumber","lowSC","hard",0.369,1,0,-99,-0.099,0.55
44,"dotnumber","lowSC","average",0.401,1,1,-99,-0.099,0.55
44,"dotnumber","lowSC","easy",0.519,-1,1,-99,-0.099,0.55
44,"dotnumber","lowSC","easy",0.384,1,1,-99,-0.099,0.55
44,"dotnumber","lowSC","average",0.518,-1,1,-99,-0.099,0.55
44,"dotnumber","lowSC","hard",0.552,1,1,-99,-0.099,0.55
44,"dotnumber","lowSC","average",0.552,-1,1,-99,-0.099,0.55
44,"dotnumber","lowSC","hard",0.451,1,1,-99,-0.099,0.55
44,"dotnumber","lowSC","easy",0.551,-1,1,-99,-0.099,0.55
44,"dotnumber","lowSC","average",0.518,1,1,-99,-0.099,0.55
44,"dotnumber","lowSC","hard",0.635,-1,1,-99,-0.099,0.55
44,"dotnumber","lowSC","average",0.701,-1,1,-99,-0.099,0.55
44,"dotnumber","lowSC","easy",0.518,1,1,-99,-0.099,0.55
44,"dotnumber","lowSC","easy",0.368,1,1,-99,-0.099,0.55
44,"dotnumber","lowSC","hard",0.585,-1,0,-99,-0.099,0.55
44,"dotnumber","lowSC","hard",0.785,-1,1,-99,-0.099,0.55
44,"dotnumber","lowSC","hard",0.385,1,0,-99,-0.099,0.55
44,"dotnumber","lowSC","hard",0.602,-1,0,-99,-0.099,0.55
44,"dotnumber","lowSC","average",0.401,1,0,-99,-0.099,0.55
44,"dotnumber","lowSC","average",0.569,1,1,-99,-0.099,0.55
44,"dotnumber","lowSC","average",0.467,1,1,-99,-0.099,0.59
44,"dotnumber","lowSC","easy",0.3,1,1,-99,-0.099,0.59
44,"dotnumber","lowSC","hard",0.952,1,1,-99,-0.099,0.59
44,"dotnumber","lowSC","easy",0.251,1,0,-99,-0.099,0.59
44,"dotnumber","lowSC","hard",0.601,1,1,-99,-0.099,0.59
44,"dotnumber","lowSC","hard",0.617,-1,0,-99,-0.099,0.59
44,"dotnumber","lowSC","hard",0.484,1,1,-99,-0.099,0.59
44,"dotnumber","lowSC","easy",0.818,-1,1,-99,-0.099,0.59
44,"dotnumber","lowSC","average",0.652,-1,0,-99,-0.099,0.59
44,"dotnumber","lowSC","average",0.452,1,1,-99,-0.099,0.59
44,"dotnumber","lowSC","average",0.385,1,1,-99,-0.099,0.59
44,"dotnumber","lowSC","easy",0.669,-1,0,-99,-0.099,0.59
44,"dotnumber","lowSC","average",0.486,1,1,-99,-0.099,0.59
44,"dotnumber","lowSC","average",0.735,1,1,-99,-0.099,0.59
44,"dotnumber","lowSC","easy",0.601,1,1,-99,-0.099,0.59
44,"dotnumber","lowSC","easy",0.635,1,1,-99,-0.099,0.59
44,"dotnumber","lowSC","average",0.517,-1,1,-99,-0.099,0.59
44,"dotnumber","lowSC","average",0.635,-1,1,-99,-0.099,0.59
44,"dotnumber","lowSC","hard",0.82,1,0,-99,-0.099,0.59
44,"dotnumber","lowSC","average",0.567,-1,1,-99,-0.099,0.59
44,"dotnumber","lowSC","average",0.468,-1,1,-99,-0.099,0.59
44,"dotnumber","lowSC","easy",0.451,-1,1,-99,-0.099,0.59
44,"dotnumber","lowSC","hard",0.702,-1,0,-99,-0.099,0.59
44,"dotnumber","lowSC","hard",0.552,-1,1,-99,-0.099,0.59
44,"dotnumber","lowSC","average",0.434,-1,1,-99,-0.099,0.65
44,"dotnumber","lowSC","easy",0.436,-1,1,-99,-0.099,0.65
44,"dotnumber","lowSC","easy",0.585,-1,0,-99,-0.099,0.65
44,"dotnumber","lowSC","hard",0.719,-1,0,-99,-0.099,0.65
44,"dotnumber","lowSC","average",0.553,-1,1,-99,-0.099,0.65
44,"dotnumber","lowSC","easy",0.502,-1,1,-99,-0.099,0.65
44,"dotnumber","lowSC","average",0.834,1,1,-99,-0.099,0.65
44,"dotnumber","lowSC","hard",0.401,-1,1,-99,-0.099,0.65
44,"dotnumber","lowSC","hard",0.635,-1,1,-99,-0.099,0.65
44,"dotnumber","lowSC","average",0.668,-1,1,-99,-0.099,0.65
44,"dotnumber","lowSC","average",0.518,1,1,-99,-0.099,0.65
44,"dotnumber","lowSC","hard",0.718,-1,1,-99,-0.099,0.65
44,"dotnumber","lowSC","hard",0.585,-1,0,-99,-0.099,0.65
44,"dotnumber","lowSC","average",0.752,1,1,-99,-0.099,0.65
44,"dotnumber","lowSC","easy",0.653,1,1,-99,-0.099,0.65
44,"dotnumber","lowSC","average",0.701,1,0,-99,-0.099,0.65
44,"dotnumber","lowSC","average",0.819,1,0,-99,-0.099,0.65
44,"dotnumber","lowSC","hard",0.619,-1,1,-99,-0.099,0.65
44,"dotnumber","lowSC","easy",0.535,-1,1,-99,-0.099,0.65
44,"dotnumber","lowSC","easy",0.469,1,1,-99,-0.099,0.65
44,"dotnumber","lowSC","easy",0.869,1,0,-99,-0.099,0.65
44,"dotnumber","lowSC","easy",0.484,-1,1,-99,-0.099,0.65
44,"dotnumber","lowSC","easy",0.434,1,1,-99,-0.099,0.65
44,"dotnumber","lowSC","hard",0.601,1,1,-99,-0.099,0.65
44,"dotnumber","lowSC","easy",0.419,-1,1,-99,-0.099,0.57
44,"dotnumber","lowSC","easy",0.619,-1,1,-99,-0.099,0.57
44,"dotnumber","lowSC","hard",0.551,1,1,-99,-0.099,0.57
44,"dotnumber","lowSC","easy",0.451,1,1,-99,-0.099,0.57
44,"dotnumber","lowSC","easy",0.435,-1,1,-99,-0.099,0.57
44,"dotnumber","lowSC","hard",0.435,1,1,-99,-0.099,0.57
44,"dotnumber","lowSC","easy",0.435,1,1,-99,-0.099,0.57
44,"dotnumber","lowSC","hard",0.401,1,0,-99,-0.099,0.57
44,"dotnumber","lowSC","hard",0.635,1,1,-99,-0.099,0.57
44,"dotnumber","lowSC","easy",0.402,1,1,-99,-0.099,0.57
44,"dotnumber","lowSC","easy",0.501,-1,1,-99,-0.099,0.57
44,"dotnumber","lowSC","easy",0.518,-1,1,-99,-0.099,0.57
44,"dotnumber","lowSC","hard",0.552,-1,1,-99,-0.099,0.57
44,"dotnumber","lowSC","average",0.552,1,0,-99,-0.099,0.57
44,"dotnumber","lowSC","average",0.517,-1,1,-99,-0.099,0.57
44,"dotnumber","lowSC","average",0.435,-1,1,-99,-0.099,0.57
44,"dotnumber","lowSC","hard",0.568,1,0,-99,-0.099,0.57
44,"dotnumber","lowSC","easy",0.452,1,1,-99,-0.099,0.57
44,"dotnumber","lowSC","easy",0.535,-1,1,-99,-0.099,0.57
44,"dotnumber","lowSC","easy",0.368,1,1,-99,-0.099,0.57
44,"dotnumber","lowSC","average",0.686,1,0,-99,-0.099,0.57
44,"dotnumber","lowSC","average",0.352,1,1,-99,-0.099,0.57
44,"dotnumber","lowSC","hard",0.451,-1,1,-99,-0.099,0.57
44,"dotnumber","lowSC","hard",0.368,1,0,-99,-0.099,0.57
44,"xotask","highSC","average",2.087,1,1,-99,-0.099,0.97
44,"xotask","highSC","easy",0.769,1,1,-99,-0.099,0.97
44,"xotask","highSC","average",1.052,1,1,-99,-0.099,0.97
44,"xotask","highSC","easy",1.203,-1,0,-99,-0.099,0.97
44,"xotask","highSC","average",1.253,-1,0,-99,-0.099,0.97
44,"xotask","highSC","average",1.119,1,0,-99,-0.099,0.97
44,"xotask","highSC","easy",0.785,1,0,-99,-0.099,0.97
44,"xotask","highSC","easy",0.651,-1,1,-99,-0.099,0.97
44,"xotask","highSC","easy",1.102,1,1,-99,-0.099,0.97
44,"xotask","highSC","easy",1.237,1,1,-99,-0.099,0.97
44,"xotask","highSC","average",1.002,1,1,-99,-0.099,0.97
44,"xotask","highSC","easy",0.752,-1,1,-99,-0.099,0.97
44,"xotask","highSC","hard",0.768,1,1,-99,-0.099,0.97
44,"xotask","highSC","hard",0.686,-1,1,-99,-0.099,0.97
44,"xotask","highSC","average",1.019,1,1,-99,-0.099,0.97
44,"xotask","highSC","easy",0.785,1,1,-99,-0.099,0.97
44,"xotask","highSC","average",0.719,-1,1,-99,-0.099,0.97
44,"xotask","highSC","hard",0.751,-1,1,-99,-0.099,0.97
44,"xotask","highSC","average",0.919,1,1,-99,-0.099,0.97
44,"xotask","highSC","hard",0.868,-1,0,-99,-0.099,0.97
44,"xotask","highSC","average",0.803,-1,1,-99,-0.099,0.97
44,"xotask","highSC","easy",0.702,-1,1,-99,-0.099,0.97
44,"xotask","highSC","hard",0.719,-1,0,-99,-0.099,0.97
44,"xotask","highSC","hard",0.768,1,1,-99,-0.099,0.97
44,"xotask","highSC","easy",0.736,-1,1,-99,-0.099,0.82
44,"xotask","highSC","average",0.769,1,1,-99,-0.099,0.82
44,"xotask","highSC","average",0.885,1,1,-99,-0.099,0.82
44,"xotask","highSC","average",0.618,1,1,-99,-0.099,0.82
44,"xotask","highSC","easy",1.102,-1,1,-99,-0.099,0.82
44,"xotask","highSC","hard",1.486,1,1,-99,-0.099,0.82
44,"xotask","highSC","average",1.052,-1,1,-99,-0.099,0.82
44,"xotask","highSC","hard",0.618,-1,1,-99,-0.099,0.82
44,"xotask","highSC","average",1.069,1,0,-99,-0.099,0.82
44,"xotask","highSC","hard",0.636,-1,0,-99,-0.099,0.82
44,"xotask","highSC","hard",0.735,-1,1,-99,-0.099,0.82
44,"xotask","highSC","hard",0.835,-1,1,-99,-0.099,0.82
44,"xotask","highSC","hard",0.902,1,1,-99,-0.099,0.82
44,"xotask","highSC","easy",0.669,-1,1,-99,-0.099,0.82
44,"xotask","highSC","hard",0.702,1,0,-99,-0.099,0.82
44,"xotask","highSC","average",0.736,-1,0,-99,-0.099,0.82
44,"xotask","highSC","easy",0.735,1,1,-99,-0.099,0.82
44,"xotask","highSC","easy",0.701,-1,1,-99,-0.099,0.82
44,"xotask","highSC","hard",0.801,1,1,-99,-0.099,0.82
44,"xotask","highSC","hard",1.153,1,1,-99,-0.099,0.82
44,"xotask","highSC","average",0.535,-1,1,-99,-0.099,0.82
44,"xotask","highSC","hard",0.702,-1,1,-99,-0.099,0.82
44,"xotask","highSC","average",0.701,-1,1,-99,-0.099,0.82
44,"xotask","highSC","easy",0.569,-1,1,-99,-0.099,0.82
44,"xotask","highSC","average",0.767,-1,1,-99,-0.099,0.93
44,"xotask","highSC","hard",0.919,-1,1,-99,-0.099,0.93
44,"xotask","highSC","average",1.235,1,1,-99,-0.099,0.93
44,"xotask","highSC","easy",0.468,-1,0,-99,-0.099,0.93
44,"xotask","highSC","average",1.47,-1,1,-99,-0.099,0.93
44,"xotask","highSC","hard",0.902,-1,0,-99,-0.099,0.93
44,"xotask","highSC","hard",1.319,1,1,-99,-0.099,0.93
44,"xotask","highSC","hard",1.57,1,1,-99,-0.099,0.93
44,"xotask","highSC","easy",0.703,1,1,-99,-0.099,0.93
44,"xotask","highSC","average",0.652,1,1,-99,-0.099,0.93
44,"xotask","highSC","easy",0.669,-1,1,-99,-0.099,0.93
44,"xotask","highSC","hard",0.936,-1,1,-99,-0.099,0.93
44,"xotask","highSC","easy",0.769,1,1,-99,-0.099,0.93
44,"xotask","highSC","hard",0.801,-1,1,-99,-0.099,0.93
44,"xotask","highSC","average",0.686,-1,1,-99,-0.099,0.93
44,"xotask","highSC","average",0.735,-1,0,-99,-0.099,0.93
44,"xotask","highSC","easy",0.669,-1,1,-99,-0.099,0.93
44,"xotask","highSC","hard",1.219,1,1,-99,-0.099,0.93
44,"xotask","highSC","average",1.002,1,1,-99,-0.099,0.93
44,"xotask","highSC","average",0.601,1,1,-99,-0.099,0.93
44,"xotask","highSC","average",0.619,1,1,-99,-0.099,0.93
44,"xotask","highSC","hard",0.886,-1,0,-99,-0.099,0.93
44,"xotask","highSC","hard",0.735,-1,1,-99,-0.099,0.93
44,"xotask","highSC","hard",0.885,1,1,-99,-0.099,0.93
44,"xotask","highSC","average",0.585,1,1,-99,-0.099,0.89
44,"xotask","highSC","average",0.534,1,1,-99,-0.099,0.89
44,"xotask","highSC","hard",0.768,-1,1,-99,-0.099,0.89
44,"xotask","highSC","easy",0.719,1,1,-99,-0.099,0.89
44,"xotask","highSC","easy",0.635,1,1,-99,-0.099,0.89
44,"xotask","highSC","easy",0.452,1,1,-99,-0.099,0.89
44,"xotask","highSC","hard",0.886,-1,0,-99,-0.099,0.89
44,"xotask","highSC","hard",0.953,-1,1,-99,-0.099,0.89
44,"xotask","highSC","average",0.818,1,1,-99,-0.099,0.89
44,"xotask","highSC","average",0.635,-1,1,-99,-0.099,0.89
44,"xotask","highSC","average",0.784,-1,1,-99,-0.099,0.89
44,"xotask","highSC","average",0.635,-1,1,-99,-0.099,0.89
44,"xotask","highSC","average",0.935,-1,1,-99,-0.099,0.89
44,"xotask","highSC","average",0.668,-1,1,-99,-0.099,0.89
44,"xotask","highSC","hard",0.769,-1,1,-99,-0.099,0.89
44,"xotask","highSC","easy",0.635,-1,1,-99,-0.099,0.89
44,"xotask","highSC","easy",0.635,1,1,-99,-0.099,0.89
44,"xotask","highSC","easy",0.602,-1,1,-99,-0.099,0.89
44,"xotask","highSC","easy",0.619,-1,1,-99,-0.099,0.89
44,"xotask","highSC","hard",0.451,1,0,-99,-0.099,0.89
44,"xotask","highSC","easy",0.751,-1,1,-99,-0.099,0.89
44,"xotask","highSC","easy",0.786,1,1,-99,-0.099,0.89
44,"xotask","highSC","easy",0.702,1,0,-99,-0.099,0.89
44,"xotask","highSC","hard",0.718,-1,0,-99,-0.099,0.89
44,"xotask","highSC","average",0.668,-1,1,-99,-0.099,0.92
44,"xotask","highSC","hard",0.601,-1,1,-99,-0.099,0.92
44,"xotask","highSC","average",0.835,1,1,-99,-0.099,0.92
44,"xotask","highSC","hard",0.768,-1,1,-99,-0.099,0.92
44,"xotask","highSC","average",0.634,1,1,-99,-0.099,0.92
44,"xotask","highSC","hard",0.985,-1,0,-99,-0.099,0.92
44,"xotask","highSC","hard",0.952,-1,1,-99,-0.099,0.92
44,"xotask","highSC","average",0.584,1,1,-99,-0.099,0.92
44,"xotask","highSC","easy",0.703,1,1,-99,-0.099,0.92
44,"xotask","highSC","hard",0.702,1,1,-99,-0.099,0.92
44,"xotask","highSC","easy",0.652,-1,1,-99,-0.099,0.92
44,"xotask","highSC","hard",0.986,-1,1,-99,-0.099,0.92
44,"xotask","highSC","easy",0.918,1,0,-99,-0.099,0.92
44,"xotask","highSC","average",0.685,1,1,-99,-0.099,0.92
44,"xotask","highSC","average",0.702,-1,1,-99,-0.099,0.92
44,"xotask","highSC","easy",0.635,-1,1,-99,-0.099,0.92
44,"xotask","highSC","easy",0.869,-1,1,-99,-0.099,0.92
44,"xotask","highSC","easy",0.635,-1,1,-99,-0.099,0.92
44,"xotask","highSC","hard",0.652,-1,1,-99,-0.099,0.92
44,"xotask","highSC","average",0.619,1,1,-99,-0.099,0.92
44,"xotask","highSC","average",0.586,1,1,-99,-0.099,0.92
44,"xotask","highSC","average",0.635,-1,0,-99,-0.099,0.92
44,"xotask","highSC","average",0.751,-1,1,-99,-0.099,0.92
44,"xotask","highSC","average",0.551,-1,1,-99,-0.099,0.92
44,"dotcolour","mediumSC","easy",1.168,-1,1,-99,-0.099,0.71
44,"dotcolour","mediumSC","hard",1.304,-1,1,-99,-0.099,0.71
44,"dotcolour","mediumSC","average",0.736,-1,1,-99,-0.099,0.71
44,"dotcolour","mediumSC","easy",0.485,-1,1,-99,-0.099,0.71
44,"dotcolour","mediumSC","easy",0.551,1,1,-99,-0.099,0.71
44,"dotcolour","mediumSC","easy",0.869,1,1,-99,-0.099,0.71
44,"dotcolour","mediumSC","hard",0.785,1,1,-99,-0.099,0.71
44,"dotcolour","mediumSC","average",0.619,-1,1,-99,-0.099,0.71
44,"dotcolour","mediumSC","average",0.568,-1,1,-99,-0.099,0.71
44,"dotcolour","mediumSC","easy",0.485,1,1,-99,-0.099,0.71
44,"dotcolour","mediumSC","easy",0.452,-1,1,-99,-0.099,0.71
44,"dotcolour","mediumSC","average",0.551,1,0,-99,-0.099,0.71
44,"dotcolour","mediumSC","hard",0.869,-1,1,-99,-0.099,0.71
44,"dotcolour","mediumSC","easy",0.635,1,1,-99,-0.099,0.71
44,"dotcolour","mediumSC","average",1.002,1,1,-99,-0.099,0.71
44,"dotcolour","mediumSC","hard",0.685,-1,0,-99,-0.099,0.71
44,"dotcolour","mediumSC","easy",0.604,1,1,-99,-0.099,0.71
44,"dotcolour","mediumSC","average",1.22,1,1,-99,-0.099,0.71
44,"dotcolour","mediumSC","average",0.535,-1,1,-99,-0.099,0.71
44,"dotcolour","mediumSC","hard",0.902,-1,1,-99,-0.099,0.71
44,"dotcolour","mediumSC","hard",0.72,-1,1,-99,-0.099,0.71
44,"dotcolour","mediumSC","easy",0.652,-1,1,-99,-0.099,0.71
44,"dotcolour","mediumSC","hard",0.635,-1,0,-99,-0.099,0.71
44,"dotcolour","mediumSC","easy",0.634,-1,1,-99,-0.099,0.71
44,"dotcolour","mediumSC","hard",0.652,-1,1,-99,-0.099,0.75
44,"dotcolour","mediumSC","easy",0.535,-1,1,-99,-0.099,0.75
44,"dotcolour","mediumSC","hard",0.701,-1,1,-99,-0.099,0.75
44,"dotcolour","mediumSC","average",0.586,-1,1,-99,-0.099,0.75
44,"dotcolour","mediumSC","easy",0.635,1,1,-99,-0.099,0.75
44,"dotcolour","mediumSC","easy",0.635,1,1,-99,-0.099,0.75
44,"dotcolour","mediumSC","average",0.667,1,1,-99,-0.099,0.75
44,"dotcolour","mediumSC","easy",0.718,1,1,-99,-0.099,0.75
44,"dotcolour","mediumSC","hard",0.902,-1,0,-99,-0.099,0.75
44,"dotcolour","mediumSC","easy",0.535,1,1,-99,-0.099,0.75
44,"dotcolour","mediumSC","easy",0.668,-1,1,-99,-0.099,0.75
44,"dotcolour","mediumSC","average",1.052,1,1,-99,-0.099,0.75
44,"dotcolour","mediumSC","easy",0.619,1,1,-99,-0.099,0.75
44,"dotcolour","mediumSC","hard",0.702,-1,0,-99,-0.099,0.75
44,"dotcolour","mediumSC","easy",0.569,1,1,-99,-0.099,0.75
44,"dotcolour","mediumSC","easy",0.635,-1,1,-99,-0.099,0.75
44,"dotcolour","mediumSC","average",0.668,1,1,-99,-0.099,0.75
44,"dotcolour","mediumSC","hard",0.701,-1,1,-99,-0.099,0.75
44,"dotcolour","mediumSC","hard",0.702,-1,1,-99,-0.099,0.75
44,"dotcolour","mediumSC","hard",0.619,1,0,-99,-0.099,0.75
44,"dotcolour","mediumSC","easy",0.735,1,1,-99,-0.099,0.75
44,"dotcolour","mediumSC","average",0.651,1,1,-99,-0.099,0.75
44,"dotcolour","mediumSC","hard",0.786,-1,1,-99,-0.099,0.75
44,"dotcolour","mediumSC","hard",0.553,1,0,-99,-0.099,0.75
44,"dotcolour","mediumSC","easy",0.569,-1,1,-99,-0.099,0.75
44,"dotcolour","mediumSC","easy",0.835,-1,1,-99,-0.099,0.75
44,"dotcolour","mediumSC","easy",0.535,1,1,-99,-0.099,0.75
44,"dotcolour","mediumSC","average",0.601,-1,1,-99,-0.099,0.75
44,"dotcolour","mediumSC","average",0.651,-1,1,-99,-0.099,0.75
44,"dotcolour","mediumSC","easy",0.651,1,1,-99,-0.099,0.75
44,"dotcolour","mediumSC","average",0.969,-1,0,-99,-0.099,0.75
44,"dotcolour","mediumSC","easy",1.002,1,1,-99,-0.099,0.75
44,"dotcolour","mediumSC","easy",0.668,1,1,-99,-0.099,0.75
44,"dotcolour","mediumSC","hard",0.835,-1,0,-99,-0.099,0.75
44,"dotcolour","mediumSC","average",0.568,1,1,-99,-0.099,0.75
44,"dotcolour","mediumSC","hard",0.768,-1,0,-99,-0.099,0.75
44,"dotcolour","mediumSC","easy",0.618,1,1,-99,-0.099,0.75
44,"dotcolour","mediumSC","easy",0.651,-1,1,-99,-0.099,0.75
44,"dotcolour","mediumSC","easy",0.768,-1,1,-99,-0.099,0.75
44,"dotcolour","mediumSC","hard",0.585,-1,1,-99,-0.099,0.75
44,"dotcolour","mediumSC","average",0.536,-1,1,-99,-0.099,0.75
44,"dotcolour","mediumSC","hard",0.685,-1,1,-99,-0.099,0.75
44,"dotcolour","mediumSC","average",0.569,-1,1,-99,-0.099,0.75
44,"dotcolour","mediumSC","hard",0.634,-1,1,-99,-0.099,0.75
44,"dotcolour","mediumSC","easy",0.601,1,1,-99,-0.099,0.75
44,"dotcolour","mediumSC","hard",1.102,-1,0,-99,-0.099,0.75
44,"dotcolour","mediumSC","hard",1.053,-1,1,-99,-0.099,0.75
44,"dotcolour","mediumSC","easy",1.051,-1,1,-99,-0.099,0.75
44,"dotcolour","mediumSC","easy",0.651,1,1,-99,-0.099,0.74
44,"dotcolour","mediumSC","easy",0.719,1,1,-99,-0.099,0.74
44,"dotcolour","mediumSC","easy",0.552,1,1,-99,-0.099,0.74
44,"dotcolour","mediumSC","hard",0.734,-1,1,-99,-0.099,0.74
44,"dotcolour","mediumSC","easy",0.603,1,1,-99,-0.099,0.74
44,"dotcolour","mediumSC","easy",0.501,1,1,-99,-0.099,0.74
44,"dotcolour","mediumSC","hard",0.918,-1,0,-99,-0.099,0.74
44,"dotcolour","mediumSC","average",0.634,1,1,-99,-0.099,0.74
44,"dotcolour","mediumSC","easy",0.617,-1,1,-99,-0.099,0.74
44,"dotcolour","mediumSC","easy",0.568,-1,0,-99,-0.099,0.74
44,"dotcolour","mediumSC","easy",0.769,1,1,-99,-0.099,0.74
44,"dotcolour","mediumSC","average",0.686,1,1,-99,-0.099,0.74
44,"dotcolour","mediumSC","hard",1.386,1,1,-99,-0.099,0.74
44,"dotcolour","mediumSC","average",0.669,1,1,-99,-0.099,0.74
44,"dotcolour","mediumSC","hard",0.802,-1,0,-99,-0.099,0.74
44,"dotcolour","mediumSC","average",0.702,-1,1,-99,-0.099,0.74
44,"dotcolour","mediumSC","hard",0.686,1,1,-99,-0.099,0.74
44,"dotcolour","mediumSC","hard",0.835,-1,1,-99,-0.099,0.74
44,"dotcolour","mediumSC","average",0.618,1,1,-99,-0.099,0.74
44,"dotcolour","mediumSC","hard",0.785,-1,0,-99,-0.099,0.74
44,"dotcolour","mediumSC","average",0.701,1,1,-99,-0.099,0.74
44,"dotcolour","mediumSC","easy",0.802,1,1,-99,-0.099,0.74
44,"dotcolour","mediumSC","hard",0.618,1,1,-99,-0.099,0.74
44,"dotcolour","mediumSC","average",0.617,1,1,-99,-0.099,0.74
44,"dotcolour","mediumSC","hard",0.902,-1,0,-99,-0.099,0.81
44,"dotcolour","mediumSC","easy",0.685,1,1,-99,-0.099,0.81
44,"dotcolour","mediumSC","hard",0.652,-1,1,-99,-0.099,0.81
44,"dotcolour","mediumSC","average",0.752,1,1,-99,-0.099,0.81
44,"dotcolour","mediumSC","average",0.568,1,1,-99,-0.099,0.81
44,"dotcolour","mediumSC","average",0.753,1,1,-99,-0.099,0.81
44,"dotcolour","mediumSC","easy",0.585,1,1,-99,-0.099,0.81
44,"dotcolour","mediumSC","easy",0.701,-1,1,-99,-0.099,0.81
44,"dotcolour","mediumSC","easy",0.569,1,1,-99,-0.099,0.81
44,"dotcolour","mediumSC","average",0.552,1,1,-99,-0.099,0.81
44,"dotcolour","mediumSC","hard",0.651,-1,1,-99,-0.099,0.81
44,"dotcolour","mediumSC","average",0.785,-1,1,-99,-0.099,0.81
44,"dotcolour","mediumSC","hard",1.202,-1,0,-99,-0.099,0.81
44,"dotcolour","mediumSC","easy",0.668,-1,1,-99,-0.099,0.81
44,"dotcolour","mediumSC","hard",0.735,-1,1,-99,-0.099,0.81
44,"dotcolour","mediumSC","hard",0.518,-1,1,-99,-0.099,0.81
44,"dotcolour","mediumSC","easy",0.502,1,1,-99,-0.099,0.81
44,"dotcolour","mediumSC","hard",0.619,-1,0,-99,-0.099,0.81
44,"dotcolour","mediumSC","average",0.686,-1,1,-99,-0.099,0.81
44,"dotcolour","mediumSC","average",0.635,1,1,-99,-0.099,0.81
44,"dotcolour","mediumSC","easy",0.669,-1,1,-99,-0.099,0.81
44,"dotcolour","mediumSC","easy",0.719,1,1,-99,-0.099,0.81
44,"dotcolour","mediumSC","easy",0.452,-1,1,-99,-0.099,0.81
44,"dotcolour","mediumSC","easy",0.521,-1,1,-99,-0.099,0.81
45,"xotask","mediumSC","average",1.703,-1,0,-99,-0.099,0.8
45,"xotask","mediumSC","hard",1.637,1,0,-99,-0.099,0.8
45,"xotask","mediumSC","hard",0.918,-1,1,-99,-0.099,0.8
45,"xotask","mediumSC","hard",1.452,-1,0,-99,-0.099,0.8
45,"xotask","mediumSC","hard",1.203,-1,0,-99,-0.099,0.8
45,"xotask","mediumSC","hard",1.035,1,1,-99,-0.099,0.8
45,"xotask","mediumSC","easy",0.935,1,1,-99,-0.099,0.8
45,"xotask","mediumSC","average",0.653,-1,1,-99,-0.099,0.8
45,"xotask","mediumSC","average",0.635,1,1,-99,-0.099,0.8
45,"xotask","mediumSC","easy",0.852,1,1,-99,-0.099,0.8
45,"xotask","mediumSC","hard",0.718,-1,0,-99,-0.099,0.8
45,"xotask","mediumSC","easy",0.685,1,1,-99,-0.099,0.8
45,"xotask","mediumSC","hard",1.168,-1,1,-99,-0.099,0.8
45,"xotask","mediumSC","easy",0.869,-1,1,-99,-0.099,0.8
45,"xotask","mediumSC","easy",0.718,1,1,-99,-0.099,0.8
45,"xotask","mediumSC","easy",0.752,-1,1,-99,-0.099,0.8
45,"xotask","mediumSC","easy",0.936,-1,1,-99,-0.099,0.8
45,"xotask","mediumSC","hard",0.868,-1,0,-99,-0.099,0.8
45,"xotask","mediumSC","average",0.735,1,1,-99,-0.099,0.8
45,"xotask","mediumSC","average",0.651,1,1,-99,-0.099,0.8
45,"xotask","mediumSC","hard",0.735,1,1,-99,-0.099,0.8
45,"xotask","mediumSC","easy",0.669,1,1,-99,-0.099,0.8
45,"xotask","mediumSC","hard",1.003,1,1,-99,-0.099,0.8
45,"xotask","mediumSC","easy",0.835,-1,1,-99,-0.099,0.8
45,"xotask","mediumSC","average",0.685,-1,1,-99,-0.099,0.7
45,"xotask","mediumSC","easy",0.685,1,1,-99,-0.099,0.7
45,"xotask","mediumSC","easy",0.635,1,1,-99,-0.099,0.7
45,"xotask","mediumSC","hard",0.969,1,1,-99,-0.099,0.7
45,"xotask","mediumSC","hard",0.736,-1,1,-99,-0.099,0.7
45,"xotask","mediumSC","hard",0.651,1,1,-99,-0.099,0.7
45,"xotask","mediumSC","average",0.668,-1,1,-99,-0.099,0.7
45,"xotask","mediumSC","average",0.886,-1,1,-99,-0.099,0.7
45,"xotask","mediumSC","easy",0.836,-1,1,-99,-0.099,0.7
45,"xotask","mediumSC","average",0.835,-1,1,-99,-0.099,0.7
45,"xotask","mediumSC","easy",0.819,1,0,-99,-0.099,0.7
45,"xotask","mediumSC","easy",0.586,1,1,-99,-0.099,0.7
45,"xotask","mediumSC","easy",0.852,-1,1,-99,-0.099,0.7
45,"xotask","mediumSC","hard",0.519,-1,0,-99,-0.099,0.7
45,"xotask","mediumSC","easy",0.585,1,1,-99,-0.099,0.7
45,"xotask","mediumSC","hard",1.219,-1,1,-99,-0.099,0.7
45,"xotask","mediumSC","hard",0.869,-1,1,-99,-0.099,0.7
45,"xotask","mediumSC","average",0.585,1,1,-99,-0.099,0.7
45,"xotask","mediumSC","easy",0.786,-1,1,-99,-0.099,0.7
45,"xotask","mediumSC","average",0.568,1,1,-99,-0.099,0.7
45,"xotask","mediumSC","average",0.768,-1,1,-99,-0.099,0.7
45,"xotask","mediumSC","easy",0.568,1,1,-99,-0.099,0.7
45,"xotask","mediumSC","easy",0.485,1,1,-99,-0.099,0.7
45,"xotask","mediumSC","easy",0.618,-1,1,-99,-0.099,0.7
45,"xotask","mediumSC","hard",0.935,1,1,-99,-0.099,0.73
45,"xotask","mediumSC","hard",0.552,-1,1,-99,-0.099,0.73
45,"xotask","mediumSC","easy",0.586,-1,1,-99,-0.099,0.73
45,"xotask","mediumSC","easy",0.569,1,1,-99,-0.099,0.73
45,"xotask","mediumSC","average",0.535,-1,1,-99,-0.099,0.73
45,"xotask","mediumSC","hard",0.684,1,1,-99,-0.099,0.73
45,"xotask","mediumSC","easy",1.421,-1,1,-99,-0.099,0.73
45,"xotask","mediumSC","easy",0.535,-1,1,-99,-0.099,0.73
45,"xotask","mediumSC","average",0.418,-1,1,-99,-0.099,0.73
45,"xotask","mediumSC","easy",0.451,-1,1,-99,-0.099,0.73
45,"xotask","mediumSC","hard",0.651,1,1,-99,-0.099,0.73
45,"xotask","mediumSC","easy",0.568,-1,1,-99,-0.099,0.73
45,"xotask","mediumSC","easy",0.685,1,1,-99,-0.099,0.73
45,"xotask","mediumSC","easy",0.801,1,1,-99,-0.099,0.73
45,"xotask","mediumSC","easy",0.551,-1,1,-99,-0.099,0.73
45,"xotask","mediumSC","easy",0.668,1,1,-99,-0.099,0.73
45,"xotask","mediumSC","easy",0.868,1,1,-99,-0.099,0.73
45,"xotask","mediumSC","average",0.734,1,1,-99,-0.099,0.73
45,"xotask","mediumSC","hard",0.518,1,1,-99,-0.099,0.73
45,"xotask","mediumSC","easy",0.601,1,1,-99,-0.099,0.73
45,"xotask","mediumSC","hard",0.501,-1,1,-99,-0.099,0.73
45,"xotask","mediumSC","hard",1.286,-1,1,-99,-0.099,0.73
45,"xotask","mediumSC","average",0.985,1,0,-99,-0.099,0.73
45,"xotask","mediumSC","average",1.019,-1,1,-99,-0.099,0.73
45,"xotask","mediumSC","hard",1.252,-1,1,-99,-0.099,0.82
45,"xotask","mediumSC","hard",1.12,1,0,-99,-0.099,0.82
45,"xotask","mediumSC","average",0.986,-1,1,-99,-0.099,0.82
45,"xotask","mediumSC","average",0.851,1,1,-99,-0.099,0.82
45,"xotask","mediumSC","easy",0.801,-1,0,-99,-0.099,0.82
45,"xotask","mediumSC","hard",0.769,1,1,-99,-0.099,0.82
45,"xotask","mediumSC","average",0.667,1,1,-99,-0.099,0.82
45,"xotask","mediumSC","hard",0.868,1,1,-99,-0.099,0.82
45,"xotask","mediumSC","easy",0.518,1,1,-99,-0.099,0.82
45,"xotask","mediumSC","easy",0.619,-1,1,-99,-0.099,0.82
45,"xotask","mediumSC","average",0.886,1,1,-99,-0.099,0.82
45,"xotask","mediumSC","easy",0.567,-1,1,-99,-0.099,0.82
45,"xotask","mediumSC","easy",1.469,1,1,-99,-0.099,0.82
45,"xotask","mediumSC","easy",0.868,1,1,-99,-0.099,0.82
45,"xotask","mediumSC","hard",0.785,1,0,-99,-0.099,0.82
45,"xotask","mediumSC","hard",0.801,-1,0,-99,-0.099,0.82
45,"xotask","mediumSC","easy",0.652,1,1,-99,-0.099,0.82
45,"xotask","mediumSC","hard",0.635,1,1,-99,-0.099,0.82
45,"xotask","mediumSC","hard",0.886,-1,1,-99,-0.099,0.82
45,"xotask","mediumSC","average",1.035,1,1,-99,-0.099,0.82
45,"xotask","mediumSC","hard",0.719,-1,1,-99,-0.099,0.82
45,"xotask","mediumSC","easy",0.65,-1,1,-99,-0.099,0.82
45,"xotask","mediumSC","hard",0.686,1,1,-99,-0.099,0.82
45,"xotask","mediumSC","average",0.535,-1,1,-99,-0.099,0.82
45,"xotask","mediumSC","easy",0.552,-1,1,-99,-0.099,0.81
45,"xotask","mediumSC","easy",0.451,-1,1,-99,-0.099,0.81
45,"xotask","mediumSC","hard",0.418,-1,1,-99,-0.099,0.81
45,"xotask","mediumSC","average",0.584,1,1,-99,-0.099,0.81
45,"xotask","mediumSC","easy",0.652,1,1,-99,-0.099,0.81
45,"xotask","mediumSC","hard",0.535,1,1,-99,-0.099,0.81
45,"xotask","mediumSC","easy",0.401,1,0,-99,-0.099,0.81
45,"xotask","mediumSC","hard",0.535,-1,1,-99,-0.099,0.81
45,"xotask","mediumSC","hard",0.652,-1,0,-99,-0.099,0.81
45,"xotask","mediumSC","easy",0.752,-1,1,-99,-0.099,0.81
45,"xotask","mediumSC","easy",0.552,1,1,-99,-0.099,0.81
45,"xotask","mediumSC","hard",0.769,-1,1,-99,-0.099,0.81
45,"xotask","mediumSC","hard",1.019,1,1,-99,-0.099,0.81
45,"xotask","mediumSC","easy",0.518,-1,1,-99,-0.099,0.81
45,"xotask","mediumSC","hard",0.785,1,0,-99,-0.099,0.81
45,"xotask","mediumSC","average",0.551,-1,1,-99,-0.099,0.81
45,"xotask","mediumSC","average",0.585,-1,1,-99,-0.099,0.81
45,"xotask","mediumSC","average",0.619,1,0,-99,-0.099,0.81
45,"xotask","mediumSC","hard",0.851,1,1,-99,-0.099,0.81
45,"xotask","mediumSC","hard",0.651,1,1,-99,-0.099,0.81
45,"xotask","mediumSC","hard",0.552,-1,0,-99,-0.099,0.81
45,"xotask","mediumSC","easy",0.618,-1,1,-99,-0.099,0.81
45,"xotask","mediumSC","hard",0.669,-1,0,-99,-0.099,0.81
45,"xotask","mediumSC","hard",1.369,-1,1,-99,-0.099,0.81
45,"dotcolour","lowSC","average",1.036,-1,1,-99,-0.099,0.67
45,"dotcolour","lowSC","hard",0.635,1,0,-99,-0.099,0.67
45,"dotcolour","lowSC","hard",0.669,-1,0,-99,-0.099,0.67
45,"dotcolour","lowSC","hard",0.719,1,0,-99,-0.099,0.67
45,"dotcolour","lowSC","easy",0.685,1,1,-99,-0.099,0.67
45,"dotcolour","lowSC","average",0.551,1,1,-99,-0.099,0.67
45,"dotcolour","lowSC","hard",0.851,1,0,-99,-0.099,0.67
45,"dotcolour","lowSC","hard",0.619,1,0,-99,-0.099,0.67
45,"dotcolour","lowSC","average",0.635,1,1,-99,-0.099,0.67
45,"dotcolour","lowSC","easy",0.502,-1,1,-99,-0.099,0.67
45,"dotcolour","lowSC","hard",0.652,1,0,-99,-0.099,0.67
45,"dotcolour","lowSC","easy",0.552,-1,1,-99,-0.099,0.67
45,"dotcolour","lowSC","average",0.719,1,1,-99,-0.099,0.67
45,"dotcolour","lowSC","easy",0.519,1,1,-99,-0.099,0.67
45,"dotcolour","lowSC","hard",0.735,1,1,-99,-0.099,0.67
45,"dotcolour","lowSC","easy",0.569,1,1,-99,-0.099,0.67
45,"dotcolour","lowSC","hard",0.919,-1,1,-99,-0.099,0.67
45,"dotcolour","lowSC","easy",0.601,1,1,-99,-0.099,0.67
45,"dotcolour","lowSC","easy",0.652,-1,1,-99,-0.099,0.67
45,"dotcolour","lowSC","easy",0.618,-1,1,-99,-0.099,0.67
45,"dotcolour","lowSC","average",0.636,1,1,-99,-0.099,0.67
45,"dotcolour","lowSC","easy",0.551,-1,1,-99,-0.099,0.67
45,"dotcolour","lowSC","average",0.619,1,0,-99,-0.099,0.67
45,"dotcolour","lowSC","average",0.651,1,1,-99,-0.099,0.67
45,"dotcolour","lowSC","average",0.969,-1,1,-99,-0.099,0.63
45,"dotcolour","lowSC","average",0.585,1,1,-99,-0.099,0.63
45,"dotcolour","lowSC","easy",0.669,1,1,-99,-0.099,0.63
45,"dotcolour","lowSC","average",0.751,1,1,-99,-0.099,0.63
45,"dotcolour","lowSC","average",0.953,-1,1,-99,-0.099,0.63
45,"dotcolour","lowSC","easy",0.718,1,1,-99,-0.099,0.63
45,"dotcolour","lowSC","easy",0.734,-1,1,-99,-0.099,0.63
45,"dotcolour","lowSC","average",0.669,1,1,-99,-0.099,0.63
45,"dotcolour","lowSC","easy",0.601,1,1,-99,-0.099,0.63
45,"dotcolour","lowSC","easy",0.702,-1,1,-99,-0.099,0.63
45,"dotcolour","lowSC","hard",1.002,-1,1,-99,-0.099,0.63
45,"dotcolour","lowSC","average",0.668,-1,1,-99,-0.099,0.63
45,"dotcolour","lowSC","easy",0.652,1,1,-99,-0.099,0.63
45,"dotcolour","lowSC","easy",0.485,-1,1,-99,-0.099,0.63
45,"dotcolour","lowSC","hard",0.467,1,1,-99,-0.099,0.63
45,"dotcolour","lowSC","average",0.502,-1,1,-99,-0.099,0.63
45,"dotcolour","lowSC","hard",1.136,-1,1,-99,-0.099,0.63
45,"dotcolour","lowSC","average",0.719,1,1,-99,-0.099,0.63
45,"dotcolour","lowSC","hard",0.935,-1,1,-99,-0.099,0.63
45,"dotcolour","lowSC","hard",1.052,1,0,-99,-0.099,0.63
45,"dotcolour","lowSC","easy",0.769,1,1,-99,-0.099,0.63
45,"dotcolour","lowSC","easy",0.518,1,1,-99,-0.099,0.63
45,"dotcolour","lowSC","average",0.851,-1,0,-99,-0.099,0.63
45,"dotcolour","lowSC","average",0.786,1,1,-99,-0.099,0.63
45,"dotcolour","lowSC","average",0.619,-1,1,-99,-0.099,0.66
45,"dotcolour","lowSC","average",0.568,-1,1,-99,-0.099,0.66
45,"dotcolour","lowSC","average",0.718,1,1,-99,-0.099,0.66
45,"dotcolour","lowSC","easy",0.651,-1,1,-99,-0.099,0.66
45,"dotcolour","lowSC","easy",0.618,-1,1,-99,-0.099,0.66
45,"dotcolour","lowSC","average",0.652,-1,1,-99,-0.099,0.66
45,"dotcolour","lowSC","hard",0.835,1,0,-99,-0.099,0.66
45,"dotcolour","lowSC","hard",0.819,1,1,-99,-0.099,0.66
45,"dotcolour","lowSC","hard",0.736,-1,0,-99,-0.099,0.66
45,"dotcolour","lowSC","easy",0.868,1,1,-99,-0.099,0.66
45,"dotcolour","lowSC","easy",0.617,1,1,-99,-0.099,0.66
45,"dotcolour","lowSC","average",0.569,1,1,-99,-0.099,0.66
45,"dotcolour","lowSC","easy",0.685,-1,1,-99,-0.099,0.66
45,"dotcolour","lowSC","average",0.785,1,0,-99,-0.099,0.66
45,"dotcolour","lowSC","average",0.886,1,1,-99,-0.099,0.66
45,"dotcolour","lowSC","easy",0.535,1,1,-99,-0.099,0.66
45,"dotcolour","lowSC","average",1.469,1,1,-99,-0.099,0.66
45,"dotcolour","lowSC","hard",0.702,-1,0,-99,-0.099,0.66
45,"dotcolour","lowSC","hard",0.686,-1,0,-99,-0.099,0.66
45,"dotcolour","lowSC","average",0.685,1,1,-99,-0.099,0.66
45,"dotcolour","lowSC","easy",0.617,1,1,-99,-0.099,0.66
45,"dotcolour","lowSC","hard",0.651,-1,1,-99,-0.099,0.66
45,"dotcolour","lowSC","easy",0.484,-1,1,-99,-0.099,0.66
45,"dotcolour","lowSC","average",0.618,-1,1,-99,-0.099,0.66
45,"dotcolour","lowSC","hard",0.852,-1,1,-99,-0.099,0.63
45,"dotcolour","lowSC","hard",0.584,-1,1,-99,-0.099,0.63
45,"dotcolour","lowSC","average",0.718,1,1,-99,-0.099,0.63
45,"dotcolour","lowSC","hard",0.735,-1,0,-99,-0.099,0.63
45,"dotcolour","lowSC","average",0.668,-1,1,-99,-0.099,0.63
45,"dotcolour","lowSC","average",0.634,-1,1,-99,-0.099,0.63
45,"dotcolour","lowSC","average",0.651,1,1,-99,-0.099,0.63
45,"dotcolour","lowSC","average",1.202,1,1,-99,-0.099,0.63
45,"dotcolour","lowSC","hard",1.021,1,1,-99,-0.099,0.63
45,"dotcolour","lowSC","easy",0.835,1,1,-99,-0.099,0.63
45,"dotcolour","lowSC","average",0.769,1,1,-99,-0.099,0.63
45,"dotcolour","lowSC","average",0.818,-1,1,-99,-0.099,0.63
45,"dotcolour","lowSC","hard",0.684,1,1,-99,-0.099,0.63
45,"dotcolour","lowSC","easy",0.602,1,1,-99,-0.099,0.63
45,"dotcolour","lowSC","easy",0.918,1,1,-99,-0.099,0.63
45,"dotcolour","lowSC","average",1.703,-1,0,-99,-0.099,0.63
45,"dotcolour","lowSC","hard",0.802,1,1,-99,-0.099,0.63
45,"dotcolour","lowSC","hard",0.784,-1,1,-99,-0.099,0.63
45,"dotcolour","lowSC","hard",0.635,1,1,-99,-0.099,0.63
45,"dotcolour","lowSC","hard",1.051,-1,0,-99,-0.099,0.63
45,"dotcolour","lowSC","hard",0.768,-1,1,-99,-0.099,0.63
45,"dotcolour","lowSC","hard",1.186,-1,1,-99,-0.099,0.63
45,"dotcolour","lowSC","average",0.868,-1,1,-99,-0.099,0.63
45,"dotcolour","lowSC","average",0.569,1,1,-99,-0.099,0.63
45,"dotcolour","lowSC","hard",0.752,-1,1,-99,-0.099,0.61
45,"dotcolour","lowSC","average",0.752,1,1,-99,-0.099,0.61
45,"dotcolour","lowSC","hard",1.051,1,1,-99,-0.099,0.61
45,"dotcolour","lowSC","average",0.551,-1,1,-99,-0.099,0.61
45,"dotcolour","lowSC","hard",0.886,-1,1,-99,-0.099,0.61
45,"dotcolour","lowSC","average",0.568,-1,1,-99,-0.099,0.61
45,"dotcolour","lowSC","average",0.669,-1,1,-99,-0.099,0.61
45,"dotcolour","lowSC","easy",0.618,1,1,-99,-0.099,0.61
45,"dotcolour","lowSC","hard",0.769,1,0,-99,-0.099,0.61
45,"dotcolour","lowSC","average",0.985,1,1,-99,-0.099,0.61
45,"dotcolour","lowSC","easy",0.752,1,1,-99,-0.099,0.61
45,"dotcolour","lowSC","hard",0.803,-1,1,-99,-0.099,0.61
45,"dotcolour","lowSC","easy",0.669,1,1,-99,-0.099,0.61
45,"dotcolour","lowSC","average",0.601,-1,1,-99,-0.099,0.61
45,"dotcolour","lowSC","easy",0.451,1,1,-99,-0.099,0.61
45,"dotcolour","lowSC","average",0.736,1,1,-99,-0.099,0.61
45,"dotcolour","lowSC","average",0.518,1,1,-99,-0.099,0.61
45,"dotcolour","lowSC","easy",0.402,-1,1,-99,-0.099,0.61
45,"dotcolour","lowSC","easy",0.451,1,1,-99,-0.099,0.61
45,"dotcolour","lowSC","easy",0.585,-1,1,-99,-0.099,0.61
45,"dotcolour","lowSC","average",0.551,-1,1,-99,-0.099,0.61
45,"dotcolour","lowSC","easy",0.651,1,1,-99,-0.099,0.61
45,"dotcolour","lowSC","hard",0.818,-1,1,-99,-0.099,0.61
45,"dotcolour","lowSC","average",0.501,1,1,-99,-0.099,0.61
45,"dotnumber","highSC","hard",0.919,-1,0,-99,-0.099,0.92
45,"dotnumber","highSC","average",0.718,1,1,-99,-0.099,0.92
45,"dotnumber","highSC","average",0.719,1,1,-99,-0.099,0.92
45,"dotnumber","highSC","hard",0.718,1,1,-99,-0.099,0.92
45,"dotnumber","highSC","average",0.635,-1,1,-99,-0.099,0.92
45,"dotnumber","highSC","average",0.652,1,1,-99,-0.099,0.92
45,"dotnumber","highSC","average",0.636,1,1,-99,-0.099,0.92
45,"dotnumber","highSC","average",0.668,1,1,-99,-0.099,0.92
45,"dotnumber","highSC","easy",0.668,-1,1,-99,-0.099,0.92
45,"dotnumber","highSC","hard",0.802,1,0,-99,-0.099,0.92
45,"dotnumber","highSC","hard",0.652,-1,1,-99,-0.099,0.92
45,"dotnumber","highSC","easy",0.535,-1,1,-99,-0.099,0.92
45,"dotnumber","highSC","easy",0.652,-1,1,-99,-0.099,0.92
45,"dotnumber","highSC","hard",0.552,1,0,-99,-0.099,0.92
45,"dotnumber","highSC","hard",0.534,1,1,-99,-0.099,0.92
45,"dotnumber","highSC","hard",0.718,1,1,-99,-0.099,0.92
45,"dotnumber","highSC","easy",0.735,-1,1,-99,-0.099,0.92
45,"dotnumber","highSC","easy",0.652,-1,1,-99,-0.099,0.92
45,"dotnumber","highSC","hard",0.618,1,0,-99,-0.099,0.92
45,"dotnumber","highSC","hard",0.535,-1,0,-99,-0.099,0.92
45,"dotnumber","highSC","hard",0.486,1,0,-99,-0.099,0.92
45,"dotnumber","highSC","average",0.502,-1,1,-99,-0.099,0.92
45,"dotnumber","highSC","hard",0.518,1,1,-99,-0.099,0.92
45,"dotnumber","highSC","hard",0.768,1,0,-99,-0.099,0.92
45,"dotnumber","highSC","average",0.668,-1,0,-99,-0.099,0.83
45,"dotnumber","highSC","average",0.886,1,1,-99,-0.099,0.83
45,"dotnumber","highSC","easy",0.685,-1,1,-99,-0.099,0.83
45,"dotnumber","highSC","easy",0.568,1,1,-99,-0.099,0.83
45,"dotnumber","highSC","hard",0.667,1,1,-99,-0.099,0.83
45,"dotnumber","highSC","easy",0.885,-1,1,-99,-0.099,0.83
45,"dotnumber","highSC","hard",0.802,1,1,-99,-0.099,0.83
45,"dotnumber","highSC","hard",0.602,1,1,-99,-0.099,0.83
45,"dotnumber","highSC","easy",0.535,-1,1,-99,-0.099,0.83
45,"dotnumber","highSC","hard",0.618,1,0,-99,-0.099,0.83
45,"dotnumber","highSC","average",0.585,1,1,-99,-0.099,0.83
45,"dotnumber","highSC","hard",0.534,1,0,-99,-0.099,0.83
45,"dotnumber","highSC","easy",0.485,-1,1,-99,-0.099,0.83
45,"dotnumber","highSC","easy",0.451,1,1,-99,-0.099,0.83
45,"dotnumber","highSC","average",0.518,1,1,-99,-0.099,0.83
45,"dotnumber","highSC","hard",0.635,-1,1,-99,-0.099,0.83
45,"dotnumber","highSC","average",0.484,1,1,-99,-0.099,0.83
45,"dotnumber","highSC","average",0.853,1,0,-99,-0.099,0.83
45,"dotnumber","highSC","easy",0.484,1,1,-99,-0.099,0.83
45,"dotnumber","highSC","average",0.619,1,1,-99,-0.099,0.83
45,"dotnumber","highSC","average",0.535,-1,1,-99,-0.099,0.83
45,"dotnumber","highSC","hard",0.468,-1,1,-99,-0.099,0.83
45,"dotnumber","highSC","easy",0.368,-1,1,-99,-0.099,0.83
45,"dotnumber","highSC","easy",0.452,-1,1,-99,-0.099,0.83
45,"dotnumber","highSC","average",0.418,-1,1,-99,-0.099,0.92
45,"dotnumber","highSC","hard",0.618,-1,1,-99,-0.099,0.92
45,"dotnumber","highSC","easy",0.535,-1,1,-99,-0.099,0.92
45,"dotnumber","highSC","easy",1.052,1,0,-99,-0.099,0.92
45,"dotnumber","highSC","easy",0.569,1,1,-99,-0.099,0.92
45,"dotnumber","highSC","average",0.686,1,1,-99,-0.099,0.92
45,"dotnumber","highSC","average",0.619,-1,1,-99,-0.099,0.92
45,"dotnumber","highSC","hard",0.769,-1,0,-99,-0.099,0.92
45,"dotnumber","highSC","easy",0.453,1,1,-99,-0.099,0.92
45,"dotnumber","highSC","easy",0.584,1,1,-99,-0.099,0.92
45,"dotnumber","highSC","easy",0.635,1,1,-99,-0.099,0.92
45,"dotnumber","highSC","hard",0.601,-1,0,-99,-0.099,0.92
45,"dotnumber","highSC","easy",0.535,-1,1,-99,-0.099,0.92
45,"dotnumber","highSC","easy",0.568,-1,1,-99,-0.099,0.92
45,"dotnumber","highSC","hard",0.402,-1,0,-99,-0.099,0.92
45,"dotnumber","highSC","easy",0.419,-1,1,-99,-0.099,0.92
45,"dotnumber","highSC","easy",0.551,1,1,-99,-0.099,0.92
45,"dotnumber","highSC","easy",0.518,1,1,-99,-0.099,0.92
45,"dotnumber","highSC","easy",0.351,-1,1,-99,-0.099,0.92
45,"dotnumber","highSC","easy",0.519,1,1,-99,-0.099,0.92
45,"dotnumber","highSC","hard",0.402,-1,1,-99,-0.099,0.92
45,"dotnumber","highSC","hard",0.452,1,0,-99,-0.099,0.92
45,"dotnumber","highSC","hard",0.368,-1,1,-99,-0.099,0.92
45,"dotnumber","highSC","average",0.585,-1,1,-99,-0.099,0.92
45,"dotnumber","highSC","average",0.335,-1,1,-99,-0.099,0.95
45,"dotnumber","highSC","easy",0.453,1,1,-99,-0.099,0.95
45,"dotnumber","highSC","easy",0.367,-1,1,-99,-0.099,0.95
45,"dotnumber","highSC","average",0.353,-1,1,-99,-0.099,0.95
45,"dotnumber","highSC","easy",0.368,-1,0,-99,-0.099,0.95
45,"dotnumber","highSC","easy",0.335,1,0,-99,-0.099,0.95
45,"dotnumber","highSC","easy",0.284,-1,0,-99,-0.099,0.95
45,"dotnumber","highSC","hard",0.602,1,0,-99,-0.099,0.95
45,"dotnumber","highSC","easy",0.484,1,1,-99,-0.099,0.95
45,"dotnumber","highSC","average",0.369,-1,0,-99,-0.099,0.95
45,"dotnumber","highSC","hard",0.618,-1,0,-99,-0.099,0.95
45,"dotnumber","highSC","easy",0.401,-1,1,-99,-0.099,0.95
45,"dotnumber","highSC","average",0.385,1,1,-99,-0.099,0.95
45,"dotnumber","highSC","hard",0.418,-1,1,-99,-0.099,0.95
45,"dotnumber","highSC","average",0.602,-1,1,-99,-0.099,0.95
45,"dotnumber","highSC","hard",0.502,1,0,-99,-0.099,0.95
45,"dotnumber","highSC","average",0.418,-1,1,-99,-0.099,0.95
45,"dotnumber","highSC","average",0.318,-1,1,-99,-0.099,0.95
45,"dotnumber","highSC","easy",0.352,-1,1,-99,-0.099,0.95
45,"dotnumber","highSC","easy",0.551,-1,1,-99,-0.099,0.95
45,"dotnumber","highSC","hard",0.601,-1,1,-99,-0.099,0.95
45,"dotnumber","highSC","easy",0.618,-1,1,-99,-0.099,0.95
45,"dotnumber","highSC","hard",0.568,-1,1,-99,-0.099,0.95
45,"dotnumber","highSC","hard",0.452,-1,1,-99,-0.099,0.95
45,"dotnumber","highSC","average",0.501,1,1,-99,-0.099,0.96
45,"dotnumber","highSC","average",0.468,1,0,-99,-0.099,0.96
45,"dotnumber","highSC","average",0.518,-1,1,-99,-0.099,0.96
45,"dotnumber","highSC","hard",0.385,-1,0,-99,-0.099,0.96
45,"dotnumber","highSC","average",0.535,-1,1,-99,-0.099,0.96
45,"dotnumber","highSC","average",0.519,1,1,-99,-0.099,0.96
45,"dotnumber","highSC","hard",0.585,-1,0,-99,-0.099,0.96
45,"dotnumber","highSC","easy",0.452,-1,0,-99,-0.099,0.96
45,"dotnumber","highSC","easy",0.485,1,1,-99,-0.099,0.96
45,"dotnumber","highSC","average",0.469,-1,1,-99,-0.099,0.96
45,"dotnumber","highSC","hard",0.801,-1,1,-99,-0.099,0.96
45,"dotnumber","highSC","hard",0.702,-1,1,-99,-0.099,0.96
45,"dotnumber","highSC","hard",0.451,1,1,-99,-0.099,0.96
45,"dotnumber","highSC","easy",0.552,1,1,-99,-0.099,0.96
45,"dotnumber","highSC","average",0.501,1,1,-99,-0.099,0.96
45,"dotnumber","highSC","hard",0.534,1,1,-99,-0.099,0.96
45,"dotnumber","highSC","average",0.368,1,1,-99,-0.099,0.96
45,"dotnumber","highSC","hard",0.368,1,1,-99,-0.099,0.96
45,"dotnumber","highSC","easy",0.685,-1,1,-99,-0.099,0.96
45,"dotnumber","highSC","easy",0.485,-1,1,-99,-0.099,0.96
45,"dotnumber","highSC","hard",0.502,1,0,-99,-0.099,0.96
45,"dotnumber","highSC","average",0.702,-1,1,-99,-0.099,0.96
45,"dotnumber","highSC","easy",0.518,1,0,-99,-0.099,0.96
45,"dotnumber","highSC","average",0.452,1,0,-99,-0.099,0.96
46,"dotcolour","lowSC","average",2.353,-1,1,-99,-0.099,0.68
46,"dotcolour","lowSC","easy",0.668,-1,1,-99,-0.099,0.68
46,"dotcolour","lowSC","average",1.552,1,1,-99,-0.099,0.68
46,"dotcolour","lowSC","easy",0.868,-1,1,-99,-0.099,0.68
46,"dotcolour","lowSC","easy",0.718,1,1,-99,-0.099,0.68
46,"dotcolour","lowSC","hard",2.019,1,0,-99,-0.099,0.68
46,"dotcolour","lowSC","hard",0.852,-1,1,-99,-0.099,0.68
46,"dotcolour","lowSC","easy",0.569,-1,1,-99,-0.099,0.68
46,"dotcolour","lowSC","average",0.534,-1,1,-99,-0.099,0.68
46,"dotcolour","lowSC","easy",0.502,1,1,-99,-0.099,0.68
46,"dotcolour","lowSC","hard",0.702,1,1,-99,-0.099,0.68
46,"dotcolour","lowSC","average",0.568,-1,1,-99,-0.099,0.68
46,"dotcolour","lowSC","average",1.619,1,0,-99,-0.099,0.68
46,"dotcolour","lowSC","easy",0.669,1,1,-99,-0.099,0.68
46,"dotcolour","lowSC","average",0.735,1,1,-99,-0.099,0.68
46,"dotcolour","lowSC","hard",0.785,-1,1,-99,-0.099,0.68
46,"dotcolour","lowSC","hard",1.069,1,1,-99,-0.099,0.68
46,"dotcolour","lowSC","hard",0.769,1,1,-99,-0.099,0.68
46,"dotcolour","lowSC","easy",0.484,1,1,-99,-0.099,0.68
46,"dotcolour","lowSC","hard",0.902,1,1,-99,-0.099,0.68
46,"dotcolour","lowSC","hard",0.735,1,1,-99,-0.099,0.68
46,"dotcolour","lowSC","easy",0.535,1,1,-99,-0.099,0.68
46,"dotcolour","lowSC","average",0.568,1,1,-99,-0.099,0.68
46,"dotcolour","lowSC","average",0.501,1,1,-99,-0.099,0.68
46,"dotcolour","lowSC","hard",1.336,-1,1,-99,-0.099,0.66
46,"dotcolour","lowSC","average",1.219,-1,1,-99,-0.099,0.66
46,"dotcolour","lowSC","average",0.634,-1,1,-99,-0.099,0.66
46,"dotcolour","lowSC","average",0.668,1,1,-99,-0.099,0.66
46,"dotcolour","lowSC","easy",0.551,1,1,-99,-0.099,0.66
46,"dotcolour","lowSC","hard",0.936,1,0,-99,-0.099,0.66
46,"dotcolour","lowSC","hard",2.688,1,1,-99,-0.099,0.66
46,"dotcolour","lowSC","hard",0.586,1,0,-99,-0.099,0.66
46,"dotcolour","lowSC","average",0.536,-1,1,-99,-0.099,0.66
46,"dotcolour","lowSC","hard",0.919,-1,0,-99,-0.099,0.66
46,"dotcolour","lowSC","easy",0.517,-1,1,-99,-0.099,0.66
46,"dotcolour","lowSC","average",0.518,1,1,-99,-0.099,0.66
46,"dotcolour","lowSC","hard",0.868,1,1,-99,-0.099,0.66
46,"dotcolour","lowSC","hard",0.535,1,0,-99,-0.099,0.66
46,"dotcolour","lowSC","average",0.435,1,1,-99,-0.099,0.66
46,"dotcolour","lowSC","easy",0.435,1,1,-99,-0.099,0.66
46,"dotcolour","lowSC","hard",0.468,-1,1,-99,-0.099,0.66
46,"dotcolour","lowSC","easy",0.6,-1,1,-99,-0.099,0.66
46,"dotcolour","lowSC","average",1.619,-1,1,-99,-0.099,0.66
46,"dotcolour","lowSC","average",0.502,-1,1,-99,-0.099,0.66
46,"dotcolour","lowSC","easy",0.535,1,1,-99,-0.099,0.66
46,"dotcolour","lowSC","easy",0.285,1,1,-99,-0.099,0.66
46,"dotcolour","lowSC","average",0.368,-1,1,-99,-0.099,0.66
46,"dotcolour","lowSC","easy",0.602,-1,1,-99,-0.099,0.66
46,"dotcolour","lowSC","easy",0.535,1,1,-99,-0.099,0.59
46,"dotcolour","lowSC","easy",0.369,-1,1,-99,-0.099,0.59
46,"dotcolour","lowSC","average",0.368,1,1,-99,-0.099,0.59
46,"dotcolour","lowSC","average",0.334,-1,1,-99,-0.099,0.59
46,"dotcolour","lowSC","easy",0.318,1,0,-99,-0.099,0.59
46,"dotcolour","lowSC","average",0.501,1,1,-99,-0.099,0.59
46,"dotcolour","lowSC","average",0.618,1,1,-99,-0.099,0.59
46,"dotcolour","lowSC","hard",0.751,1,1,-99,-0.099,0.59
46,"dotcolour","lowSC","hard",1.069,1,0,-99,-0.099,0.59
46,"dotcolour","lowSC","easy",0.435,-1,1,-99,-0.099,0.59
46,"dotcolour","lowSC","hard",0.402,-1,1,-99,-0.099,0.59
46,"dotcolour","lowSC","hard",0.502,-1,1,-99,-0.099,0.59
46,"dotcolour","lowSC","hard",2.503,-1,0,-99,-0.099,0.59
46,"dotcolour","lowSC","average",0.568,1,1,-99,-0.099,0.59
46,"dotcolour","lowSC","average",0.552,1,1,-99,-0.099,0.59
46,"dotcolour","lowSC","hard",1.12,1,0,-99,-0.099,0.59
46,"dotcolour","lowSC","easy",0.634,1,1,-99,-0.099,0.59
46,"dotcolour","lowSC","easy",0.602,-1,1,-99,-0.099,0.59
46,"dotcolour","lowSC","average",0.518,1,1,-99,-0.099,0.59
46,"dotcolour","lowSC","hard",1.119,-1,0,-99,-0.099,0.59
46,"dotcolour","lowSC","average",0.869,1,1,-99,-0.099,0.59
46,"dotcolour","lowSC","easy",0.535,1,1,-99,-0.099,0.59
46,"dotcolour","lowSC","average",0.752,1,1,-99,-0.099,0.59
46,"dotcolour","lowSC","average",0.585,1,1,-99,-0.099,0.59
46,"dotcolour","lowSC","hard",0.619,1,1,-99,-0.099,0.62
46,"dotcolour","lowSC","average",0.786,-1,1,-99,-0.099,0.62
46,"dotcolour","lowSC","hard",0.751,-1,1,-99,-0.099,0.62
46,"dotcolour","lowSC","hard",0.985,-1,1,-99,-0.099,0.62
46,"dotcolour","lowSC","average",0.568,-1,1,-99,-0.099,0.62
46,"dotcolour","lowSC","hard",1.536,1,1,-99,-0.099,0.62
46,"dotcolour","lowSC","hard",0.552,1,1,-99,-0.099,0.62
46,"dotcolour","lowSC","hard",0.786,-1,1,-99,-0.099,0.62
46,"dotcolour","lowSC","hard",0.769,1,1,-99,-0.099,0.62
46,"dotcolour","lowSC","easy",0.785,-1,1,-99,-0.099,0.62
46,"dotcolour","lowSC","easy",0.568,1,1,-99,-0.099,0.62
46,"dotcolour","lowSC","average",0.618,1,1,-99,-0.099,0.62
46,"dotcolour","lowSC","easy",1.286,-1,1,-99,-0.099,0.62
46,"dotcolour","lowSC","average",0.901,-1,1,-99,-0.099,0.62
46,"dotcolour","lowSC","easy",0.502,1,1,-99,-0.099,0.62
46,"dotcolour","lowSC","hard",0.736,1,1,-99,-0.099,0.62
46,"dotcolour","lowSC","hard",0.702,1,1,-99,-0.099,0.62
46,"dotcolour","lowSC","hard",0.701,-1,1,-99,-0.099,0.62
46,"dotcolour","lowSC","hard",1.502,-1,1,-99,-0.099,0.62
46,"dotcolour","lowSC","easy",0.602,-1,1,-99,-0.099,0.62
46,"dotcolour","lowSC","easy",0.534,-1,1,-99,-0.099,0.62
46,"dotcolour","lowSC","easy",0.435,-1,1,-99,-0.099,0.62
46,"dotcolour","lowSC","easy",0.785,-1,1,-99,-0.099,0.62
46,"dotcolour","lowSC","hard",1.336,1,1,-99,-0.099,0.62
46,"dotcolour","lowSC","average",0.485,1,1,-99,-0.099,0.59
46,"dotcolour","lowSC","hard",0.801,-1,1,-99,-0.099,0.59
46,"dotcolour","lowSC","average",0.569,1,1,-99,-0.099,0.59
46,"dotcolour","lowSC","easy",0.719,-1,1,-99,-0.099,0.59
46,"dotcolour","lowSC","average",0.468,-1,1,-99,-0.099,0.59
46,"dotcolour","lowSC","easy",0.519,1,1,-99,-0.099,0.59
46,"dotcolour","lowSC","hard",0.752,1,1,-99,-0.099,0.59
46,"dotcolour","lowSC","average",0.518,1,1,-99,-0.099,0.59
46,"dotcolour","lowSC","hard",0.685,-1,1,-99,-0.099,0.59
46,"dotcolour","lowSC","easy",0.452,-1,1,-99,-0.099,0.59
46,"dotcolour","lowSC","easy",0.636,1,1,-99,-0.099,0.59
46,"dotcolour","lowSC","average",0.418,-1,1,-99,-0.099,0.59
46,"dotcolour","lowSC","easy",2.019,-1,1,-99,-0.099,0.59
46,"dotcolour","lowSC","hard",1.136,1,0,-99,-0.099,0.59
46,"dotcolour","lowSC","average",0.652,-1,1,-99,-0.099,0.59
46,"dotcolour","lowSC","average",0.819,1,0,-99,-0.099,0.59
46,"dotcolour","lowSC","easy",0.568,-1,1,-99,-0.099,0.59
46,"dotcolour","lowSC","easy",1.403,1,1,-99,-0.099,0.59
46,"dotcolour","lowSC","hard",0.768,-1,1,-99,-0.099,0.59
46,"dotcolour","lowSC","easy",0.602,-1,1,-99,-0.099,0.59
46,"dotcolour","lowSC","average",0.634,-1,1,-99,-0.099,0.59
46,"dotcolour","lowSC","easy",0.568,1,1,-99,-0.099,0.59
46,"dotcolour","lowSC","easy",0.502,-1,1,-99,-0.099,0.59
46,"dotcolour","lowSC","easy",0.602,1,1,-99,-0.099,0.59
46,"dotnumber","highSC","easy",0.735,-1,0,-99,-0.099,0.86
46,"dotnumber","highSC","average",0.435,-1,1,-99,-0.099,0.86
46,"dotnumber","highSC","easy",0.385,1,1,-99,-0.099,0.86
46,"dotnumber","highSC","easy",0.384,-1,1,-99,-0.099,0.86
46,"dotnumber","highSC","easy",0.401,1,1,-99,-0.099,0.86
46,"dotnumber","highSC","easy",0.418,1,1,-99,-0.099,0.86
46,"dotnumber","highSC","hard",0.368,-1,0,-99,-0.099,0.86
46,"dotnumber","highSC","average",0.317,1,1,-99,-0.099,0.86
46,"dotnumber","highSC","easy",0.3,-1,1,-99,-0.099,0.86
46,"dotnumber","highSC","average",0.318,-1,1,-99,-0.099,0.86
46,"dotnumber","highSC","average",0.335,-1,1,-99,-0.099,0.86
46,"dotnumber","highSC","hard",0.334,-1,1,-99,-0.099,0.86
46,"dotnumber","highSC","easy",0.468,1,1,-99,-0.099,0.86
46,"dotnumber","highSC","easy",0.435,-1,0,-99,-0.099,0.86
46,"dotnumber","highSC","hard",0.319,1,1,-99,-0.099,0.86
46,"dotnumber","highSC","average",0.251,-1,0,-99,-0.099,0.86
46,"dotnumber","highSC","hard",0.367,-1,1,-99,-0.099,0.86
46,"dotnumber","highSC","average",0.451,1,0,-99,-0.099,0.86
46,"dotnumber","highSC","easy",0.318,1,1,-99,-0.099,0.86
46,"dotnumber","highSC","average",0.334,-1,1,-99,-0.099,0.86
46,"dotnumber","highSC","easy",0.385,1,1,-99,-0.099,0.86
46,"dotnumber","highSC","hard",0.451,-1,1,-99,-0.099,0.86
46,"dotnumber","highSC","hard",0.352,1,1,-99,-0.099,0.86
46,"dotnumber","highSC","hard",0.384,-1,1,-99,-0.099,0.86
46,"dotnumber","highSC","easy",0.668,-1,1,-99,-0.099,0.84
46,"dotnumber","highSC","easy",0.551,-1,1,-99,-0.099,0.84
46,"dotnumber","highSC","easy",0.451,1,1,-99,-0.099,0.84
46,"dotnumber","highSC","hard",1.185,-1,1,-99,-0.099,0.84
46,"dotnumber","highSC","easy",0.435,-1,1,-99,-0.099,0.84
46,"dotnumber","highSC","easy",0.552,1,1,-99,-0.099,0.84
46,"dotnumber","highSC","average",0.452,-1,0,-99,-0.099,0.84
46,"dotnumber","highSC","average",0.551,1,0,-99,-0.099,0.84
46,"dotnumber","highSC","average",0.601,1,1,-99,-0.099,0.84
46,"dotnumber","highSC","hard",0.468,1,1,-99,-0.099,0.84
46,"dotnumber","highSC","average",0.401,1,1,-99,-0.099,0.84
46,"dotnumber","highSC","hard",0.502,1,1,-99,-0.099,0.84
46,"dotnumber","highSC","hard",0.668,-1,0,-99,-0.099,0.84
46,"dotnumber","highSC","hard",0.451,1,0,-99,-0.099,0.84
46,"dotnumber","highSC","easy",0.501,-1,1,-99,-0.099,0.84
46,"dotnumber","highSC","easy",0.434,-1,1,-99,-0.099,0.84
46,"dotnumber","highSC","average",0.334,-1,1,-99,-0.099,0.84
46,"dotnumber","highSC","easy",0.268,-1,1,-99,-0.099,0.84
46,"dotnumber","highSC","average",0.301,-1,0,-99,-0.099,0.84
46,"dotnumber","highSC","average",0.351,1,1,-99,-0.099,0.84
46,"dotnumber","highSC","average",0.535,-1,1,-99,-0.099,0.84
46,"dotnumber","highSC","hard",0.669,-1,0,-99,-0.099,0.84
46,"dotnumber","highSC","hard",0.852,-1,1,-99,-0.099,0.84
46,"dotnumber","highSC","average",0.251,1,1,-99,-0.099,0.84
46,"dotnumber","highSC","hard",0.335,1,0,-99,-0.099,0.93
46,"dotnumber","highSC","easy",0.318,1,0,-99,-0.099,0.93
46,"dotnumber","highSC","hard",0.384,-1,1,-99,-0.099,0.93
46,"dotnumber","highSC","easy",0.536,-1,1,-99,-0.099,0.93
46,"dotnumber","highSC","average",0.635,-1,1,-99,-0.099,0.93
46,"dotnumber","highSC","hard",0.518,1,1,-99,-0.099,0.93
46,"dotnumber","highSC","hard",0.485,1,1,-99,-0.099,0.93
46,"dotnumber","highSC","average",0.534,-1,1,-99,-0.099,0.93
46,"dotnumber","highSC","easy",0.434,1,1,-99,-0.099,0.93
46,"dotnumber","highSC","average",0.468,1,1,-99,-0.099,0.93
46,"dotnumber","highSC","hard",0.701,-1,1,-99,-0.099,0.93
46,"dotnumber","highSC","hard",0.651,-1,1,-99,-0.099,0.93
46,"dotnumber","highSC","average",1.052,1,1,-99,-0.099,0.93
46,"dotnumber","highSC","easy",0.501,1,1,-99,-0.099,0.93
46,"dotnumber","highSC","easy",0.351,-1,1,-99,-0.099,0.93
46,"dotnumber","highSC","average",0.535,1,1,-99,-0.099,0.93
46,"dotnumber","highSC","hard",0.435,1,1,-99,-0.099,0.93
46,"dotnumber","highSC","easy",0.469,1,1,-99,-0.099,0.93
46,"dotnumber","highSC","hard",0.502,1,1,-99,-0.099,0.93
46,"dotnumber","highSC","easy",0.434,1,1,-99,-0.099,0.93
46,"dotnumber","highSC","average",0.851,-1,1,-99,-0.099,0.93
46,"dotnumber","highSC","average",0.518,1,0,-99,-0.099,0.93
46,"dotnumber","highSC","average",0.384,-1,1,-99,-0.099,0.93
46,"dotnumber","highSC","hard",0.585,1,0,-99,-0.099,0.97
46,"dotnumber","highSC","average",0.636,1,0,-99,-0.099,0.97
46,"dotnumber","highSC","hard",0.668,-1,1,-99,-0.099,0.97
46,"dotnumber","highSC","easy",0.55,1,1,-99,-0.099,0.97
46,"dotnumber","highSC","easy",0.568,-1,1,-99,-0.099,0.97
46,"dotnumber","highSC","hard",0.552,-1,0,-99,-0.099,0.97
46,"dotnumber","highSC","average",0.418,1,1,-99,-0.099,0.97
46,"dotnumber","highSC","hard",0.351,1,0,-99,-0.099,0.97
46,"dotnumber","highSC","average",0.368,1,0,-99,-0.099,0.97
46,"dotnumber","highSC","hard",0.467,1,0,-99,-0.099,0.97
46,"dotnumber","highSC","average",0.285,-1,0,-99,-0.099,0.97
46,"dotnumber","highSC","average",0.403,1,1,-99,-0.099,0.97
46,"dotnumber","highSC","average",0.551,1,1,-99,-0.099,0.97
46,"dotnumber","highSC","easy",0.385,1,1,-99,-0.099,0.97
46,"dotnumber","highSC","average",0.384,1,1,-99,-0.099,0.97
46,"dotnumber","highSC","average",0.385,-1,1,-99,-0.099,0.97
46,"dotnumber","highSC","easy",0.635,-1,0,-99,-0.099,0.97
46,"dotnumber","highSC","hard",0.385,1,1,-99,-0.099,0.97
46,"dotnumber","highSC","hard",0.435,1,1,-99,-0.099,0.97
46,"dotnumber","highSC","easy",0.585,-1,1,-99,-0.099,0.97
46,"dotnumber","highSC","easy",0.501,-1,1,-99,-0.099,0.97
46,"dotnumber","highSC","hard",0.402,1,1,-99,-0.099,0.97
46,"dotnumber","highSC","easy",0.484,1,1,-99,-0.099,0.97
46,"dotnumber","highSC","easy",0.352,-1,1,-99,-0.099,0.97
46,"dotnumber","highSC","average",0.386,1,1,-99,-0.099,0.87
46,"dotnumber","highSC","hard",0.535,1,1,-99,-0.099,0.87
46,"dotnumber","highSC","average",0.435,-1,0,-99,-0.099,0.87
46,"dotnumber","highSC","easy",0.418,1,0,-99,-0.099,0.87
46,"dotnumber","highSC","hard",0.367,1,1,-99,-0.099,0.87
46,"dotnumber","highSC","easy",0.385,1,1,-99,-0.099,0.87
46,"dotnumber","highSC","average",0.451,1,1,-99,-0.099,0.87
46,"dotnumber","highSC","easy",0.768,-1,1,-99,-0.099,0.87
46,"dotnumber","highSC","easy",0.384,1,1,-99,-0.099,0.87
46,"dotnumber","highSC","average",0.369,1,1,-99,-0.099,0.87
46,"dotnumber","highSC","easy",0.586,-1,1,-99,-0.099,0.87
46,"dotnumber","highSC","average",0.552,1,0,-99,-0.099,0.87
46,"dotnumber","highSC","easy",0.384,1,0,-99,-0.099,0.87
46,"dotnumber","highSC","average",0.634,-1,1,-99,-0.099,0.87
46,"dotnumber","highSC","average",0.452,-1,1,-99,-0.099,0.87
46,"dotnumber","highSC","hard",0.385,1,0,-99,-0.099,0.87
46,"dotnumber","highSC","easy",0.485,-1,1,-99,-0.099,0.87
46,"dotnumber","highSC","hard",0.686,-1,1,-99,-0.099,0.87
46,"dotnumber","highSC","average",0.618,1,1,-99,-0.099,0.87
46,"dotnumber","highSC","hard",0.335,-1,0,-99,-0.099,0.87
46,"dotnumber","highSC","hard",0.235,-1,1,-99,-0.099,0.87
46,"xotask","mediumSC","average",1.419,-1,1,-99,-0.099,0.71
46,"xotask","mediumSC","hard",0.635,1,1,-99,-0.099,0.71
46,"xotask","mediumSC","average",0.517,1,1,-99,-0.099,0.71
46,"xotask","mediumSC","hard",0.552,1,1,-99,-0.099,0.71
46,"xotask","mediumSC","hard",0.651,-1,1,-99,-0.099,0.71
46,"xotask","mediumSC","hard",0.602,1,0,-99,-0.099,0.71
46,"xotask","mediumSC","easy",0.602,-1,1,-99,-0.099,0.71
46,"xotask","mediumSC","easy",0.402,-1,1,-99,-0.099,0.71
46,"xotask","mediumSC","easy",0.501,1,1,-99,-0.099,0.71
46,"xotask","mediumSC","hard",0.518,1,1,-99,-0.099,0.71
46,"xotask","mediumSC","average",0.534,1,1,-99,-0.099,0.71
46,"xotask","mediumSC","easy",0.551,-1,1,-99,-0.099,0.71
46,"xotask","mediumSC","average",0.603,-1,1,-99,-0.099,0.71
46,"xotask","mediumSC","easy",0.501,-1,1,-99,-0.099,0.71
46,"xotask","mediumSC","average",0.618,1,1,-99,-0.099,0.71
46,"xotask","mediumSC","average",0.569,-1,1,-99,-0.099,0.71
46,"xotask","mediumSC","average",0.618,-1,1,-99,-0.099,0.71
46,"xotask","mediumSC","hard",0.502,1,1,-99,-0.099,0.71
46,"xotask","mediumSC","hard",0.418,1,1,-99,-0.099,0.71
46,"xotask","mediumSC","average",0.469,1,1,-99,-0.099,0.71
46,"xotask","mediumSC","hard",0.551,-1,1,-99,-0.099,0.71
46,"xotask","mediumSC","hard",0.768,-1,1,-99,-0.099,0.71
46,"xotask","mediumSC","hard",0.769,-1,0,-99,-0.099,0.71
46,"xotask","mediumSC","easy",0.619,1,1,-99,-0.099,0.71
46,"xotask","mediumSC","average",0.418,1,1,-99,-0.099,0.72
46,"xotask","mediumSC","easy",0.718,-1,1,-99,-0.099,0.72
46,"xotask","mediumSC","hard",0.636,-1,1,-99,-0.099,0.72
46,"xotask","mediumSC","hard",0.518,-1,1,-99,-0.099,0.72
46,"xotask","mediumSC","easy",0.485,1,1,-99,-0.099,0.72
46,"xotask","mediumSC","average",0.452,1,1,-99,-0.099,0.72
46,"xotask","mediumSC","hard",0.518,-1,0,-99,-0.099,0.72
46,"xotask","mediumSC","average",0.502,-1,1,-99,-0.099,0.72
46,"xotask","mediumSC","hard",0.567,-1,1,-99,-0.099,0.72
46,"xotask","mediumSC","easy",0.419,-1,0,-99,-0.099,0.72
46,"xotask","mediumSC","easy",0.468,-1,1,-99,-0.099,0.72
46,"xotask","mediumSC","average",0.485,-1,1,-99,-0.099,0.72
46,"xotask","mediumSC","average",0.635,1,1,-99,-0.099,0.72
46,"xotask","mediumSC","average",0.486,1,1,-99,-0.099,0.72
46,"xotask","mediumSC","hard",0.402,1,1,-99,-0.099,0.72
46,"xotask","mediumSC","easy",0.452,-1,1,-99,-0.099,0.72
46,"xotask","mediumSC","hard",0.452,-1,1,-99,-0.099,0.72
46,"xotask","mediumSC","easy",0.535,-1,1,-99,-0.099,0.72
46,"xotask","mediumSC","average",0.468,-1,1,-99,-0.099,0.72
46,"xotask","mediumSC","hard",0.651,-1,1,-99,-0.099,0.72
46,"xotask","mediumSC","hard",0.802,1,1,-99,-0.099,0.72
46,"xotask","mediumSC","average",0.501,-1,1,-99,-0.099,0.72
46,"xotask","mediumSC","easy",0.518,1,1,-99,-0.099,0.72
46,"xotask","mediumSC","average",0.651,-1,1,-99,-0.099,0.72
46,"xotask","mediumSC","hard",0.652,-1,0,-99,-0.099,0.79
46,"xotask","mediumSC","average",0.886,-1,1,-99,-0.099,0.79
46,"xotask","mediumSC","hard",1.353,-1,1,-99,-0.099,0.79
46,"xotask","mediumSC","average",0.718,-1,1,-99,-0.099,0.79
46,"xotask","mediumSC","easy",0.518,-1,1,-99,-0.099,0.79
46,"xotask","mediumSC","hard",0.501,-1,1,-99,-0.099,0.79
46,"xotask","mediumSC","easy",0.468,-1,1,-99,-0.099,0.79
46,"xotask","mediumSC","easy",0.635,-1,1,-99,-0.099,0.79
46,"xotask","mediumSC","hard",0.619,-1,1,-99,-0.099,0.79
46,"xotask","mediumSC","easy",0.301,-1,1,-99,-0.099,0.79
46,"xotask","mediumSC","easy",0.385,-1,1,-99,-0.099,0.79
46,"xotask","mediumSC","easy",0.402,-1,1,-99,-0.099,0.79
46,"xotask","mediumSC","average",0.536,1,1,-99,-0.099,0.79
46,"xotask","mediumSC","hard",0.418,1,1,-99,-0.099,0.79
46,"xotask","mediumSC","average",1.102,1,0,-99,-0.099,0.79
46,"xotask","mediumSC","hard",0.319,-1,0,-99,-0.099,0.79
46,"xotask","mediumSC","average",0.502,1,1,-99,-0.099,0.79
46,"xotask","mediumSC","average",0.268,1,0,-99,-0.099,0.79
46,"xotask","mediumSC","average",0.317,1,1,-99,-0.099,0.79
46,"xotask","mediumSC","hard",0.302,1,0,-99,-0.099,0.79
46,"xotask","mediumSC","average",0.217,1,0,-99,-0.099,0.79
46,"xotask","mediumSC","average",0.301,1,1,-99,-0.099,0.8
46,"xotask","mediumSC","hard",0.284,1,1,-99,-0.099,0.8
46,"xotask","mediumSC","easy",0.283,1,0,-99,-0.099,0.8
46,"xotask","mediumSC","hard",0.251,1,0,-99,-0.099,0.8
46,"xotask","mediumSC","easy",0.818,1,0,-99,-0.099,0.8
46,"xotask","mediumSC","hard",0.251,1,1,-99,-0.099,0.8
46,"xotask","mediumSC","easy",1.118,-1,1,-99,-0.099,0.8
46,"xotask","mediumSC","average",0.551,1,1,-99,-0.099,0.8
46,"xotask","mediumSC","average",0.668,-1,1,-99,-0.099,0.8
46,"xotask","mediumSC","hard",0.484,-1,1,-99,-0.099,0.8
46,"xotask","mediumSC","hard",0.434,-1,0,-99,-0.099,0.8
46,"xotask","mediumSC","easy",0.601,-1,1,-99,-0.099,0.8
46,"xotask","mediumSC","easy",0.518,1,1,-99,-0.099,0.8
46,"xotask","mediumSC","average",0.602,1,1,-99,-0.099,0.8
46,"xotask","mediumSC","average",0.686,-1,1,-99,-0.099,0.8
46,"xotask","mediumSC","easy",0.385,1,1,-99,-0.099,0.8
46,"xotask","mediumSC","average",0.452,1,1,-99,-0.099,0.8
46,"xotask","mediumSC","average",0.419,-1,1,-99,-0.099,0.8
46,"xotask","mediumSC","hard",0.669,-1,0,-99,-0.099,0.8
46,"xotask","mediumSC","hard",0.435,1,0,-99,-0.099,0.8
46,"xotask","mediumSC","average",0.635,-1,1,-99,-0.099,0.8
46,"xotask","mediumSC","easy",0.452,1,1,-99,-0.099,0.8
46,"xotask","mediumSC","easy",0.301,-1,0,-99,-0.099,0.8
46,"xotask","mediumSC","hard",0.885,-1,0,-99,-0.099,0.76
46,"xotask","mediumSC","easy",0.435,1,1,-99,-0.099,0.76
46,"xotask","mediumSC","average",0.702,-1,0,-99,-0.099,0.76
46,"xotask","mediumSC","hard",0.685,-1,1,-99,-0.099,0.76
46,"xotask","mediumSC","easy",0.535,1,1,-99,-0.099,0.76
46,"xotask","mediumSC","hard",0.334,1,0,-99,-0.099,0.76
46,"xotask","mediumSC","hard",0.534,1,0,-99,-0.099,0.76
46,"xotask","mediumSC","easy",0.352,1,1,-99,-0.099,0.76
46,"xotask","mediumSC","average",0.369,1,1,-99,-0.099,0.76
46,"xotask","mediumSC","average",0.401,1,1,-99,-0.099,0.76
46,"xotask","mediumSC","hard",0.385,1,0,-99,-0.099,0.76
46,"xotask","mediumSC","easy",0.668,-1,1,-99,-0.099,0.76
46,"xotask","mediumSC","average",0.434,-1,1,-99,-0.099,0.76
46,"xotask","mediumSC","easy",0.602,1,1,-99,-0.099,0.76
46,"xotask","mediumSC","hard",0.317,-1,1,-99,-0.099,0.76
46,"xotask","mediumSC","easy",0.319,1,1,-99,-0.099,0.76
46,"xotask","mediumSC","average",0.468,-1,1,-99,-0.099,0.76
46,"xotask","mediumSC","average",0.401,-1,1,-99,-0.099,0.76
46,"xotask","mediumSC","easy",0.42,-1,1,-99,-0.099,0.76
46,"xotask","mediumSC","average",0.401,-1,1,-99,-0.099,0.76
46,"xotask","mediumSC","easy",0.451,-1,1,-99,-0.099,0.76
46,"xotask","mediumSC","easy",0.267,-1,0,-99,-0.099,0.76
46,"xotask","mediumSC","easy",0.502,1,1,-99,-0.099,0.76
46,"xotask","mediumSC","easy",0.419,-1,1,-99,-0.099,0.76
47,"dotnumber","highSC","average",1.935,1,0,-99,-0.099,0.88
47,"dotnumber","highSC","average",1.035,-1,0,-99,-0.099,0.88
47,"dotnumber","highSC","average",0.435,1,0,-99,-0.099,0.88
47,"dotnumber","highSC","hard",0.802,1,1,-99,-0.099,0.88
47,"dotnumber","highSC","hard",0.752,-1,1,-99,-0.099,0.88
47,"dotnumber","highSC","easy",0.652,1,1,-99,-0.099,0.88
47,"dotnumber","highSC","average",1.135,1,1,-99,-0.099,0.88
47,"dotnumber","highSC","easy",0.668,1,1,-99,-0.099,0.88
47,"dotnumber","highSC","easy",0.819,-1,1,-99,-0.099,0.88
47,"dotnumber","highSC","easy",0.918,-1,1,-99,-0.099,0.88
47,"dotnumber","highSC","average",0.851,1,1,-99,-0.099,0.88
47,"dotnumber","highSC","average",1.019,1,0,-99,-0.099,0.88
47,"dotnumber","highSC","average",1.036,1,0,-99,-0.099,0.88
47,"dotnumber","highSC","easy",0.652,1,1,-99,-0.099,0.88
47,"dotnumber","highSC","average",0.753,1,1,-99,-0.099,0.88
47,"dotnumber","highSC","easy",0.768,-1,1,-99,-0.099,0.88
47,"dotnumber","highSC","hard",0.652,1,1,-99,-0.099,0.88
47,"dotnumber","highSC","hard",0.768,1,0,-99,-0.099,0.88
47,"dotnumber","highSC","hard",0.753,1,1,-99,-0.099,0.88
47,"dotnumber","highSC","easy",0.952,1,1,-99,-0.099,0.88
47,"dotnumber","highSC","hard",1.336,-1,0,-99,-0.099,0.88
47,"dotnumber","highSC","average",0.5,1,1,-99,-0.099,0.88
47,"dotnumber","highSC","average",0.768,1,1,-99,-0.099,0.88
47,"dotnumber","highSC","average",1.019,-1,1,-99,-0.099,0.88
47,"dotnumber","highSC","average",0.702,1,1,-99,-0.099,0.83
47,"dotnumber","highSC","average",0.918,-1,1,-99,-0.099,0.83
47,"dotnumber","highSC","average",0.968,1,1,-99,-0.099,0.83
47,"dotnumber","highSC","easy",0.768,1,1,-99,-0.099,0.83
47,"dotnumber","highSC","easy",1.001,-1,1,-99,-0.099,0.83
47,"dotnumber","highSC","average",0.953,-1,1,-99,-0.099,0.83
47,"dotnumber","highSC","hard",0.851,1,1,-99,-0.099,0.83
47,"dotnumber","highSC","easy",0.635,-1,1,-99,-0.099,0.83
47,"dotnumber","highSC","average",0.636,-1,1,-99,-0.099,0.83
47,"dotnumber","highSC","average",0.702,1,1,-99,-0.099,0.83
47,"dotnumber","highSC","easy",0.736,1,1,-99,-0.099,0.83
47,"dotnumber","highSC","hard",0.668,-1,0,-99,-0.099,0.83
47,"dotnumber","highSC","hard",0.803,1,1,-99,-0.099,0.83
47,"dotnumber","highSC","hard",0.635,-1,0,-99,-0.099,0.83
47,"dotnumber","highSC","hard",0.585,1,1,-99,-0.099,0.83
47,"dotnumber","highSC","average",0.586,-1,1,-99,-0.099,0.83
47,"dotnumber","highSC","average",0.568,1,1,-99,-0.099,0.83
47,"dotnumber","highSC","easy",0.584,1,1,-99,-0.099,0.83
47,"dotnumber","highSC","hard",1.235,1,0,-99,-0.099,0.83
47,"dotnumber","highSC","hard",0.769,1,0,-99,-0.099,0.83
47,"dotnumber","highSC","easy",0.567,1,1,-99,-0.099,0.83
47,"dotnumber","highSC","easy",0.786,1,1,-99,-0.099,0.83
47,"dotnumber","highSC","hard",0.602,-1,0,-99,-0.099,0.83
47,"dotnumber","highSC","easy",0.734,-1,0,-99,-0.099,0.83
47,"dotnumber","highSC","hard",0.869,-1,1,-99,-0.099,0.91
47,"dotnumber","highSC","average",0.634,1,1,-99,-0.099,0.91
47,"dotnumber","highSC","hard",0.752,1,1,-99,-0.099,0.91
47,"dotnumber","highSC","easy",0.701,1,1,-99,-0.099,0.91
47,"dotnumber","highSC","easy",0.802,1,1,-99,-0.099,0.91
47,"dotnumber","highSC","hard",1.052,1,1,-99,-0.099,0.91
47,"dotnumber","highSC","average",0.885,-1,1,-99,-0.099,0.91
47,"dotnumber","highSC","hard",0.819,1,1,-99,-0.099,0.91
47,"dotnumber","highSC","hard",1.018,-1,0,-99,-0.099,0.91
47,"dotnumber","highSC","easy",0.701,1,1,-99,-0.099,0.91
47,"dotnumber","highSC","easy",0.969,1,1,-99,-0.099,0.91
47,"dotnumber","highSC","easy",0.651,-1,1,-99,-0.099,0.91
47,"dotnumber","highSC","average",1.77,1,1,-99,-0.099,0.91
47,"dotnumber","highSC","hard",0.751,-1,1,-99,-0.099,0.91
47,"dotnumber","highSC","easy",0.685,-1,1,-99,-0.099,0.91
47,"dotnumber","highSC","average",0.784,1,1,-99,-0.099,0.91
47,"dotnumber","highSC","average",0.569,-1,1,-99,-0.099,0.91
47,"dotnumber","highSC","hard",0.885,1,0,-99,-0.099,0.91
47,"dotnumber","highSC","easy",0.752,-1,1,-99,-0.099,0.91
47,"dotnumber","highSC","hard",1.051,-1,1,-99,-0.099,0.91
47,"dotnumber","highSC","average",0.668,-1,1,-99,-0.099,0.91
47,"dotnumber","highSC","easy",0.752,1,1,-99,-0.099,0.91
47,"dotnumber","highSC","average",0.919,1,1,-99,-0.099,0.91
47,"dotnumber","highSC","average",0.668,-1,0,-99,-0.099,0.91
47,"dotnumber","highSC","average",0.953,1,1,-99,-0.099,0.98
47,"dotnumber","highSC","average",1.152,-1,1,-99,-0.099,0.98
47,"dotnumber","highSC","average",1.337,1,0,-99,-0.099,0.98
47,"dotnumber","highSC","easy",0.653,1,1,-99,-0.099,0.98
47,"dotnumber","highSC","average",1.436,1,0,-99,-0.099,0.98
47,"dotnumber","highSC","hard",1.069,1,0,-99,-0.099,0.98
47,"dotnumber","highSC","hard",1.319,-1,1,-99,-0.099,0.98
47,"dotnumber","highSC","easy",0.618,-1,1,-99,-0.099,0.98
47,"dotnumber","highSC","hard",0.852,1,1,-99,-0.099,0.98
47,"dotnumber","highSC","average",0.752,1,1,-99,-0.099,0.98
47,"dotnumber","highSC","hard",0.719,-1,0,-99,-0.099,0.98
47,"dotnumber","highSC","easy",0.835,1,1,-99,-0.099,0.98
47,"dotnumber","highSC","easy",0.735,-1,1,-99,-0.099,0.98
47,"dotnumber","highSC","easy",0.619,-1,1,-99,-0.099,0.98
47,"dotnumber","highSC","hard",1.169,1,0,-99,-0.099,0.98
47,"dotnumber","highSC","easy",0.602,-1,1,-99,-0.099,0.98
47,"dotnumber","highSC","easy",0.702,1,1,-99,-0.099,0.98
47,"dotnumber","highSC","easy",0.636,1,1,-99,-0.099,0.98
47,"dotnumber","highSC","average",0.585,1,1,-99,-0.099,0.98
47,"dotnumber","highSC","average",0.719,-1,1,-99,-0.099,0.98
47,"dotnumber","highSC","hard",0.668,1,1,-99,-0.099,0.98
47,"dotnumber","highSC","easy",0.602,-1,1,-99,-0.099,0.98
47,"dotnumber","highSC","hard",0.468,1,1,-99,-0.099,0.98
47,"dotnumber","highSC","hard",0.718,-1,0,-99,-0.099,0.98
47,"dotnumber","highSC","average",0.667,-1,1,-99,-0.099,0.94
47,"dotnumber","highSC","easy",0.684,1,1,-99,-0.099,0.94
47,"dotnumber","highSC","hard",1.319,-1,0,-99,-0.099,0.94
47,"dotnumber","highSC","average",0.585,-1,1,-99,-0.099,0.94
47,"dotnumber","highSC","hard",0.885,1,0,-99,-0.099,0.94
47,"dotnumber","highSC","average",0.618,1,1,-99,-0.099,0.94
47,"dotnumber","highSC","average",0.668,1,1,-99,-0.099,0.94
47,"dotnumber","highSC","easy",0.585,-1,1,-99,-0.099,0.94
47,"dotnumber","highSC","average",1.002,-1,1,-99,-0.099,0.94
47,"dotnumber","highSC","easy",0.719,-1,1,-99,-0.099,0.94
47,"dotnumber","highSC","easy",0.602,-1,1,-99,-0.099,0.94
47,"dotnumber","highSC","easy",0.669,-1,1,-99,-0.099,0.94
47,"dotnumber","highSC","easy",0.635,-1,1,-99,-0.099,0.94
47,"dotnumber","highSC","hard",0.986,1,0,-99,-0.099,0.94
47,"dotnumber","highSC","easy",0.817,-1,1,-99,-0.099,0.94
47,"dotnumber","highSC","easy",0.684,-1,1,-99,-0.099,0.94
47,"dotnumber","highSC","hard",0.869,1,1,-99,-0.099,0.94
47,"dotnumber","highSC","hard",0.868,1,1,-99,-0.099,0.94
47,"dotnumber","highSC","average",0.919,-1,1,-99,-0.099,0.94
47,"dotnumber","highSC","easy",0.919,1,1,-99,-0.099,0.94
47,"dotnumber","highSC","average",1.135,1,1,-99,-0.099,0.94
47,"dotnumber","highSC","hard",0.751,1,1,-99,-0.099,0.94
47,"dotnumber","highSC","hard",0.734,1,1,-99,-0.099,0.94
47,"dotnumber","highSC","average",1.051,1,1,-99,-0.099,0.94
47,"xotask","mediumSC","easy",0.752,-1,1,-99,-0.099,0.8
47,"xotask","mediumSC","hard",0.969,-1,0,-99,-0.099,0.8
47,"xotask","mediumSC","hard",0.719,1,1,-99,-0.099,0.8
47,"xotask","mediumSC","average",0.867,1,1,-99,-0.099,0.8
47,"xotask","mediumSC","hard",1.019,1,1,-99,-0.099,0.8
47,"xotask","mediumSC","average",0.986,1,1,-99,-0.099,0.8
47,"xotask","mediumSC","hard",0.769,-1,1,-99,-0.099,0.8
47,"xotask","mediumSC","easy",0.702,-1,1,-99,-0.099,0.8
47,"xotask","mediumSC","average",1.152,1,1,-99,-0.099,0.8
47,"xotask","mediumSC","easy",0.802,-1,1,-99,-0.099,0.8
47,"xotask","mediumSC","hard",0.834,-1,1,-99,-0.099,0.8
47,"xotask","mediumSC","average",0.918,1,1,-99,-0.099,0.8
47,"xotask","mediumSC","hard",1.42,1,0,-99,-0.099,0.8
47,"xotask","mediumSC","hard",1.402,-1,0,-99,-0.099,0.8
47,"xotask","mediumSC","easy",0.786,-1,1,-99,-0.099,0.8
47,"xotask","mediumSC","easy",0.901,-1,1,-99,-0.099,0.8
47,"xotask","mediumSC","average",1.002,1,1,-99,-0.099,0.8
47,"xotask","mediumSC","average",1.019,-1,1,-99,-0.099,0.8
47,"xotask","mediumSC","easy",0.969,1,0,-99,-0.099,0.8
47,"xotask","mediumSC","hard",1.069,-1,0,-99,-0.099,0.8
47,"xotask","mediumSC","average",0.935,1,0,-99,-0.099,0.8
47,"xotask","mediumSC","average",1.035,1,1,-99,-0.099,0.8
47,"xotask","mediumSC","average",0.918,1,1,-99,-0.099,0.8
47,"xotask","mediumSC","easy",0.785,1,1,-99,-0.099,0.8
47,"xotask","mediumSC","average",0.785,-1,1,-99,-0.099,0.73
47,"xotask","mediumSC","hard",1.72,1,1,-99,-0.099,0.73
47,"xotask","mediumSC","easy",0.819,-1,1,-99,-0.099,0.73
47,"xotask","mediumSC","average",1.37,1,1,-99,-0.099,0.73
47,"xotask","mediumSC","average",1.018,1,1,-99,-0.099,0.73
47,"xotask","mediumSC","average",0.969,1,1,-99,-0.099,0.73
47,"xotask","mediumSC","average",0.935,-1,1,-99,-0.099,0.73
47,"xotask","mediumSC","average",0.751,-1,1,-99,-0.099,0.73
47,"xotask","mediumSC","hard",1.252,1,0,-99,-0.099,0.73
47,"xotask","mediumSC","average",1.202,1,0,-99,-0.099,0.73
47,"xotask","mediumSC","average",0.902,1,1,-99,-0.099,0.73
47,"xotask","mediumSC","average",0.802,1,1,-99,-0.099,0.73
47,"xotask","mediumSC","easy",2.687,1,1,-99,-0.099,0.73
47,"xotask","mediumSC","hard",1.736,-1,1,-99,-0.099,0.73
47,"xotask","mediumSC","hard",1.52,1,1,-99,-0.099,0.73
47,"xotask","mediumSC","hard",1.069,1,1,-99,-0.099,0.73
47,"xotask","mediumSC","easy",0.885,1,1,-99,-0.099,0.73
47,"xotask","mediumSC","easy",0.987,-1,1,-99,-0.099,0.73
47,"xotask","mediumSC","hard",0.802,-1,1,-99,-0.099,0.73
47,"xotask","mediumSC","easy",0.753,1,1,-99,-0.099,0.73
47,"xotask","mediumSC","easy",1.069,1,1,-99,-0.099,0.73
47,"xotask","mediumSC","easy",0.752,-1,1,-99,-0.099,0.73
47,"xotask","mediumSC","easy",0.785,1,1,-99,-0.099,0.73
47,"xotask","mediumSC","easy",0.885,-1,1,-99,-0.099,0.73
47,"xotask","mediumSC","average",0.719,-1,1,-99,-0.099,0.75
47,"xotask","mediumSC","easy",0.935,-1,1,-99,-0.099,0.75
47,"xotask","mediumSC","easy",0.768,-1,1,-99,-0.099,0.75
47,"xotask","mediumSC","easy",0.684,1,1,-99,-0.099,0.75
47,"xotask","mediumSC","hard",0.786,-1,1,-99,-0.099,0.75
47,"xotask","mediumSC","easy",1.503,-1,1,-99,-0.099,0.75
47,"xotask","mediumSC","average",1.002,-1,0,-99,-0.099,0.75
47,"xotask","mediumSC","average",0.753,1,1,-99,-0.099,0.75
47,"xotask","mediumSC","hard",1.002,1,1,-99,-0.099,0.75
47,"xotask","mediumSC","easy",0.886,-1,1,-99,-0.099,0.75
47,"xotask","mediumSC","average",0.668,-1,1,-99,-0.099,0.75
47,"xotask","mediumSC","hard",0.851,-1,1,-99,-0.099,0.75
47,"xotask","mediumSC","average",1.036,-1,1,-99,-0.099,0.75
47,"xotask","mediumSC","hard",0.835,1,1,-99,-0.099,0.75
47,"xotask","mediumSC","average",1.303,1,1,-99,-0.099,0.75
47,"xotask","mediumSC","hard",0.901,1,1,-99,-0.099,0.75
47,"xotask","mediumSC","easy",0.669,-1,1,-99,-0.099,0.75
47,"xotask","mediumSC","hard",0.802,-1,1,-99,-0.099,0.75
47,"xotask","mediumSC","easy",0.719,1,1,-99,-0.099,0.75
47,"xotask","mediumSC","average",0.769,-1,1,-99,-0.099,0.75
47,"xotask","mediumSC","average",0.768,1,1,-99,-0.099,0.75
47,"xotask","mediumSC","average",0.886,-1,1,-99,-0.099,0.75
47,"xotask","mediumSC","easy",0.869,-1,1,-99,-0.099,0.75
47,"xotask","mediumSC","easy",0.802,1,1,-99,-0.099,0.75
47,"xotask","mediumSC","average",0.717,1,1,-99,-0.099,0.74
47,"xotask","mediumSC","easy",0.702,1,1,-99,-0.099,0.74
47,"xotask","mediumSC","hard",1.219,1,1,-99,-0.099,0.74
47,"xotask","mediumSC","hard",0.702,1,1,-99,-0.099,0.74
47,"xotask","mediumSC","easy",0.685,1,1,-99,-0.099,0.74
47,"xotask","mediumSC","hard",0.786,1,0,-99,-0.099,0.74
47,"xotask","mediumSC","easy",0.769,1,1,-99,-0.099,0.74
47,"xotask","mediumSC","hard",0.768,-1,0,-99,-0.099,0.74
47,"xotask","mediumSC","easy",0.802,-1,1,-99,-0.099,0.74
47,"xotask","mediumSC","hard",1.152,1,1,-99,-0.099,0.74
47,"xotask","mediumSC","hard",0.835,-1,0,-99,-0.099,0.74
47,"xotask","mediumSC","hard",0.835,-1,1,-99,-0.099,0.74
47,"xotask","mediumSC","hard",1.669,-1,1,-99,-0.099,0.74
47,"xotask","mediumSC","hard",0.735,1,1,-99,-0.099,0.74
47,"xotask","mediumSC","easy",0.719,-1,1,-99,-0.099,0.74
47,"xotask","mediumSC","average",0.802,-1,1,-99,-0.099,0.74
47,"xotask","mediumSC","easy",0.703,-1,1,-99,-0.099,0.74
47,"xotask","mediumSC","average",0.635,1,1,-99,-0.099,0.74
47,"xotask","mediumSC","hard",0.668,-1,1,-99,-0.099,0.74
47,"xotask","mediumSC","hard",0.635,-1,1,-99,-0.099,0.74
47,"xotask","mediumSC","easy",0.668,1,1,-99,-0.099,0.74
47,"xotask","mediumSC","easy",0.752,-1,1,-99,-0.099,0.74
47,"xotask","mediumSC","average",0.819,1,1,-99,-0.099,0.74
47,"xotask","mediumSC","easy",0.769,1,1,-99,-0.099,0.74
47,"xotask","mediumSC","easy",0.768,-1,1,-99,-0.099,0.76
47,"xotask","mediumSC","hard",0.752,-1,1,-99,-0.099,0.76
47,"xotask","mediumSC","average",0.619,1,1,-99,-0.099,0.76
47,"xotask","mediumSC","average",0.784,-1,1,-99,-0.099,0.76
47,"xotask","mediumSC","average",1.501,1,1,-99,-0.099,0.76
47,"xotask","mediumSC","hard",0.702,1,1,-99,-0.099,0.76
47,"xotask","mediumSC","easy",0.668,1,1,-99,-0.099,0.76
47,"xotask","mediumSC","average",0.752,1,1,-99,-0.099,0.76
47,"xotask","mediumSC","average",0.986,1,1,-99,-0.099,0.76
47,"xotask","mediumSC","easy",0.751,1,1,-99,-0.099,0.76
47,"xotask","mediumSC","hard",0.935,-1,1,-99,-0.099,0.76
47,"xotask","mediumSC","hard",0.651,1,1,-99,-0.099,0.76
47,"xotask","mediumSC","hard",1.62,1,1,-99,-0.099,0.76
47,"xotask","mediumSC","hard",1.185,1,1,-99,-0.099,0.76
47,"xotask","mediumSC","easy",0.818,-1,1,-99,-0.099,0.76
47,"xotask","mediumSC","hard",1.235,1,1,-99,-0.099,0.76
47,"xotask","mediumSC","average",0.835,-1,1,-99,-0.099,0.76
47,"xotask","mediumSC","average",0.768,-1,1,-99,-0.099,0.76
47,"xotask","mediumSC","hard",0.752,1,0,-99,-0.099,0.76
47,"xotask","mediumSC","average",1.419,-1,0,-99,-0.099,0.76
47,"xotask","mediumSC","easy",0.785,-1,1,-99,-0.099,0.76
47,"xotask","mediumSC","hard",1.02,1,1,-99,-0.099,0.76
47,"xotask","mediumSC","average",1.053,1,1,-99,-0.099,0.76
47,"xotask","mediumSC","easy",0.753,-1,1,-99,-0.099,0.76
47,"dotcolour","lowSC","hard",1.82,-1,0,-99,-0.099,0.69
47,"dotcolour","lowSC","easy",0.635,1,1,-99,-0.099,0.69
47,"dotcolour","lowSC","hard",0.752,1,0,-99,-0.099,0.69
47,"dotcolour","lowSC","easy",0.668,1,1,-99,-0.099,0.69
47,"dotcolour","lowSC","easy",0.619,1,1,-99,-0.099,0.69
47,"dotcolour","lowSC","easy",0.584,1,1,-99,-0.099,0.69
47,"dotcolour","lowSC","average",0.535,1,1,-99,-0.099,0.69
47,"dotcolour","lowSC","easy",0.468,-1,1,-99,-0.099,0.69
47,"dotcolour","lowSC","hard",0.652,1,1,-99,-0.099,0.69
47,"dotcolour","lowSC","hard",0.569,-1,0,-99,-0.099,0.69
47,"dotcolour","lowSC","easy",0.602,1,1,-99,-0.099,0.69
47,"dotcolour","lowSC","easy",0.635,-1,1,-99,-0.099,0.69
47,"dotcolour","lowSC","average",2.754,-1,1,-99,-0.099,0.69
47,"dotcolour","lowSC","hard",1.319,-1,0,-99,-0.099,0.69
47,"dotcolour","lowSC","easy",0.702,1,1,-99,-0.099,0.69
47,"dotcolour","lowSC","easy",0.685,1,1,-99,-0.099,0.69
47,"dotcolour","lowSC","average",0.719,1,1,-99,-0.099,0.69
47,"dotcolour","lowSC","easy",0.702,1,1,-99,-0.099,0.69
47,"dotcolour","lowSC","hard",1.369,1,0,-99,-0.099,0.69
47,"dotcolour","lowSC","average",0.618,-1,1,-99,-0.099,0.69
47,"dotcolour","lowSC","average",0.835,-1,1,-99,-0.099,0.69
47,"dotcolour","lowSC","average",1.085,1,1,-99,-0.099,0.69
47,"dotcolour","lowSC","hard",0.935,1,1,-99,-0.099,0.69
47,"dotcolour","lowSC","easy",0.686,-1,1,-99,-0.099,0.69
47,"dotcolour","lowSC","easy",0.634,1,1,-99,-0.099,0.61
47,"dotcolour","lowSC","average",0.869,-1,1,-99,-0.099,0.61
47,"dotcolour","lowSC","hard",0.636,1,1,-99,-0.099,0.61
47,"dotcolour","lowSC","easy",0.919,1,1,-99,-0.099,0.61
47,"dotcolour","lowSC","average",1.153,1,1,-99,-0.099,0.61
47,"dotcolour","lowSC","average",0.636,-1,1,-99,-0.099,0.61
47,"dotcolour","lowSC","easy",0.601,-1,1,-99,-0.099,0.61
47,"dotcolour","lowSC","easy",0.719,-1,1,-99,-0.099,0.61
47,"dotcolour","lowSC","hard",0.703,1,1,-99,-0.099,0.61
47,"dotcolour","lowSC","average",0.601,-1,1,-99,-0.099,0.61
47,"dotcolour","lowSC","hard",0.886,-1,0,-99,-0.099,0.61
47,"dotcolour","lowSC","average",0.668,1,1,-99,-0.099,0.61
47,"dotcolour","lowSC","hard",0.903,-1,1,-99,-0.099,0.61
47,"dotcolour","lowSC","easy",0.602,-1,1,-99,-0.099,0.61
47,"dotcolour","lowSC","easy",0.652,1,1,-99,-0.099,0.61
47,"dotcolour","lowSC","hard",0.668,-1,1,-99,-0.099,0.61
47,"dotcolour","lowSC","hard",0.951,-1,0,-99,-0.099,0.61
47,"dotcolour","lowSC","average",0.502,1,1,-99,-0.099,0.61
47,"dotcolour","lowSC","average",0.735,1,1,-99,-0.099,0.61
47,"dotcolour","lowSC","hard",0.768,1,1,-99,-0.099,0.61
47,"dotcolour","lowSC","hard",0.885,-1,1,-99,-0.099,0.61
47,"dotcolour","lowSC","easy",0.636,-1,1,-99,-0.099,0.61
47,"dotcolour","lowSC","easy",0.536,-1,1,-99,-0.099,0.61
47,"dotcolour","lowSC","hard",0.786,-1,1,-99,-0.099,0.61
47,"dotcolour","lowSC","average",0.819,1,1,-99,-0.099,0.58
47,"dotcolour","lowSC","easy",0.602,1,1,-99,-0.099,0.58
47,"dotcolour","lowSC","average",0.652,1,1,-99,-0.099,0.58
47,"dotcolour","lowSC","easy",0.668,1,1,-99,-0.099,0.58
47,"dotcolour","lowSC","hard",0.768,1,1,-99,-0.099,0.58
47,"dotcolour","lowSC","easy",0.986,1,1,-99,-0.099,0.58
47,"dotcolour","lowSC","average",0.736,-1,1,-99,-0.099,0.58
47,"dotcolour","lowSC","average",0.668,-1,1,-99,-0.099,0.58
47,"dotcolour","lowSC","hard",1.453,-1,1,-99,-0.099,0.58
47,"dotcolour","lowSC","hard",0.885,-1,1,-99,-0.099,0.58
47,"dotcolour","lowSC","average",0.752,-1,1,-99,-0.099,0.58
47,"dotcolour","lowSC","average",0.753,-1,1,-99,-0.099,0.58
47,"dotcolour","lowSC","average",1.302,-1,1,-99,-0.099,0.58
47,"dotcolour","lowSC","average",0.685,1,1,-99,-0.099,0.58
47,"dotcolour","lowSC","easy",0.852,-1,1,-99,-0.099,0.58
47,"dotcolour","lowSC","average",0.718,1,1,-99,-0.099,0.58
47,"dotcolour","lowSC","average",1.235,-1,0,-99,-0.099,0.58
47,"dotcolour","lowSC","hard",1.92,1,1,-99,-0.099,0.58
47,"dotcolour","lowSC","hard",1.119,1,0,-99,-0.099,0.58
47,"dotcolour","lowSC","hard",0.753,1,1,-99,-0.099,0.58
47,"dotcolour","lowSC","easy",0.653,1,1,-99,-0.099,0.58
47,"dotcolour","lowSC","hard",0.936,-1,1,-99,-0.099,0.58
47,"dotcolour","lowSC","easy",0.601,-1,1,-99,-0.099,0.58
47,"dotcolour","lowSC","easy",0.668,1,1,-99,-0.099,0.58
47,"dotcolour","lowSC","hard",1.203,-1,1,-99,-0.099,0.53
47,"dotcolour","lowSC","average",0.685,1,1,-99,-0.099,0.53
47,"dotcolour","lowSC","easy",0.668,-1,1,-99,-0.099,0.53
47,"dotcolour","lowSC","hard",1.703,-1,1,-99,-0.099,0.53
47,"dotcolour","lowSC","average",0.852,1,1,-99,-0.099,0.53
47,"dotcolour","lowSC","average",1.003,-1,1,-99,-0.099,0.53
47,"dotcolour","lowSC","average",0.686,-1,1,-99,-0.099,0.53
47,"dotcolour","lowSC","hard",1.169,1,0,-99,-0.099,0.53
47,"dotcolour","lowSC","average",0.968,-1,1,-99,-0.099,0.53
47,"dotcolour","lowSC","hard",1.118,-1,1,-99,-0.099,0.53
47,"dotcolour","lowSC","easy",0.601,1,1,-99,-0.099,0.53
47,"dotcolour","lowSC","easy",0.601,1,1,-99,-0.099,0.53
47,"dotcolour","lowSC","average",0.852,1,1,-99,-0.099,0.53
47,"dotcolour","lowSC","average",1.503,-1,1,-99,-0.099,0.53
47,"dotcolour","lowSC","hard",1.068,1,1,-99,-0.099,0.53
47,"dotcolour","lowSC","hard",0.969,1,1,-99,-0.099,0.53
47,"dotcolour","lowSC","easy",0.668,1,1,-99,-0.099,0.53
47,"dotcolour","lowSC","easy",0.769,-1,1,-99,-0.099,0.53
47,"dotcolour","lowSC","easy",0.636,-1,1,-99,-0.099,0.53
47,"dotcolour","lowSC","easy",0.735,-1,1,-99,-0.099,0.53
47,"dotcolour","lowSC","hard",1.135,-1,1,-99,-0.099,0.53
47,"dotcolour","lowSC","hard",0.652,1,0,-99,-0.099,0.53
47,"dotcolour","lowSC","hard",0.701,-1,0,-99,-0.099,0.53
47,"dotcolour","lowSC","average",1.402,1,1,-99,-0.099,0.53
47,"dotcolour","lowSC","hard",0.885,-1,1,-99,-0.099,0.63
47,"dotcolour","lowSC","hard",0.669,1,1,-99,-0.099,0.63
47,"dotcolour","lowSC","hard",1.619,-1,1,-99,-0.099,0.63
47,"dotcolour","lowSC","easy",0.619,1,1,-99,-0.099,0.63
47,"dotcolour","lowSC","average",1.503,1,1,-99,-0.099,0.63
47,"dotcolour","lowSC","average",0.785,1,1,-99,-0.099,0.63
47,"dotcolour","lowSC","average",0.619,1,1,-99,-0.099,0.63
47,"dotcolour","lowSC","average",0.768,-1,1,-99,-0.099,0.63
47,"dotcolour","lowSC","average",0.685,-1,1,-99,-0.099,0.63
47,"dotcolour","lowSC","easy",0.703,1,1,-99,-0.099,0.63
47,"dotcolour","lowSC","average",2.086,-1,0,-99,-0.099,0.63
47,"dotcolour","lowSC","easy",0.552,1,1,-99,-0.099,0.63
47,"dotcolour","lowSC","hard",1.436,1,1,-99,-0.099,0.63
47,"dotcolour","lowSC","easy",0.684,-1,1,-99,-0.099,0.63
47,"dotcolour","lowSC","average",1.252,-1,1,-99,-0.099,0.63
47,"dotcolour","lowSC","hard",1.318,-1,1,-99,-0.099,0.63
47,"dotcolour","lowSC","easy",0.534,1,1,-99,-0.099,0.63
47,"dotcolour","lowSC","average",0.685,-1,1,-99,-0.099,0.63
47,"dotcolour","lowSC","easy",0.702,1,1,-99,-0.099,0.63
47,"dotcolour","lowSC","easy",0.719,1,1,-99,-0.099,0.63
47,"dotcolour","lowSC","average",0.867,-1,1,-99,-0.099,0.63
47,"dotcolour","lowSC","hard",2.736,1,0,-99,-0.099,0.63
47,"dotcolour","lowSC","average",0.918,-1,1,-99,-0.099,0.63
47,"dotcolour","lowSC","average",0.985,1,1,-99,-0.099,0.63
48,"xotask","lowSC","hard",3.437,1,1,-99,-0.099,0.66
48,"xotask","lowSC","average",1.136,1,0,-99,-0.099,0.66
48,"xotask","lowSC","easy",0.752,-1,1,-99,-0.099,0.66
48,"xotask","lowSC","easy",0.619,-1,1,-99,-0.099,0.66
48,"xotask","lowSC","easy",0.501,1,1,-99,-0.099,0.66
48,"xotask","lowSC","average",0.518,1,1,-99,-0.099,0.66
48,"xotask","lowSC","average",0.418,-1,1,-99,-0.099,0.66
48,"xotask","lowSC","average",0.618,1,1,-99,-0.099,0.66
48,"xotask","lowSC","hard",0.652,1,1,-99,-0.099,0.66
48,"xotask","lowSC","average",0.686,-1,1,-99,-0.099,0.66
48,"xotask","lowSC","average",0.468,-1,1,-99,-0.099,0.66
48,"xotask","lowSC","average",2.854,1,1,-99,-0.099,0.66
48,"xotask","lowSC","hard",1.153,1,1,-99,-0.099,0.66
48,"xotask","lowSC","hard",0.852,-1,1,-99,-0.099,0.66
48,"xotask","lowSC","hard",0.618,-1,1,-99,-0.099,0.66
48,"xotask","lowSC","easy",0.467,1,1,-99,-0.099,0.66
48,"xotask","lowSC","easy",0.702,-1,1,-99,-0.099,0.66
48,"xotask","lowSC","average",0.802,1,0,-99,-0.099,0.66
48,"xotask","lowSC","hard",0.935,1,0,-99,-0.099,0.66
48,"xotask","lowSC","average",0.718,1,1,-99,-0.099,0.66
48,"xotask","lowSC","easy",0.502,-1,1,-99,-0.099,0.66
48,"xotask","lowSC","average",0.819,1,1,-99,-0.099,0.66
48,"xotask","lowSC","hard",0.952,1,1,-99,-0.099,0.66
48,"xotask","lowSC","easy",0.886,1,1,-99,-0.099,0.66
48,"xotask","lowSC","easy",0.586,-1,1,-99,-0.099,0.61
48,"xotask","lowSC","easy",0.552,1,1,-99,-0.099,0.61
48,"xotask","lowSC","easy",0.635,-1,1,-99,-0.099,0.61
48,"xotask","lowSC","average",0.601,-1,0,-99,-0.099,0.61
48,"xotask","lowSC","average",0.717,1,1,-99,-0.099,0.61
48,"xotask","lowSC","easy",0.535,1,1,-99,-0.099,0.61
48,"xotask","lowSC","average",0.801,-1,1,-99,-0.099,0.61
48,"xotask","lowSC","easy",0.919,-1,1,-99,-0.099,0.61
48,"xotask","lowSC","average",0.552,-1,1,-99,-0.099,0.61
48,"xotask","lowSC","easy",0.484,-1,1,-99,-0.099,0.61
48,"xotask","lowSC","easy",0.485,-1,1,-99,-0.099,0.61
48,"xotask","lowSC","average",0.518,-1,1,-99,-0.099,0.61
48,"xotask","lowSC","easy",0.668,1,1,-99,-0.099,0.61
48,"xotask","lowSC","average",0.502,-1,1,-99,-0.099,0.61
48,"xotask","lowSC","average",0.385,1,0,-99,-0.099,0.61
48,"xotask","lowSC","hard",0.451,1,1,-99,-0.099,0.61
48,"xotask","lowSC","hard",0.469,-1,1,-99,-0.099,0.61
48,"xotask","lowSC","easy",0.452,1,1,-99,-0.099,0.61
48,"xotask","lowSC","average",0.385,1,0,-99,-0.099,0.61
48,"xotask","lowSC","hard",0.818,1,0,-99,-0.099,0.61
48,"xotask","lowSC","easy",0.451,1,1,-99,-0.099,0.61
48,"xotask","lowSC","hard",0.484,1,1,-99,-0.099,0.61
48,"xotask","lowSC","easy",0.619,-1,1,-99,-0.099,0.61
48,"xotask","lowSC","hard",0.484,1,1,-99,-0.099,0.61
48,"xotask","lowSC","average",0.519,1,1,-99,-0.099,0.64
48,"xotask","lowSC","hard",0.869,-1,0,-99,-0.099,0.64
48,"xotask","lowSC","average",0.569,-1,1,-99,-0.099,0.64
48,"xotask","lowSC","easy",0.519,1,1,-99,-0.099,0.64
48,"xotask","lowSC","hard",0.534,-1,0,-99,-0.099,0.64
48,"xotask","lowSC","average",0.552,-1,1,-99,-0.099,0.64
48,"xotask","lowSC","average",0.586,1,1,-99,-0.099,0.64
48,"xotask","lowSC","easy",0.484,1,1,-99,-0.099,0.64
48,"xotask","lowSC","hard",0.369,1,0,-99,-0.099,0.64
48,"xotask","lowSC","easy",0.568,-1,1,-99,-0.099,0.64
48,"xotask","lowSC","easy",0.535,1,0,-99,-0.099,0.64
48,"xotask","lowSC","hard",0.435,-1,1,-99,-0.099,0.64
48,"xotask","lowSC","hard",0.636,1,1,-99,-0.099,0.64
48,"xotask","lowSC","average",0.484,1,1,-99,-0.099,0.64
48,"xotask","lowSC","easy",0.403,1,1,-99,-0.099,0.64
48,"xotask","lowSC","easy",0.485,-1,1,-99,-0.099,0.64
48,"xotask","lowSC","hard",0.869,-1,0,-99,-0.099,0.64
48,"xotask","lowSC","average",0.552,-1,1,-99,-0.099,0.64
48,"xotask","lowSC","easy",0.502,-1,1,-99,-0.099,0.64
48,"xotask","lowSC","average",0.552,1,1,-99,-0.099,0.64
48,"xotask","lowSC","average",0.419,1,1,-99,-0.099,0.64
48,"xotask","lowSC","average",0.486,-1,1,-99,-0.099,0.64
48,"xotask","lowSC","easy",0.451,-1,1,-99,-0.099,0.64
48,"xotask","lowSC","easy",0.417,1,1,-99,-0.099,0.64
48,"xotask","lowSC","average",0.401,-1,1,-99,-0.099,0.61
48,"xotask","lowSC","easy",0.437,1,1,-99,-0.099,0.61
48,"xotask","lowSC","hard",0.401,-1,0,-99,-0.099,0.61
48,"xotask","lowSC","average",0.702,1,0,-99,-0.099,0.61
48,"xotask","lowSC","easy",0.402,1,1,-99,-0.099,0.61
48,"xotask","lowSC","average",0.451,1,1,-99,-0.099,0.61
48,"xotask","lowSC","hard",0.635,-1,1,-99,-0.099,0.61
48,"xotask","lowSC","average",0.485,-1,1,-99,-0.099,0.61
48,"xotask","lowSC","average",0.569,-1,0,-99,-0.099,0.61
48,"xotask","lowSC","average",0.585,-1,1,-99,-0.099,0.61
48,"xotask","lowSC","average",0.469,-1,1,-99,-0.099,0.61
48,"xotask","lowSC","average",0.586,-1,1,-99,-0.099,0.61
48,"xotask","lowSC","hard",0.535,1,0,-99,-0.099,0.61
48,"xotask","lowSC","hard",0.435,1,0,-99,-0.099,0.61
48,"xotask","lowSC","average",0.451,-1,1,-99,-0.099,0.61
48,"xotask","lowSC","easy",0.418,-1,1,-99,-0.099,0.61
48,"xotask","lowSC","average",0.718,1,1,-99,-0.099,0.61
48,"xotask","lowSC","average",0.618,1,1,-99,-0.099,0.61
48,"xotask","lowSC","easy",0.519,-1,1,-99,-0.099,0.61
48,"xotask","lowSC","average",1.002,1,1,-99,-0.099,0.61
48,"xotask","lowSC","average",0.736,-1,0,-99,-0.099,0.61
48,"xotask","lowSC","hard",0.468,1,1,-99,-0.099,0.61
48,"xotask","lowSC","easy",0.536,1,0,-99,-0.099,0.61
48,"xotask","lowSC","easy",0.602,-1,1,-99,-0.099,0.61
48,"xotask","lowSC","easy",0.418,-1,1,-99,-0.099,0.63
48,"xotask","lowSC","easy",0.486,-1,0,-99,-0.099,0.63
48,"xotask","lowSC","average",0.5,-1,1,-99,-0.099,0.63
48,"xotask","lowSC","easy",0.485,1,1,-99,-0.099,0.63
48,"xotask","lowSC","easy",0.435,1,1,-99,-0.099,0.63
48,"xotask","lowSC","average",0.585,-1,1,-99,-0.099,0.63
48,"xotask","lowSC","average",0.451,1,1,-99,-0.099,0.63
48,"xotask","lowSC","easy",0.569,-1,1,-99,-0.099,0.63
48,"xotask","lowSC","average",0.418,1,0,-99,-0.099,0.63
48,"xotask","lowSC","easy",0.435,-1,1,-99,-0.099,0.63
48,"xotask","lowSC","hard",0.735,1,1,-99,-0.099,0.63
48,"xotask","lowSC","average",0.718,1,1,-99,-0.099,0.63
48,"xotask","lowSC","hard",0.786,1,0,-99,-0.099,0.63
48,"xotask","lowSC","average",0.519,1,1,-99,-0.099,0.63
48,"xotask","lowSC","hard",0.451,1,0,-99,-0.099,0.63
48,"xotask","lowSC","average",0.552,-1,1,-99,-0.099,0.63
48,"xotask","lowSC","average",0.551,1,1,-99,-0.099,0.63
48,"xotask","lowSC","easy",0.802,-1,0,-99,-0.099,0.63
48,"xotask","lowSC","easy",0.501,1,1,-99,-0.099,0.63
48,"xotask","lowSC","average",0.55,-1,1,-99,-0.099,0.63
48,"xotask","lowSC","easy",0.467,1,1,-99,-0.099,0.63
48,"xotask","lowSC","easy",0.735,-1,1,-99,-0.099,0.63
48,"xotask","lowSC","easy",0.618,1,1,-99,-0.099,0.63
48,"xotask","lowSC","easy",0.634,-1,1,-99,-0.099,0.63
48,"dotcolour","highSC","hard",1.203,-1,1,-99,-0.099,0.97
48,"dotcolour","highSC","easy",0.551,1,1,-99,-0.099,0.97
48,"dotcolour","highSC","average",0.634,1,1,-99,-0.099,0.97
48,"dotcolour","highSC","easy",0.601,-1,1,-99,-0.099,0.97
48,"dotcolour","highSC","easy",0.451,1,1,-99,-0.099,0.97
48,"dotcolour","highSC","easy",0.567,1,1,-99,-0.099,0.97
48,"dotcolour","highSC","average",0.485,-1,1,-99,-0.099,0.97
48,"dotcolour","highSC","average",0.502,-1,0,-99,-0.099,0.97
48,"dotcolour","highSC","hard",0.752,-1,0,-99,-0.099,0.97
48,"dotcolour","highSC","hard",1.002,-1,1,-99,-0.099,0.97
48,"dotcolour","highSC","easy",0.652,-1,1,-99,-0.099,0.97
48,"dotcolour","highSC","hard",0.701,-1,0,-99,-0.099,0.97
48,"dotcolour","highSC","hard",1.32,-1,1,-99,-0.099,0.97
48,"dotcolour","highSC","hard",0.468,-1,1,-99,-0.099,0.97
48,"dotcolour","highSC","easy",0.452,-1,1,-99,-0.099,0.97
48,"dotcolour","highSC","hard",0.402,-1,1,-99,-0.099,0.97
48,"dotcolour","highSC","hard",0.585,-1,0,-99,-0.099,0.97
48,"dotcolour","highSC","average",0.385,-1,1,-99,-0.099,0.97
48,"dotcolour","highSC","easy",0.584,1,1,-99,-0.099,0.97
48,"dotcolour","highSC","average",0.651,-1,1,-99,-0.099,0.97
48,"dotcolour","highSC","hard",1.219,-1,0,-99,-0.099,0.97
48,"dotcolour","highSC","average",0.468,1,1,-99,-0.099,0.97
48,"dotcolour","highSC","easy",0.469,1,1,-99,-0.099,0.97
48,"dotcolour","highSC","easy",0.435,-1,1,-99,-0.099,0.97
48,"dotcolour","highSC","hard",0.585,1,1,-99,-0.099,0.84
48,"dotcolour","highSC","easy",0.484,1,1,-99,-0.099,0.84
48,"dotcolour","highSC","average",0.802,-1,0,-99,-0.099,0.84
48,"dotcolour","highSC","average",0.585,1,1,-99,-0.099,0.84
48,"dotcolour","highSC","hard",0.885,1,0,-99,-0.099,0.84
48,"dotcolour","highSC","hard",0.635,-1,1,-99,-0.099,0.84
48,"dotcolour","highSC","average",0.417,-1,1,-99,-0.099,0.84
48,"dotcolour","highSC","easy",0.451,1,1,-99,-0.099,0.84
48,"dotcolour","highSC","easy",0.435,1,1,-99,-0.099,0.84
48,"dotcolour","highSC","hard",0.35,-1,1,-99,-0.099,0.84
48,"dotcolour","highSC","hard",0.919,-1,0,-99,-0.099,0.84
48,"dotcolour","highSC","average",0.485,-1,1,-99,-0.099,0.84
48,"dotcolour","highSC","easy",0.685,-1,1,-99,-0.099,0.84
48,"dotcolour","highSC","hard",0.635,-1,1,-99,-0.099,0.84
48,"dotcolour","highSC","easy",0.485,1,1,-99,-0.099,0.84
48,"dotcolour","highSC","hard",0.602,1,1,-99,-0.099,0.84
48,"dotcolour","highSC","easy",0.352,1,0,-99,-0.099,0.84
48,"dotcolour","highSC","hard",0.552,-1,1,-99,-0.099,0.84
48,"dotcolour","highSC","hard",0.618,-1,0,-99,-0.099,0.84
48,"dotcolour","highSC","easy",0.485,1,1,-99,-0.099,0.84
48,"dotcolour","highSC","average",0.452,-1,1,-99,-0.099,0.84
48,"dotcolour","highSC","easy",0.284,1,0,-99,-0.099,0.84
48,"dotcolour","highSC","easy",0.469,1,1,-99,-0.099,0.84
48,"dotcolour","highSC","average",0.551,1,1,-99,-0.099,0.84
48,"dotcolour","highSC","easy",0.501,1,1,-99,-0.099,0.97
48,"dotcolour","highSC","average",0.684,1,1,-99,-0.099,0.97
48,"dotcolour","highSC","hard",0.452,-1,0,-99,-0.099,0.97
48,"dotcolour","highSC","easy",0.535,-1,1,-99,-0.099,0.97
48,"dotcolour","highSC","average",0.402,-1,1,-99,-0.099,0.97
48,"dotcolour","highSC","easy",0.502,-1,1,-99,-0.099,0.97
48,"dotcolour","highSC","hard",0.351,-1,0,-99,-0.099,0.97
48,"dotcolour","highSC","hard",0.385,-1,0,-99,-0.099,0.97
48,"dotcolour","highSC","easy",0.584,1,1,-99,-0.099,0.97
48,"dotcolour","highSC","average",0.485,-1,1,-99,-0.099,0.97
48,"dotcolour","highSC","easy",0.534,1,1,-99,-0.099,0.97
48,"dotcolour","highSC","easy",0.452,-1,1,-99,-0.099,0.97
48,"dotcolour","highSC","easy",1.402,1,1,-99,-0.099,0.97
48,"dotcolour","highSC","average",0.585,1,1,-99,-0.099,0.97
48,"dotcolour","highSC","average",0.469,-1,1,-99,-0.099,0.97
48,"dotcolour","highSC","average",0.534,1,1,-99,-0.099,0.97
48,"dotcolour","highSC","hard",0.602,1,0,-99,-0.099,0.97
48,"dotcolour","highSC","hard",0.485,-1,0,-99,-0.099,0.97
48,"dotcolour","highSC","average",0.685,-1,0,-99,-0.099,0.97
48,"dotcolour","highSC","easy",0.418,1,1,-99,-0.099,0.97
48,"dotcolour","highSC","easy",0.852,1,1,-99,-0.099,0.97
48,"dotcolour","highSC","hard",0.768,-1,0,-99,-0.099,0.97
48,"dotcolour","highSC","easy",0.401,-1,1,-99,-0.099,0.97
48,"dotcolour","highSC","easy",0.402,-1,1,-99,-0.099,0.97
48,"dotcolour","highSC","hard",0.885,-1,0,-99,-0.099,0.86
48,"dotcolour","highSC","hard",0.468,-1,1,-99,-0.099,0.86
48,"dotcolour","highSC","easy",0.486,-1,1,-99,-0.099,0.86
48,"dotcolour","highSC","hard",0.385,-1,1,-99,-0.099,0.86
48,"dotcolour","highSC","average",0.735,1,1,-99,-0.099,0.86
48,"dotcolour","highSC","hard",0.651,-1,1,-99,-0.099,0.86
48,"dotcolour","highSC","easy",0.618,1,1,-99,-0.099,0.86
48,"dotcolour","highSC","easy",0.484,1,1,-99,-0.099,0.86
48,"dotcolour","highSC","average",0.685,-1,1,-99,-0.099,0.86
48,"dotcolour","highSC","easy",0.517,1,1,-99,-0.099,0.86
48,"dotcolour","highSC","hard",0.301,-1,0,-99,-0.099,0.86
48,"dotcolour","highSC","easy",0.485,1,0,-99,-0.099,0.86
48,"dotcolour","highSC","hard",0.685,1,1,-99,-0.099,0.86
48,"dotcolour","highSC","hard",0.617,-1,1,-99,-0.099,0.86
48,"dotcolour","highSC","easy",0.335,1,1,-99,-0.099,0.86
48,"dotcolour","highSC","average",0.302,-1,0,-99,-0.099,0.86
48,"dotcolour","highSC","easy",0.434,-1,1,-99,-0.099,0.86
48,"dotcolour","highSC","average",0.702,1,1,-99,-0.099,0.86
48,"dotcolour","highSC","average",0.535,-1,1,-99,-0.099,0.86
48,"dotcolour","highSC","hard",0.568,-1,0,-99,-0.099,0.86
48,"dotcolour","highSC","hard",2.103,-1,0,-99,-0.099,0.86
48,"dotcolour","highSC","easy",0.451,1,1,-99,-0.099,0.86
48,"dotcolour","highSC","hard",0.702,1,1,-99,-0.099,0.86
48,"dotcolour","highSC","hard",0.485,-1,0,-99,-0.099,0.86
48,"dotcolour","highSC","average",0.369,-1,1,-99,-0.099,0.96
48,"dotcolour","highSC","hard",0.301,-1,0,-99,-0.099,0.96
48,"dotcolour","highSC","hard",0.334,-1,0,-99,-0.099,0.96
48,"dotcolour","highSC","hard",0.318,-1,1,-99,-0.099,0.96
48,"dotcolour","highSC","hard",0.302,-1,0,-99,-0.099,0.96
48,"dotcolour","highSC","hard",0.318,-1,0,-99,-0.099,0.96
48,"dotcolour","highSC","hard",0.368,-1,1,-99,-0.099,0.96
48,"dotcolour","highSC","easy",0.301,-1,1,-99,-0.099,0.96
48,"dotcolour","highSC","average",0.351,-1,1,-99,-0.099,0.96
48,"dotcolour","highSC","hard",0.335,-1,1,-99,-0.099,0.96
48,"dotcolour","highSC","hard",0.586,-1,1,-99,-0.099,0.96
48,"dotcolour","highSC","average",0.418,-1,0,-99,-0.099,0.96
48,"dotcolour","highSC","easy",0.585,-1,1,-99,-0.099,0.96
48,"dotcolour","highSC","average",0.55,-1,1,-99,-0.099,0.96
48,"dotcolour","highSC","easy",0.435,-1,1,-99,-0.099,0.96
48,"dotcolour","highSC","hard",0.651,-1,0,-99,-0.099,0.96
48,"dotcolour","highSC","average",1.202,1,1,-99,-0.099,0.96
48,"dotcolour","highSC","easy",0.435,1,1,-99,-0.099,0.96
48,"dotcolour","highSC","average",0.486,1,1,-99,-0.099,0.96
48,"dotcolour","highSC","average",0.552,-1,1,-99,-0.099,0.96
48,"dotcolour","highSC","easy",0.636,-1,1,-99,-0.099,0.96
48,"dotcolour","highSC","easy",0.968,1,1,-99,-0.099,0.96
48,"dotcolour","highSC","easy",0.485,1,1,-99,-0.099,0.96
48,"dotcolour","highSC","easy",0.501,-1,1,-99,-0.099,0.96
48,"dotnumber","mediumSC","hard",1.019,1,0,-99,-0.099,0.72
48,"dotnumber","mediumSC","average",0.434,1,0,-99,-0.099,0.72
48,"dotnumber","mediumSC","hard",0.635,1,1,-99,-0.099,0.72
48,"dotnumber","mediumSC","easy",0.569,-1,1,-99,-0.099,0.72
48,"dotnumber","mediumSC","hard",0.485,-1,1,-99,-0.099,0.72
48,"dotnumber","mediumSC","easy",0.435,1,1,-99,-0.099,0.72
48,"dotnumber","mediumSC","average",0.535,1,1,-99,-0.099,0.72
48,"dotnumber","mediumSC","average",0.485,-1,1,-99,-0.099,0.72
48,"dotnumber","mediumSC","easy",0.419,1,1,-99,-0.099,0.72
48,"dotnumber","mediumSC","average",0.535,1,1,-99,-0.099,0.72
48,"dotnumber","mediumSC","average",0.451,1,1,-99,-0.099,0.72
48,"dotnumber","mediumSC","hard",0.468,1,1,-99,-0.099,0.72
48,"dotnumber","mediumSC","hard",0.451,1,0,-99,-0.099,0.72
48,"dotnumber","mediumSC","average",0.519,1,0,-99,-0.099,0.72
48,"dotnumber","mediumSC","average",0.501,1,1,-99,-0.099,0.72
48,"dotnumber","mediumSC","hard",0.501,1,1,-99,-0.099,0.72
48,"dotnumber","mediumSC","hard",0.518,1,1,-99,-0.099,0.72
48,"dotnumber","mediumSC","hard",0.552,1,0,-99,-0.099,0.72
48,"dotnumber","mediumSC","average",0.368,1,1,-99,-0.099,0.72
48,"dotnumber","mediumSC","easy",0.468,1,1,-99,-0.099,0.72
48,"dotnumber","mediumSC","average",0.551,-1,1,-99,-0.099,0.72
48,"dotnumber","mediumSC","easy",0.385,-1,1,-99,-0.099,0.72
48,"dotnumber","mediumSC","average",0.418,-1,1,-99,-0.099,0.72
48,"dotnumber","mediumSC","average",0.652,1,1,-99,-0.099,0.72
48,"dotnumber","mediumSC","average",0.601,1,1,-99,-0.099,0.76
48,"dotnumber","mediumSC","easy",0.618,-1,0,-99,-0.099,0.76
48,"dotnumber","mediumSC","easy",0.318,1,1,-99,-0.099,0.76
48,"dotnumber","mediumSC","easy",0.518,-1,1,-99,-0.099,0.76
48,"dotnumber","mediumSC","hard",0.769,-1,0,-99,-0.099,0.76
48,"dotnumber","mediumSC","hard",0.469,-1,1,-99,-0.099,0.76
48,"dotnumber","mediumSC","average",0.535,1,0,-99,-0.099,0.76
48,"dotnumber","mediumSC","hard",1.887,-1,1,-99,-0.099,0.76
48,"dotnumber","mediumSC","easy",0.434,-1,1,-99,-0.099,0.76
48,"dotnumber","mediumSC","average",0.318,-1,1,-99,-0.099,0.76
48,"dotnumber","mediumSC","average",0.268,-1,1,-99,-0.099,0.76
48,"dotnumber","mediumSC","hard",0.519,1,1,-99,-0.099,0.76
48,"dotnumber","mediumSC","hard",0.452,-1,0,-99,-0.099,0.76
48,"dotnumber","mediumSC","hard",0.3,-1,1,-99,-0.099,0.76
48,"dotnumber","mediumSC","average",0.268,-1,0,-99,-0.099,0.76
48,"dotnumber","mediumSC","easy",0.235,-1,1,-99,-0.099,0.76
48,"dotnumber","mediumSC","average",0.468,1,0,-99,-0.099,0.76
48,"dotnumber","mediumSC","hard",0.318,-1,0,-99,-0.099,0.76
48,"dotnumber","mediumSC","average",0.435,1,1,-99,-0.099,0.76
48,"dotnumber","mediumSC","easy",0.418,1,1,-99,-0.099,0.76
48,"dotnumber","mediumSC","easy",0.435,1,1,-99,-0.099,0.76
48,"dotnumber","mediumSC","easy",0.468,1,0,-99,-0.099,0.76
48,"dotnumber","mediumSC","average",0.319,-1,0,-99,-0.099,0.76
48,"dotnumber","mediumSC","hard",0.284,1,0,-99,-0.099,0.82
48,"dotnumber","mediumSC","hard",0.652,-1,1,-99,-0.099,0.82
48,"dotnumber","mediumSC","easy",0.635,-1,1,-99,-0.099,0.82
48,"dotnumber","mediumSC","easy",0.368,-1,1,-99,-0.099,0.82
48,"dotnumber","mediumSC","hard",0.417,1,0,-99,-0.099,0.82
48,"dotnumber","mediumSC","average",0.251,-1,0,-99,-0.099,0.82
48,"dotnumber","mediumSC","hard",0.267,-1,1,-99,-0.099,0.82
48,"dotnumber","mediumSC","easy",0.401,-1,0,-99,-0.099,0.82
48,"dotnumber","mediumSC","hard",0.552,1,0,-99,-0.099,0.82
48,"dotnumber","mediumSC","easy",0.502,-1,1,-99,-0.099,0.82
48,"dotnumber","mediumSC","average",0.551,1,1,-99,-0.099,0.82
48,"dotnumber","mediumSC","hard",0.619,-1,0,-99,-0.099,0.82
48,"dotnumber","mediumSC","easy",0.267,-1,1,-99,-0.099,0.82
48,"dotnumber","mediumSC","easy",0.285,-1,1,-99,-0.099,0.82
48,"dotnumber","mediumSC","hard",0.369,-1,0,-99,-0.099,0.82
48,"dotnumber","mediumSC","average",0.452,1,1,-99,-0.099,0.82
48,"dotnumber","mediumSC","hard",0.451,-1,0,-99,-0.099,0.82
48,"dotnumber","mediumSC","average",0.402,1,0,-99,-0.099,0.82
48,"dotnumber","mediumSC","hard",0.801,1,0,-99,-0.099,0.82
48,"dotnumber","mediumSC","hard",0.735,-1,1,-99,-0.099,0.82
48,"dotnumber","mediumSC","average",0.769,1,1,-99,-0.099,0.82
48,"dotnumber","mediumSC","average",0.568,1,1,-99,-0.099,0.82
48,"dotnumber","mediumSC","average",0.468,-1,1,-99,-0.099,0.82
48,"dotnumber","mediumSC","average",0.752,-1,0,-99,-0.099,0.79
48,"dotnumber","mediumSC","hard",0.234,-1,1,-99,-0.099,0.79
48,"dotnumber","mediumSC","average",0.401,1,0,-99,-0.099,0.79
48,"dotnumber","mediumSC","average",0.401,1,1,-99,-0.099,0.79
48,"dotnumber","mediumSC","hard",0.418,1,0,-99,-0.099,0.79
48,"dotnumber","mediumSC","hard",0.819,-1,1,-99,-0.099,0.79
48,"dotnumber","mediumSC","easy",0.585,-1,0,-99,-0.099,0.79
48,"dotnumber","mediumSC","hard",0.318,-1,1,-99,-0.099,0.79
48,"dotnumber","mediumSC","easy",0.418,1,0,-99,-0.099,0.79
48,"dotnumber","mediumSC","easy",0.418,1,1,-99,-0.099,0.79
48,"dotnumber","mediumSC","easy",0.351,1,0,-99,-0.099,0.79
48,"dotnumber","mediumSC","average",0.485,-1,1,-99,-0.099,0.79
48,"dotnumber","mediumSC","average",0.218,-1,1,-99,-0.099,0.79
48,"dotnumber","mediumSC","hard",0.317,-1,0,-99,-0.099,0.79
48,"dotnumber","mediumSC","average",0.218,-1,0,-99,-0.099,0.79
48,"dotnumber","mediumSC","hard",0.267,-1,0,-99,-0.099,0.79
48,"dotnumber","mediumSC","average",0.435,-1,1,-99,-0.099,0.79
48,"dotnumber","mediumSC","easy",0.502,-1,1,-99,-0.099,0.79
48,"dotnumber","mediumSC","easy",0.485,1,1,-99,-0.099,0.79
48,"dotnumber","mediumSC","average",0.267,-1,0,-99,-0.099,0.79
48,"dotnumber","mediumSC","average",0.702,1,1,-99,-0.099,0.79
48,"dotnumber","mediumSC","easy",0.385,-1,1,-99,-0.099,0.79
48,"dotnumber","mediumSC","hard",0.317,-1,0,-99,-0.099,0.71
48,"dotnumber","mediumSC","easy",0.385,-1,0,-99,-0.099,0.71
48,"dotnumber","mediumSC","average",0.618,1,1,-99,-0.099,0.71
48,"dotnumber","mediumSC","easy",0.335,1,0,-99,-0.099,0.71
48,"dotnumber","mediumSC","hard",0.401,-1,1,-99,-0.099,0.71
48,"dotnumber","mediumSC","easy",0.452,-1,1,-99,-0.099,0.71
48,"dotnumber","mediumSC","easy",0.318,-1,1,-99,-0.099,0.71
48,"dotnumber","mediumSC","easy",0.268,-1,0,-99,-0.099,0.71
48,"dotnumber","mediumSC","hard",0.251,-1,1,-99,-0.099,0.71
48,"dotnumber","mediumSC","hard",0.267,-1,1,-99,-0.099,0.71
48,"dotnumber","mediumSC","average",0.418,-1,1,-99,-0.099,0.71
48,"dotnumber","mediumSC","easy",0.568,-1,0,-99,-0.099,0.71
48,"dotnumber","mediumSC","hard",0.551,-1,0,-99,-0.099,0.71
48,"dotnumber","mediumSC","easy",0.901,1,1,-99,-0.099,0.71
48,"dotnumber","mediumSC","hard",0.484,-1,0,-99,-0.099,0.71
48,"dotnumber","mediumSC","hard",0.401,1,1,-99,-0.099,0.71
48,"dotnumber","mediumSC","hard",0.618,1,1,-99,-0.099,0.71
48,"dotnumber","mediumSC","hard",0.652,-1,0,-99,-0.099,0.71
48,"dotnumber","mediumSC","hard",0.552,-1,1,-99,-0.099,0.71
48,"dotnumber","mediumSC","easy",0.368,-1,1,-99,-0.099,0.71
48,"dotnumber","mediumSC","easy",0.401,-1,1,-99,-0.099,0.71
48,"dotnumber","mediumSC","easy",0.25,-1,0,-99,-0.099,0.71
48,"dotnumber","mediumSC","average",0.351,1,0,-99,-0.099,0.71
50,"dotnumber","mediumSC","easy",1.502,-1,1,-99,-0.099,0.74
50,"dotnumber","mediumSC","easy",1.019,1,0,-99,-0.099,0.74
50,"dotnumber","mediumSC","easy",0.786,-1,1,-99,-0.099,0.74
50,"dotnumber","mediumSC","easy",0.785,1,1,-99,-0.099,0.74
50,"dotnumber","mediumSC","easy",0.768,1,1,-99,-0.099,0.74
50,"dotnumber","mediumSC","hard",0.918,1,1,-99,-0.099,0.74
50,"dotnumber","mediumSC","easy",0.836,1,1,-99,-0.099,0.74
50,"dotnumber","mediumSC","hard",0.952,-1,1,-99,-0.099,0.74
50,"dotnumber","mediumSC","average",0.769,1,1,-99,-0.099,0.74
50,"dotnumber","mediumSC","average",0.985,1,1,-99,-0.099,0.74
50,"dotnumber","mediumSC","average",0.901,1,0,-99,-0.099,0.74
50,"dotnumber","mediumSC","hard",1.836,1,0,-99,-0.099,0.74
50,"dotnumber","mediumSC","easy",0.818,-1,1,-99,-0.099,0.74
50,"dotnumber","mediumSC","average",0.635,1,1,-99,-0.099,0.74
50,"dotnumber","mediumSC","easy",0.768,1,1,-99,-0.099,0.74
50,"dotnumber","mediumSC","hard",1.319,1,0,-99,-0.099,0.74
50,"dotnumber","mediumSC","easy",1.285,1,1,-99,-0.099,0.74
50,"dotnumber","mediumSC","hard",1.103,-1,1,-99,-0.099,0.74
50,"dotnumber","mediumSC","easy",0.852,-1,1,-99,-0.099,0.74
50,"dotnumber","mediumSC","average",0.852,1,1,-99,-0.099,0.74
50,"dotnumber","mediumSC","easy",0.735,-1,1,-99,-0.099,0.74
50,"dotnumber","mediumSC","easy",0.834,1,1,-99,-0.099,0.74
50,"dotnumber","mediumSC","hard",0.735,1,1,-99,-0.099,0.74
50,"dotnumber","mediumSC","hard",0.786,-1,0,-99,-0.099,0.74
50,"dotnumber","mediumSC","average",0.668,1,1,-99,-0.099,0.69
50,"dotnumber","mediumSC","hard",0.602,1,0,-99,-0.099,0.69
50,"dotnumber","mediumSC","hard",1.17,-1,0,-99,-0.099,0.69
50,"dotnumber","mediumSC","hard",0.668,1,0,-99,-0.099,0.69
50,"dotnumber","mediumSC","hard",0.669,1,1,-99,-0.099,0.69
50,"dotnumber","mediumSC","average",0.752,1,1,-99,-0.099,0.69
50,"dotnumber","mediumSC","hard",0.769,-1,0,-99,-0.099,0.69
50,"dotnumber","mediumSC","hard",0.669,1,0,-99,-0.099,0.69
50,"dotnumber","mediumSC","hard",0.635,-1,1,-99,-0.099,0.69
50,"dotnumber","mediumSC","average",0.685,1,1,-99,-0.099,0.69
50,"dotnumber","mediumSC","average",0.552,1,1,-99,-0.099,0.69
50,"dotnumber","mediumSC","easy",0.668,1,1,-99,-0.099,0.69
50,"dotnumber","mediumSC","hard",0.601,1,0,-99,-0.099,0.69
50,"dotnumber","mediumSC","easy",0.518,1,1,-99,-0.099,0.69
50,"dotnumber","mediumSC","easy",0.569,-1,1,-99,-0.099,0.69
50,"dotnumber","mediumSC","average",0.667,-1,1,-99,-0.099,0.69
50,"dotnumber","mediumSC","easy",0.669,1,1,-99,-0.099,0.69
50,"dotnumber","mediumSC","average",0.634,1,1,-99,-0.099,0.69
50,"dotnumber","mediumSC","easy",0.668,-1,1,-99,-0.099,0.69
50,"dotnumber","mediumSC","average",0.635,1,1,-99,-0.099,0.69
50,"dotnumber","mediumSC","hard",0.802,-1,1,-99,-0.099,0.69
50,"dotnumber","mediumSC","hard",0.652,1,1,-99,-0.099,0.69
50,"dotnumber","mediumSC","average",0.785,1,1,-99,-0.099,0.69
50,"dotnumber","mediumSC","hard",0.685,1,1,-99,-0.099,0.69
50,"dotnumber","mediumSC","hard",0.935,1,1,-99,-0.099,0.75
50,"dotnumber","mediumSC","easy",0.668,-1,1,-99,-0.099,0.75
50,"dotnumber","mediumSC","average",0.885,-1,1,-99,-0.099,0.75
50,"dotnumber","mediumSC","average",1.052,-1,0,-99,-0.099,0.75
50,"dotnumber","mediumSC","hard",0.818,1,1,-99,-0.099,0.75
50,"dotnumber","mediumSC","easy",0.668,1,1,-99,-0.099,0.75
50,"dotnumber","mediumSC","easy",0.618,-1,1,-99,-0.099,0.75
50,"dotnumber","mediumSC","easy",0.652,-1,1,-99,-0.099,0.75
50,"dotnumber","mediumSC","average",0.768,1,0,-99,-0.099,0.75
50,"dotnumber","mediumSC","easy",0.618,1,1,-99,-0.099,0.75
50,"dotnumber","mediumSC","hard",0.768,1,1,-99,-0.099,0.75
50,"dotnumber","mediumSC","easy",0.652,-1,1,-99,-0.099,0.75
50,"dotnumber","mediumSC","average",0.584,1,1,-99,-0.099,0.75
50,"dotnumber","mediumSC","hard",0.685,-1,0,-99,-0.099,0.75
50,"dotnumber","mediumSC","average",0.651,-1,1,-99,-0.099,0.75
50,"dotnumber","mediumSC","average",0.768,-1,0,-99,-0.099,0.75
50,"dotnumber","mediumSC","hard",1.002,1,1,-99,-0.099,0.75
50,"dotnumber","mediumSC","hard",0.769,1,0,-99,-0.099,0.75
50,"dotnumber","mediumSC","easy",0.935,-1,1,-99,-0.099,0.75
50,"dotnumber","mediumSC","easy",0.685,-1,1,-99,-0.099,0.75
50,"dotnumber","mediumSC","easy",0.601,1,1,-99,-0.099,0.75
50,"dotnumber","mediumSC","average",0.735,-1,1,-99,-0.099,0.75
50,"dotnumber","mediumSC","average",0.635,1,1,-99,-0.099,0.75
50,"dotnumber","mediumSC","easy",0.552,1,1,-99,-0.099,0.75
50,"dotnumber","mediumSC","average",1.086,1,1,-99,-0.099,0.81
50,"dotnumber","mediumSC","easy",0.618,1,1,-99,-0.099,0.81
50,"dotnumber","mediumSC","hard",2.187,1,0,-99,-0.099,0.81
50,"dotnumber","mediumSC","easy",0.618,-1,1,-99,-0.099,0.81
50,"dotnumber","mediumSC","easy",0.502,1,1,-99,-0.099,0.81
50,"dotnumber","mediumSC","hard",1.353,-1,0,-99,-0.099,0.81
50,"dotnumber","mediumSC","hard",0.769,-1,1,-99,-0.099,0.81
50,"dotnumber","mediumSC","average",0.652,1,1,-99,-0.099,0.81
50,"dotnumber","mediumSC","average",0.935,-1,0,-99,-0.099,0.81
50,"dotnumber","mediumSC","average",0.868,1,1,-99,-0.099,0.81
50,"dotnumber","mediumSC","average",0.718,-1,1,-99,-0.099,0.81
50,"dotnumber","mediumSC","easy",0.602,-1,1,-99,-0.099,0.81
50,"dotnumber","mediumSC","easy",2.003,-1,0,-99,-0.099,0.81
50,"dotnumber","mediumSC","average",1.235,1,0,-99,-0.099,0.81
50,"dotnumber","mediumSC","average",0.6,1,1,-99,-0.099,0.81
50,"dotnumber","mediumSC","easy",0.634,-1,1,-99,-0.099,0.81
50,"dotnumber","mediumSC","average",1.285,-1,1,-99,-0.099,0.81
50,"dotnumber","mediumSC","hard",0.685,-1,0,-99,-0.099,0.81
50,"dotnumber","mediumSC","average",0.685,1,1,-99,-0.099,0.81
50,"dotnumber","mediumSC","easy",0.619,1,1,-99,-0.099,0.81
50,"dotnumber","mediumSC","easy",0.668,1,1,-99,-0.099,0.81
50,"dotnumber","mediumSC","easy",0.635,-1,1,-99,-0.099,0.81
50,"dotnumber","mediumSC","hard",0.718,-1,1,-99,-0.099,0.81
50,"dotnumber","mediumSC","average",0.752,-1,1,-99,-0.099,0.81
50,"dotnumber","mediumSC","hard",0.818,1,0,-99,-0.099,0.82
50,"dotnumber","mediumSC","hard",0.802,1,0,-99,-0.099,0.82
50,"dotnumber","mediumSC","easy",0.635,-1,1,-99,-0.099,0.82
50,"dotnumber","mediumSC","easy",0.818,1,0,-99,-0.099,0.82
50,"dotnumber","mediumSC","average",0.736,1,1,-99,-0.099,0.82
50,"dotnumber","mediumSC","easy",0.618,1,1,-99,-0.099,0.82
50,"dotnumber","mediumSC","hard",0.719,1,0,-99,-0.099,0.82
50,"dotnumber","mediumSC","average",0.602,1,1,-99,-0.099,0.82
50,"dotnumber","mediumSC","easy",0.935,1,1,-99,-0.099,0.82
50,"dotnumber","mediumSC","average",0.718,-1,1,-99,-0.099,0.82
50,"dotnumber","mediumSC","easy",0.567,1,1,-99,-0.099,0.82
50,"dotnumber","mediumSC","easy",0.601,-1,1,-99,-0.099,0.82
50,"dotnumber","mediumSC","easy",0.685,-1,1,-99,-0.099,0.82
50,"dotnumber","mediumSC","average",0.551,-1,1,-99,-0.099,0.82
50,"dotnumber","mediumSC","easy",0.484,1,1,-99,-0.099,0.82
50,"dotnumber","mediumSC","hard",0.885,-1,0,-99,-0.099,0.82
50,"dotnumber","mediumSC","average",0.434,1,1,-99,-0.099,0.82
50,"dotnumber","mediumSC","average",0.552,-1,1,-99,-0.099,0.82
50,"dotnumber","mediumSC","average",0.468,1,1,-99,-0.099,0.82
50,"dotnumber","mediumSC","easy",0.668,1,0,-99,-0.099,0.82
50,"dotnumber","mediumSC","easy",0.567,-1,1,-99,-0.099,0.82
50,"dotnumber","mediumSC","hard",1.035,-1,1,-99,-0.099,0.82
50,"dotnumber","mediumSC","easy",0.652,-1,1,-99,-0.099,0.82
50,"dotnumber","mediumSC","average",0.467,1,1,-99,-0.099,0.82
50,"xotask","lowSC","average",2.887,-1,1,-99,-0.099,0.68
50,"xotask","lowSC","average",1.035,1,1,-99,-0.099,0.68
50,"xotask","lowSC","hard",1.987,1,1,-99,-0.099,0.68
50,"xotask","lowSC","easy",1.001,1,1,-99,-0.099,0.68
50,"xotask","lowSC","easy",0.668,-1,1,-99,-0.099,0.68
50,"xotask","lowSC","hard",1.052,1,0,-99,-0.099,0.68
50,"xotask","lowSC","easy",1.386,-1,1,-99,-0.099,0.68
50,"xotask","lowSC","hard",0.819,1,0,-99,-0.099,0.68
50,"xotask","lowSC","average",1.319,-1,1,-99,-0.099,0.68
50,"xotask","lowSC","average",0.786,1,1,-99,-0.099,0.68
50,"xotask","lowSC","hard",0.785,1,0,-99,-0.099,0.68
50,"xotask","lowSC","easy",1.019,-1,1,-99,-0.099,0.68
50,"xotask","lowSC","average",1.503,1,1,-99,-0.099,0.68
50,"xotask","lowSC","easy",0.869,1,1,-99,-0.099,0.68
50,"xotask","lowSC","easy",0.719,1,1,-99,-0.099,0.68
50,"xotask","lowSC","hard",0.785,1,0,-99,-0.099,0.68
50,"xotask","lowSC","hard",0.668,1,0,-99,-0.099,0.68
50,"xotask","lowSC","average",1.069,-1,1,-99,-0.099,0.68
50,"xotask","lowSC","average",0.785,-1,1,-99,-0.099,0.68
50,"xotask","lowSC","hard",0.769,-1,1,-99,-0.099,0.68
50,"xotask","lowSC","average",0.952,-1,1,-99,-0.099,0.68
50,"xotask","lowSC","easy",0.969,1,1,-99,-0.099,0.68
50,"xotask","lowSC","hard",2.036,1,1,-99,-0.099,0.68
50,"xotask","lowSC","easy",0.802,1,1,-99,-0.099,0.68
50,"xotask","lowSC","easy",0.618,1,1,-99,-0.099,0.61
50,"xotask","lowSC","average",0.751,1,1,-99,-0.099,0.61
50,"xotask","lowSC","hard",0.736,-1,1,-99,-0.099,0.61
50,"xotask","lowSC","average",1.62,1,0,-99,-0.099,0.61
50,"xotask","lowSC","average",0.652,1,1,-99,-0.099,0.61
50,"xotask","lowSC","hard",0.835,-1,1,-99,-0.099,0.61
50,"xotask","lowSC","easy",0.719,-1,0,-99,-0.099,0.61
50,"xotask","lowSC","average",0.685,1,1,-99,-0.099,0.61
50,"xotask","lowSC","average",0.701,-1,1,-99,-0.099,0.61
50,"xotask","lowSC","average",0.535,1,1,-99,-0.099,0.61
50,"xotask","lowSC","average",0.568,1,0,-99,-0.099,0.61
50,"xotask","lowSC","easy",0.619,-1,1,-99,-0.099,0.61
50,"xotask","lowSC","average",0.802,-1,1,-99,-0.099,0.61
50,"xotask","lowSC","hard",0.536,1,1,-99,-0.099,0.61
50,"xotask","lowSC","easy",1.018,-1,0,-99,-0.099,0.61
50,"xotask","lowSC","hard",1.002,-1,1,-99,-0.099,0.61
50,"xotask","lowSC","easy",1.319,1,1,-99,-0.099,0.61
50,"xotask","lowSC","average",1.018,-1,0,-99,-0.099,0.61
50,"xotask","lowSC","easy",0.818,-1,1,-99,-0.099,0.61
50,"xotask","lowSC","easy",0.635,-1,1,-99,-0.099,0.61
50,"xotask","lowSC","easy",0.952,-1,1,-99,-0.099,0.61
50,"xotask","lowSC","hard",0.835,1,1,-99,-0.099,0.61
50,"xotask","lowSC","hard",0.618,-1,1,-99,-0.099,0.61
50,"xotask","lowSC","average",0.769,1,1,-99,-0.099,0.61
50,"xotask","lowSC","hard",0.835,-1,1,-99,-0.099,0.66
50,"xotask","lowSC","easy",0.652,1,1,-99,-0.099,0.66
50,"xotask","lowSC","average",0.668,-1,1,-99,-0.099,0.66
50,"xotask","lowSC","average",0.668,-1,0,-99,-0.099,0.66
50,"xotask","lowSC","hard",0.851,1,1,-99,-0.099,0.66
50,"xotask","lowSC","easy",0.585,1,1,-99,-0.099,0.66
50,"xotask","lowSC","easy",0.685,1,1,-99,-0.099,0.66
50,"xotask","lowSC","easy",0.735,-1,1,-99,-0.099,0.66
50,"xotask","lowSC","hard",0.718,1,1,-99,-0.099,0.66
50,"xotask","lowSC","average",0.585,-1,1,-99,-0.099,0.66
50,"xotask","lowSC","hard",0.552,1,1,-99,-0.099,0.66
50,"xotask","lowSC","average",0.668,1,1,-99,-0.099,0.66
50,"xotask","lowSC","average",1.269,-1,1,-99,-0.099,0.66
50,"xotask","lowSC","hard",0.618,1,0,-99,-0.099,0.66
50,"xotask","lowSC","easy",1.236,1,1,-99,-0.099,0.66
50,"xotask","lowSC","average",0.718,-1,1,-99,-0.099,0.66
50,"xotask","lowSC","easy",0.835,-1,1,-99,-0.099,0.66
50,"xotask","lowSC","easy",0.785,-1,1,-99,-0.099,0.66
50,"xotask","lowSC","easy",0.668,1,1,-99,-0.099,0.66
50,"xotask","lowSC","average",0.618,1,1,-99,-0.099,0.66
50,"xotask","lowSC","easy",0.601,-1,1,-99,-0.099,0.66
50,"xotask","lowSC","easy",0.701,-1,1,-99,-0.099,0.66
50,"xotask","lowSC","average",1.019,1,1,-99,-0.099,0.66
50,"xotask","lowSC","average",0.819,-1,1,-99,-0.099,0.66
50,"xotask","lowSC","hard",1.069,-1,1,-99,-0.099,0.63
50,"xotask","lowSC","average",0.735,-1,1,-99,-0.099,0.63
50,"xotask","lowSC","hard",0.752,-1,1,-99,-0.099,0.63
50,"xotask","lowSC","hard",0.652,-1,1,-99,-0.099,0.63
50,"xotask","lowSC","average",1.936,-1,1,-99,-0.099,0.63
50,"xotask","lowSC","average",1.101,1,1,-99,-0.099,0.63
50,"xotask","lowSC","easy",0.752,1,0,-99,-0.099,0.63
50,"xotask","lowSC","average",0.701,-1,1,-99,-0.099,0.63
50,"xotask","lowSC","hard",0.835,1,1,-99,-0.099,0.63
50,"xotask","lowSC","hard",1.703,1,1,-99,-0.099,0.63
50,"xotask","lowSC","average",0.635,-1,1,-99,-0.099,0.63
50,"xotask","lowSC","average",0.634,1,0,-99,-0.099,0.63
50,"xotask","lowSC","easy",1.085,1,1,-99,-0.099,0.63
50,"xotask","lowSC","easy",0.618,-1,1,-99,-0.099,0.63
50,"xotask","lowSC","easy",0.635,1,1,-99,-0.099,0.63
50,"xotask","lowSC","average",2.119,1,1,-99,-0.099,0.63
50,"xotask","lowSC","hard",1.103,-1,1,-99,-0.099,0.63
50,"xotask","lowSC","hard",0.951,-1,1,-99,-0.099,0.63
50,"xotask","lowSC","average",0.886,1,1,-99,-0.099,0.63
50,"xotask","lowSC","hard",1.653,1,1,-99,-0.099,0.63
50,"xotask","lowSC","hard",0.852,-1,0,-99,-0.099,0.63
50,"xotask","lowSC","easy",0.751,-1,0,-99,-0.099,0.63
50,"xotask","lowSC","average",1.552,-1,1,-99,-0.099,0.63
50,"xotask","lowSC","easy",0.634,1,1,-99,-0.099,0.63
50,"xotask","lowSC","average",0.785,-1,1,-99,-0.099,0.66
50,"xotask","lowSC","average",0.619,1,1,-99,-0.099,0.66
50,"xotask","lowSC","hard",1.269,-1,1,-99,-0.099,0.66
50,"xotask","lowSC","hard",0.652,1,0,-99,-0.099,0.66
50,"xotask","lowSC","hard",0.702,1,1,-99,-0.099,0.66
50,"xotask","lowSC","easy",0.602,1,1,-99,-0.099,0.66
50,"xotask","lowSC","easy",0.835,1,1,-99,-0.099,0.66
50,"xotask","lowSC","average",0.718,1,0,-99,-0.099,0.66
50,"xotask","lowSC","average",1.452,1,0,-99,-0.099,0.66
50,"xotask","lowSC","easy",1.753,-1,1,-99,-0.099,0.66
50,"xotask","lowSC","hard",0.702,1,1,-99,-0.099,0.66
50,"xotask","lowSC","easy",0.668,-1,1,-99,-0.099,0.66
50,"xotask","lowSC","easy",1.336,-1,1,-99,-0.099,0.66
50,"xotask","lowSC","average",0.701,1,1,-99,-0.099,0.66
50,"xotask","lowSC","hard",0.668,1,1,-99,-0.099,0.66
50,"xotask","lowSC","average",1.636,1,0,-99,-0.099,0.66
50,"xotask","lowSC","easy",0.651,1,1,-99,-0.099,0.66
50,"xotask","lowSC","easy",0.586,-1,1,-99,-0.099,0.66
50,"xotask","lowSC","average",0.769,1,1,-99,-0.099,0.66
50,"xotask","lowSC","hard",1.035,1,1,-99,-0.099,0.66
50,"xotask","lowSC","hard",1.219,1,1,-99,-0.099,0.66
50,"xotask","lowSC","easy",0.902,-1,1,-99,-0.099,0.66
50,"xotask","lowSC","easy",0.668,1,1,-99,-0.099,0.66
50,"xotask","lowSC","easy",0.735,1,1,-99,-0.099,0.66
50,"dotcolour","highSC","easy",0.935,-1,1,-99,-0.099,0.96
50,"dotcolour","highSC","average",1.185,-1,1,-99,-0.099,0.96
50,"dotcolour","highSC","easy",0.736,-1,1,-99,-0.099,0.96
50,"dotcolour","highSC","easy",0.535,1,1,-99,-0.099,0.96
50,"dotcolour","highSC","hard",0.902,1,0,-99,-0.099,0.96
50,"dotcolour","highSC","average",0.619,1,1,-99,-0.099,0.96
50,"dotcolour","highSC","average",0.719,1,1,-99,-0.099,0.96
50,"dotcolour","highSC","average",0.752,1,1,-99,-0.099,0.96
50,"dotcolour","highSC","hard",0.818,-1,1,-99,-0.099,0.96
50,"dotcolour","highSC","hard",0.602,-1,1,-99,-0.099,0.96
50,"dotcolour","highSC","average",0.618,-1,1,-99,-0.099,0.96
50,"dotcolour","highSC","hard",0.685,1,1,-99,-0.099,0.96
50,"dotcolour","highSC","easy",0.852,-1,1,-99,-0.099,0.96
50,"dotcolour","highSC","average",0.551,1,1,-99,-0.099,0.96
50,"dotcolour","highSC","hard",0.684,-1,1,-99,-0.099,0.96
50,"dotcolour","highSC","easy",0.551,1,1,-99,-0.099,0.96
50,"dotcolour","highSC","easy",0.586,1,1,-99,-0.099,0.96
50,"dotcolour","highSC","easy",0.551,1,1,-99,-0.099,0.96
50,"dotcolour","highSC","hard",0.617,-1,1,-99,-0.099,0.96
50,"dotcolour","highSC","average",0.651,1,0,-99,-0.099,0.96
50,"dotcolour","highSC","easy",0.717,-1,1,-99,-0.099,0.96
50,"dotcolour","highSC","hard",0.634,-1,1,-99,-0.099,0.96
50,"dotcolour","highSC","easy",0.601,1,1,-99,-0.099,0.96
50,"dotcolour","highSC","easy",0.601,-1,1,-99,-0.099,0.96
50,"dotcolour","highSC","hard",1.069,1,1,-99,-0.099,0.83
50,"dotcolour","highSC","easy",0.618,-1,1,-99,-0.099,0.83
50,"dotcolour","highSC","average",0.602,1,1,-99,-0.099,0.83
50,"dotcolour","highSC","easy",0.568,-1,1,-99,-0.099,0.83
50,"dotcolour","highSC","hard",0.702,1,1,-99,-0.099,0.83
50,"dotcolour","highSC","hard",0.569,-1,1,-99,-0.099,0.83
50,"dotcolour","highSC","average",0.752,-1,1,-99,-0.099,0.83
50,"dotcolour","highSC","hard",1.202,1,0,-99,-0.099,0.83
50,"dotcolour","highSC","average",0.751,1,1,-99,-0.099,0.83
50,"dotcolour","highSC","average",0.885,-1,1,-99,-0.099,0.83
50,"dotcolour","highSC","easy",0.585,-1,1,-99,-0.099,0.83
50,"dotcolour","highSC","average",0.634,1,1,-99,-0.099,0.83
50,"dotcolour","highSC","easy",0.918,-1,1,-99,-0.099,0.83
50,"dotcolour","highSC","hard",0.801,-1,1,-99,-0.099,0.83
50,"dotcolour","highSC","average",0.601,-1,1,-99,-0.099,0.83
50,"dotcolour","highSC","average",0.602,1,1,-99,-0.099,0.83
50,"dotcolour","highSC","easy",3.221,1,1,-99,-0.099,0.83
50,"dotcolour","highSC","easy",0.669,-1,1,-99,-0.099,0.83
50,"dotcolour","highSC","average",0.701,-1,1,-99,-0.099,0.83
50,"dotcolour","highSC","average",0.584,1,1,-99,-0.099,0.83
50,"dotcolour","highSC","average",0.635,-1,1,-99,-0.099,0.83
50,"dotcolour","highSC","easy",0.55,1,1,-99,-0.099,0.83
50,"dotcolour","highSC","average",0.584,1,1,-99,-0.099,0.83
50,"dotcolour","highSC","average",0.651,1,1,-99,-0.099,0.83
50,"dotcolour","highSC","hard",1.603,1,1,-99,-0.099,0.89
50,"dotcolour","highSC","average",0.718,-1,1,-99,-0.099,0.89
50,"dotcolour","highSC","easy",0.519,-1,1,-99,-0.099,0.89
50,"dotcolour","highSC","easy",0.585,-1,1,-99,-0.099,0.89
50,"dotcolour","highSC","easy",0.518,-1,1,-99,-0.099,0.89
50,"dotcolour","highSC","easy",0.851,-1,1,-99,-0.099,0.89
50,"dotcolour","highSC","average",0.835,1,1,-99,-0.099,0.89
50,"dotcolour","highSC","hard",0.835,1,0,-99,-0.099,0.89
50,"dotcolour","highSC","hard",1.536,1,1,-99,-0.099,0.89
50,"dotcolour","highSC","average",0.702,1,1,-99,-0.099,0.89
50,"dotcolour","highSC","hard",0.834,-1,1,-99,-0.099,0.89
50,"dotcolour","highSC","easy",0.534,1,1,-99,-0.099,0.89
50,"dotcolour","highSC","hard",0.918,1,1,-99,-0.099,0.89
50,"dotcolour","highSC","average",0.601,1,1,-99,-0.099,0.89
50,"dotcolour","highSC","average",0.568,-1,1,-99,-0.099,0.89
50,"dotcolour","highSC","average",0.668,-1,1,-99,-0.099,0.89
50,"dotcolour","highSC","hard",1.118,1,1,-99,-0.099,0.89
50,"dotcolour","highSC","easy",0.584,1,1,-99,-0.099,0.89
50,"dotcolour","highSC","average",0.535,-1,1,-99,-0.099,0.89
50,"dotcolour","highSC","easy",0.568,-1,1,-99,-0.099,0.89
50,"dotcolour","highSC","easy",0.685,-1,1,-99,-0.099,0.89
50,"dotcolour","highSC","hard",0.651,-1,1,-99,-0.099,0.89
50,"dotcolour","highSC","average",0.685,-1,1,-99,-0.099,0.89
50,"dotcolour","highSC","hard",0.718,1,0,-99,-0.099,0.89
50,"dotcolour","highSC","average",0.568,1,1,-99,-0.099,0.91
50,"dotcolour","highSC","average",1.603,-1,1,-99,-0.099,0.91
50,"dotcolour","highSC","easy",0.635,-1,1,-99,-0.099,0.91
50,"dotcolour","highSC","hard",0.535,1,1,-99,-0.099,0.91
50,"dotcolour","highSC","easy",0.651,-1,1,-99,-0.099,0.91
50,"dotcolour","highSC","average",0.584,1,1,-99,-0.099,0.91
50,"dotcolour","highSC","easy",0.634,1,1,-99,-0.099,0.91
50,"dotcolour","highSC","hard",0.835,1,1,-99,-0.099,0.91
50,"dotcolour","highSC","average",0.918,-1,1,-99,-0.099,0.91
50,"dotcolour","highSC","average",0.569,-1,1,-99,-0.099,0.91
50,"dotcolour","highSC","hard",0.635,-1,0,-99,-0.099,0.91
50,"dotcolour","highSC","easy",0.452,1,1,-99,-0.099,0.91
50,"dotcolour","highSC","hard",0.768,-1,1,-99,-0.099,0.91
50,"dotcolour","highSC","average",0.602,1,1,-99,-0.099,0.91
50,"dotcolour","highSC","hard",0.785,-1,1,-99,-0.099,0.91
50,"dotcolour","highSC","easy",0.568,1,1,-99,-0.099,0.91
50,"dotcolour","highSC","hard",0.768,-1,1,-99,-0.099,0.91
50,"dotcolour","highSC","hard",2.62,1,1,-99,-0.099,0.91
50,"dotcolour","highSC","average",0.602,-1,1,-99,-0.099,0.91
50,"dotcolour","highSC","average",0.768,-1,1,-99,-0.099,0.91
50,"dotcolour","highSC","easy",0.484,1,1,-99,-0.099,0.91
50,"dotcolour","highSC","average",0.636,1,1,-99,-0.099,0.91
50,"dotcolour","highSC","easy",0.568,-1,1,-99,-0.099,0.91
50,"dotcolour","highSC","hard",1.135,-1,0,-99,-0.099,0.91
50,"dotcolour","highSC","hard",1.503,-1,0,-99,-0.099,0.91
50,"dotcolour","highSC","hard",0.902,1,0,-99,-0.099,0.91
50,"dotcolour","highSC","easy",0.669,1,1,-99,-0.099,0.91
50,"dotcolour","highSC","hard",1.135,-1,1,-99,-0.099,0.91
50,"dotcolour","highSC","easy",0.637,1,1,-99,-0.099,0.91
50,"dotcolour","highSC","hard",1.152,-1,1,-99,-0.099,0.91
50,"dotcolour","highSC","hard",0.585,1,1,-99,-0.099,0.91
50,"dotcolour","highSC","hard",0.635,1,1,-99,-0.099,0.91
50,"dotcolour","highSC","easy",1.102,1,1,-99,-0.099,0.91
50,"dotcolour","highSC","average",0.568,1,1,-99,-0.099,0.91
50,"dotcolour","highSC","easy",0.551,-1,1,-99,-0.099,0.91
50,"dotcolour","highSC","easy",0.501,-1,1,-99,-0.099,0.91
50,"dotcolour","highSC","hard",1.803,-1,0,-99,-0.099,0.91
50,"dotcolour","highSC","hard",1.469,1,0,-99,-0.099,0.91
50,"dotcolour","highSC","hard",1.269,-1,0,-99,-0.099,0.91
50,"dotcolour","highSC","average",0.735,-1,1,-99,-0.099,0.91
50,"dotcolour","highSC","hard",0.802,-1,1,-99,-0.099,0.91
50,"dotcolour","highSC","average",0.618,-1,1,-99,-0.099,0.91
50,"dotcolour","highSC","easy",0.551,1,1,-99,-0.099,0.91
50,"dotcolour","highSC","average",0.619,1,1,-99,-0.099,0.91
50,"dotcolour","highSC","average",0.602,-1,1,-99,-0.099,0.91
50,"dotcolour","highSC","easy",0.6,-1,1,-99,-0.099,0.91
50,"dotcolour","highSC","average",0.584,-1,1,-99,-0.099,0.91
50,"dotcolour","highSC","average",0.652,1,1,-99,-0.099,0.91
