"sub","task","traindiffcond","coh","rt","resp","cor","cj","RTconf"
1,"dotcolour","average","average",2.754,-1,0,-99,-0.099
1,"dotcolour","average","average",1.069,1,0,-99,-0.099
1,"dotcolour","average","average",1.535,-1,1,-99,-0.099
1,"dotcolour","average","average",0.802,-1,1,-99,-0.099
1,"dotcolour","average","average",0.736,1,1,-99,-0.099
1,"dotcolour","average","average",0.635,-1,1,-99,-0.099
1,"dotcolour","average","average",0.819,1,1,-99,-0.099
1,"dotcolour","average","average",0.67,-1,1,-99,-0.099
1,"dotcolour","average","average",0.701,-1,1,-99,-0.099
1,"dotcolour","average","average",1.653,1,0,-99,-0.099
1,"dotcolour","average","average",0.752,1,1,-99,-0.099
1,"dotcolour","average","average",0.652,1,1,-99,-0.099
1,"dotcolour","average","average",0.836,-1,1,-99,-0.099
1,"dotcolour","average","average",0.751,-1,1,-99,-0.099
1,"dotcolour","average","average",0.702,1,1,-99,-0.099
1,"dotcolour","average","average",1.268,1,1,-99,-0.099
1,"dotcolour","average","average",0.885,-1,1,-99,-0.099
1,"dotcolour","average","average",0.718,1,1,-99,-0.099
1,"dotcolour","average","average",0.601,1,1,-99,-0.099
1,"dotcolour","average","average",1.003,-1,1,-99,-0.099
1,"dotcolour","average","average",1.168,1,1,-99,-0.099
1,"dotcolour","average","average",0.785,1,1,-99,-0.099
1,"dotcolour","average","average",0.753,-1,1,-99,-0.099
1,"dotcolour","average","average",0.635,1,1,-99,-0.099
1,"dotcolour","average","average",0.985,1,1,-99,-0.099
1,"dotcolour","average","average",1.369,1,0,-99,-0.099
1,"dotcolour","average","average",0.886,1,1,-99,-0.099
1,"dotcolour","average","average",0.986,1,1,-99,-0.099
1,"dotcolour","average","average",0.835,-1,1,-99,-0.099
1,"dotcolour","average","average",0.769,-1,1,-99,-0.099
1,"dotcolour","average","average",1.869,-1,1,-99,-0.099
1,"dotcolour","average","average",1.119,1,0,-99,-0.099
1,"dotcolour","average","average",1.503,1,1,-99,-0.099
1,"dotcolour","average","average",0.985,1,1,-99,-0.099
1,"dotcolour","average","average",1.185,1,1,-99,-0.099
1,"dotcolour","average","average",1.57,-1,1,-99,-0.099
1,"dotcolour","average","average",0.785,1,1,-99,-0.099
1,"dotcolour","average","average",0.619,1,1,-99,-0.099
1,"dotcolour","average","average",0.634,-1,1,-99,-0.099
1,"dotcolour","average","average",0.835,-1,1,-99,-0.099
1,"dotcolour","average","average",0.684,1,0,-99,-0.099
1,"dotcolour","average","average",0.818,1,1,-99,-0.099
1,"dotcolour","average","average",0.602,-1,1,-99,-0.099
1,"dotcolour","average","average",0.869,1,1,-99,-0.099
1,"dotcolour","average","average",0.751,-1,1,-99,-0.099
1,"dotcolour","average","average",0.651,1,1,-99,-0.099
1,"dotcolour","average","average",0.868,1,1,-99,-0.099
1,"dotcolour","average","average",0.635,-1,1,-99,-0.099
1,"dotcolour","average","average",0.902,-1,1,-99,-0.099
1,"dotcolour","average","average",0.601,1,1,-99,-0.099
1,"dotcolour","average","average",0.685,-1,1,-99,-0.099
1,"dotcolour","average","average",0.603,1,1,-99,-0.099
1,"dotcolour","average","average",0.652,1,1,-99,-0.099
1,"dotcolour","average","average",0.952,1,1,-99,-0.099
1,"dotcolour","average","average",0.635,-1,1,-99,-0.099
1,"dotcolour","average","average",0.535,1,1,-99,-0.099
1,"dotcolour","average","average",1.102,-1,1,-99,-0.099
1,"dotcolour","average","average",0.985,-1,1,-99,-0.099
1,"dotcolour","average","average",0.702,1,1,-99,-0.099
1,"dotcolour","average","average",0.669,-1,1,-99,-0.099
1,"dotcolour","average","average",0.884,-1,1,-99,-0.099
1,"dotcolour","average","average",0.635,1,1,-99,-0.099
1,"dotcolour","average","average",0.635,1,1,-99,-0.099
1,"dotcolour","average","average",0.769,-1,1,-99,-0.099
1,"dotcolour","average","average",0.736,-1,1,-99,-0.099
1,"dotcolour","average","average",0.452,1,1,-99,-0.099
1,"dotcolour","average","average",0.668,-1,1,-99,-0.099
1,"dotcolour","average","average",0.636,-1,1,-99,-0.099
1,"dotcolour","average","average",1.019,1,0,-99,-0.099
1,"dotcolour","average","average",0.769,1,1,-99,-0.099
1,"dotcolour","average","average",0.768,1,1,-99,-0.099
1,"dotcolour","average","average",0.602,1,1,-99,-0.099
1,"dotcolour","average","average",1.653,-1,1,-99,-0.099
1,"dotcolour","average","average",0.836,-1,1,-99,-0.099
1,"dotcolour","average","average",1.135,-1,1,-99,-0.099
1,"dotcolour","average","average",0.602,1,1,-99,-0.099
1,"dotcolour","average","average",0.818,-1,1,-99,-0.099
1,"dotcolour","average","average",0.667,1,1,-99,-0.099
1,"dotcolour","average","average",0.769,1,1,-99,-0.099
1,"dotcolour","average","average",0.768,-1,1,-99,-0.099
1,"dotcolour","average","average",2.154,-1,1,-99,-0.099
1,"dotcolour","average","average",0.635,-1,1,-99,-0.099
1,"dotcolour","average","average",0.635,1,1,-99,-0.099
1,"dotcolour","average","average",0.635,1,1,-99,-0.099
1,"dotcolour","average","average",0.567,1,1,-99,-0.099
1,"dotcolour","average","average",0.767,1,0,-99,-0.099
1,"dotcolour","average","average",0.602,1,1,-99,-0.099
1,"dotcolour","average","average",0.602,1,1,-99,-0.099
1,"dotcolour","average","average",1.07,1,0,-99,-0.099
1,"dotcolour","average","average",0.652,1,1,-99,-0.099
1,"dotcolour","average","average",0.968,-1,1,-99,-0.099
1,"dotcolour","average","average",0.569,1,1,-99,-0.099
1,"dotcolour","average","average",1.402,-1,1,-99,-0.099
1,"dotcolour","average","average",0.886,1,1,-99,-0.099
1,"dotcolour","average","average",1.753,-1,1,-99,-0.099
1,"dotcolour","average","average",0.685,1,1,-99,-0.099
1,"dotcolour","average","average",0.8,1,1,-99,-0.099
1,"dotcolour","average","average",0.602,1,1,-99,-0.099
1,"dotcolour","average","average",0.634,-1,1,-99,-0.099
1,"dotcolour","average","average",0.654,1,1,-99,-0.099
1,"dotcolour","average","average",0.702,-1,1,-99,-0.099
1,"dotcolour","average","average",1.203,-1,1,-99,-0.099
1,"dotcolour","average","average",0.635,1,1,-99,-0.099
1,"dotcolour","average","average",0.952,-1,1,-99,-0.099
1,"dotcolour","average","average",0.668,-1,1,-99,-0.099
1,"dotcolour","average","average",0.901,-1,1,-99,-0.099
1,"dotcolour","average","average",1.018,1,0,-99,-0.099
1,"dotcolour","average","average",1.202,-1,1,-99,-0.099
1,"dotcolour","average","average",0.769,1,1,-99,-0.099
1,"dotcolour","average","average",0.686,1,1,-99,-0.099
1,"dotcolour","average","average",0.618,1,1,-99,-0.099
1,"dotcolour","average","average",0.801,1,1,-99,-0.099
1,"dotcolour","average","average",0.751,1,1,-99,-0.099
1,"dotcolour","average","average",0.701,-1,1,-99,-0.099
1,"dotcolour","average","average",1.803,-1,0,-99,-0.099
1,"dotcolour","average","average",0.585,1,1,-99,-0.099
1,"dotcolour","average","average",0.986,1,1,-99,-0.099
1,"dotcolour","average","average",1.169,1,0,-99,-0.099
1,"dotcolour","average","average",1.103,-1,1,-99,-0.099
1,"dotcolour","average","average",2.138,-1,1,-99,-0.099
1,"dotnumber","hard","hard",3.22,-1,1,-99,-0.099
1,"dotnumber","hard","hard",1.853,1,1,-99,-0.099
1,"dotnumber","hard","hard",1.186,-1,1,-99,-0.099
1,"dotnumber","hard","hard",0.719,1,0,-99,-0.099
1,"dotnumber","hard","hard",0.935,1,0,-99,-0.099
1,"dotnumber","hard","hard",0.868,-1,1,-99,-0.099
1,"dotnumber","hard","hard",0.753,1,0,-99,-0.099
1,"dotnumber","hard","hard",0.719,-1,1,-99,-0.099
1,"dotnumber","hard","hard",0.953,-1,1,-99,-0.099
1,"dotnumber","hard","hard",0.736,1,1,-99,-0.099
1,"dotnumber","hard","hard",0.751,1,1,-99,-0.099
1,"dotnumber","hard","hard",0.735,1,1,-99,-0.099
1,"dotnumber","hard","hard",0.568,1,1,-99,-0.099
1,"dotnumber","hard","hard",0.635,1,0,-99,-0.099
1,"dotnumber","hard","hard",0.684,1,1,-99,-0.099
1,"dotnumber","hard","hard",0.535,-1,0,-99,-0.099
1,"dotnumber","hard","hard",0.885,1,1,-99,-0.099
1,"dotnumber","hard","hard",1.202,1,0,-99,-0.099
1,"dotnumber","hard","hard",0.786,-1,0,-99,-0.099
1,"dotnumber","hard","hard",0.652,1,1,-99,-0.099
1,"dotnumber","hard","hard",1.269,-1,1,-99,-0.099
1,"dotnumber","hard","hard",0.951,1,0,-99,-0.099
1,"dotnumber","hard","hard",0.768,1,1,-99,-0.099
1,"dotnumber","hard","hard",0.536,-1,0,-99,-0.099
1,"dotnumber","hard","hard",1.17,-1,0,-99,-0.099
1,"dotnumber","hard","hard",0.735,1,0,-99,-0.099
1,"dotnumber","hard","hard",0.885,1,1,-99,-0.099
1,"dotnumber","hard","hard",1.018,1,0,-99,-0.099
1,"dotnumber","hard","hard",0.586,-1,1,-99,-0.099
1,"dotnumber","hard","hard",0.619,1,0,-99,-0.099
1,"dotnumber","hard","hard",0.686,1,0,-99,-0.099
1,"dotnumber","hard","hard",1.036,-1,0,-99,-0.099
1,"dotnumber","hard","hard",0.919,1,0,-99,-0.099
1,"dotnumber","hard","hard",0.685,1,1,-99,-0.099
1,"dotnumber","hard","hard",0.869,1,1,-99,-0.099
1,"dotnumber","hard","hard",0.769,-1,0,-99,-0.099
1,"dotnumber","hard","hard",1.453,-1,0,-99,-0.099
1,"dotnumber","hard","hard",0.634,1,0,-99,-0.099
1,"dotnumber","hard","hard",0.735,-1,1,-99,-0.099
1,"dotnumber","hard","hard",0.853,-1,1,-99,-0.099
1,"dotnumber","hard","hard",0.518,1,1,-99,-0.099
1,"dotnumber","hard","hard",0.701,-1,1,-99,-0.099
1,"dotnumber","hard","hard",0.635,1,0,-99,-0.099
1,"dotnumber","hard","hard",0.485,-1,0,-99,-0.099
1,"dotnumber","hard","hard",0.752,1,1,-99,-0.099
1,"dotnumber","hard","hard",1.019,1,0,-99,-0.099
1,"dotnumber","hard","hard",0.619,1,1,-99,-0.099
1,"dotnumber","hard","hard",0.669,1,1,-99,-0.099
1,"dotnumber","hard","hard",1.002,1,0,-99,-0.099
1,"dotnumber","hard","hard",1.068,1,0,-99,-0.099
1,"dotnumber","hard","hard",0.619,-1,1,-99,-0.099
1,"dotnumber","hard","hard",0.668,1,1,-99,-0.099
1,"dotnumber","hard","hard",1.018,1,1,-99,-0.099
1,"dotnumber","hard","hard",0.77,-1,1,-99,-0.099
1,"dotnumber","hard","hard",0.584,1,1,-99,-0.099
1,"dotnumber","hard","hard",0.586,1,1,-99,-0.099
1,"dotnumber","hard","hard",0.768,-1,0,-99,-0.099
1,"dotnumber","hard","hard",0.402,1,0,-99,-0.099
1,"dotnumber","hard","hard",0.935,-1,0,-99,-0.099
1,"dotnumber","hard","hard",1.453,1,1,-99,-0.099
1,"dotnumber","hard","hard",0.968,-1,0,-99,-0.099
1,"dotnumber","hard","hard",0.818,-1,1,-99,-0.099
1,"dotnumber","hard","hard",0.601,1,1,-99,-0.099
1,"dotnumber","hard","hard",0.668,1,0,-99,-0.099
1,"dotnumber","hard","hard",1.052,-1,1,-99,-0.099
1,"dotnumber","hard","hard",0.752,1,1,-99,-0.099
1,"dotnumber","hard","hard",0.602,-1,1,-99,-0.099
1,"dotnumber","hard","hard",0.651,1,0,-99,-0.099
1,"dotnumber","hard","hard",0.618,1,0,-99,-0.099
1,"dotnumber","hard","hard",0.785,1,1,-99,-0.099
1,"dotnumber","hard","hard",0.701,-1,1,-99,-0.099
1,"dotnumber","hard","hard",0.519,1,1,-99,-0.099
1,"dotnumber","hard","hard",0.569,1,1,-99,-0.099
1,"dotnumber","hard","hard",0.769,-1,1,-99,-0.099
1,"dotnumber","hard","hard",0.501,1,1,-99,-0.099
1,"dotnumber","hard","hard",0.569,-1,1,-99,-0.099
1,"dotnumber","hard","hard",0.586,1,1,-99,-0.099
1,"dotnumber","hard","hard",0.784,-1,0,-99,-0.099
1,"dotnumber","hard","hard",0.835,-1,1,-99,-0.099
1,"dotnumber","hard","hard",1.435,1,1,-99,-0.099
1,"dotnumber","hard","hard",0.703,1,0,-99,-0.099
1,"dotnumber","hard","hard",0.451,-1,0,-99,-0.099
1,"dotnumber","hard","hard",0.435,1,0,-99,-0.099
1,"dotnumber","hard","hard",0.768,-1,1,-99,-0.099
1,"dotnumber","hard","hard",0.635,1,0,-99,-0.099
1,"dotnumber","hard","hard",0.434,1,1,-99,-0.099
1,"dotnumber","hard","hard",2.487,1,0,-99,-0.099
1,"dotnumber","hard","hard",0.935,1,1,-99,-0.099
1,"dotnumber","hard","hard",0.351,-1,1,-99,-0.099
1,"dotnumber","hard","hard",0.802,1,1,-99,-0.099
1,"dotnumber","hard","hard",0.752,1,1,-99,-0.099
1,"dotnumber","hard","hard",0.685,1,0,-99,-0.099
1,"dotnumber","hard","hard",0.869,1,0,-99,-0.099
1,"dotnumber","hard","hard",0.618,1,1,-99,-0.099
1,"dotnumber","hard","hard",0.601,-1,1,-99,-0.099
1,"dotnumber","hard","hard",0.668,1,1,-99,-0.099
1,"dotnumber","hard","hard",0.619,1,0,-99,-0.099
1,"dotnumber","hard","hard",0.501,1,0,-99,-0.099
1,"dotnumber","hard","hard",0.469,1,1,-99,-0.099
1,"dotnumber","hard","hard",1.555,-1,0,-99,-0.099
1,"dotnumber","hard","hard",0.734,1,1,-99,-0.099
1,"dotnumber","hard","hard",0.953,-1,1,-99,-0.099
1,"dotnumber","hard","hard",0.618,1,1,-99,-0.099
1,"dotnumber","hard","hard",0.618,1,0,-99,-0.099
1,"dotnumber","hard","hard",0.602,1,1,-99,-0.099
1,"dotnumber","hard","hard",0.868,1,0,-99,-0.099
1,"dotnumber","hard","hard",0.869,-1,0,-99,-0.099
1,"dotnumber","hard","hard",0.669,1,1,-99,-0.099
1,"dotnumber","hard","hard",0.803,-1,1,-99,-0.099
1,"dotnumber","hard","hard",0.869,1,0,-99,-0.099
1,"dotnumber","hard","hard",0.636,1,0,-99,-0.099
1,"dotnumber","hard","hard",0.768,1,1,-99,-0.099
1,"dotnumber","hard","hard",0.585,1,1,-99,-0.099
1,"dotnumber","hard","hard",0.719,1,0,-99,-0.099
1,"dotnumber","hard","hard",0.402,-1,1,-99,-0.099
1,"dotnumber","hard","hard",0.868,-1,0,-99,-0.099
1,"dotnumber","hard","hard",0.853,-1,0,-99,-0.099
1,"dotnumber","hard","hard",0.785,-1,1,-99,-0.099
1,"dotnumber","hard","hard",0.451,-1,0,-99,-0.099
1,"dotnumber","hard","hard",0.618,1,0,-99,-0.099
1,"xotask","easy","easy",1.152,1,1,-99,-0.099
1,"xotask","easy","easy",0.585,-1,1,-99,-0.099
1,"xotask","easy","easy",0.602,1,1,-99,-0.099
1,"xotask","easy","easy",0.535,-1,1,-99,-0.099
1,"xotask","easy","easy",0.434,1,1,-99,-0.099
1,"xotask","easy","easy",0.517,-1,1,-99,-0.099
1,"xotask","easy","easy",0.519,1,1,-99,-0.099
1,"xotask","easy","easy",0.435,-1,1,-99,-0.099
1,"xotask","easy","easy",0.468,-1,1,-99,-0.099
1,"xotask","easy","easy",0.351,1,0,-99,-0.099
1,"xotask","easy","easy",0.586,1,1,-99,-0.099
1,"xotask","easy","easy",0.702,-1,1,-99,-0.099
1,"xotask","easy","easy",0.918,1,1,-99,-0.099
1,"xotask","easy","easy",0.768,-1,1,-99,-0.099
1,"xotask","easy","easy",0.652,-1,1,-99,-0.099
1,"xotask","easy","easy",0.651,1,1,-99,-0.099
1,"xotask","easy","easy",0.535,-1,1,-99,-0.099
1,"xotask","easy","easy",0.485,1,1,-99,-0.099
1,"xotask","easy","easy",0.551,1,1,-99,-0.099
1,"xotask","easy","easy",0.586,-1,1,-99,-0.099
1,"xotask","easy","easy",0.618,1,1,-99,-0.099
1,"xotask","easy","easy",0.518,1,1,-99,-0.099
1,"xotask","easy","easy",0.435,1,1,-99,-0.099
1,"xotask","easy","easy",0.601,-1,1,-99,-0.099
1,"xotask","easy","easy",1.053,1,1,-99,-0.099
1,"xotask","easy","easy",0.902,-1,1,-99,-0.099
1,"xotask","easy","easy",0.685,-1,1,-99,-0.099
1,"xotask","easy","easy",0.486,1,1,-99,-0.099
1,"xotask","easy","easy",0.468,1,1,-99,-0.099
1,"xotask","easy","easy",0.452,-1,1,-99,-0.099
1,"xotask","easy","easy",0.585,-1,1,-99,-0.099
1,"xotask","easy","easy",0.501,1,1,-99,-0.099
1,"xotask","easy","easy",0.452,1,0,-99,-0.099
1,"xotask","easy","easy",0.601,-1,1,-99,-0.099
1,"xotask","easy","easy",0.435,1,1,-99,-0.099
1,"xotask","easy","easy",0.568,1,1,-99,-0.099
1,"xotask","easy","easy",0.451,1,1,-99,-0.099
1,"xotask","easy","easy",0.451,1,1,-99,-0.099
1,"xotask","easy","easy",0.736,-1,1,-99,-0.099
1,"xotask","easy","easy",0.735,-1,1,-99,-0.099
1,"xotask","easy","easy",0.485,-1,1,-99,-0.099
1,"xotask","easy","easy",0.702,-1,1,-99,-0.099
1,"xotask","easy","easy",0.618,-1,1,-99,-0.099
1,"xotask","easy","easy",0.568,-1,1,-99,-0.099
1,"xotask","easy","easy",0.401,1,1,-99,-0.099
1,"xotask","easy","easy",0.485,1,1,-99,-0.099
1,"xotask","easy","easy",0.535,1,1,-99,-0.099
1,"xotask","easy","easy",0.502,1,1,-99,-0.099
1,"xotask","easy","easy",0.685,-1,1,-99,-0.099
1,"xotask","easy","easy",0.419,1,1,-99,-0.099
1,"xotask","easy","easy",0.484,-1,1,-99,-0.099
1,"xotask","easy","easy",0.435,1,1,-99,-0.099
1,"xotask","easy","easy",0.467,1,1,-99,-0.099
1,"xotask","easy","easy",0.468,1,0,-99,-0.099
1,"xotask","easy","easy",0.518,-1,1,-99,-0.099
1,"xotask","easy","easy",0.785,-1,1,-99,-0.099
1,"xotask","easy","easy",0.518,1,1,-99,-0.099
1,"xotask","easy","easy",0.569,-1,1,-99,-0.099
1,"xotask","easy","easy",0.552,1,1,-99,-0.099
1,"xotask","easy","easy",0.485,1,1,-99,-0.099
1,"xotask","easy","easy",0.4,1,1,-99,-0.099
1,"xotask","easy","easy",0.352,1,1,-99,-0.099
1,"xotask","easy","easy",0.969,-1,1,-99,-0.099
1,"xotask","easy","easy",0.468,1,1,-99,-0.099
1,"xotask","easy","easy",0.702,-1,1,-99,-0.099
1,"xotask","easy","easy",0.618,-1,1,-99,-0.099
1,"xotask","easy","easy",0.401,-1,1,-99,-0.099
1,"xotask","easy","easy",0.502,-1,1,-99,-0.099
1,"xotask","easy","easy",0.402,-1,1,-99,-0.099
1,"xotask","easy","easy",0.484,1,1,-99,-0.099
1,"xotask","easy","easy",0.585,1,1,-99,-0.099
1,"xotask","easy","easy",0.535,1,1,-99,-0.099
1,"xotask","easy","easy",0.652,1,1,-99,-0.099
1,"xotask","easy","easy",0.619,-1,1,-99,-0.099
1,"xotask","easy","easy",0.585,-1,1,-99,-0.099
1,"xotask","easy","easy",0.436,1,1,-99,-0.099
1,"xotask","easy","easy",0.786,-1,1,-99,-0.099
1,"xotask","easy","easy",0.568,-1,1,-99,-0.099
1,"xotask","easy","easy",0.485,-1,1,-99,-0.099
1,"xotask","easy","easy",0.536,1,1,-99,-0.099
1,"xotask","easy","easy",0.519,1,1,-99,-0.099
1,"xotask","easy","easy",0.551,1,1,-99,-0.099
1,"xotask","easy","easy",0.702,-1,1,-99,-0.099
1,"xotask","easy","easy",0.502,1,1,-99,-0.099
1,"xotask","easy","easy",0.568,-1,1,-99,-0.099
1,"xotask","easy","easy",0.602,1,1,-99,-0.099
1,"xotask","easy","easy",0.435,1,1,-99,-0.099
1,"xotask","easy","easy",0.417,1,1,-99,-0.099
1,"xotask","easy","easy",0.552,-1,1,-99,-0.099
1,"xotask","easy","easy",0.503,1,1,-99,-0.099
1,"xotask","easy","easy",0.568,-1,1,-99,-0.099
1,"xotask","easy","easy",0.369,1,1,-99,-0.099
1,"xotask","easy","easy",0.486,-1,1,-99,-0.099
1,"xotask","easy","easy",0.702,-1,1,-99,-0.099
1,"xotask","easy","easy",0.718,-1,1,-99,-0.099
1,"xotask","easy","easy",0.684,1,1,-99,-0.099
1,"xotask","easy","easy",0.518,1,1,-99,-0.099
1,"xotask","easy","easy",0.385,1,1,-99,-0.099
1,"xotask","easy","easy",0.802,-1,1,-99,-0.099
1,"xotask","easy","easy",0.485,1,1,-99,-0.099
1,"xotask","easy","easy",0.619,-1,1,-99,-0.099
1,"xotask","easy","easy",0.619,-1,0,-99,-0.099
1,"xotask","easy","easy",0.651,1,1,-99,-0.099
1,"xotask","easy","easy",0.652,-1,1,-99,-0.099
1,"xotask","easy","easy",0.502,1,1,-99,-0.099
1,"xotask","easy","easy",0.551,1,1,-99,-0.099
1,"xotask","easy","easy",2.237,-1,1,-99,-0.099
1,"xotask","easy","easy",0.835,1,1,-99,-0.099
1,"xotask","easy","easy",0.585,1,1,-99,-0.099
1,"xotask","easy","easy",0.585,-1,1,-99,-0.099
1,"xotask","easy","easy",0.585,1,1,-99,-0.099
1,"xotask","easy","easy",0.902,-1,1,-99,-0.099
1,"xotask","easy","easy",0.768,-1,1,-99,-0.099
1,"xotask","easy","easy",0.685,-1,1,-99,-0.099
1,"xotask","easy","easy",0.567,-1,1,-99,-0.099
1,"xotask","easy","easy",0.485,-1,1,-99,-0.099
1,"xotask","easy","easy",0.435,1,1,-99,-0.099
1,"xotask","easy","easy",0.652,-1,1,-99,-0.099
1,"xotask","easy","easy",0.652,1,1,-99,-0.099
1,"xotask","easy","easy",0.685,-1,1,-99,-0.099
2,"dotnumber","hard","hard",2.153,-1,1,-99,-0.099
2,"dotnumber","hard","hard",0.936,1,1,-99,-0.099
2,"dotnumber","hard","hard",0.785,1,0,-99,-0.099
2,"dotnumber","hard","hard",0.452,-1,1,-99,-0.099
2,"dotnumber","hard","hard",0.585,-1,1,-99,-0.099
2,"dotnumber","hard","hard",0.736,1,0,-99,-0.099
2,"dotnumber","hard","hard",0.619,1,1,-99,-0.099
2,"dotnumber","hard","hard",0.752,1,1,-99,-0.099
2,"dotnumber","hard","hard",0.686,-1,0,-99,-0.099
2,"dotnumber","hard","hard",0.652,1,1,-99,-0.099
2,"dotnumber","hard","hard",0.602,1,0,-99,-0.099
2,"dotnumber","hard","hard",0.668,1,1,-99,-0.099
2,"dotnumber","hard","hard",0.585,1,1,-99,-0.099
2,"dotnumber","hard","hard",0.585,1,0,-99,-0.099
2,"dotnumber","hard","hard",0.535,-1,1,-99,-0.099
2,"dotnumber","hard","hard",0.501,1,1,-99,-0.099
2,"dotnumber","hard","hard",0.602,1,1,-99,-0.099
2,"dotnumber","hard","hard",0.436,1,0,-99,-0.099
2,"dotnumber","hard","hard",0.585,1,0,-99,-0.099
2,"dotnumber","hard","hard",0.468,1,1,-99,-0.099
2,"dotnumber","hard","hard",0.519,-1,1,-99,-0.099
2,"dotnumber","hard","hard",0.617,1,1,-99,-0.099
2,"dotnumber","hard","hard",0.602,-1,0,-99,-0.099
2,"dotnumber","hard","hard",0.618,1,0,-99,-0.099
2,"dotnumber","hard","hard",0.752,1,0,-99,-0.099
2,"dotnumber","hard","hard",0.585,1,1,-99,-0.099
2,"dotnumber","hard","hard",0.584,1,1,-99,-0.099
2,"dotnumber","hard","hard",0.669,-1,0,-99,-0.099
2,"dotnumber","hard","hard",0.618,1,0,-99,-0.099
2,"dotnumber","hard","hard",0.518,1,1,-99,-0.099
2,"dotnumber","hard","hard",0.552,1,1,-99,-0.099
2,"dotnumber","hard","hard",0.636,1,1,-99,-0.099
2,"dotnumber","hard","hard",1.219,-1,0,-99,-0.099
2,"dotnumber","hard","hard",0.652,1,1,-99,-0.099
2,"dotnumber","hard","hard",0.584,-1,1,-99,-0.099
2,"dotnumber","hard","hard",0.535,1,0,-99,-0.099
2,"dotnumber","hard","hard",0.569,1,0,-99,-0.099
2,"dotnumber","hard","hard",0.568,1,0,-99,-0.099
2,"dotnumber","hard","hard",0.618,1,0,-99,-0.099
2,"dotnumber","hard","hard",0.652,-1,1,-99,-0.099
2,"dotnumber","hard","hard",0.634,1,1,-99,-0.099
2,"dotnumber","hard","hard",0.619,1,0,-99,-0.099
2,"dotnumber","hard","hard",0.485,1,1,-99,-0.099
2,"dotnumber","hard","hard",0.551,1,0,-99,-0.099
2,"dotnumber","hard","hard",0.702,1,0,-99,-0.099
2,"dotnumber","hard","hard",0.501,1,1,-99,-0.099
2,"dotnumber","hard","hard",0.619,-1,1,-99,-0.099
2,"dotnumber","hard","hard",0.452,1,1,-99,-0.099
2,"dotnumber","hard","hard",0.752,-1,0,-99,-0.099
2,"dotnumber","hard","hard",0.519,1,1,-99,-0.099
2,"dotnumber","hard","hard",0.668,1,1,-99,-0.099
2,"dotnumber","hard","hard",0.585,1,0,-99,-0.099
2,"dotnumber","hard","hard",0.552,1,1,-99,-0.099
2,"dotnumber","hard","hard",0.569,1,1,-99,-0.099
2,"dotnumber","hard","hard",0.619,1,1,-99,-0.099
2,"dotnumber","hard","hard",0.619,1,0,-99,-0.099
2,"dotnumber","hard","hard",0.551,-1,0,-99,-0.099
2,"dotnumber","hard","hard",0.585,1,0,-99,-0.099
2,"dotnumber","hard","hard",0.401,1,1,-99,-0.099
2,"dotnumber","hard","hard",0.552,1,0,-99,-0.099
2,"dotnumber","hard","hard",0.552,-1,1,-99,-0.099
2,"dotnumber","hard","hard",0.484,-1,1,-99,-0.099
2,"dotnumber","hard","hard",0.535,1,1,-99,-0.099
2,"dotnumber","hard","hard",0.669,-1,0,-99,-0.099
2,"dotnumber","hard","hard",0.485,1,0,-99,-0.099
2,"dotnumber","hard","hard",0.652,-1,1,-99,-0.099
2,"dotnumber","hard","hard",0.518,1,1,-99,-0.099
2,"dotnumber","hard","hard",0.619,1,0,-99,-0.099
2,"dotnumber","hard","hard",0.652,1,1,-99,-0.099
2,"dotnumber","hard","hard",0.735,-1,1,-99,-0.099
2,"dotnumber","hard","hard",0.602,1,0,-99,-0.099
2,"dotnumber","hard","hard",0.752,-1,1,-99,-0.099
2,"dotnumber","hard","hard",0.701,-1,0,-99,-0.099
2,"dotnumber","hard","hard",0.535,-1,0,-99,-0.099
2,"dotnumber","hard","hard",0.468,1,1,-99,-0.099
2,"dotnumber","hard","hard",0.485,1,0,-99,-0.099
2,"dotnumber","hard","hard",0.601,-1,1,-99,-0.099
2,"dotnumber","hard","hard",0.636,1,1,-99,-0.099
2,"dotnumber","hard","hard",0.651,1,1,-99,-0.099
2,"dotnumber","hard","hard",0.651,1,0,-99,-0.099
2,"dotnumber","hard","hard",0.685,-1,0,-99,-0.099
2,"dotnumber","hard","hard",0.719,1,0,-99,-0.099
2,"dotnumber","hard","hard",0.669,-1,1,-99,-0.099
2,"dotnumber","hard","hard",0.635,1,1,-99,-0.099
2,"dotnumber","hard","hard",0.819,-1,0,-99,-0.099
2,"dotnumber","hard","hard",0.769,1,1,-99,-0.099
2,"dotnumber","hard","hard",0.701,1,0,-99,-0.099
2,"dotnumber","hard","hard",0.652,-1,1,-99,-0.099
2,"dotnumber","hard","hard",0.651,1,1,-99,-0.099
2,"dotnumber","hard","hard",0.735,-1,0,-99,-0.099
2,"dotnumber","hard","hard",0.636,1,0,-99,-0.099
2,"dotnumber","hard","hard",0.835,-1,1,-99,-0.099
2,"dotnumber","hard","hard",0.635,1,0,-99,-0.099
2,"dotnumber","hard","hard",0.852,-1,1,-99,-0.099
2,"dotnumber","hard","hard",0.684,1,0,-99,-0.099
2,"dotnumber","hard","hard",0.717,1,1,-99,-0.099
2,"dotnumber","hard","hard",1.303,1,0,-99,-0.099
2,"dotnumber","hard","hard",0.719,1,0,-99,-0.099
2,"dotnumber","hard","hard",0.635,-1,0,-99,-0.099
2,"dotnumber","hard","hard",0.501,1,1,-99,-0.099
2,"dotnumber","hard","hard",0.635,-1,1,-99,-0.099
2,"dotnumber","hard","hard",0.702,1,1,-99,-0.099
2,"dotnumber","hard","hard",0.668,-1,1,-99,-0.099
2,"dotnumber","hard","hard",0.701,1,1,-99,-0.099
2,"dotnumber","hard","hard",0.685,-1,0,-99,-0.099
2,"dotnumber","hard","hard",0.651,1,1,-99,-0.099
2,"dotnumber","hard","hard",0.969,-1,1,-99,-0.099
2,"dotnumber","hard","hard",0.684,1,1,-99,-0.099
2,"dotnumber","hard","hard",1.203,1,1,-99,-0.099
2,"dotnumber","hard","hard",0.668,1,0,-99,-0.099
2,"dotnumber","hard","hard",0.785,1,1,-99,-0.099
2,"dotnumber","hard","hard",0.685,1,1,-99,-0.099
2,"dotnumber","hard","hard",0.586,1,0,-99,-0.099
2,"dotnumber","hard","hard",0.551,-1,1,-99,-0.099
2,"dotnumber","hard","hard",0.568,1,0,-99,-0.099
2,"dotnumber","hard","hard",0.686,1,1,-99,-0.099
2,"dotnumber","hard","hard",0.701,1,0,-99,-0.099
2,"dotnumber","hard","hard",0.652,1,0,-99,-0.099
2,"dotnumber","hard","hard",0.602,1,0,-99,-0.099
2,"dotnumber","hard","hard",0.685,1,1,-99,-0.099
2,"xotask","easy","easy",1.136,1,1,-99,-0.099
2,"xotask","easy","easy",0.601,1,1,-99,-0.099
2,"xotask","easy","easy",1.101,-1,1,-99,-0.099
2,"xotask","easy","easy",0.718,1,1,-99,-0.099
2,"xotask","easy","easy",0.818,-1,1,-99,-0.099
2,"xotask","easy","easy",0.735,-1,1,-99,-0.099
2,"xotask","easy","easy",0.618,-1,1,-99,-0.099
2,"xotask","easy","easy",0.768,-1,1,-99,-0.099
2,"xotask","easy","easy",0.718,-1,1,-99,-0.099
2,"xotask","easy","easy",0.635,1,1,-99,-0.099
2,"xotask","easy","easy",0.585,1,1,-99,-0.099
2,"xotask","easy","easy",0.618,1,1,-99,-0.099
2,"xotask","easy","easy",1.035,1,1,-99,-0.099
2,"xotask","easy","easy",0.586,-1,1,-99,-0.099
2,"xotask","easy","easy",0.72,1,1,-99,-0.099
2,"xotask","easy","easy",0.735,-1,1,-99,-0.099
2,"xotask","easy","easy",0.701,-1,1,-99,-0.099
2,"xotask","easy","easy",0.502,1,1,-99,-0.099
2,"xotask","easy","easy",0.635,-1,1,-99,-0.099
2,"xotask","easy","easy",0.535,-1,1,-99,-0.099
2,"xotask","easy","easy",0.601,1,1,-99,-0.099
2,"xotask","easy","easy",0.502,1,1,-99,-0.099
2,"xotask","easy","easy",0.669,-1,1,-99,-0.099
2,"xotask","easy","easy",0.502,1,1,-99,-0.099
2,"xotask","easy","easy",0.751,-1,1,-99,-0.099
2,"xotask","easy","easy",0.518,1,1,-99,-0.099
2,"xotask","easy","easy",0.669,-1,0,-99,-0.099
2,"xotask","easy","easy",0.752,1,1,-99,-0.099
2,"xotask","easy","easy",0.969,1,0,-99,-0.099
2,"xotask","easy","easy",0.702,1,0,-99,-0.099
2,"xotask","easy","easy",0.652,1,1,-99,-0.099
2,"xotask","easy","easy",0.669,1,1,-99,-0.099
2,"xotask","easy","easy",0.602,1,1,-99,-0.099
2,"xotask","easy","easy",0.501,-1,1,-99,-0.099
2,"xotask","easy","easy",0.652,-1,1,-99,-0.099
2,"xotask","easy","easy",0.501,1,1,-99,-0.099
2,"xotask","easy","easy",0.518,-1,1,-99,-0.099
2,"xotask","easy","easy",0.968,-1,0,-99,-0.099
2,"xotask","easy","easy",0.685,-1,1,-99,-0.099
2,"xotask","easy","easy",0.585,1,1,-99,-0.099
2,"xotask","easy","easy",0.619,1,1,-99,-0.099
2,"xotask","easy","easy",0.484,1,1,-99,-0.099
2,"xotask","easy","easy",0.518,-1,1,-99,-0.099
2,"xotask","easy","easy",0.569,-1,1,-99,-0.099
2,"xotask","easy","easy",0.435,-1,1,-99,-0.099
2,"xotask","easy","easy",0.552,-1,1,-99,-0.099
2,"xotask","easy","easy",0.535,-1,1,-99,-0.099
2,"xotask","easy","easy",0.452,1,1,-99,-0.099
2,"xotask","easy","easy",0.952,-1,1,-99,-0.099
2,"xotask","easy","easy",0.885,-1,1,-99,-0.099
2,"xotask","easy","easy",0.552,-1,1,-99,-0.099
2,"xotask","easy","easy",0.418,1,1,-99,-0.099
2,"xotask","easy","easy",0.635,1,1,-99,-0.099
2,"xotask","easy","easy",0.451,-1,1,-99,-0.099
2,"xotask","easy","easy",0.502,1,1,-99,-0.099
2,"xotask","easy","easy",0.385,1,1,-99,-0.099
2,"xotask","easy","easy",0.417,1,1,-99,-0.099
2,"xotask","easy","easy",0.402,1,1,-99,-0.099
2,"xotask","easy","easy",0.353,1,1,-99,-0.099
2,"xotask","easy","easy",0.535,-1,1,-99,-0.099
2,"xotask","easy","easy",0.519,-1,1,-99,-0.099
2,"xotask","easy","easy",0.484,1,1,-99,-0.099
2,"xotask","easy","easy",0.468,-1,1,-99,-0.099
2,"xotask","easy","easy",0.436,1,1,-99,-0.099
2,"xotask","easy","easy",0.418,1,1,-99,-0.099
2,"xotask","easy","easy",0.451,-1,1,-99,-0.099
2,"xotask","easy","easy",0.468,-1,1,-99,-0.099
2,"xotask","easy","easy",0.468,-1,1,-99,-0.099
2,"xotask","easy","easy",0.536,1,1,-99,-0.099
2,"xotask","easy","easy",0.467,-1,1,-99,-0.099
2,"xotask","easy","easy",0.435,-1,1,-99,-0.099
2,"xotask","easy","easy",0.518,1,1,-99,-0.099
2,"xotask","easy","easy",0.702,1,1,-99,-0.099
2,"xotask","easy","easy",0.401,-1,1,-99,-0.099
2,"xotask","easy","easy",0.519,-1,1,-99,-0.099
2,"xotask","easy","easy",0.486,1,1,-99,-0.099
2,"xotask","easy","easy",0.452,1,1,-99,-0.099
2,"xotask","easy","easy",0.451,-1,1,-99,-0.099
2,"xotask","easy","easy",0.418,-1,1,-99,-0.099
2,"xotask","easy","easy",0.502,1,1,-99,-0.099
2,"xotask","easy","easy",0.385,-1,1,-99,-0.099
2,"xotask","easy","easy",0.451,1,0,-99,-0.099
2,"xotask","easy","easy",0.652,1,1,-99,-0.099
2,"xotask","easy","easy",0.552,-1,1,-99,-0.099
2,"xotask","easy","easy",0.485,1,1,-99,-0.099
2,"xotask","easy","easy",0.535,-1,1,-99,-0.099
2,"xotask","easy","easy",0.502,1,1,-99,-0.099
2,"xotask","easy","easy",0.435,-1,1,-99,-0.099
2,"xotask","easy","easy",0.452,1,1,-99,-0.099
2,"xotask","easy","easy",0.483,-1,0,-99,-0.099
2,"xotask","easy","easy",0.569,1,1,-99,-0.099
2,"xotask","easy","easy",0.586,-1,1,-99,-0.099
2,"xotask","easy","easy",0.569,-1,1,-99,-0.099
2,"xotask","easy","easy",0.619,1,1,-99,-0.099
2,"xotask","easy","easy",0.601,1,1,-99,-0.099
2,"xotask","easy","easy",0.519,-1,1,-99,-0.099
2,"xotask","easy","easy",0.586,-1,1,-99,-0.099
2,"xotask","easy","easy",0.435,1,1,-99,-0.099
2,"xotask","easy","easy",0.536,-1,1,-99,-0.099
2,"xotask","easy","easy",0.584,-1,1,-99,-0.099
2,"xotask","easy","easy",0.535,1,1,-99,-0.099
2,"xotask","easy","easy",0.636,1,1,-99,-0.099
2,"xotask","easy","easy",0.452,1,1,-99,-0.099
2,"xotask","easy","easy",0.468,1,1,-99,-0.099
2,"xotask","easy","easy",0.902,-1,1,-99,-0.099
2,"xotask","easy","easy",0.468,1,1,-99,-0.099
2,"xotask","easy","easy",0.602,-1,1,-99,-0.099
2,"xotask","easy","easy",0.551,-1,1,-99,-0.099
2,"xotask","easy","easy",0.768,-1,1,-99,-0.099
2,"xotask","easy","easy",0.601,1,1,-99,-0.099
2,"xotask","easy","easy",1.519,-1,1,-99,-0.099
2,"xotask","easy","easy",0.536,-1,1,-99,-0.099
2,"xotask","easy","easy",0.652,1,1,-99,-0.099
2,"xotask","easy","easy",0.501,-1,1,-99,-0.099
2,"xotask","easy","easy",0.552,1,1,-99,-0.099
2,"xotask","easy","easy",0.535,-1,1,-99,-0.099
2,"xotask","easy","easy",0.468,-1,1,-99,-0.099
2,"xotask","easy","easy",0.568,1,1,-99,-0.099
2,"xotask","easy","easy",0.418,1,1,-99,-0.099
2,"xotask","easy","easy",0.385,1,1,-99,-0.099
2,"dotcolour","average","average",1.419,1,1,-99,-0.099
2,"dotcolour","average","average",0.735,1,1,-99,-0.099
2,"dotcolour","average","average",0.519,1,0,-99,-0.099
2,"dotcolour","average","average",0.618,1,1,-99,-0.099
2,"dotcolour","average","average",0.636,1,1,-99,-0.099
2,"dotcolour","average","average",0.819,-1,1,-99,-0.099
2,"dotcolour","average","average",0.635,1,1,-99,-0.099
2,"dotcolour","average","average",0.919,1,0,-99,-0.099
2,"dotcolour","average","average",0.486,1,1,-99,-0.099
2,"dotcolour","average","average",0.667,1,0,-99,-0.099
2,"dotcolour","average","average",1.003,-1,1,-99,-0.099
2,"dotcolour","average","average",1.036,-1,1,-99,-0.099
2,"dotcolour","average","average",0.785,1,0,-99,-0.099
2,"dotcolour","average","average",0.652,1,0,-99,-0.099
2,"dotcolour","average","average",0.619,1,1,-99,-0.099
2,"dotcolour","average","average",0.602,1,1,-99,-0.099
2,"dotcolour","average","average",0.485,1,1,-99,-0.099
2,"dotcolour","average","average",0.701,-1,1,-99,-0.099
2,"dotcolour","average","average",0.617,1,1,-99,-0.099
2,"dotcolour","average","average",0.651,1,1,-99,-0.099
2,"dotcolour","average","average",0.485,1,1,-99,-0.099
2,"dotcolour","average","average",0.784,-1,1,-99,-0.099
2,"dotcolour","average","average",0.785,-1,1,-99,-0.099
2,"dotcolour","average","average",0.552,1,0,-99,-0.099
2,"dotcolour","average","average",1.202,1,0,-99,-0.099
2,"dotcolour","average","average",1.953,1,0,-99,-0.099
2,"dotcolour","average","average",0.952,-1,1,-99,-0.099
2,"dotcolour","average","average",0.568,1,1,-99,-0.099
2,"dotcolour","average","average",0.82,-1,1,-99,-0.099
2,"dotcolour","average","average",0.669,1,1,-99,-0.099
2,"dotcolour","average","average",0.668,1,1,-99,-0.099
2,"dotcolour","average","average",0.703,1,0,-99,-0.099
2,"dotcolour","average","average",0.802,-1,1,-99,-0.099
2,"dotcolour","average","average",0.703,-1,1,-99,-0.099
2,"dotcolour","average","average",0.651,1,1,-99,-0.099
2,"dotcolour","average","average",1.97,-1,0,-99,-0.099
2,"dotcolour","average","average",1.836,1,1,-99,-0.099
2,"dotcolour","average","average",0.985,-1,1,-99,-0.099
2,"dotcolour","average","average",0.635,1,1,-99,-0.099
2,"dotcolour","average","average",0.668,1,1,-99,-0.099
2,"dotcolour","average","average",1.503,-1,0,-99,-0.099
2,"dotcolour","average","average",0.568,1,1,-99,-0.099
2,"dotcolour","average","average",0.685,-1,1,-99,-0.099
2,"dotcolour","average","average",0.819,-1,1,-99,-0.099
2,"dotcolour","average","average",2.069,1,0,-99,-0.099
2,"dotcolour","average","average",1.619,1,1,-99,-0.099
2,"dotcolour","average","average",0.953,1,1,-99,-0.099
2,"dotcolour","average","average",0.802,-1,1,-99,-0.099
2,"dotcolour","average","average",0.703,-1,1,-99,-0.099
2,"dotcolour","average","average",2.119,1,0,-99,-0.099
2,"dotcolour","average","average",0.551,-1,0,-99,-0.099
2,"dotcolour","average","average",0.535,1,1,-99,-0.099
2,"dotcolour","average","average",0.551,1,0,-99,-0.099
2,"dotcolour","average","average",0.518,1,1,-99,-0.099
2,"dotcolour","average","average",0.752,-1,1,-99,-0.099
2,"dotcolour","average","average",0.717,1,1,-99,-0.099
2,"dotcolour","average","average",0.552,1,1,-99,-0.099
2,"dotcolour","average","average",0.602,-1,1,-99,-0.099
2,"dotcolour","average","average",0.485,1,1,-99,-0.099
2,"dotcolour","average","average",0.451,1,0,-99,-0.099
2,"dotcolour","average","average",1.502,1,0,-99,-0.099
2,"dotcolour","average","average",1.637,-1,0,-99,-0.099
2,"dotcolour","average","average",0.919,1,0,-99,-0.099
2,"dotcolour","average","average",0.768,-1,1,-99,-0.099
2,"dotcolour","average","average",0.769,1,0,-99,-0.099
2,"dotcolour","average","average",0.568,1,1,-99,-0.099
2,"dotcolour","average","average",0.669,1,1,-99,-0.099
2,"dotcolour","average","average",0.634,1,1,-99,-0.099
2,"dotcolour","average","average",1.003,-1,0,-99,-0.099
2,"dotcolour","average","average",1.202,-1,1,-99,-0.099
2,"dotcolour","average","average",0.769,-1,1,-99,-0.099
2,"dotcolour","average","average",0.552,1,1,-99,-0.099
2,"dotcolour","average","average",0.702,-1,1,-99,-0.099
2,"dotcolour","average","average",0.569,1,1,-99,-0.099
2,"dotcolour","average","average",0.502,-1,0,-99,-0.099
2,"dotcolour","average","average",1.37,-1,1,-99,-0.099
2,"dotcolour","average","average",3.789,1,0,-99,-0.099
2,"dotcolour","average","average",0.619,1,1,-99,-0.099
2,"dotcolour","average","average",0.652,1,0,-99,-0.099
2,"dotcolour","average","average",0.618,1,1,-99,-0.099
2,"dotcolour","average","average",0.751,1,1,-99,-0.099
2,"dotcolour","average","average",0.752,-1,1,-99,-0.099
2,"dotcolour","average","average",1.803,1,0,-99,-0.099
2,"dotcolour","average","average",0.469,1,1,-99,-0.099
2,"dotcolour","average","average",0.469,1,1,-99,-0.099
2,"dotcolour","average","average",0.786,1,0,-99,-0.099
2,"dotcolour","average","average",0.385,1,0,-99,-0.099
2,"dotcolour","average","average",0.702,1,1,-99,-0.099
2,"dotcolour","average","average",0.735,1,1,-99,-0.099
2,"dotcolour","average","average",0.669,1,1,-99,-0.099
2,"dotcolour","average","average",0.868,1,0,-99,-0.099
2,"dotcolour","average","average",3.021,1,1,-99,-0.099
2,"dotcolour","average","average",0.836,-1,1,-99,-0.099
2,"dotcolour","average","average",0.634,-1,1,-99,-0.099
2,"dotcolour","average","average",0.801,-1,1,-99,-0.099
2,"dotcolour","average","average",0.518,1,1,-99,-0.099
2,"dotcolour","average","average",0.686,1,1,-99,-0.099
2,"dotcolour","average","average",0.701,1,1,-99,-0.099
2,"dotcolour","average","average",0.601,1,1,-99,-0.099
2,"dotcolour","average","average",1.052,1,1,-99,-0.099
2,"dotcolour","average","average",0.885,-1,1,-99,-0.099
2,"dotcolour","average","average",0.685,-1,1,-99,-0.099
2,"dotcolour","average","average",1.052,-1,1,-99,-0.099
2,"dotcolour","average","average",0.669,1,1,-99,-0.099
2,"dotcolour","average","average",1.353,1,0,-99,-0.099
2,"dotcolour","average","average",0.769,-1,1,-99,-0.099
2,"dotcolour","average","average",0.702,-1,1,-99,-0.099
2,"dotcolour","average","average",0.603,-1,1,-99,-0.099
2,"dotcolour","average","average",0.669,1,1,-99,-0.099
2,"dotcolour","average","average",0.967,-1,1,-99,-0.099
2,"dotcolour","average","average",0.635,1,1,-99,-0.099
2,"dotcolour","average","average",0.669,-1,1,-99,-0.099
2,"dotcolour","average","average",0.719,1,1,-99,-0.099
2,"dotcolour","average","average",0.668,-1,0,-99,-0.099
2,"dotcolour","average","average",0.769,-1,1,-99,-0.099
2,"dotcolour","average","average",0.618,1,1,-99,-0.099
2,"dotcolour","average","average",0.669,1,1,-99,-0.099
2,"dotcolour","average","average",0.752,1,1,-99,-0.099
2,"dotcolour","average","average",1.052,1,0,-99,-0.099
2,"dotcolour","average","average",0.786,-1,1,-99,-0.099
3,"xotask","hard","hard",4.572,1,0,-99,-0.099
3,"xotask","hard","hard",1.886,1,1,-99,-0.099
3,"xotask","hard","hard",1.904,-1,1,-99,-0.099
3,"xotask","hard","hard",2.871,1,0,-99,-0.099
3,"xotask","hard","hard",1.453,-1,1,-99,-0.099
3,"xotask","hard","hard",1.852,-1,1,-99,-0.099
3,"xotask","hard","hard",1.418,1,1,-99,-0.099
3,"xotask","hard","hard",1.469,1,1,-99,-0.099
3,"xotask","hard","hard",3.104,1,0,-99,-0.099
3,"xotask","hard","hard",1.269,-1,0,-99,-0.099
3,"xotask","hard","hard",1.303,-1,1,-99,-0.099
3,"xotask","hard","hard",1.903,-1,0,-99,-0.099
3,"xotask","hard","hard",1.42,-1,1,-99,-0.099
3,"xotask","hard","hard",1.886,1,0,-99,-0.099
3,"xotask","hard","hard",1.235,-1,0,-99,-0.099
3,"xotask","hard","hard",1.085,1,1,-99,-0.099
3,"xotask","hard","hard",2.302,-1,1,-99,-0.099
3,"xotask","hard","hard",1.369,-1,1,-99,-0.099
3,"xotask","hard","hard",0.986,1,1,-99,-0.099
3,"xotask","hard","hard",1.152,1,1,-99,-0.099
3,"xotask","hard","hard",1.035,-1,1,-99,-0.099
3,"xotask","hard","hard",1.252,1,1,-99,-0.099
3,"xotask","hard","hard",1.119,1,1,-99,-0.099
3,"xotask","hard","hard",0.902,-1,0,-99,-0.099
3,"xotask","hard","hard",2.304,-1,1,-99,-0.099
3,"xotask","hard","hard",1.652,1,1,-99,-0.099
3,"xotask","hard","hard",1.636,-1,0,-99,-0.099
3,"xotask","hard","hard",1.953,1,1,-99,-0.099
3,"xotask","hard","hard",0.852,-1,0,-99,-0.099
3,"xotask","hard","hard",1.768,-1,0,-99,-0.099
3,"xotask","hard","hard",1.686,-1,1,-99,-0.099
3,"xotask","hard","hard",0.886,-1,1,-99,-0.099
3,"xotask","hard","hard",1.536,-1,1,-99,-0.099
3,"xotask","hard","hard",1.386,1,1,-99,-0.099
3,"xotask","hard","hard",2.37,-1,0,-99,-0.099
3,"xotask","hard","hard",1.919,-1,0,-99,-0.099
3,"xotask","hard","hard",1.018,-1,1,-99,-0.099
3,"xotask","hard","hard",2.653,1,0,-99,-0.099
3,"xotask","hard","hard",1.586,-1,1,-99,-0.099
3,"xotask","hard","hard",1.236,-1,1,-99,-0.099
3,"xotask","hard","hard",1.436,1,1,-99,-0.099
3,"xotask","hard","hard",1.069,-1,0,-99,-0.099
3,"xotask","hard","hard",1.636,-1,1,-99,-0.099
3,"xotask","hard","hard",1.018,1,1,-99,-0.099
3,"xotask","hard","hard",1.502,-1,1,-99,-0.099
3,"xotask","hard","hard",1.853,-1,1,-99,-0.099
3,"xotask","hard","hard",1.453,-1,0,-99,-0.099
3,"xotask","hard","hard",1.703,1,0,-99,-0.099
3,"xotask","hard","hard",2.304,-1,0,-99,-0.099
3,"xotask","hard","hard",2.652,1,0,-99,-0.099
3,"xotask","hard","hard",1.203,1,0,-99,-0.099
3,"xotask","hard","hard",1.519,-1,1,-99,-0.099
3,"xotask","hard","hard",2.202,1,1,-99,-0.099
3,"xotask","hard","hard",1.135,-1,1,-99,-0.099
3,"xotask","hard","hard",2.219,1,0,-99,-0.099
3,"xotask","hard","hard",2.137,-1,1,-99,-0.099
3,"xotask","hard","hard",1.753,-1,1,-99,-0.099
3,"xotask","hard","hard",0.918,1,1,-99,-0.099
3,"xotask","hard","hard",2.17,-1,1,-99,-0.099
3,"xotask","hard","hard",2.002,1,1,-99,-0.099
3,"xotask","hard","hard",1.403,1,1,-99,-0.099
3,"xotask","hard","hard",1.136,1,1,-99,-0.099
3,"xotask","hard","hard",0.852,1,1,-99,-0.099
3,"xotask","hard","hard",1.118,1,1,-99,-0.099
3,"xotask","hard","hard",1.586,1,1,-99,-0.099
3,"xotask","hard","hard",0.752,-1,1,-99,-0.099
3,"xotask","hard","hard",0.601,-1,1,-99,-0.099
3,"xotask","hard","hard",0.702,-1,0,-99,-0.099
3,"xotask","hard","hard",2.036,-1,0,-99,-0.099
3,"xotask","hard","hard",1.068,-1,1,-99,-0.099
3,"xotask","hard","hard",1.119,1,1,-99,-0.099
3,"xotask","hard","hard",0.851,-1,1,-99,-0.099
3,"xotask","hard","hard",2.47,1,1,-99,-0.099
3,"xotask","hard","hard",1.436,-1,1,-99,-0.099
3,"xotask","hard","hard",1.937,1,1,-99,-0.099
3,"xotask","hard","hard",2.037,-1,0,-99,-0.099
3,"xotask","hard","hard",1.419,1,1,-99,-0.099
3,"xotask","hard","hard",1.202,-1,1,-99,-0.099
3,"xotask","hard","hard",1.036,1,0,-99,-0.099
3,"xotask","hard","hard",1.252,-1,1,-99,-0.099
3,"xotask","hard","hard",1.736,1,1,-99,-0.099
3,"xotask","hard","hard",0.685,1,1,-99,-0.099
3,"xotask","hard","hard",0.769,-1,1,-99,-0.099
3,"xotask","hard","hard",0.936,-1,1,-99,-0.099
3,"xotask","hard","hard",0.869,1,1,-99,-0.099
3,"xotask","hard","hard",1.219,1,1,-99,-0.099
3,"xotask","hard","hard",0.669,-1,0,-99,-0.099
3,"xotask","hard","hard",0.735,1,1,-99,-0.099
3,"xotask","hard","hard",0.968,-1,1,-99,-0.099
3,"xotask","hard","hard",0.701,-1,0,-99,-0.099
3,"xotask","hard","hard",0.701,-1,1,-99,-0.099
3,"xotask","hard","hard",0.769,1,0,-99,-0.099
3,"xotask","hard","hard",0.718,1,0,-99,-0.099
3,"xotask","hard","hard",0.651,1,0,-99,-0.099
3,"xotask","hard","hard",0.919,-1,1,-99,-0.099
3,"xotask","hard","hard",0.735,-1,0,-99,-0.099
3,"xotask","hard","hard",1.236,1,1,-99,-0.099
3,"xotask","hard","hard",0.702,-1,1,-99,-0.099
3,"xotask","hard","hard",0.751,-1,0,-99,-0.099
3,"xotask","hard","hard",0.584,1,1,-99,-0.099
3,"xotask","hard","hard",0.768,1,1,-99,-0.099
3,"xotask","hard","hard",0.751,-1,1,-99,-0.099
3,"xotask","hard","hard",0.785,-1,1,-99,-0.099
3,"xotask","hard","hard",0.969,-1,1,-99,-0.099
3,"xotask","hard","hard",0.601,-1,1,-99,-0.099
3,"xotask","hard","hard",0.835,1,1,-99,-0.099
3,"xotask","hard","hard",0.768,-1,1,-99,-0.099
3,"xotask","hard","hard",0.886,1,1,-99,-0.099
3,"xotask","hard","hard",1.302,1,0,-99,-0.099
3,"xotask","hard","hard",0.769,-1,0,-99,-0.099
3,"xotask","hard","hard",1.185,-1,0,-99,-0.099
3,"xotask","hard","hard",0.718,-1,0,-99,-0.099
3,"xotask","hard","hard",0.768,1,0,-99,-0.099
3,"xotask","hard","hard",0.684,1,1,-99,-0.099
3,"xotask","hard","hard",0.968,-1,1,-99,-0.099
3,"xotask","hard","hard",0.584,1,0,-99,-0.099
3,"xotask","hard","hard",0.485,1,1,-99,-0.099
3,"xotask","hard","hard",0.869,-1,1,-99,-0.099
3,"xotask","hard","hard",0.468,1,1,-99,-0.099
3,"xotask","hard","hard",0.569,1,0,-99,-0.099
3,"dotcolour","easy","easy",2.02,-1,0,-99,-0.099
3,"dotcolour","easy","easy",0.585,1,1,-99,-0.099
3,"dotcolour","easy","easy",0.551,1,1,-99,-0.099
3,"dotcolour","easy","easy",0.535,1,1,-99,-0.099
3,"dotcolour","easy","easy",0.568,1,1,-99,-0.099
3,"dotcolour","easy","easy",0.768,1,1,-99,-0.099
3,"dotcolour","easy","easy",0.501,-1,1,-99,-0.099
3,"dotcolour","easy","easy",0.535,-1,1,-99,-0.099
3,"dotcolour","easy","easy",0.601,1,1,-99,-0.099
3,"dotcolour","easy","easy",0.483,-1,1,-99,-0.099
3,"dotcolour","easy","easy",0.534,1,1,-99,-0.099
3,"dotcolour","easy","easy",0.518,1,1,-99,-0.099
3,"dotcolour","easy","easy",0.585,-1,1,-99,-0.099
3,"dotcolour","easy","easy",0.568,1,1,-99,-0.099
3,"dotcolour","easy","easy",0.635,1,1,-99,-0.099
3,"dotcolour","easy","easy",0.634,-1,1,-99,-0.099
3,"dotcolour","easy","easy",0.734,-1,1,-99,-0.099
3,"dotcolour","easy","easy",0.584,-1,1,-99,-0.099
3,"dotcolour","easy","easy",0.585,-1,1,-99,-0.099
3,"dotcolour","easy","easy",0.468,-1,1,-99,-0.099
3,"dotcolour","easy","easy",0.617,-1,1,-99,-0.099
3,"dotcolour","easy","easy",0.503,1,1,-99,-0.099
3,"dotcolour","easy","easy",0.918,-1,1,-99,-0.099
3,"dotcolour","easy","easy",0.635,-1,1,-99,-0.099
3,"dotcolour","easy","easy",1.151,-1,1,-99,-0.099
3,"dotcolour","easy","easy",0.552,-1,1,-99,-0.099
3,"dotcolour","easy","easy",0.468,-1,1,-99,-0.099
3,"dotcolour","easy","easy",1.62,-1,1,-99,-0.099
3,"dotcolour","easy","easy",0.636,-1,1,-99,-0.099
3,"dotcolour","easy","easy",0.718,1,1,-99,-0.099
3,"dotcolour","easy","easy",0.619,-1,1,-99,-0.099
3,"dotcolour","easy","easy",0.585,1,1,-99,-0.099
3,"dotcolour","easy","easy",0.685,1,1,-99,-0.099
3,"dotcolour","easy","easy",0.535,-1,1,-99,-0.099
3,"dotcolour","easy","easy",0.552,1,1,-99,-0.099
3,"dotcolour","easy","easy",0.535,-1,1,-99,-0.099
3,"dotcolour","easy","easy",0.567,1,1,-99,-0.099
3,"dotcolour","easy","easy",0.651,1,1,-99,-0.099
3,"dotcolour","easy","easy",0.585,1,1,-99,-0.099
3,"dotcolour","easy","easy",0.801,1,1,-99,-0.099
3,"dotcolour","easy","easy",0.518,-1,1,-99,-0.099
3,"dotcolour","easy","easy",0.502,1,1,-99,-0.099
3,"dotcolour","easy","easy",0.435,1,1,-99,-0.099
3,"dotcolour","easy","easy",0.452,1,1,-99,-0.099
3,"dotcolour","easy","easy",0.469,1,1,-99,-0.099
3,"dotcolour","easy","easy",0.451,-1,1,-99,-0.099
3,"dotcolour","easy","easy",0.351,-1,1,-99,-0.099
3,"dotcolour","easy","easy",0.335,-1,1,-99,-0.099
3,"dotcolour","easy","easy",0.685,-1,1,-99,-0.099
3,"dotcolour","easy","easy",0.468,1,1,-99,-0.099
3,"dotcolour","easy","easy",0.385,-1,1,-99,-0.099
3,"dotcolour","easy","easy",0.468,-1,1,-99,-0.099
3,"dotcolour","easy","easy",0.535,1,1,-99,-0.099
3,"dotcolour","easy","easy",0.384,-1,1,-99,-0.099
3,"dotcolour","easy","easy",0.368,1,0,-99,-0.099
3,"dotcolour","easy","easy",0.602,1,1,-99,-0.099
3,"dotcolour","easy","easy",0.585,1,1,-99,-0.099
3,"dotcolour","easy","easy",0.585,1,1,-99,-0.099
3,"dotcolour","easy","easy",0.452,1,1,-99,-0.099
3,"dotcolour","easy","easy",0.386,-1,1,-99,-0.099
3,"dotcolour","easy","easy",0.367,-1,1,-99,-0.099
3,"dotcolour","easy","easy",0.4,-1,1,-99,-0.099
3,"dotcolour","easy","easy",0.35,-1,1,-99,-0.099
3,"dotcolour","easy","easy",0.3,-1,1,-99,-0.099
3,"dotcolour","easy","easy",0.585,1,1,-99,-0.099
3,"dotcolour","easy","easy",0.435,1,1,-99,-0.099
3,"dotcolour","easy","easy",0.468,-1,1,-99,-0.099
3,"dotcolour","easy","easy",0.452,-1,1,-99,-0.099
3,"dotcolour","easy","easy",0.434,1,1,-99,-0.099
3,"dotcolour","easy","easy",0.402,-1,0,-99,-0.099
3,"dotcolour","easy","easy",0.568,1,1,-99,-0.099
3,"dotcolour","easy","easy",0.668,1,1,-99,-0.099
3,"dotcolour","easy","easy",0.735,1,1,-99,-0.099
3,"dotcolour","easy","easy",0.869,1,1,-99,-0.099
3,"dotcolour","easy","easy",0.501,1,1,-99,-0.099
3,"dotcolour","easy","easy",0.452,-1,1,-99,-0.099
3,"dotcolour","easy","easy",0.485,1,1,-99,-0.099
3,"dotcolour","easy","easy",0.469,-1,1,-99,-0.099
3,"dotcolour","easy","easy",0.467,1,1,-99,-0.099
3,"dotcolour","easy","easy",0.434,-1,1,-99,-0.099
3,"dotcolour","easy","easy",0.668,-1,1,-99,-0.099
3,"dotcolour","easy","easy",0.402,-1,1,-99,-0.099
3,"dotcolour","easy","easy",0.551,1,1,-99,-0.099
3,"dotcolour","easy","easy",0.452,1,1,-99,-0.099
3,"dotcolour","easy","easy",0.534,1,1,-99,-0.099
3,"dotcolour","easy","easy",0.502,-1,1,-99,-0.099
3,"dotcolour","easy","easy",0.602,-1,1,-99,-0.099
3,"dotcolour","easy","easy",0.484,-1,1,-99,-0.099
3,"dotcolour","easy","easy",0.584,1,1,-99,-0.099
3,"dotcolour","easy","easy",0.502,1,1,-99,-0.099
3,"dotcolour","easy","easy",0.452,-1,1,-99,-0.099
3,"dotcolour","easy","easy",0.535,1,1,-99,-0.099
3,"dotcolour","easy","easy",0.602,1,1,-99,-0.099
3,"dotcolour","easy","easy",0.452,-1,1,-99,-0.099
3,"dotcolour","easy","easy",0.401,-1,1,-99,-0.099
3,"dotcolour","easy","easy",0.452,-1,1,-99,-0.099
3,"dotcolour","easy","easy",0.684,1,1,-99,-0.099
3,"dotcolour","easy","easy",0.418,-1,1,-99,-0.099
3,"dotcolour","easy","easy",0.285,1,0,-99,-0.099
3,"dotcolour","easy","easy",0.601,1,1,-99,-0.099
3,"dotcolour","easy","easy",0.402,-1,1,-99,-0.099
3,"dotcolour","easy","easy",0.466,-1,1,-99,-0.099
3,"dotcolour","easy","easy",0.468,1,1,-99,-0.099
3,"dotcolour","easy","easy",0.502,1,1,-99,-0.099
3,"dotcolour","easy","easy",0.502,1,1,-99,-0.099
3,"dotcolour","easy","easy",0.452,-1,1,-99,-0.099
3,"dotcolour","easy","easy",0.519,1,1,-99,-0.099
3,"dotcolour","easy","easy",0.4,-1,1,-99,-0.099
3,"dotcolour","easy","easy",0.435,-1,1,-99,-0.099
3,"dotcolour","easy","easy",0.517,-1,1,-99,-0.099
3,"dotcolour","easy","easy",0.486,1,1,-99,-0.099
3,"dotcolour","easy","easy",0.469,1,1,-99,-0.099
3,"dotcolour","easy","easy",0.518,1,1,-99,-0.099
3,"dotcolour","easy","easy",0.384,1,1,-99,-0.099
3,"dotcolour","easy","easy",0.501,1,1,-99,-0.099
3,"dotcolour","easy","easy",0.335,-1,1,-99,-0.099
3,"dotcolour","easy","easy",0.417,-1,1,-99,-0.099
3,"dotcolour","easy","easy",0.435,-1,1,-99,-0.099
3,"dotcolour","easy","easy",0.468,1,1,-99,-0.099
3,"dotcolour","easy","easy",0.385,-1,1,-99,-0.099
3,"dotnumber","average","average",1.302,-1,1,-99,-0.099
3,"dotnumber","average","average",1.803,-1,1,-99,-0.099
3,"dotnumber","average","average",0.901,1,0,-99,-0.099
3,"dotnumber","average","average",2.602,1,0,-99,-0.099
3,"dotnumber","average","average",1.118,1,0,-99,-0.099
3,"dotnumber","average","average",0.735,1,1,-99,-0.099
3,"dotnumber","average","average",0.951,1,0,-99,-0.099
3,"dotnumber","average","average",1.203,1,0,-99,-0.099
3,"dotnumber","average","average",0.803,1,1,-99,-0.099
3,"dotnumber","average","average",1.97,-1,0,-99,-0.099
3,"dotnumber","average","average",0.652,-1,1,-99,-0.099
3,"dotnumber","average","average",0.652,-1,1,-99,-0.099
3,"dotnumber","average","average",1.42,1,1,-99,-0.099
3,"dotnumber","average","average",0.768,1,1,-99,-0.099
3,"dotnumber","average","average",1.285,1,1,-99,-0.099
3,"dotnumber","average","average",0.935,-1,0,-99,-0.099
3,"dotnumber","average","average",1.386,1,1,-99,-0.099
3,"dotnumber","average","average",0.834,1,1,-99,-0.099
3,"dotnumber","average","average",0.835,1,0,-99,-0.099
3,"dotnumber","average","average",0.802,1,1,-99,-0.099
3,"dotnumber","average","average",0.87,-1,0,-99,-0.099
3,"dotnumber","average","average",1.002,1,0,-99,-0.099
3,"dotnumber","average","average",1.402,1,1,-99,-0.099
3,"dotnumber","average","average",0.752,-1,1,-99,-0.099
3,"dotnumber","average","average",1.035,1,1,-99,-0.099
3,"dotnumber","average","average",0.668,-1,1,-99,-0.099
3,"dotnumber","average","average",0.602,-1,1,-99,-0.099
3,"dotnumber","average","average",0.569,-1,0,-99,-0.099
3,"dotnumber","average","average",0.485,1,1,-99,-0.099
3,"dotnumber","average","average",0.535,1,0,-99,-0.099
3,"dotnumber","average","average",0.467,-1,1,-99,-0.099
3,"dotnumber","average","average",0.502,-1,1,-99,-0.099
3,"dotnumber","average","average",0.284,1,0,-99,-0.099
3,"dotnumber","average","average",0.351,-1,0,-99,-0.099
3,"dotnumber","average","average",0.418,1,1,-99,-0.099
3,"dotnumber","average","average",0.267,-1,1,-99,-0.099
3,"dotnumber","average","average",0.486,-1,1,-99,-0.099
3,"dotnumber","average","average",0.451,-1,0,-99,-0.099
3,"dotnumber","average","average",0.635,-1,0,-99,-0.099
3,"dotnumber","average","average",0.401,1,0,-99,-0.099
3,"dotnumber","average","average",0.584,1,0,-99,-0.099
3,"dotnumber","average","average",0.651,1,1,-99,-0.099
3,"dotnumber","average","average",2.237,1,0,-99,-0.099
3,"dotnumber","average","average",0.818,-1,0,-99,-0.099
3,"dotnumber","average","average",0.934,-1,0,-99,-0.099
3,"dotnumber","average","average",0.668,1,0,-99,-0.099
3,"dotnumber","average","average",0.652,1,1,-99,-0.099
3,"dotnumber","average","average",0.736,1,1,-99,-0.099
3,"dotnumber","average","average",1.686,-1,1,-99,-0.099
3,"dotnumber","average","average",0.553,-1,1,-99,-0.099
3,"dotnumber","average","average",0.602,-1,1,-99,-0.099
3,"dotnumber","average","average",0.601,1,1,-99,-0.099
3,"dotnumber","average","average",0.518,-1,0,-99,-0.099
3,"dotnumber","average","average",0.735,-1,1,-99,-0.099
3,"dotnumber","average","average",0.852,1,0,-99,-0.099
3,"dotnumber","average","average",0.769,1,1,-99,-0.099
3,"dotnumber","average","average",0.802,-1,0,-99,-0.099
3,"dotnumber","average","average",0.702,1,1,-99,-0.099
3,"dotnumber","average","average",0.601,-1,1,-99,-0.099
3,"dotnumber","average","average",0.569,1,0,-99,-0.099
3,"dotnumber","average","average",0.618,1,1,-99,-0.099
3,"dotnumber","average","average",0.635,1,1,-99,-0.099
3,"dotnumber","average","average",0.518,1,1,-99,-0.099
3,"dotnumber","average","average",0.652,1,1,-99,-0.099
3,"dotnumber","average","average",0.552,1,0,-99,-0.099
3,"dotnumber","average","average",0.535,1,1,-99,-0.099
3,"dotnumber","average","average",0.402,-1,0,-99,-0.099
3,"dotnumber","average","average",0.702,-1,1,-99,-0.099
3,"dotnumber","average","average",0.552,-1,1,-99,-0.099
3,"dotnumber","average","average",0.819,-1,1,-99,-0.099
3,"dotnumber","average","average",0.518,-1,1,-99,-0.099
3,"dotnumber","average","average",0.351,-1,0,-99,-0.099
3,"dotnumber","average","average",0.702,-1,1,-99,-0.099
3,"dotnumber","average","average",0.652,-1,1,-99,-0.099
3,"dotnumber","average","average",0.518,-1,1,-99,-0.099
3,"dotnumber","average","average",0.635,1,1,-99,-0.099
3,"dotnumber","average","average",0.635,1,1,-99,-0.099
3,"dotnumber","average","average",0.702,-1,0,-99,-0.099
3,"dotnumber","average","average",0.635,-1,1,-99,-0.099
3,"dotnumber","average","average",0.584,-1,1,-99,-0.099
3,"dotnumber","average","average",0.902,1,1,-99,-0.099
3,"dotnumber","average","average",0.585,-1,1,-99,-0.099
3,"dotnumber","average","average",0.618,1,0,-99,-0.099
3,"dotnumber","average","average",0.534,-1,0,-99,-0.099
3,"dotnumber","average","average",0.852,-1,0,-99,-0.099
3,"dotnumber","average","average",0.518,-1,0,-99,-0.099
3,"dotnumber","average","average",0.585,-1,0,-99,-0.099
3,"dotnumber","average","average",0.702,-1,0,-99,-0.099
3,"dotnumber","average","average",1.001,-1,1,-99,-0.099
3,"dotnumber","average","average",0.886,-1,1,-99,-0.099
3,"dotnumber","average","average",0.687,-1,1,-99,-0.099
3,"dotnumber","average","average",0.686,1,1,-99,-0.099
3,"dotnumber","average","average",1.019,1,1,-99,-0.099
3,"dotnumber","average","average",0.769,1,1,-99,-0.099
3,"dotnumber","average","average",0.551,-1,1,-99,-0.099
3,"dotnumber","average","average",0.535,-1,1,-99,-0.099
3,"dotnumber","average","average",3.27,-1,1,-99,-0.099
3,"dotnumber","average","average",0.601,-1,1,-99,-0.099
3,"dotnumber","average","average",0.685,-1,0,-99,-0.099
3,"dotnumber","average","average",0.518,1,1,-99,-0.099
3,"dotnumber","average","average",0.768,1,1,-99,-0.099
3,"dotnumber","average","average",0.969,-1,1,-99,-0.099
3,"dotnumber","average","average",0.551,1,1,-99,-0.099
3,"dotnumber","average","average",0.635,1,1,-99,-0.099
3,"dotnumber","average","average",0.518,-1,0,-99,-0.099
3,"dotnumber","average","average",0.635,1,0,-99,-0.099
3,"dotnumber","average","average",0.452,-1,1,-99,-0.099
3,"dotnumber","average","average",0.585,-1,1,-99,-0.099
3,"dotnumber","average","average",0.518,-1,1,-99,-0.099
3,"dotnumber","average","average",0.551,-1,1,-99,-0.099
3,"dotnumber","average","average",0.584,1,1,-99,-0.099
3,"dotnumber","average","average",0.601,1,0,-99,-0.099
3,"dotnumber","average","average",0.918,-1,1,-99,-0.099
3,"dotnumber","average","average",0.636,1,1,-99,-0.099
3,"dotnumber","average","average",0.501,-1,1,-99,-0.099
3,"dotnumber","average","average",0.585,1,1,-99,-0.099
3,"dotnumber","average","average",0.469,-1,0,-99,-0.099
3,"dotnumber","average","average",0.702,-1,0,-99,-0.099
3,"dotnumber","average","average",0.635,-1,0,-99,-0.099
3,"dotnumber","average","average",0.735,-1,1,-99,-0.099
4,"dotcolour","easy","easy",1.719,-1,1,-99,-0.099
4,"dotcolour","easy","easy",0.769,1,1,-99,-0.099
4,"dotcolour","easy","easy",0.669,-1,1,-99,-0.099
4,"dotcolour","easy","easy",0.601,1,1,-99,-0.099
4,"dotcolour","easy","easy",0.718,1,1,-99,-0.099
4,"dotcolour","easy","easy",0.668,1,1,-99,-0.099
4,"dotcolour","easy","easy",1.319,1,0,-99,-0.099
4,"dotcolour","easy","easy",0.585,1,1,-99,-0.099
4,"dotcolour","easy","easy",0.636,-1,1,-99,-0.099
4,"dotcolour","easy","easy",0.619,1,1,-99,-0.099
4,"dotcolour","easy","easy",0.686,-1,1,-99,-0.099
4,"dotcolour","easy","easy",0.819,1,1,-99,-0.099
4,"dotcolour","easy","easy",1.202,-1,1,-99,-0.099
4,"dotcolour","easy","easy",0.852,1,1,-99,-0.099
4,"dotcolour","easy","easy",0.818,-1,1,-99,-0.099
4,"dotcolour","easy","easy",0.802,-1,1,-99,-0.099
4,"dotcolour","easy","easy",0.869,-1,1,-99,-0.099
4,"dotcolour","easy","easy",0.686,1,1,-99,-0.099
4,"dotcolour","easy","easy",0.752,-1,1,-99,-0.099
4,"dotcolour","easy","easy",0.585,1,1,-99,-0.099
4,"dotcolour","easy","easy",0.619,1,1,-99,-0.099
4,"dotcolour","easy","easy",0.552,1,1,-99,-0.099
4,"dotcolour","easy","easy",0.802,-1,1,-99,-0.099
4,"dotcolour","easy","easy",0.719,-1,1,-99,-0.099
4,"dotcolour","easy","easy",1.069,1,1,-99,-0.099
4,"dotcolour","easy","easy",0.735,1,1,-99,-0.099
4,"dotcolour","easy","easy",0.501,1,1,-99,-0.099
4,"dotcolour","easy","easy",0.535,-1,1,-99,-0.099
4,"dotcolour","easy","easy",0.552,-1,1,-99,-0.099
4,"dotcolour","easy","easy",0.686,-1,1,-99,-0.099
4,"dotcolour","easy","easy",0.585,-1,1,-99,-0.099
4,"dotcolour","easy","easy",0.635,-1,1,-99,-0.099
4,"dotcolour","easy","easy",0.518,-1,1,-99,-0.099
4,"dotcolour","easy","easy",0.519,-1,1,-99,-0.099
4,"dotcolour","easy","easy",0.635,-1,1,-99,-0.099
4,"dotcolour","easy","easy",0.736,1,1,-99,-0.099
4,"dotcolour","easy","easy",0.786,1,1,-99,-0.099
4,"dotcolour","easy","easy",0.968,1,1,-99,-0.099
4,"dotcolour","easy","easy",0.551,-1,1,-99,-0.099
4,"dotcolour","easy","easy",0.552,-1,1,-99,-0.099
4,"dotcolour","easy","easy",0.686,-1,1,-99,-0.099
4,"dotcolour","easy","easy",0.769,1,1,-99,-0.099
4,"dotcolour","easy","easy",1.019,1,1,-99,-0.099
4,"dotcolour","easy","easy",0.535,1,1,-99,-0.099
4,"dotcolour","easy","easy",0.869,-1,1,-99,-0.099
4,"dotcolour","easy","easy",0.869,1,1,-99,-0.099
4,"dotcolour","easy","easy",0.685,1,1,-99,-0.099
4,"dotcolour","easy","easy",0.818,1,1,-99,-0.099
4,"dotcolour","easy","easy",0.785,-1,1,-99,-0.099
4,"dotcolour","easy","easy",0.518,1,1,-99,-0.099
4,"dotcolour","easy","easy",0.569,-1,1,-99,-0.099
4,"dotcolour","easy","easy",0.652,-1,1,-99,-0.099
4,"dotcolour","easy","easy",0.651,1,1,-99,-0.099
4,"dotcolour","easy","easy",0.702,-1,1,-99,-0.099
4,"dotcolour","easy","easy",0.619,1,1,-99,-0.099
4,"dotcolour","easy","easy",0.719,-1,1,-99,-0.099
4,"dotcolour","easy","easy",0.702,-1,1,-99,-0.099
4,"dotcolour","easy","easy",0.652,-1,1,-99,-0.099
4,"dotcolour","easy","easy",0.518,-1,1,-99,-0.099
4,"dotcolour","easy","easy",0.785,1,1,-99,-0.099
4,"dotcolour","easy","easy",0.668,1,1,-99,-0.099
4,"dotcolour","easy","easy",0.718,1,1,-99,-0.099
4,"dotcolour","easy","easy",0.651,1,1,-99,-0.099
4,"dotcolour","easy","easy",0.502,1,1,-99,-0.099
4,"dotcolour","easy","easy",0.502,1,1,-99,-0.099
4,"dotcolour","easy","easy",0.486,1,1,-99,-0.099
4,"dotcolour","easy","easy",0.568,-1,1,-99,-0.099
4,"dotcolour","easy","easy",0.552,-1,1,-99,-0.099
4,"dotcolour","easy","easy",0.652,-1,1,-99,-0.099
4,"dotcolour","easy","easy",0.618,1,1,-99,-0.099
4,"dotcolour","easy","easy",0.534,1,1,-99,-0.099
4,"dotcolour","easy","easy",0.819,-1,1,-99,-0.099
4,"dotcolour","easy","easy",1.62,-1,1,-99,-0.099
4,"dotcolour","easy","easy",1.085,1,1,-99,-0.099
4,"dotcolour","easy","easy",0.551,-1,1,-99,-0.099
4,"dotcolour","easy","easy",0.518,-1,1,-99,-0.099
4,"dotcolour","easy","easy",0.601,-1,1,-99,-0.099
4,"dotcolour","easy","easy",0.501,-1,1,-99,-0.099
4,"dotcolour","easy","easy",0.685,-1,1,-99,-0.099
4,"dotcolour","easy","easy",0.718,-1,1,-99,-0.099
4,"dotcolour","easy","easy",1.019,1,1,-99,-0.099
4,"dotcolour","easy","easy",0.536,-1,1,-99,-0.099
4,"dotcolour","easy","easy",0.634,1,1,-99,-0.099
4,"dotcolour","easy","easy",0.652,1,1,-99,-0.099
4,"dotcolour","easy","easy",0.502,-1,1,-99,-0.099
4,"dotcolour","easy","easy",0.552,-1,1,-99,-0.099
4,"dotcolour","easy","easy",0.535,1,1,-99,-0.099
4,"dotcolour","easy","easy",0.602,1,1,-99,-0.099
4,"dotcolour","easy","easy",0.585,1,1,-99,-0.099
4,"dotcolour","easy","easy",0.485,1,1,-99,-0.099
4,"dotcolour","easy","easy",0.601,-1,1,-99,-0.099
4,"dotcolour","easy","easy",0.768,1,1,-99,-0.099
4,"dotcolour","easy","easy",0.651,1,1,-99,-0.099
4,"dotcolour","easy","easy",0.551,1,1,-99,-0.099
4,"dotcolour","easy","easy",0.552,1,1,-99,-0.099
4,"dotcolour","easy","easy",0.585,-1,1,-99,-0.099
4,"dotcolour","easy","easy",0.985,-1,1,-99,-0.099
4,"dotcolour","easy","easy",0.803,1,1,-99,-0.099
4,"dotcolour","easy","easy",0.602,1,1,-99,-0.099
4,"dotcolour","easy","easy",0.535,1,1,-99,-0.099
4,"dotcolour","easy","easy",0.518,-1,1,-99,-0.099
4,"dotcolour","easy","easy",0.535,1,1,-99,-0.099
4,"dotcolour","easy","easy",0.485,-1,1,-99,-0.099
4,"dotcolour","easy","easy",0.652,-1,1,-99,-0.099
4,"dotcolour","easy","easy",0.602,-1,1,-99,-0.099
4,"dotcolour","easy","easy",0.619,-1,1,-99,-0.099
4,"dotcolour","easy","easy",0.819,1,1,-99,-0.099
4,"dotcolour","easy","easy",0.718,1,1,-99,-0.099
4,"dotcolour","easy","easy",0.669,1,1,-99,-0.099
4,"dotcolour","easy","easy",0.819,-1,1,-99,-0.099
4,"dotcolour","easy","easy",0.752,-1,1,-99,-0.099
4,"dotcolour","easy","easy",0.668,-1,1,-99,-0.099
4,"dotcolour","easy","easy",0.686,1,1,-99,-0.099
4,"dotcolour","easy","easy",0.802,-1,1,-99,-0.099
4,"dotcolour","easy","easy",0.701,1,1,-99,-0.099
4,"dotcolour","easy","easy",0.818,-1,1,-99,-0.099
4,"dotcolour","easy","easy",0.651,-1,1,-99,-0.099
4,"dotcolour","easy","easy",0.884,1,1,-99,-0.099
4,"dotcolour","easy","easy",0.636,1,1,-99,-0.099
4,"dotcolour","easy","easy",0.702,1,1,-99,-0.099
4,"dotnumber","average","average",1.001,1,1,-99,-0.099
4,"dotnumber","average","average",0.651,-1,1,-99,-0.099
4,"dotnumber","average","average",1.502,-1,1,-99,-0.099
4,"dotnumber","average","average",1.302,-1,1,-99,-0.099
4,"dotnumber","average","average",0.819,1,1,-99,-0.099
4,"dotnumber","average","average",0.736,1,1,-99,-0.099
4,"dotnumber","average","average",0.618,1,1,-99,-0.099
4,"dotnumber","average","average",0.852,1,0,-99,-0.099
4,"dotnumber","average","average",1.536,1,0,-99,-0.099
4,"dotnumber","average","average",0.701,-1,1,-99,-0.099
4,"dotnumber","average","average",0.784,1,1,-99,-0.099
4,"dotnumber","average","average",0.885,-1,1,-99,-0.099
4,"dotnumber","average","average",0.952,1,0,-99,-0.099
4,"dotnumber","average","average",1.636,-1,1,-99,-0.099
4,"dotnumber","average","average",0.669,1,1,-99,-0.099
4,"dotnumber","average","average",1.12,1,1,-99,-0.099
4,"dotnumber","average","average",0.719,1,1,-99,-0.099
4,"dotnumber","average","average",0.769,-1,1,-99,-0.099
4,"dotnumber","average","average",1.369,-1,0,-99,-0.099
4,"dotnumber","average","average",0.952,1,0,-99,-0.099
4,"dotnumber","average","average",0.719,1,1,-99,-0.099
4,"dotnumber","average","average",0.669,-1,1,-99,-0.099
4,"dotnumber","average","average",0.785,1,1,-99,-0.099
4,"dotnumber","average","average",0.519,-1,0,-99,-0.099
4,"dotnumber","average","average",0.569,-1,1,-99,-0.099
4,"dotnumber","average","average",0.502,-1,1,-99,-0.099
4,"dotnumber","average","average",0.619,1,1,-99,-0.099
4,"dotnumber","average","average",0.635,-1,0,-99,-0.099
4,"dotnumber","average","average",0.535,-1,1,-99,-0.099
4,"dotnumber","average","average",0.768,1,1,-99,-0.099
4,"dotnumber","average","average",0.585,1,1,-99,-0.099
4,"dotnumber","average","average",0.87,1,0,-99,-0.099
4,"dotnumber","average","average",0.718,-1,1,-99,-0.099
4,"dotnumber","average","average",1.252,-1,1,-99,-0.099
4,"dotnumber","average","average",1.286,-1,1,-99,-0.099
4,"dotnumber","average","average",0.669,1,1,-99,-0.099
4,"dotnumber","average","average",0.62,-1,1,-99,-0.099
4,"dotnumber","average","average",0.635,-1,1,-99,-0.099
4,"dotnumber","average","average",0.685,1,1,-99,-0.099
4,"dotnumber","average","average",0.652,1,1,-99,-0.099
4,"dotnumber","average","average",1.202,1,1,-99,-0.099
4,"dotnumber","average","average",0.586,-1,1,-99,-0.099
4,"dotnumber","average","average",0.67,1,1,-99,-0.099
4,"dotnumber","average","average",0.834,1,1,-99,-0.099
4,"dotnumber","average","average",0.718,1,1,-99,-0.099
4,"dotnumber","average","average",1.836,-1,1,-99,-0.099
4,"dotnumber","average","average",0.869,-1,1,-99,-0.099
4,"dotnumber","average","average",1.019,-1,0,-99,-0.099
4,"dotnumber","average","average",1.136,-1,0,-99,-0.099
4,"dotnumber","average","average",0.601,1,1,-99,-0.099
4,"dotnumber","average","average",0.585,-1,1,-99,-0.099
4,"dotnumber","average","average",0.568,1,1,-99,-0.099
4,"dotnumber","average","average",0.618,-1,0,-99,-0.099
4,"dotnumber","average","average",0.519,-1,1,-99,-0.099
4,"dotnumber","average","average",0.568,1,1,-99,-0.099
4,"dotnumber","average","average",0.568,-1,0,-99,-0.099
4,"dotnumber","average","average",0.651,1,0,-99,-0.099
4,"dotnumber","average","average",0.634,-1,0,-99,-0.099
4,"dotnumber","average","average",0.535,-1,1,-99,-0.099
4,"dotnumber","average","average",0.635,1,1,-99,-0.099
4,"dotnumber","average","average",0.501,-1,1,-99,-0.099
4,"dotnumber","average","average",0.919,-1,1,-99,-0.099
4,"dotnumber","average","average",0.652,-1,1,-99,-0.099
4,"dotnumber","average","average",0.669,1,1,-99,-0.099
4,"dotnumber","average","average",0.685,1,1,-99,-0.099
4,"dotnumber","average","average",0.586,-1,1,-99,-0.099
4,"dotnumber","average","average",0.719,-1,1,-99,-0.099
4,"dotnumber","average","average",0.585,-1,1,-99,-0.099
4,"dotnumber","average","average",0.669,1,1,-99,-0.099
4,"dotnumber","average","average",0.619,-1,1,-99,-0.099
4,"dotnumber","average","average",0.702,1,1,-99,-0.099
4,"dotnumber","average","average",0.668,-1,1,-99,-0.099
4,"dotnumber","average","average",0.651,1,1,-99,-0.099
4,"dotnumber","average","average",0.602,-1,1,-99,-0.099
4,"dotnumber","average","average",0.785,1,1,-99,-0.099
4,"dotnumber","average","average",1.319,1,1,-99,-0.099
4,"dotnumber","average","average",0.569,-1,1,-99,-0.099
4,"dotnumber","average","average",0.668,-1,1,-99,-0.099
4,"dotnumber","average","average",0.735,1,1,-99,-0.099
4,"dotnumber","average","average",0.568,-1,1,-99,-0.099
4,"dotnumber","average","average",0.667,-1,1,-99,-0.099
4,"dotnumber","average","average",0.585,-1,1,-99,-0.099
4,"dotnumber","average","average",0.735,-1,1,-99,-0.099
4,"dotnumber","average","average",0.469,-1,1,-99,-0.099
4,"dotnumber","average","average",0.852,1,1,-99,-0.099
4,"dotnumber","average","average",0.569,-1,1,-99,-0.099
4,"dotnumber","average","average",0.736,1,1,-99,-0.099
4,"dotnumber","average","average",1.235,-1,0,-99,-0.099
4,"dotnumber","average","average",1.168,1,1,-99,-0.099
4,"dotnumber","average","average",0.718,1,1,-99,-0.099
4,"dotnumber","average","average",0.634,-1,1,-99,-0.099
4,"dotnumber","average","average",0.885,-1,1,-99,-0.099
4,"dotnumber","average","average",0.585,1,1,-99,-0.099
4,"dotnumber","average","average",1.352,-1,0,-99,-0.099
4,"dotnumber","average","average",1.119,-1,0,-99,-0.099
4,"dotnumber","average","average",0.584,-1,1,-99,-0.099
4,"dotnumber","average","average",0.968,1,1,-99,-0.099
4,"dotnumber","average","average",0.768,-1,0,-99,-0.099
4,"dotnumber","average","average",1.236,1,0,-99,-0.099
4,"dotnumber","average","average",1.102,-1,1,-99,-0.099
4,"dotnumber","average","average",0.652,-1,1,-99,-0.099
4,"dotnumber","average","average",0.852,-1,1,-99,-0.099
4,"dotnumber","average","average",1.001,1,1,-99,-0.099
4,"dotnumber","average","average",0.802,1,1,-99,-0.099
4,"dotnumber","average","average",0.618,1,1,-99,-0.099
4,"dotnumber","average","average",0.852,-1,1,-99,-0.099
4,"dotnumber","average","average",0.685,1,1,-99,-0.099
4,"dotnumber","average","average",0.918,1,1,-99,-0.099
4,"dotnumber","average","average",0.719,1,1,-99,-0.099
4,"dotnumber","average","average",0.769,1,1,-99,-0.099
4,"dotnumber","average","average",0.635,-1,1,-99,-0.099
4,"dotnumber","average","average",0.768,1,1,-99,-0.099
4,"dotnumber","average","average",0.735,-1,0,-99,-0.099
4,"dotnumber","average","average",0.635,-1,1,-99,-0.099
4,"dotnumber","average","average",0.818,-1,1,-99,-0.099
4,"dotnumber","average","average",0.652,-1,1,-99,-0.099
4,"dotnumber","average","average",0.819,1,1,-99,-0.099
4,"dotnumber","average","average",0.769,-1,1,-99,-0.099
4,"dotnumber","average","average",0.669,-1,1,-99,-0.099
4,"dotnumber","average","average",0.735,-1,1,-99,-0.099
4,"xotask","hard","hard",1.319,1,0,-99,-0.099
4,"xotask","hard","hard",0.835,1,0,-99,-0.099
4,"xotask","hard","hard",0.986,1,1,-99,-0.099
4,"xotask","hard","hard",1.035,1,0,-99,-0.099
4,"xotask","hard","hard",1.286,-1,1,-99,-0.099
4,"xotask","hard","hard",0.718,1,1,-99,-0.099
4,"xotask","hard","hard",1.02,1,1,-99,-0.099
4,"xotask","hard","hard",0.552,-1,1,-99,-0.099
4,"xotask","hard","hard",0.669,1,1,-99,-0.099
4,"xotask","hard","hard",0.718,1,0,-99,-0.099
4,"xotask","hard","hard",0.651,-1,0,-99,-0.099
4,"xotask","hard","hard",0.736,-1,1,-99,-0.099
4,"xotask","hard","hard",0.868,1,1,-99,-0.099
4,"xotask","hard","hard",0.635,-1,1,-99,-0.099
4,"xotask","hard","hard",0.919,-1,1,-99,-0.099
4,"xotask","hard","hard",0.602,1,0,-99,-0.099
4,"xotask","hard","hard",0.685,-1,0,-99,-0.099
4,"xotask","hard","hard",0.685,1,1,-99,-0.099
4,"xotask","hard","hard",0.903,-1,1,-99,-0.099
4,"xotask","hard","hard",0.819,-1,1,-99,-0.099
4,"xotask","hard","hard",0.635,1,1,-99,-0.099
4,"xotask","hard","hard",0.635,1,1,-99,-0.099
4,"xotask","hard","hard",0.636,1,1,-99,-0.099
4,"xotask","hard","hard",0.902,-1,0,-99,-0.099
4,"xotask","hard","hard",0.651,1,1,-99,-0.099
4,"xotask","hard","hard",0.652,-1,1,-99,-0.099
4,"xotask","hard","hard",0.885,-1,0,-99,-0.099
4,"xotask","hard","hard",0.686,-1,1,-99,-0.099
4,"xotask","hard","hard",0.969,-1,0,-99,-0.099
4,"xotask","hard","hard",0.652,1,1,-99,-0.099
4,"xotask","hard","hard",0.635,1,1,-99,-0.099
4,"xotask","hard","hard",0.902,1,1,-99,-0.099
4,"xotask","hard","hard",1.119,1,0,-99,-0.099
4,"xotask","hard","hard",0.652,1,1,-99,-0.099
4,"xotask","hard","hard",0.751,1,1,-99,-0.099
4,"xotask","hard","hard",1.385,-1,1,-99,-0.099
4,"xotask","hard","hard",0.819,1,1,-99,-0.099
4,"xotask","hard","hard",0.768,-1,1,-99,-0.099
4,"xotask","hard","hard",0.785,-1,1,-99,-0.099
4,"xotask","hard","hard",0.718,-1,1,-99,-0.099
4,"xotask","hard","hard",0.752,1,0,-99,-0.099
4,"xotask","hard","hard",0.634,-1,0,-99,-0.099
4,"xotask","hard","hard",0.619,-1,1,-99,-0.099
4,"xotask","hard","hard",0.667,-1,1,-99,-0.099
4,"xotask","hard","hard",0.652,1,1,-99,-0.099
4,"xotask","hard","hard",0.684,1,1,-99,-0.099
4,"xotask","hard","hard",0.718,1,0,-99,-0.099
4,"xotask","hard","hard",0.986,-1,1,-99,-0.099
4,"xotask","hard","hard",0.701,1,1,-99,-0.099
4,"xotask","hard","hard",0.635,-1,1,-99,-0.099
4,"xotask","hard","hard",0.518,1,1,-99,-0.099
4,"xotask","hard","hard",0.535,-1,1,-99,-0.099
4,"xotask","hard","hard",0.685,-1,0,-99,-0.099
4,"xotask","hard","hard",0.618,1,0,-99,-0.099
4,"xotask","hard","hard",0.651,1,1,-99,-0.099
4,"xotask","hard","hard",1.252,-1,0,-99,-0.099
4,"xotask","hard","hard",0.718,-1,0,-99,-0.099
4,"xotask","hard","hard",0.685,1,1,-99,-0.099
4,"xotask","hard","hard",0.652,1,1,-99,-0.099
4,"xotask","hard","hard",0.752,1,0,-99,-0.099
4,"xotask","hard","hard",0.819,1,1,-99,-0.099
4,"xotask","hard","hard",0.702,-1,1,-99,-0.099
4,"xotask","hard","hard",0.819,1,0,-99,-0.099
4,"xotask","hard","hard",0.784,1,1,-99,-0.099
4,"xotask","hard","hard",0.735,1,0,-99,-0.099
4,"xotask","hard","hard",0.735,-1,0,-99,-0.099
4,"xotask","hard","hard",0.869,-1,1,-99,-0.099
4,"xotask","hard","hard",1.319,1,0,-99,-0.099
4,"xotask","hard","hard",1.319,-1,1,-99,-0.099
4,"xotask","hard","hard",0.835,-1,1,-99,-0.099
4,"xotask","hard","hard",1.119,-1,0,-99,-0.099
4,"xotask","hard","hard",0.736,1,0,-99,-0.099
4,"xotask","hard","hard",0.669,1,0,-99,-0.099
4,"xotask","hard","hard",0.735,-1,0,-99,-0.099
4,"xotask","hard","hard",0.602,-1,1,-99,-0.099
4,"xotask","hard","hard",0.751,-1,0,-99,-0.099
4,"xotask","hard","hard",0.702,-1,0,-99,-0.099
4,"xotask","hard","hard",0.801,-1,1,-99,-0.099
4,"xotask","hard","hard",0.601,-1,0,-99,-0.099
4,"xotask","hard","hard",0.734,1,1,-99,-0.099
4,"xotask","hard","hard",1.068,1,0,-99,-0.099
4,"xotask","hard","hard",0.719,-1,1,-99,-0.099
4,"xotask","hard","hard",0.903,-1,1,-99,-0.099
4,"xotask","hard","hard",0.735,1,1,-99,-0.099
4,"xotask","hard","hard",0.736,-1,0,-99,-0.099
4,"xotask","hard","hard",0.802,-1,0,-99,-0.099
4,"xotask","hard","hard",0.786,-1,1,-99,-0.099
4,"xotask","hard","hard",0.885,-1,1,-99,-0.099
4,"xotask","hard","hard",0.702,-1,1,-99,-0.099
4,"xotask","hard","hard",1.12,1,0,-99,-0.099
4,"xotask","hard","hard",0.851,1,1,-99,-0.099
4,"xotask","hard","hard",0.935,1,1,-99,-0.099
4,"xotask","hard","hard",1.219,1,1,-99,-0.099
4,"xotask","hard","hard",0.802,-1,0,-99,-0.099
4,"xotask","hard","hard",0.835,1,0,-99,-0.099
4,"xotask","hard","hard",0.669,-1,1,-99,-0.099
4,"xotask","hard","hard",0.752,1,1,-99,-0.099
4,"xotask","hard","hard",0.685,-1,0,-99,-0.099
4,"xotask","hard","hard",1.62,1,1,-99,-0.099
4,"xotask","hard","hard",0.652,-1,1,-99,-0.099
4,"xotask","hard","hard",1.202,-1,1,-99,-0.099
4,"xotask","hard","hard",0.585,1,0,-99,-0.099
4,"xotask","hard","hard",0.885,1,0,-99,-0.099
4,"xotask","hard","hard",1.836,-1,1,-99,-0.099
4,"xotask","hard","hard",0.752,-1,0,-99,-0.099
4,"xotask","hard","hard",1.236,1,1,-99,-0.099
4,"xotask","hard","hard",1.069,1,1,-99,-0.099
4,"xotask","hard","hard",1.069,-1,1,-99,-0.099
4,"xotask","hard","hard",0.634,-1,1,-99,-0.099
4,"xotask","hard","hard",0.636,1,1,-99,-0.099
4,"xotask","hard","hard",0.702,-1,1,-99,-0.099
4,"xotask","hard","hard",0.619,1,1,-99,-0.099
4,"xotask","hard","hard",0.602,1,1,-99,-0.099
4,"xotask","hard","hard",0.619,-1,1,-99,-0.099
4,"xotask","hard","hard",0.618,-1,1,-99,-0.099
4,"xotask","hard","hard",0.702,-1,0,-99,-0.099
4,"xotask","hard","hard",0.702,-1,0,-99,-0.099
4,"xotask","hard","hard",0.902,1,1,-99,-0.099
4,"xotask","hard","hard",0.82,-1,1,-99,-0.099
4,"xotask","hard","hard",0.686,1,0,-99,-0.099
5,"dotnumber","average","average",1.202,1,1,-99,-0.099
5,"dotnumber","average","average",0.801,-1,1,-99,-0.099
5,"dotnumber","average","average",1.219,-1,1,-99,-0.099
5,"dotnumber","average","average",0.669,1,1,-99,-0.099
5,"dotnumber","average","average",0.601,1,1,-99,-0.099
5,"dotnumber","average","average",0.619,-1,1,-99,-0.099
5,"dotnumber","average","average",0.651,-1,1,-99,-0.099
5,"dotnumber","average","average",0.635,1,0,-99,-0.099
5,"dotnumber","average","average",0.635,1,1,-99,-0.099
5,"dotnumber","average","average",0.868,-1,1,-99,-0.099
5,"dotnumber","average","average",0.635,1,1,-99,-0.099
5,"dotnumber","average","average",0.568,1,1,-99,-0.099
5,"dotnumber","average","average",1.019,1,0,-99,-0.099
5,"dotnumber","average","average",0.818,1,1,-99,-0.099
5,"dotnumber","average","average",0.886,-1,1,-99,-0.099
5,"dotnumber","average","average",0.802,1,1,-99,-0.099
5,"dotnumber","average","average",0.601,1,0,-99,-0.099
5,"dotnumber","average","average",0.568,1,1,-99,-0.099
5,"dotnumber","average","average",0.635,-1,1,-99,-0.099
5,"dotnumber","average","average",1.136,-1,1,-99,-0.099
5,"dotnumber","average","average",0.885,-1,0,-99,-0.099
5,"dotnumber","average","average",0.552,1,1,-99,-0.099
5,"dotnumber","average","average",0.584,1,1,-99,-0.099
5,"dotnumber","average","average",0.586,-1,1,-99,-0.099
5,"dotnumber","average","average",0.686,-1,1,-99,-0.099
5,"dotnumber","average","average",0.551,1,1,-99,-0.099
5,"dotnumber","average","average",1.052,-1,1,-99,-0.099
5,"dotnumber","average","average",0.535,-1,0,-99,-0.099
5,"dotnumber","average","average",0.652,1,1,-99,-0.099
5,"dotnumber","average","average",0.635,1,1,-99,-0.099
5,"dotnumber","average","average",0.735,1,1,-99,-0.099
5,"dotnumber","average","average",0.669,-1,1,-99,-0.099
5,"dotnumber","average","average",0.752,1,1,-99,-0.099
5,"dotnumber","average","average",0.851,1,1,-99,-0.099
5,"dotnumber","average","average",0.602,-1,1,-99,-0.099
5,"dotnumber","average","average",0.484,1,0,-99,-0.099
5,"dotnumber","average","average",0.535,-1,1,-99,-0.099
5,"dotnumber","average","average",0.736,1,1,-99,-0.099
5,"dotnumber","average","average",0.568,-1,1,-99,-0.099
5,"dotnumber","average","average",0.685,-1,1,-99,-0.099
5,"dotnumber","average","average",0.734,-1,1,-99,-0.099
5,"dotnumber","average","average",0.669,-1,1,-99,-0.099
5,"dotnumber","average","average",0.902,-1,1,-99,-0.099
5,"dotnumber","average","average",0.685,1,1,-99,-0.099
5,"dotnumber","average","average",0.635,1,1,-99,-0.099
5,"dotnumber","average","average",0.585,1,1,-99,-0.099
5,"dotnumber","average","average",0.602,-1,1,-99,-0.099
5,"dotnumber","average","average",0.65,1,1,-99,-0.099
5,"dotnumber","average","average",0.602,1,1,-99,-0.099
5,"dotnumber","average","average",0.602,-1,1,-99,-0.099
5,"dotnumber","average","average",0.534,1,1,-99,-0.099
5,"dotnumber","average","average",0.634,-1,1,-99,-0.099
5,"dotnumber","average","average",0.602,1,1,-99,-0.099
5,"dotnumber","average","average",0.919,1,1,-99,-0.099
5,"dotnumber","average","average",0.534,-1,1,-99,-0.099
5,"dotnumber","average","average",0.619,-1,1,-99,-0.099
5,"dotnumber","average","average",0.735,-1,1,-99,-0.099
5,"dotnumber","average","average",0.703,1,1,-99,-0.099
5,"dotnumber","average","average",0.468,-1,1,-99,-0.099
5,"dotnumber","average","average",0.551,-1,1,-99,-0.099
5,"dotnumber","average","average",0.469,-1,1,-99,-0.099
5,"dotnumber","average","average",0.535,-1,1,-99,-0.099
5,"dotnumber","average","average",0.602,-1,1,-99,-0.099
5,"dotnumber","average","average",0.601,1,1,-99,-0.099
5,"dotnumber","average","average",0.534,-1,0,-99,-0.099
5,"dotnumber","average","average",0.784,-1,0,-99,-0.099
5,"dotnumber","average","average",0.618,1,1,-99,-0.099
5,"dotnumber","average","average",0.569,1,1,-99,-0.099
5,"dotnumber","average","average",0.601,-1,1,-99,-0.099
5,"dotnumber","average","average",0.685,-1,0,-99,-0.099
5,"dotnumber","average","average",0.736,1,1,-99,-0.099
5,"dotnumber","average","average",0.552,-1,1,-99,-0.099
5,"dotnumber","average","average",0.551,-1,1,-99,-0.099
5,"dotnumber","average","average",0.918,1,1,-99,-0.099
5,"dotnumber","average","average",0.552,-1,1,-99,-0.099
5,"dotnumber","average","average",0.519,1,1,-99,-0.099
5,"dotnumber","average","average",0.485,-1,1,-99,-0.099
5,"dotnumber","average","average",0.653,1,1,-99,-0.099
5,"dotnumber","average","average",1.103,1,1,-99,-0.099
5,"dotnumber","average","average",0.585,1,1,-99,-0.099
5,"dotnumber","average","average",0.518,-1,1,-99,-0.099
5,"dotnumber","average","average",0.502,-1,1,-99,-0.099
5,"dotnumber","average","average",0.451,-1,1,-99,-0.099
5,"dotnumber","average","average",0.652,1,1,-99,-0.099
5,"dotnumber","average","average",0.736,1,1,-99,-0.099
5,"dotnumber","average","average",0.584,1,1,-99,-0.099
5,"dotnumber","average","average",0.568,1,1,-99,-0.099
5,"dotnumber","average","average",0.635,-1,1,-99,-0.099
5,"dotnumber","average","average",0.585,1,1,-99,-0.099
5,"dotnumber","average","average",0.451,-1,1,-99,-0.099
5,"dotnumber","average","average",0.685,-1,1,-99,-0.099
5,"dotnumber","average","average",0.702,-1,1,-99,-0.099
5,"dotnumber","average","average",1.769,1,1,-99,-0.099
5,"dotnumber","average","average",0.584,-1,0,-99,-0.099
5,"dotnumber","average","average",0.518,-1,1,-99,-0.099
5,"dotnumber","average","average",0.586,-1,1,-99,-0.099
5,"dotnumber","average","average",0.569,1,1,-99,-0.099
5,"dotnumber","average","average",0.585,1,1,-99,-0.099
5,"dotnumber","average","average",0.501,-1,1,-99,-0.099
5,"dotnumber","average","average",0.651,-1,1,-99,-0.099
5,"dotnumber","average","average",0.535,-1,1,-99,-0.099
5,"dotnumber","average","average",0.518,-1,1,-99,-0.099
5,"dotnumber","average","average",0.501,1,0,-99,-0.099
5,"dotnumber","average","average",0.602,1,1,-99,-0.099
5,"dotnumber","average","average",0.617,1,1,-99,-0.099
5,"dotnumber","average","average",1.285,1,1,-99,-0.099
5,"dotnumber","average","average",0.985,1,1,-99,-0.099
5,"dotnumber","average","average",0.451,-1,1,-99,-0.099
5,"dotnumber","average","average",0.418,-1,1,-99,-0.099
5,"dotnumber","average","average",0.718,1,0,-99,-0.099
5,"dotnumber","average","average",0.451,-1,1,-99,-0.099
5,"dotnumber","average","average",0.984,1,1,-99,-0.099
5,"dotnumber","average","average",0.535,-1,1,-99,-0.099
5,"dotnumber","average","average",0.519,-1,1,-99,-0.099
5,"dotnumber","average","average",0.536,1,1,-99,-0.099
5,"dotnumber","average","average",0.551,1,1,-99,-0.099
5,"dotnumber","average","average",0.501,1,1,-99,-0.099
5,"dotnumber","average","average",0.451,-1,1,-99,-0.099
5,"dotnumber","average","average",0.518,1,1,-99,-0.099
5,"dotnumber","average","average",0.568,1,1,-99,-0.099
5,"xotask","hard","hard",1.635,-1,0,-99,-0.099
5,"xotask","hard","hard",0.685,1,1,-99,-0.099
5,"xotask","hard","hard",0.769,1,1,-99,-0.099
5,"xotask","hard","hard",1.419,-1,1,-99,-0.099
5,"xotask","hard","hard",1.202,-1,0,-99,-0.099
5,"xotask","hard","hard",0.851,1,0,-99,-0.099
5,"xotask","hard","hard",0.785,-1,1,-99,-0.099
5,"xotask","hard","hard",0.735,-1,1,-99,-0.099
5,"xotask","hard","hard",1.669,-1,0,-99,-0.099
5,"xotask","hard","hard",1.302,1,0,-99,-0.099
5,"xotask","hard","hard",1.535,1,0,-99,-0.099
5,"xotask","hard","hard",0.902,1,1,-99,-0.099
5,"xotask","hard","hard",0.669,-1,1,-99,-0.099
5,"xotask","hard","hard",0.851,-1,0,-99,-0.099
5,"xotask","hard","hard",0.735,-1,0,-99,-0.099
5,"xotask","hard","hard",0.651,-1,0,-99,-0.099
5,"xotask","hard","hard",0.951,1,1,-99,-0.099
5,"xotask","hard","hard",1.421,1,0,-99,-0.099
5,"xotask","hard","hard",0.735,-1,1,-99,-0.099
5,"xotask","hard","hard",0.668,-1,1,-99,-0.099
5,"xotask","hard","hard",0.885,-1,1,-99,-0.099
5,"xotask","hard","hard",0.918,-1,1,-99,-0.099
5,"xotask","hard","hard",0.668,-1,0,-99,-0.099
5,"xotask","hard","hard",0.836,1,1,-99,-0.099
5,"xotask","hard","hard",1.152,-1,0,-99,-0.099
5,"xotask","hard","hard",0.784,-1,0,-99,-0.099
5,"xotask","hard","hard",1.101,1,0,-99,-0.099
5,"xotask","hard","hard",1.403,-1,1,-99,-0.099
5,"xotask","hard","hard",0.735,1,1,-99,-0.099
5,"xotask","hard","hard",0.702,1,0,-99,-0.099
5,"xotask","hard","hard",0.702,-1,1,-99,-0.099
5,"xotask","hard","hard",1.235,-1,0,-99,-0.099
5,"xotask","hard","hard",0.652,1,0,-99,-0.099
5,"xotask","hard","hard",0.786,-1,0,-99,-0.099
5,"xotask","hard","hard",0.935,1,0,-99,-0.099
5,"xotask","hard","hard",0.785,-1,1,-99,-0.099
5,"xotask","hard","hard",0.618,-1,0,-99,-0.099
5,"xotask","hard","hard",0.635,1,1,-99,-0.099
5,"xotask","hard","hard",0.735,-1,1,-99,-0.099
5,"xotask","hard","hard",0.685,1,0,-99,-0.099
5,"xotask","hard","hard",1.019,-1,0,-99,-0.099
5,"xotask","hard","hard",0.769,-1,0,-99,-0.099
5,"xotask","hard","hard",0.668,-1,1,-99,-0.099
5,"xotask","hard","hard",0.635,-1,1,-99,-0.099
5,"xotask","hard","hard",0.852,-1,0,-99,-0.099
5,"xotask","hard","hard",0.634,-1,1,-99,-0.099
5,"xotask","hard","hard",0.785,1,1,-99,-0.099
5,"xotask","hard","hard",2.069,1,1,-99,-0.099
5,"xotask","hard","hard",0.752,-1,0,-99,-0.099
5,"xotask","hard","hard",0.568,-1,1,-99,-0.099
5,"xotask","hard","hard",1.319,1,1,-99,-0.099
5,"xotask","hard","hard",0.986,1,1,-99,-0.099
5,"xotask","hard","hard",1.002,1,1,-99,-0.099
5,"xotask","hard","hard",0.953,1,0,-99,-0.099
5,"xotask","hard","hard",0.768,-1,1,-99,-0.099
5,"xotask","hard","hard",0.819,-1,0,-99,-0.099
5,"xotask","hard","hard",0.952,-1,0,-99,-0.099
5,"xotask","hard","hard",0.802,-1,1,-99,-0.099
5,"xotask","hard","hard",0.702,-1,1,-99,-0.099
5,"xotask","hard","hard",1.235,-1,1,-99,-0.099
5,"xotask","hard","hard",1.035,1,1,-99,-0.099
5,"xotask","hard","hard",0.735,-1,0,-99,-0.099
5,"xotask","hard","hard",0.969,1,1,-99,-0.099
5,"xotask","hard","hard",1.002,1,1,-99,-0.099
5,"xotask","hard","hard",1.486,1,0,-99,-0.099
5,"xotask","hard","hard",0.802,-1,1,-99,-0.099
5,"xotask","hard","hard",0.685,-1,1,-99,-0.099
5,"xotask","hard","hard",0.918,-1,0,-99,-0.099
5,"xotask","hard","hard",1.318,1,0,-99,-0.099
5,"xotask","hard","hard",0.701,-1,1,-99,-0.099
5,"xotask","hard","hard",0.818,-1,1,-99,-0.099
5,"xotask","hard","hard",1.569,1,1,-99,-0.099
5,"xotask","hard","hard",1.67,1,0,-99,-0.099
5,"xotask","hard","hard",0.752,-1,0,-99,-0.099
5,"xotask","hard","hard",1.186,-1,1,-99,-0.099
5,"xotask","hard","hard",1.185,1,1,-99,-0.099
5,"xotask","hard","hard",1.385,-1,0,-99,-0.099
5,"xotask","hard","hard",1.753,-1,0,-99,-0.099
5,"xotask","hard","hard",1.101,-1,1,-99,-0.099
5,"xotask","hard","hard",0.768,-1,1,-99,-0.099
5,"xotask","hard","hard",0.969,1,1,-99,-0.099
5,"xotask","hard","hard",1.052,1,1,-99,-0.099
5,"xotask","hard","hard",1.002,-1,1,-99,-0.099
5,"xotask","hard","hard",0.685,-1,1,-99,-0.099
5,"xotask","hard","hard",0.919,-1,1,-99,-0.099
5,"xotask","hard","hard",1.052,1,0,-99,-0.099
5,"xotask","hard","hard",0.702,-1,1,-99,-0.099
5,"xotask","hard","hard",0.968,1,0,-99,-0.099
5,"xotask","hard","hard",0.753,-1,1,-99,-0.099
5,"xotask","hard","hard",0.902,1,1,-99,-0.099
5,"xotask","hard","hard",0.669,-1,1,-99,-0.099
5,"xotask","hard","hard",0.969,1,1,-99,-0.099
5,"xotask","hard","hard",0.835,1,1,-99,-0.099
5,"xotask","hard","hard",1.219,1,1,-99,-0.099
5,"xotask","hard","hard",0.952,1,1,-99,-0.099
5,"xotask","hard","hard",1.253,1,1,-99,-0.099
5,"xotask","hard","hard",1.302,-1,1,-99,-0.099
5,"xotask","hard","hard",1.136,1,1,-99,-0.099
5,"xotask","hard","hard",1.036,1,0,-99,-0.099
5,"xotask","hard","hard",1.036,-1,1,-99,-0.099
5,"xotask","hard","hard",3.087,1,0,-99,-0.099
5,"xotask","hard","hard",0.568,-1,0,-99,-0.099
5,"xotask","hard","hard",0.735,1,1,-99,-0.099
5,"xotask","hard","hard",1.052,-1,0,-99,-0.099
5,"xotask","hard","hard",0.785,-1,1,-99,-0.099
5,"xotask","hard","hard",1.569,-1,0,-99,-0.099
5,"xotask","hard","hard",1.185,-1,0,-99,-0.099
5,"xotask","hard","hard",0.9,-1,1,-99,-0.099
5,"xotask","hard","hard",0.819,-1,0,-99,-0.099
5,"xotask","hard","hard",0.735,1,0,-99,-0.099
5,"xotask","hard","hard",0.686,-1,0,-99,-0.099
5,"xotask","hard","hard",0.752,-1,1,-99,-0.099
5,"xotask","hard","hard",0.952,1,1,-99,-0.099
5,"xotask","hard","hard",1.385,1,0,-99,-0.099
5,"xotask","hard","hard",1.386,1,1,-99,-0.099
5,"xotask","hard","hard",1.085,-1,1,-99,-0.099
5,"xotask","hard","hard",0.785,-1,0,-99,-0.099
5,"xotask","hard","hard",0.952,1,0,-99,-0.099
5,"xotask","hard","hard",0.934,-1,0,-99,-0.099
5,"xotask","hard","hard",0.734,-1,1,-99,-0.099
5,"dotcolour","easy","easy",0.735,1,1,-99,-0.099
5,"dotcolour","easy","easy",0.485,1,1,-99,-0.099
5,"dotcolour","easy","easy",0.468,-1,1,-99,-0.099
5,"dotcolour","easy","easy",0.352,-1,1,-99,-0.099
5,"dotcolour","easy","easy",0.452,1,1,-99,-0.099
5,"dotcolour","easy","easy",0.451,-1,1,-99,-0.099
5,"dotcolour","easy","easy",0.318,1,1,-99,-0.099
5,"dotcolour","easy","easy",0.434,1,1,-99,-0.099
5,"dotcolour","easy","easy",0.485,-1,1,-99,-0.099
5,"dotcolour","easy","easy",0.402,-1,1,-99,-0.099
5,"dotcolour","easy","easy",0.469,-1,1,-99,-0.099
5,"dotcolour","easy","easy",0.486,1,1,-99,-0.099
5,"dotcolour","easy","easy",0.419,1,1,-99,-0.099
5,"dotcolour","easy","easy",0.484,-1,1,-99,-0.099
5,"dotcolour","easy","easy",0.401,1,1,-99,-0.099
5,"dotcolour","easy","easy",0.435,-1,1,-99,-0.099
5,"dotcolour","easy","easy",0.401,-1,1,-99,-0.099
5,"dotcolour","easy","easy",0.485,1,1,-99,-0.099
5,"dotcolour","easy","easy",0.417,-1,1,-99,-0.099
5,"dotcolour","easy","easy",0.418,1,1,-99,-0.099
5,"dotcolour","easy","easy",0.268,-1,1,-99,-0.099
5,"dotcolour","easy","easy",0.435,-1,1,-99,-0.099
5,"dotcolour","easy","easy",0.418,1,1,-99,-0.099
5,"dotcolour","easy","easy",0.352,1,1,-99,-0.099
5,"dotcolour","easy","easy",0.518,1,1,-99,-0.099
5,"dotcolour","easy","easy",0.767,1,1,-99,-0.099
5,"dotcolour","easy","easy",0.468,-1,1,-99,-0.099
5,"dotcolour","easy","easy",0.635,-1,1,-99,-0.099
5,"dotcolour","easy","easy",0.985,1,1,-99,-0.099
5,"dotcolour","easy","easy",1.72,-1,1,-99,-0.099
5,"dotcolour","easy","easy",0.485,-1,1,-99,-0.099
5,"dotcolour","easy","easy",0.518,-1,1,-99,-0.099
5,"dotcolour","easy","easy",0.535,1,1,-99,-0.099
5,"dotcolour","easy","easy",0.518,1,1,-99,-0.099
5,"dotcolour","easy","easy",0.517,-1,1,-99,-0.099
5,"dotcolour","easy","easy",0.568,1,1,-99,-0.099
5,"dotcolour","easy","easy",0.468,1,0,-99,-0.099
5,"dotcolour","easy","easy",0.635,1,1,-99,-0.099
5,"dotcolour","easy","easy",0.552,-1,1,-99,-0.099
5,"dotcolour","easy","easy",0.485,-1,1,-99,-0.099
5,"dotcolour","easy","easy",0.452,1,1,-99,-0.099
5,"dotcolour","easy","easy",0.585,1,1,-99,-0.099
5,"dotcolour","easy","easy",0.418,1,1,-99,-0.099
5,"dotcolour","easy","easy",0.502,1,1,-99,-0.099
5,"dotcolour","easy","easy",0.918,-1,1,-99,-0.099
5,"dotcolour","easy","easy",0.518,1,1,-99,-0.099
5,"dotcolour","easy","easy",0.501,-1,1,-99,-0.099
5,"dotcolour","easy","easy",0.484,-1,1,-99,-0.099
5,"dotcolour","easy","easy",0.618,1,1,-99,-0.099
5,"dotcolour","easy","easy",0.502,1,1,-99,-0.099
5,"dotcolour","easy","easy",0.402,1,1,-99,-0.099
5,"dotcolour","easy","easy",0.451,1,1,-99,-0.099
5,"dotcolour","easy","easy",0.469,-1,1,-99,-0.099
5,"dotcolour","easy","easy",0.42,-1,1,-99,-0.099
5,"dotcolour","easy","easy",0.468,1,1,-99,-0.099
5,"dotcolour","easy","easy",0.485,-1,1,-99,-0.099
5,"dotcolour","easy","easy",0.518,1,1,-99,-0.099
5,"dotcolour","easy","easy",0.385,-1,1,-99,-0.099
5,"dotcolour","easy","easy",0.402,-1,1,-99,-0.099
5,"dotcolour","easy","easy",0.434,-1,1,-99,-0.099
5,"dotcolour","easy","easy",0.352,-1,1,-99,-0.099
5,"dotcolour","easy","easy",0.451,1,1,-99,-0.099
5,"dotcolour","easy","easy",0.352,1,1,-99,-0.099
5,"dotcolour","easy","easy",0.418,-1,1,-99,-0.099
5,"dotcolour","easy","easy",0.502,-1,1,-99,-0.099
5,"dotcolour","easy","easy",0.418,1,1,-99,-0.099
5,"dotcolour","easy","easy",0.368,-1,1,-99,-0.099
5,"dotcolour","easy","easy",0.451,-1,1,-99,-0.099
5,"dotcolour","easy","easy",0.368,1,1,-99,-0.099
5,"dotcolour","easy","easy",0.384,-1,1,-99,-0.099
5,"dotcolour","easy","easy",0.351,-1,0,-99,-0.099
5,"dotcolour","easy","easy",0.517,1,1,-99,-0.099
5,"dotcolour","easy","easy",0.802,1,1,-99,-0.099
5,"dotcolour","easy","easy",0.385,1,1,-99,-0.099
5,"dotcolour","easy","easy",0.334,1,1,-99,-0.099
5,"dotcolour","easy","easy",0.352,-1,1,-99,-0.099
5,"dotcolour","easy","easy",0.452,-1,1,-99,-0.099
5,"dotcolour","easy","easy",0.552,1,1,-99,-0.099
5,"dotcolour","easy","easy",0.418,1,0,-99,-0.099
5,"dotcolour","easy","easy",0.919,-1,1,-99,-0.099
5,"dotcolour","easy","easy",0.502,-1,1,-99,-0.099
5,"dotcolour","easy","easy",0.468,-1,1,-99,-0.099
5,"dotcolour","easy","easy",0.535,-1,1,-99,-0.099
5,"dotcolour","easy","easy",0.518,-1,1,-99,-0.099
5,"dotcolour","easy","easy",0.502,1,1,-99,-0.099
5,"dotcolour","easy","easy",0.568,-1,1,-99,-0.099
5,"dotcolour","easy","easy",0.717,-1,1,-99,-0.099
5,"dotcolour","easy","easy",0.584,1,1,-99,-0.099
5,"dotcolour","easy","easy",0.602,-1,1,-99,-0.099
5,"dotcolour","easy","easy",0.467,1,1,-99,-0.099
5,"dotcolour","easy","easy",0.519,1,1,-99,-0.099
5,"dotcolour","easy","easy",0.467,1,1,-99,-0.099
5,"dotcolour","easy","easy",0.502,-1,1,-99,-0.099
5,"dotcolour","easy","easy",0.501,1,1,-99,-0.099
5,"dotcolour","easy","easy",0.903,1,1,-99,-0.099
5,"dotcolour","easy","easy",0.669,1,1,-99,-0.099
5,"dotcolour","easy","easy",0.485,1,1,-99,-0.099
5,"dotcolour","easy","easy",0.435,1,1,-99,-0.099
5,"dotcolour","easy","easy",0.452,-1,1,-99,-0.099
5,"dotcolour","easy","easy",0.451,1,1,-99,-0.099
5,"dotcolour","easy","easy",0.418,1,1,-99,-0.099
5,"dotcolour","easy","easy",0.468,-1,1,-99,-0.099
5,"dotcolour","easy","easy",0.401,-1,1,-99,-0.099
5,"dotcolour","easy","easy",0.5,1,1,-99,-0.099
5,"dotcolour","easy","easy",0.518,-1,1,-99,-0.099
5,"dotcolour","easy","easy",0.452,-1,1,-99,-0.099
5,"dotcolour","easy","easy",0.436,1,1,-99,-0.099
5,"dotcolour","easy","easy",0.852,1,1,-99,-0.099
5,"dotcolour","easy","easy",0.518,1,1,-99,-0.099
5,"dotcolour","easy","easy",0.452,1,1,-99,-0.099
5,"dotcolour","easy","easy",0.368,1,1,-99,-0.099
5,"dotcolour","easy","easy",0.368,1,1,-99,-0.099
5,"dotcolour","easy","easy",0.434,-1,1,-99,-0.099
5,"dotcolour","easy","easy",0.502,-1,1,-99,-0.099
5,"dotcolour","easy","easy",0.484,-1,1,-99,-0.099
5,"dotcolour","easy","easy",0.601,1,1,-99,-0.099
5,"dotcolour","easy","easy",0.635,-1,1,-99,-0.099
5,"dotcolour","easy","easy",0.452,-1,1,-99,-0.099
5,"dotcolour","easy","easy",0.401,-1,1,-99,-0.099
5,"dotcolour","easy","easy",0.452,-1,1,-99,-0.099
6,"xotask","average","average",4.205,1,1,-99,-0.099
6,"xotask","average","average",3.621,-1,1,-99,-0.099
6,"xotask","average","average",2.953,-1,0,-99,-0.099
6,"xotask","average","average",1.786,1,1,-99,-0.099
6,"xotask","average","average",1.285,1,1,-99,-0.099
6,"xotask","average","average",1.72,1,1,-99,-0.099
6,"xotask","average","average",1.952,-1,1,-99,-0.099
6,"xotask","average","average",2.086,1,1,-99,-0.099
6,"xotask","average","average",4.222,-1,0,-99,-0.099
6,"xotask","average","average",1.22,-1,1,-99,-0.099
6,"xotask","average","average",1.268,-1,1,-99,-0.099
6,"xotask","average","average",2.404,1,0,-99,-0.099
6,"xotask","average","average",1.636,-1,1,-99,-0.099
6,"xotask","average","average",1.852,-1,1,-99,-0.099
6,"xotask","average","average",1.602,1,1,-99,-0.099
6,"xotask","average","average",1.853,1,1,-99,-0.099
6,"xotask","average","average",1.151,-1,1,-99,-0.099
6,"xotask","average","average",1.403,-1,1,-99,-0.099
6,"xotask","average","average",1.687,-1,1,-99,-0.099
6,"xotask","average","average",1.919,1,1,-99,-0.099
6,"xotask","average","average",1.302,1,1,-99,-0.099
6,"xotask","average","average",1.503,-1,1,-99,-0.099
6,"xotask","average","average",1.152,-1,1,-99,-0.099
6,"xotask","average","average",1.853,-1,0,-99,-0.099
6,"xotask","average","average",1.953,1,1,-99,-0.099
6,"xotask","average","average",1.453,-1,0,-99,-0.099
6,"xotask","average","average",2.504,1,1,-99,-0.099
6,"xotask","average","average",1.219,-1,0,-99,-0.099
6,"xotask","average","average",2.32,-1,1,-99,-0.099
6,"xotask","average","average",1.652,1,1,-99,-0.099
6,"xotask","average","average",2.302,-1,0,-99,-0.099
6,"xotask","average","average",3.822,1,0,-99,-0.099
6,"xotask","average","average",1.286,-1,1,-99,-0.099
6,"xotask","average","average",1.22,1,1,-99,-0.099
6,"xotask","average","average",4.223,-1,1,-99,-0.099
6,"xotask","average","average",0.803,-1,1,-99,-0.099
6,"xotask","average","average",0.702,1,1,-99,-0.099
6,"xotask","average","average",0.869,1,1,-99,-0.099
6,"xotask","average","average",0.785,-1,1,-99,-0.099
6,"xotask","average","average",1.068,-1,1,-99,-0.099
6,"xotask","average","average",1.286,-1,1,-99,-0.099
6,"xotask","average","average",2.503,1,0,-99,-0.099
6,"xotask","average","average",1.237,-1,1,-99,-0.099
6,"xotask","average","average",1.086,-1,1,-99,-0.099
6,"xotask","average","average",2.62,-1,0,-99,-0.099
6,"xotask","average","average",0.935,1,0,-99,-0.099
6,"xotask","average","average",2.086,1,1,-99,-0.099
6,"xotask","average","average",1.453,1,1,-99,-0.099
6,"xotask","average","average",1.269,-1,0,-99,-0.099
6,"xotask","average","average",1.136,1,0,-99,-0.099
6,"xotask","average","average",1.168,-1,0,-99,-0.099
6,"xotask","average","average",1.753,1,1,-99,-0.099
6,"xotask","average","average",1.87,-1,1,-99,-0.099
6,"xotask","average","average",2.537,1,1,-99,-0.099
6,"xotask","average","average",0.919,1,1,-99,-0.099
6,"xotask","average","average",1.185,-1,1,-99,-0.099
6,"xotask","average","average",0.735,-1,1,-99,-0.099
6,"xotask","average","average",1.919,-1,1,-99,-0.099
6,"xotask","average","average",1.687,1,1,-99,-0.099
6,"xotask","average","average",2.486,1,0,-99,-0.099
6,"xotask","average","average",1.319,1,1,-99,-0.099
6,"xotask","average","average",2.153,1,1,-99,-0.099
6,"xotask","average","average",1.819,-1,1,-99,-0.099
6,"xotask","average","average",3.438,-1,1,-99,-0.099
6,"xotask","average","average",0.802,-1,1,-99,-0.099
6,"xotask","average","average",1.386,1,1,-99,-0.099
6,"xotask","average","average",1.637,-1,1,-99,-0.099
6,"xotask","average","average",1.236,-1,1,-99,-0.099
6,"xotask","average","average",2.154,1,1,-99,-0.099
6,"xotask","average","average",1.587,-1,0,-99,-0.099
6,"xotask","average","average",1.219,-1,1,-99,-0.099
6,"xotask","average","average",1.736,1,1,-99,-0.099
6,"xotask","average","average",3.705,1,0,-99,-0.099
6,"xotask","average","average",1.435,-1,1,-99,-0.099
6,"xotask","average","average",0.885,1,1,-99,-0.099
6,"xotask","average","average",0.869,-1,1,-99,-0.099
6,"xotask","average","average",0.785,-1,1,-99,-0.099
6,"xotask","average","average",2.319,-1,1,-99,-0.099
6,"xotask","average","average",1.17,1,1,-99,-0.099
6,"xotask","average","average",1.72,-1,1,-99,-0.099
6,"xotask","average","average",1.102,1,0,-99,-0.099
6,"xotask","average","average",2.487,1,1,-99,-0.099
6,"xotask","average","average",0.902,-1,0,-99,-0.099
6,"xotask","average","average",1.47,1,1,-99,-0.099
6,"xotask","average","average",2.221,-1,1,-99,-0.099
6,"xotask","average","average",1.769,-1,0,-99,-0.099
6,"xotask","average","average",0.869,-1,0,-99,-0.099
6,"xotask","average","average",2.887,1,1,-99,-0.099
6,"xotask","average","average",2.103,1,1,-99,-0.099
6,"xotask","average","average",1.202,1,1,-99,-0.099
6,"xotask","average","average",1.436,1,1,-99,-0.099
6,"xotask","average","average",2.052,-1,1,-99,-0.099
6,"xotask","average","average",1.602,-1,1,-99,-0.099
6,"xotask","average","average",0.768,-1,1,-99,-0.099
6,"xotask","average","average",0.768,-1,1,-99,-0.099
6,"xotask","average","average",0.718,1,1,-99,-0.099
6,"xotask","average","average",1.103,1,1,-99,-0.099
6,"xotask","average","average",0.785,-1,1,-99,-0.099
6,"xotask","average","average",0.735,1,1,-99,-0.099
6,"xotask","average","average",0.968,1,0,-99,-0.099
6,"xotask","average","average",0.652,1,1,-99,-0.099
6,"xotask","average","average",0.701,1,1,-99,-0.099
6,"xotask","average","average",1.251,1,1,-99,-0.099
6,"xotask","average","average",1.069,-1,1,-99,-0.099
6,"xotask","average","average",0.719,-1,0,-99,-0.099
6,"xotask","average","average",0.635,1,0,-99,-0.099
6,"xotask","average","average",0.635,1,0,-99,-0.099
6,"xotask","average","average",2.22,-1,0,-99,-0.099
6,"xotask","average","average",0.685,-1,1,-99,-0.099
6,"xotask","average","average",0.634,-1,1,-99,-0.099
6,"xotask","average","average",0.767,-1,1,-99,-0.099
6,"xotask","average","average",2.135,1,1,-99,-0.099
6,"xotask","average","average",1.486,-1,1,-99,-0.099
6,"xotask","average","average",1.52,-1,0,-99,-0.099
6,"xotask","average","average",0.868,1,1,-99,-0.099
6,"xotask","average","average",1.519,1,1,-99,-0.099
6,"xotask","average","average",0.886,1,0,-99,-0.099
6,"xotask","average","average",1.92,1,0,-99,-0.099
6,"xotask","average","average",0.918,1,1,-99,-0.099
6,"xotask","average","average",2.036,-1,1,-99,-0.099
6,"dotcolour","hard","hard",1.803,-1,1,-99,-0.099
6,"dotcolour","hard","hard",1.135,1,1,-99,-0.099
6,"dotcolour","hard","hard",1.636,1,0,-99,-0.099
6,"dotcolour","hard","hard",1.402,1,1,-99,-0.099
6,"dotcolour","hard","hard",1.152,1,1,-99,-0.099
6,"dotcolour","hard","hard",1.653,-1,0,-99,-0.099
6,"dotcolour","hard","hard",2.37,1,1,-99,-0.099
6,"dotcolour","hard","hard",1.502,-1,1,-99,-0.099
6,"dotcolour","hard","hard",1.77,1,0,-99,-0.099
6,"dotcolour","hard","hard",1.77,-1,1,-99,-0.099
6,"dotcolour","hard","hard",1.235,1,1,-99,-0.099
6,"dotcolour","hard","hard",2.12,1,1,-99,-0.099
6,"dotcolour","hard","hard",2.286,-1,1,-99,-0.099
6,"dotcolour","hard","hard",1.969,-1,1,-99,-0.099
6,"dotcolour","hard","hard",0.902,1,1,-99,-0.099
6,"dotcolour","hard","hard",1.135,-1,1,-99,-0.099
6,"dotcolour","hard","hard",3.121,-1,0,-99,-0.099
6,"dotcolour","hard","hard",0.802,1,1,-99,-0.099
6,"dotcolour","hard","hard",0.686,-1,1,-99,-0.099
6,"dotcolour","hard","hard",2.454,-1,1,-99,-0.099
6,"dotcolour","hard","hard",2.169,1,1,-99,-0.099
6,"dotcolour","hard","hard",0.768,-1,1,-99,-0.099
6,"dotcolour","hard","hard",1.987,1,1,-99,-0.099
6,"dotcolour","hard","hard",2.421,-1,1,-99,-0.099
6,"dotcolour","hard","hard",0.935,-1,0,-99,-0.099
6,"dotcolour","hard","hard",1.319,-1,1,-99,-0.099
6,"dotcolour","hard","hard",0.751,-1,0,-99,-0.099
6,"dotcolour","hard","hard",1.202,-1,0,-99,-0.099
6,"dotcolour","hard","hard",1.802,-1,1,-99,-0.099
6,"dotcolour","hard","hard",1.769,1,1,-99,-0.099
6,"dotcolour","hard","hard",0.919,-1,1,-99,-0.099
6,"dotcolour","hard","hard",1.019,1,1,-99,-0.099
6,"dotcolour","hard","hard",2.487,-1,0,-99,-0.099
6,"dotcolour","hard","hard",1.119,-1,1,-99,-0.099
6,"dotcolour","hard","hard",1.102,-1,1,-99,-0.099
6,"dotcolour","hard","hard",1.219,-1,1,-99,-0.099
6,"dotcolour","hard","hard",1.153,-1,0,-99,-0.099
6,"dotcolour","hard","hard",2.12,-1,1,-99,-0.099
6,"dotcolour","hard","hard",1.052,-1,1,-99,-0.099
6,"dotcolour","hard","hard",1.436,-1,0,-99,-0.099
6,"dotcolour","hard","hard",1.135,-1,1,-99,-0.099
6,"dotcolour","hard","hard",1.102,1,1,-99,-0.099
6,"dotcolour","hard","hard",0.802,-1,0,-99,-0.099
6,"dotcolour","hard","hard",0.986,1,1,-99,-0.099
6,"dotcolour","hard","hard",0.718,-1,1,-99,-0.099
6,"dotcolour","hard","hard",0.819,-1,1,-99,-0.099
6,"dotcolour","hard","hard",1.302,1,1,-99,-0.099
6,"dotcolour","hard","hard",2.136,-1,1,-99,-0.099
6,"dotcolour","hard","hard",2.786,-1,1,-99,-0.099
6,"dotcolour","hard","hard",0.836,1,0,-99,-0.099
6,"dotcolour","hard","hard",1.202,-1,1,-99,-0.099
6,"dotcolour","hard","hard",1.92,1,0,-99,-0.099
6,"dotcolour","hard","hard",1.369,-1,1,-99,-0.099
6,"dotcolour","hard","hard",0.801,-1,1,-99,-0.099
6,"dotcolour","hard","hard",1.869,-1,0,-99,-0.099
6,"dotcolour","hard","hard",1.836,1,1,-99,-0.099
6,"dotcolour","hard","hard",2.055,-1,0,-99,-0.099
6,"dotcolour","hard","hard",1.202,1,1,-99,-0.099
6,"dotcolour","hard","hard",1.436,-1,0,-99,-0.099
6,"dotcolour","hard","hard",0.886,-1,1,-99,-0.099
6,"dotcolour","hard","hard",1.753,-1,0,-99,-0.099
6,"dotcolour","hard","hard",1.386,-1,0,-99,-0.099
6,"dotcolour","hard","hard",1.052,1,1,-99,-0.099
6,"dotcolour","hard","hard",1.619,-1,1,-99,-0.099
6,"dotcolour","hard","hard",0.985,-1,1,-99,-0.099
6,"dotcolour","hard","hard",1.469,-1,1,-99,-0.099
6,"dotcolour","hard","hard",1.303,1,1,-99,-0.099
6,"dotcolour","hard","hard",1.252,-1,0,-99,-0.099
6,"dotcolour","hard","hard",1.503,-1,1,-99,-0.099
6,"dotcolour","hard","hard",2.02,1,1,-99,-0.099
6,"dotcolour","hard","hard",1.386,-1,1,-99,-0.099
6,"dotcolour","hard","hard",1.085,1,1,-99,-0.099
6,"dotcolour","hard","hard",1.32,-1,1,-99,-0.099
6,"dotcolour","hard","hard",0.985,1,0,-99,-0.099
6,"dotcolour","hard","hard",0.752,-1,1,-99,-0.099
6,"dotcolour","hard","hard",1.253,-1,1,-99,-0.099
6,"dotcolour","hard","hard",1.151,-1,0,-99,-0.099
6,"dotcolour","hard","hard",1.553,1,1,-99,-0.099
6,"dotcolour","hard","hard",1.137,-1,1,-99,-0.099
6,"dotcolour","hard","hard",1.937,-1,0,-99,-0.099
6,"dotcolour","hard","hard",0.919,1,1,-99,-0.099
6,"dotcolour","hard","hard",3.205,1,1,-99,-0.099
6,"dotcolour","hard","hard",1.002,-1,0,-99,-0.099
6,"dotcolour","hard","hard",1.069,-1,1,-99,-0.099
6,"dotcolour","hard","hard",2.154,1,1,-99,-0.099
6,"dotcolour","hard","hard",1.836,-1,1,-99,-0.099
6,"dotcolour","hard","hard",1.252,-1,1,-99,-0.099
6,"dotcolour","hard","hard",0.836,-1,1,-99,-0.099
6,"dotcolour","hard","hard",1.568,-1,0,-99,-0.099
6,"dotcolour","hard","hard",1.253,1,0,-99,-0.099
6,"dotcolour","hard","hard",1.418,1,1,-99,-0.099
6,"dotcolour","hard","hard",2.604,1,1,-99,-0.099
6,"dotcolour","hard","hard",1.352,-1,0,-99,-0.099
6,"dotcolour","hard","hard",1.42,1,1,-99,-0.099
6,"dotcolour","hard","hard",1.853,-1,1,-99,-0.099
6,"dotcolour","hard","hard",0.903,-1,1,-99,-0.099
6,"dotcolour","hard","hard",1.186,-1,0,-99,-0.099
6,"dotcolour","hard","hard",0.985,1,1,-99,-0.099
6,"dotcolour","hard","hard",1.82,-1,0,-99,-0.099
6,"dotcolour","hard","hard",1.168,1,1,-99,-0.099
6,"dotcolour","hard","hard",1.669,-1,0,-99,-0.099
6,"dotcolour","hard","hard",1.184,-1,1,-99,-0.099
6,"dotcolour","hard","hard",3.104,-1,0,-99,-0.099
6,"dotcolour","hard","hard",1.719,-1,1,-99,-0.099
6,"dotcolour","hard","hard",0.969,-1,1,-99,-0.099
6,"dotcolour","hard","hard",1.086,-1,1,-99,-0.099
6,"dotcolour","hard","hard",1.886,1,1,-99,-0.099
6,"dotcolour","hard","hard",1.003,-1,0,-99,-0.099
6,"dotcolour","hard","hard",0.935,-1,0,-99,-0.099
6,"dotcolour","hard","hard",0.719,-1,1,-99,-0.099
6,"dotcolour","hard","hard",0.652,-1,1,-99,-0.099
6,"dotcolour","hard","hard",1.235,1,1,-99,-0.099
6,"dotcolour","hard","hard",0.869,-1,1,-99,-0.099
6,"dotcolour","hard","hard",0.635,-1,1,-99,-0.099
6,"dotcolour","hard","hard",1.503,-1,1,-99,-0.099
6,"dotcolour","hard","hard",1.702,-1,1,-99,-0.099
6,"dotcolour","hard","hard",2.07,-1,1,-99,-0.099
6,"dotcolour","hard","hard",1.687,-1,1,-99,-0.099
6,"dotcolour","hard","hard",1.536,1,1,-99,-0.099
6,"dotcolour","hard","hard",1.586,1,1,-99,-0.099
6,"dotnumber","easy","easy",2.488,-1,1,-99,-0.099
6,"dotnumber","easy","easy",0.719,1,1,-99,-0.099
6,"dotnumber","easy","easy",1.169,-1,1,-99,-0.099
6,"dotnumber","easy","easy",1.535,1,0,-99,-0.099
6,"dotnumber","easy","easy",0.635,-1,1,-99,-0.099
6,"dotnumber","easy","easy",0.835,-1,1,-99,-0.099
6,"dotnumber","easy","easy",0.669,1,1,-99,-0.099
6,"dotnumber","easy","easy",0.902,-1,1,-99,-0.099
6,"dotnumber","easy","easy",0.635,-1,1,-99,-0.099
6,"dotnumber","easy","easy",0.917,1,1,-99,-0.099
6,"dotnumber","easy","easy",0.918,1,1,-99,-0.099
6,"dotnumber","easy","easy",0.768,1,1,-99,-0.099
6,"dotnumber","easy","easy",0.601,1,1,-99,-0.099
6,"dotnumber","easy","easy",0.735,1,1,-99,-0.099
6,"dotnumber","easy","easy",0.651,1,1,-99,-0.099
6,"dotnumber","easy","easy",0.702,-1,1,-99,-0.099
6,"dotnumber","easy","easy",0.601,1,1,-99,-0.099
6,"dotnumber","easy","easy",0.501,1,1,-99,-0.099
6,"dotnumber","easy","easy",0.768,1,1,-99,-0.099
6,"dotnumber","easy","easy",0.601,-1,1,-99,-0.099
6,"dotnumber","easy","easy",0.618,1,1,-99,-0.099
6,"dotnumber","easy","easy",0.551,-1,1,-99,-0.099
6,"dotnumber","easy","easy",0.585,-1,1,-99,-0.099
6,"dotnumber","easy","easy",0.635,-1,1,-99,-0.099
6,"dotnumber","easy","easy",0.752,-1,1,-99,-0.099
6,"dotnumber","easy","easy",0.719,1,1,-99,-0.099
6,"dotnumber","easy","easy",0.602,1,1,-99,-0.099
6,"dotnumber","easy","easy",0.535,1,1,-99,-0.099
6,"dotnumber","easy","easy",0.552,1,1,-99,-0.099
6,"dotnumber","easy","easy",0.618,-1,1,-99,-0.099
6,"dotnumber","easy","easy",0.667,1,1,-99,-0.099
6,"dotnumber","easy","easy",0.568,-1,1,-99,-0.099
6,"dotnumber","easy","easy",0.468,-1,1,-99,-0.099
6,"dotnumber","easy","easy",0.468,-1,1,-99,-0.099
6,"dotnumber","easy","easy",0.468,1,1,-99,-0.099
6,"dotnumber","easy","easy",0.617,1,1,-99,-0.099
6,"dotnumber","easy","easy",0.635,1,1,-99,-0.099
6,"dotnumber","easy","easy",0.752,-1,1,-99,-0.099
6,"dotnumber","easy","easy",0.668,1,1,-99,-0.099
6,"dotnumber","easy","easy",0.584,-1,1,-99,-0.099
6,"dotnumber","easy","easy",0.602,1,1,-99,-0.099
6,"dotnumber","easy","easy",0.435,1,1,-99,-0.099
6,"dotnumber","easy","easy",0.452,-1,1,-99,-0.099
6,"dotnumber","easy","easy",0.502,-1,1,-99,-0.099
6,"dotnumber","easy","easy",0.517,-1,1,-99,-0.099
6,"dotnumber","easy","easy",0.451,-1,1,-99,-0.099
6,"dotnumber","easy","easy",0.535,-1,1,-99,-0.099
6,"dotnumber","easy","easy",0.935,-1,0,-99,-0.099
6,"dotnumber","easy","easy",1.252,-1,0,-99,-0.099
6,"dotnumber","easy","easy",0.435,-1,1,-99,-0.099
6,"dotnumber","easy","easy",0.468,-1,1,-99,-0.099
6,"dotnumber","easy","easy",0.536,-1,1,-99,-0.099
6,"dotnumber","easy","easy",0.618,-1,1,-99,-0.099
6,"dotnumber","easy","easy",0.652,-1,1,-99,-0.099
6,"dotnumber","easy","easy",0.735,-1,1,-99,-0.099
6,"dotnumber","easy","easy",0.485,-1,0,-99,-0.099
6,"dotnumber","easy","easy",0.617,-1,1,-99,-0.099
6,"dotnumber","easy","easy",0.585,1,1,-99,-0.099
6,"dotnumber","easy","easy",0.568,-1,1,-99,-0.099
6,"dotnumber","easy","easy",0.568,1,1,-99,-0.099
6,"dotnumber","easy","easy",1.102,-1,1,-99,-0.099
6,"dotnumber","easy","easy",0.568,1,1,-99,-0.099
6,"dotnumber","easy","easy",0.567,1,1,-99,-0.099
6,"dotnumber","easy","easy",0.568,-1,1,-99,-0.099
6,"dotnumber","easy","easy",0.601,1,1,-99,-0.099
6,"dotnumber","easy","easy",0.618,-1,1,-99,-0.099
6,"dotnumber","easy","easy",0.652,1,1,-99,-0.099
6,"dotnumber","easy","easy",0.601,1,1,-99,-0.099
6,"dotnumber","easy","easy",0.634,1,1,-99,-0.099
6,"dotnumber","easy","easy",0.819,1,1,-99,-0.099
6,"dotnumber","easy","easy",0.518,-1,1,-99,-0.099
6,"dotnumber","easy","easy",0.702,1,1,-99,-0.099
6,"dotnumber","easy","easy",0.619,1,1,-99,-0.099
6,"dotnumber","easy","easy",0.534,-1,1,-99,-0.099
6,"dotnumber","easy","easy",0.585,1,1,-99,-0.099
6,"dotnumber","easy","easy",0.619,1,1,-99,-0.099
6,"dotnumber","easy","easy",0.568,-1,1,-99,-0.099
6,"dotnumber","easy","easy",0.668,1,1,-99,-0.099
6,"dotnumber","easy","easy",0.535,1,1,-99,-0.099
6,"dotnumber","easy","easy",0.552,-1,1,-99,-0.099
6,"dotnumber","easy","easy",0.518,-1,1,-99,-0.099
6,"dotnumber","easy","easy",0.485,1,1,-99,-0.099
6,"dotnumber","easy","easy",0.569,-1,1,-99,-0.099
6,"dotnumber","easy","easy",0.486,-1,1,-99,-0.099
6,"dotnumber","easy","easy",0.536,-1,1,-99,-0.099
6,"dotnumber","easy","easy",0.618,1,1,-99,-0.099
6,"dotnumber","easy","easy",0.685,1,1,-99,-0.099
6,"dotnumber","easy","easy",0.918,1,1,-99,-0.099
6,"dotnumber","easy","easy",0.467,-1,1,-99,-0.099
6,"dotnumber","easy","easy",0.451,-1,1,-99,-0.099
6,"dotnumber","easy","easy",0.417,-1,1,-99,-0.099
6,"dotnumber","easy","easy",0.468,-1,1,-99,-0.099
6,"dotnumber","easy","easy",0.452,-1,1,-99,-0.099
6,"dotnumber","easy","easy",0.902,-1,0,-99,-0.099
6,"dotnumber","easy","easy",1.017,1,1,-99,-0.099
6,"dotnumber","easy","easy",0.568,1,1,-99,-0.099
6,"dotnumber","easy","easy",0.685,-1,1,-99,-0.099
6,"dotnumber","easy","easy",0.552,1,1,-99,-0.099
6,"dotnumber","easy","easy",0.719,-1,1,-99,-0.099
6,"dotnumber","easy","easy",0.602,-1,1,-99,-0.099
6,"dotnumber","easy","easy",0.502,-1,1,-99,-0.099
6,"dotnumber","easy","easy",0.452,-1,1,-99,-0.099
6,"dotnumber","easy","easy",0.634,1,1,-99,-0.099
6,"dotnumber","easy","easy",0.501,-1,1,-99,-0.099
6,"dotnumber","easy","easy",0.485,1,1,-99,-0.099
6,"dotnumber","easy","easy",0.468,-1,1,-99,-0.099
6,"dotnumber","easy","easy",0.602,-1,1,-99,-0.099
6,"dotnumber","easy","easy",0.551,1,1,-99,-0.099
6,"dotnumber","easy","easy",1.503,-1,0,-99,-0.099
6,"dotnumber","easy","easy",0.551,-1,1,-99,-0.099
6,"dotnumber","easy","easy",0.601,1,1,-99,-0.099
6,"dotnumber","easy","easy",0.635,1,1,-99,-0.099
6,"dotnumber","easy","easy",0.669,-1,1,-99,-0.099
6,"dotnumber","easy","easy",0.736,1,1,-99,-0.099
6,"dotnumber","easy","easy",0.518,1,1,-99,-0.099
6,"dotnumber","easy","easy",0.702,-1,1,-99,-0.099
6,"dotnumber","easy","easy",0.803,-1,1,-99,-0.099
6,"dotnumber","easy","easy",0.551,1,1,-99,-0.099
6,"dotnumber","easy","easy",0.602,1,1,-99,-0.099
6,"dotnumber","easy","easy",0.619,1,1,-99,-0.099
7,"dotcolour","hard","hard",1.503,1,1,-99,-0.099
7,"dotcolour","hard","hard",0.786,-1,1,-99,-0.099
7,"dotcolour","hard","hard",0.718,-1,1,-99,-0.099
7,"dotcolour","hard","hard",1.419,1,1,-99,-0.099
7,"dotcolour","hard","hard",1.003,-1,1,-99,-0.099
7,"dotcolour","hard","hard",2.136,1,1,-99,-0.099
7,"dotcolour","hard","hard",1.103,-1,0,-99,-0.099
7,"dotcolour","hard","hard",0.969,1,1,-99,-0.099
7,"dotcolour","hard","hard",0.869,1,0,-99,-0.099
7,"dotcolour","hard","hard",1.219,-1,1,-99,-0.099
7,"dotcolour","hard","hard",2.203,-1,1,-99,-0.099
7,"dotcolour","hard","hard",0.718,1,0,-99,-0.099
7,"dotcolour","hard","hard",1.586,-1,1,-99,-0.099
7,"dotcolour","hard","hard",1.519,-1,1,-99,-0.099
7,"dotcolour","hard","hard",1.653,1,1,-99,-0.099
7,"dotcolour","hard","hard",1.318,1,1,-99,-0.099
7,"dotcolour","hard","hard",1.119,-1,0,-99,-0.099
7,"dotcolour","hard","hard",0.919,-1,0,-99,-0.099
7,"dotcolour","hard","hard",0.767,1,1,-99,-0.099
7,"dotcolour","hard","hard",0.852,1,1,-99,-0.099
7,"dotcolour","hard","hard",0.918,1,1,-99,-0.099
7,"dotcolour","hard","hard",0.818,-1,1,-99,-0.099
7,"dotcolour","hard","hard",2.087,-1,1,-99,-0.099
7,"dotcolour","hard","hard",1.119,-1,1,-99,-0.099
7,"dotcolour","hard","hard",1.37,1,0,-99,-0.099
7,"dotcolour","hard","hard",0.868,-1,0,-99,-0.099
7,"dotcolour","hard","hard",0.935,1,1,-99,-0.099
7,"dotcolour","hard","hard",0.952,-1,1,-99,-0.099
7,"dotcolour","hard","hard",1.386,-1,0,-99,-0.099
7,"dotcolour","hard","hard",1.135,-1,0,-99,-0.099
7,"dotcolour","hard","hard",0.768,1,1,-99,-0.099
7,"dotcolour","hard","hard",0.619,1,1,-99,-0.099
7,"dotcolour","hard","hard",1.919,-1,0,-99,-0.099
7,"dotcolour","hard","hard",1.352,-1,0,-99,-0.099
7,"dotcolour","hard","hard",0.901,-1,1,-99,-0.099
7,"dotcolour","hard","hard",0.868,1,1,-99,-0.099
7,"dotcolour","hard","hard",0.902,-1,1,-99,-0.099
7,"dotcolour","hard","hard",0.636,-1,1,-99,-0.099
7,"dotcolour","hard","hard",0.735,-1,1,-99,-0.099
7,"dotcolour","hard","hard",1.369,-1,1,-99,-0.099
7,"dotcolour","hard","hard",1.403,-1,1,-99,-0.099
7,"dotcolour","hard","hard",0.868,1,0,-99,-0.099
7,"dotcolour","hard","hard",0.718,1,1,-99,-0.099
7,"dotcolour","hard","hard",1.235,-1,1,-99,-0.099
7,"dotcolour","hard","hard",5.273,1,1,-99,-0.099
7,"dotcolour","hard","hard",6.258,-1,1,-99,-0.099
7,"dotcolour","hard","hard",0.901,-1,1,-99,-0.099
7,"dotcolour","hard","hard",1.503,-1,0,-99,-0.099
7,"dotcolour","hard","hard",2.67,1,1,-99,-0.099
7,"dotcolour","hard","hard",0.785,-1,1,-99,-0.099
7,"dotcolour","hard","hard",0.919,1,1,-99,-0.099
7,"dotcolour","hard","hard",1.235,1,1,-99,-0.099
7,"dotcolour","hard","hard",0.702,-1,1,-99,-0.099
7,"dotcolour","hard","hard",0.785,1,1,-99,-0.099
7,"dotcolour","hard","hard",0.701,-1,1,-99,-0.099
7,"dotcolour","hard","hard",0.803,1,1,-99,-0.099
7,"dotcolour","hard","hard",1.452,-1,0,-99,-0.099
7,"dotcolour","hard","hard",2.119,1,0,-99,-0.099
7,"dotcolour","hard","hard",2.737,-1,0,-99,-0.099
7,"dotcolour","hard","hard",1.903,-1,1,-99,-0.099
7,"dotcolour","hard","hard",0.868,-1,1,-99,-0.099
7,"dotcolour","hard","hard",0.819,1,1,-99,-0.099
7,"dotcolour","hard","hard",1.169,1,0,-99,-0.099
7,"dotcolour","hard","hard",1.336,-1,0,-99,-0.099
7,"dotcolour","hard","hard",1.437,1,1,-99,-0.099
7,"dotcolour","hard","hard",4.322,-1,1,-99,-0.099
7,"dotcolour","hard","hard",1.635,1,0,-99,-0.099
7,"dotcolour","hard","hard",2.02,-1,0,-99,-0.099
7,"dotcolour","hard","hard",2.003,1,0,-99,-0.099
7,"dotcolour","hard","hard",0.918,-1,1,-99,-0.099
7,"dotcolour","hard","hard",1.002,-1,0,-99,-0.099
7,"dotcolour","hard","hard",0.919,1,0,-99,-0.099
7,"dotcolour","hard","hard",1.336,1,0,-99,-0.099
7,"dotcolour","hard","hard",0.902,1,1,-99,-0.099
7,"dotcolour","hard","hard",1.052,1,0,-99,-0.099
7,"dotcolour","hard","hard",0.986,-1,0,-99,-0.099
7,"dotcolour","hard","hard",1.019,-1,1,-99,-0.099
7,"dotcolour","hard","hard",1.052,1,0,-99,-0.099
7,"dotcolour","hard","hard",0.919,-1,1,-99,-0.099
7,"dotcolour","hard","hard",0.785,1,0,-99,-0.099
7,"dotcolour","hard","hard",0.886,-1,1,-99,-0.099
7,"dotcolour","hard","hard",1.401,-1,1,-99,-0.099
7,"dotcolour","hard","hard",0.902,1,1,-99,-0.099
7,"dotcolour","hard","hard",0.768,-1,0,-99,-0.099
7,"dotcolour","hard","hard",1.052,1,1,-99,-0.099
7,"dotcolour","hard","hard",0.885,-1,1,-99,-0.099
7,"dotcolour","hard","hard",1.436,-1,0,-99,-0.099
7,"dotcolour","hard","hard",1.536,-1,0,-99,-0.099
7,"dotcolour","hard","hard",1.503,1,1,-99,-0.099
7,"dotcolour","hard","hard",1.486,1,0,-99,-0.099
7,"dotcolour","hard","hard",0.919,-1,1,-99,-0.099
7,"dotcolour","hard","hard",2.287,-1,0,-99,-0.099
7,"dotcolour","hard","hard",1.135,1,0,-99,-0.099
7,"dotcolour","hard","hard",1.537,-1,0,-99,-0.099
7,"dotcolour","hard","hard",1.987,-1,0,-99,-0.099
7,"dotcolour","hard","hard",0.851,-1,0,-99,-0.099
7,"dotcolour","hard","hard",2.019,1,1,-99,-0.099
7,"dotcolour","hard","hard",1.703,-1,1,-99,-0.099
7,"dotcolour","hard","hard",1.753,-1,1,-99,-0.099
7,"dotcolour","hard","hard",1.169,-1,1,-99,-0.099
7,"dotcolour","hard","hard",1.369,1,0,-99,-0.099
7,"dotcolour","hard","hard",0.902,-1,1,-99,-0.099
7,"dotcolour","hard","hard",1.053,1,1,-99,-0.099
7,"dotcolour","hard","hard",0.852,1,1,-99,-0.099
7,"dotcolour","hard","hard",0.785,-1,1,-99,-0.099
7,"dotcolour","hard","hard",1.202,-1,0,-99,-0.099
7,"dotcolour","hard","hard",1.202,-1,1,-99,-0.099
7,"dotcolour","hard","hard",1.219,-1,1,-99,-0.099
7,"dotcolour","hard","hard",0.985,1,1,-99,-0.099
7,"dotcolour","hard","hard",0.918,-1,1,-99,-0.099
7,"dotcolour","hard","hard",1.252,1,0,-99,-0.099
7,"dotcolour","hard","hard",1.119,-1,1,-99,-0.099
7,"dotcolour","hard","hard",0.802,1,1,-99,-0.099
7,"dotcolour","hard","hard",0.851,-1,1,-99,-0.099
7,"dotcolour","hard","hard",0.752,1,1,-99,-0.099
7,"dotcolour","hard","hard",0.768,1,1,-99,-0.099
7,"dotcolour","hard","hard",1.369,1,1,-99,-0.099
7,"dotcolour","hard","hard",0.82,1,1,-99,-0.099
7,"dotcolour","hard","hard",1.269,1,1,-99,-0.099
7,"dotcolour","hard","hard",0.869,1,1,-99,-0.099
7,"dotnumber","easy","easy",0.868,-1,1,-99,-0.099
7,"dotnumber","easy","easy",1.051,1,1,-99,-0.099
7,"dotnumber","easy","easy",0.717,1,1,-99,-0.099
7,"dotnumber","easy","easy",0.785,-1,1,-99,-0.099
7,"dotnumber","easy","easy",0.769,1,1,-99,-0.099
7,"dotnumber","easy","easy",1.119,-1,1,-99,-0.099
7,"dotnumber","easy","easy",1.153,-1,1,-99,-0.099
7,"dotnumber","easy","easy",0.635,1,1,-99,-0.099
7,"dotnumber","easy","easy",0.785,1,1,-99,-0.099
7,"dotnumber","easy","easy",1.452,-1,1,-99,-0.099
7,"dotnumber","easy","easy",0.768,1,1,-99,-0.099
7,"dotnumber","easy","easy",0.785,-1,1,-99,-0.099
7,"dotnumber","easy","easy",0.552,1,1,-99,-0.099
7,"dotnumber","easy","easy",1.036,-1,1,-99,-0.099
7,"dotnumber","easy","easy",0.636,1,1,-99,-0.099
7,"dotnumber","easy","easy",0.735,-1,1,-99,-0.099
7,"dotnumber","easy","easy",0.969,-1,1,-99,-0.099
7,"dotnumber","easy","easy",0.852,1,0,-99,-0.099
7,"dotnumber","easy","easy",0.734,1,1,-99,-0.099
7,"dotnumber","easy","easy",0.785,-1,1,-99,-0.099
7,"dotnumber","easy","easy",0.919,-1,1,-99,-0.099
7,"dotnumber","easy","easy",1.486,1,1,-99,-0.099
7,"dotnumber","easy","easy",0.701,1,1,-99,-0.099
7,"dotnumber","easy","easy",0.585,1,1,-99,-0.099
7,"dotnumber","easy","easy",0.535,1,1,-99,-0.099
7,"dotnumber","easy","easy",1.686,-1,1,-99,-0.099
7,"dotnumber","easy","easy",0.669,1,1,-99,-0.099
7,"dotnumber","easy","easy",0.668,1,1,-99,-0.099
7,"dotnumber","easy","easy",0.518,1,1,-99,-0.099
7,"dotnumber","easy","easy",0.751,-1,1,-99,-0.099
7,"dotnumber","easy","easy",0.467,1,1,-99,-0.099
7,"dotnumber","easy","easy",1.235,1,0,-99,-0.099
7,"dotnumber","easy","easy",0.685,-1,1,-99,-0.099
7,"dotnumber","easy","easy",0.768,-1,1,-99,-0.099
7,"dotnumber","easy","easy",0.552,1,1,-99,-0.099
7,"dotnumber","easy","easy",0.552,-1,1,-99,-0.099
7,"dotnumber","easy","easy",0.686,1,1,-99,-0.099
7,"dotnumber","easy","easy",0.618,1,1,-99,-0.099
7,"dotnumber","easy","easy",0.501,1,1,-99,-0.099
7,"dotnumber","easy","easy",1.103,-1,0,-99,-0.099
7,"dotnumber","easy","easy",0.719,1,0,-99,-0.099
7,"dotnumber","easy","easy",0.751,-1,1,-99,-0.099
7,"dotnumber","easy","easy",0.735,-1,1,-99,-0.099
7,"dotnumber","easy","easy",0.851,-1,1,-99,-0.099
7,"dotnumber","easy","easy",0.753,-1,1,-99,-0.099
7,"dotnumber","easy","easy",0.668,1,1,-99,-0.099
7,"dotnumber","easy","easy",0.585,1,1,-99,-0.099
7,"dotnumber","easy","easy",0.785,-1,1,-99,-0.099
7,"dotnumber","easy","easy",0.535,-1,1,-99,-0.099
7,"dotnumber","easy","easy",0.585,1,1,-99,-0.099
7,"dotnumber","easy","easy",0.385,1,1,-99,-0.099
7,"dotnumber","easy","easy",0.467,-1,1,-99,-0.099
7,"dotnumber","easy","easy",0.45,1,1,-99,-0.099
7,"dotnumber","easy","easy",0.635,1,1,-99,-0.099
7,"dotnumber","easy","easy",0.585,-1,1,-99,-0.099
7,"dotnumber","easy","easy",0.518,1,1,-99,-0.099
7,"dotnumber","easy","easy",0.985,-1,0,-99,-0.099
7,"dotnumber","easy","easy",1.035,-1,1,-99,-0.099
7,"dotnumber","easy","easy",0.435,1,1,-99,-0.099
7,"dotnumber","easy","easy",0.552,1,1,-99,-0.099
7,"dotnumber","easy","easy",0.651,-1,1,-99,-0.099
7,"dotnumber","easy","easy",0.702,-1,1,-99,-0.099
7,"dotnumber","easy","easy",0.718,1,1,-99,-0.099
7,"dotnumber","easy","easy",0.585,1,1,-99,-0.099
7,"dotnumber","easy","easy",0.852,1,1,-99,-0.099
7,"dotnumber","easy","easy",0.635,1,1,-99,-0.099
7,"dotnumber","easy","easy",0.535,-1,1,-99,-0.099
7,"dotnumber","easy","easy",0.568,-1,1,-99,-0.099
7,"dotnumber","easy","easy",0.752,-1,1,-99,-0.099
7,"dotnumber","easy","easy",0.668,-1,1,-99,-0.099
7,"dotnumber","easy","easy",0.685,-1,1,-99,-0.099
7,"dotnumber","easy","easy",0.669,-1,1,-99,-0.099
7,"dotnumber","easy","easy",0.652,1,1,-99,-0.099
7,"dotnumber","easy","easy",0.586,1,0,-99,-0.099
7,"dotnumber","easy","easy",1.168,1,0,-99,-0.099
7,"dotnumber","easy","easy",1.085,-1,1,-99,-0.099
7,"dotnumber","easy","easy",0.535,1,0,-99,-0.099
7,"dotnumber","easy","easy",0.552,-1,1,-99,-0.099
7,"dotnumber","easy","easy",0.685,1,0,-99,-0.099
7,"dotnumber","easy","easy",0.468,1,1,-99,-0.099
7,"dotnumber","easy","easy",0.618,1,0,-99,-0.099
7,"dotnumber","easy","easy",0.368,1,1,-99,-0.099
7,"dotnumber","easy","easy",0.502,1,1,-99,-0.099
7,"dotnumber","easy","easy",0.401,1,0,-99,-0.099
7,"dotnumber","easy","easy",1.035,-1,1,-99,-0.099
7,"dotnumber","easy","easy",0.767,-1,1,-99,-0.099
7,"dotnumber","easy","easy",0.869,1,1,-99,-0.099
7,"dotnumber","easy","easy",0.534,1,1,-99,-0.099
7,"dotnumber","easy","easy",0.501,1,1,-99,-0.099
7,"dotnumber","easy","easy",0.684,1,1,-99,-0.099
7,"dotnumber","easy","easy",0.452,1,1,-99,-0.099
7,"dotnumber","easy","easy",0.552,1,1,-99,-0.099
7,"dotnumber","easy","easy",0.502,1,1,-99,-0.099
7,"dotnumber","easy","easy",0.601,-1,1,-99,-0.099
7,"dotnumber","easy","easy",0.851,-1,1,-99,-0.099
7,"dotnumber","easy","easy",0.686,1,1,-99,-0.099
7,"dotnumber","easy","easy",0.501,-1,1,-99,-0.099
7,"dotnumber","easy","easy",0.802,1,0,-99,-0.099
7,"dotnumber","easy","easy",0.384,1,1,-99,-0.099
7,"dotnumber","easy","easy",0.485,1,1,-99,-0.099
7,"dotnumber","easy","easy",0.918,1,1,-99,-0.099
7,"dotnumber","easy","easy",1.853,1,0,-99,-0.099
7,"dotnumber","easy","easy",0.602,1,1,-99,-0.099
7,"dotnumber","easy","easy",0.735,-1,1,-99,-0.099
7,"dotnumber","easy","easy",1.435,-1,0,-99,-0.099
7,"dotnumber","easy","easy",0.684,1,1,-99,-0.099
7,"dotnumber","easy","easy",0.718,1,1,-99,-0.099
7,"dotnumber","easy","easy",0.902,1,0,-99,-0.099
7,"dotnumber","easy","easy",0.801,-1,1,-99,-0.099
7,"dotnumber","easy","easy",0.535,1,1,-99,-0.099
7,"dotnumber","easy","easy",0.552,1,1,-99,-0.099
7,"dotnumber","easy","easy",0.518,1,1,-99,-0.099
7,"dotnumber","easy","easy",0.684,-1,1,-99,-0.099
7,"dotnumber","easy","easy",0.818,-1,1,-99,-0.099
7,"dotnumber","easy","easy",0.685,1,1,-99,-0.099
7,"dotnumber","easy","easy",0.636,1,1,-99,-0.099
7,"dotnumber","easy","easy",0.702,-1,1,-99,-0.099
7,"dotnumber","easy","easy",1.002,-1,1,-99,-0.099
7,"dotnumber","easy","easy",0.835,-1,1,-99,-0.099
7,"dotnumber","easy","easy",0.885,-1,1,-99,-0.099
7,"xotask","average","average",3.506,1,1,-99,-0.099
7,"xotask","average","average",0.836,-1,0,-99,-0.099
7,"xotask","average","average",0.835,-1,1,-99,-0.099
7,"xotask","average","average",1.169,1,1,-99,-0.099
7,"xotask","average","average",1.886,-1,1,-99,-0.099
7,"xotask","average","average",1.069,-1,1,-99,-0.099
7,"xotask","average","average",0.785,-1,0,-99,-0.099
7,"xotask","average","average",3.154,1,1,-99,-0.099
7,"xotask","average","average",0.769,1,1,-99,-0.099
7,"xotask","average","average",1.386,1,1,-99,-0.099
7,"xotask","average","average",1.252,1,1,-99,-0.099
7,"xotask","average","average",0.501,-1,1,-99,-0.099
7,"xotask","average","average",0.785,-1,1,-99,-0.099
7,"xotask","average","average",0.718,-1,1,-99,-0.099
7,"xotask","average","average",0.752,1,1,-99,-0.099
7,"xotask","average","average",0.918,-1,1,-99,-0.099
7,"xotask","average","average",0.784,-1,1,-99,-0.099
7,"xotask","average","average",0.718,1,0,-99,-0.099
7,"xotask","average","average",0.852,-1,1,-99,-0.099
7,"xotask","average","average",0.935,1,1,-99,-0.099
7,"xotask","average","average",1.319,1,1,-99,-0.099
7,"xotask","average","average",1.436,-1,1,-99,-0.099
7,"xotask","average","average",1.286,-1,1,-99,-0.099
7,"xotask","average","average",0.652,1,1,-99,-0.099
7,"xotask","average","average",0.835,1,1,-99,-0.099
7,"xotask","average","average",0.567,1,0,-99,-0.099
7,"xotask","average","average",0.936,1,0,-99,-0.099
7,"xotask","average","average",0.535,-1,1,-99,-0.099
7,"xotask","average","average",0.603,1,1,-99,-0.099
7,"xotask","average","average",0.536,1,1,-99,-0.099
7,"xotask","average","average",1.002,-1,1,-99,-0.099
7,"xotask","average","average",0.734,-1,0,-99,-0.099
7,"xotask","average","average",0.768,1,0,-99,-0.099
7,"xotask","average","average",0.667,-1,1,-99,-0.099
7,"xotask","average","average",0.82,1,1,-99,-0.099
7,"xotask","average","average",1.019,-1,1,-99,-0.099
7,"xotask","average","average",0.735,1,1,-99,-0.099
7,"xotask","average","average",0.718,1,1,-99,-0.099
7,"xotask","average","average",0.669,1,0,-99,-0.099
7,"xotask","average","average",0.784,1,1,-99,-0.099
7,"xotask","average","average",0.701,1,1,-99,-0.099
7,"xotask","average","average",1.068,1,1,-99,-0.099
7,"xotask","average","average",0.784,1,1,-99,-0.099
7,"xotask","average","average",0.668,-1,1,-99,-0.099
7,"xotask","average","average",0.902,-1,1,-99,-0.099
7,"xotask","average","average",1.852,-1,1,-99,-0.099
7,"xotask","average","average",0.819,-1,1,-99,-0.099
7,"xotask","average","average",0.702,1,1,-99,-0.099
7,"xotask","average","average",1.903,-1,1,-99,-0.099
7,"xotask","average","average",0.768,1,0,-99,-0.099
7,"xotask","average","average",0.719,-1,0,-99,-0.099
7,"xotask","average","average",0.769,-1,1,-99,-0.099
7,"xotask","average","average",0.918,-1,0,-99,-0.099
7,"xotask","average","average",0.635,1,0,-99,-0.099
7,"xotask","average","average",0.501,1,1,-99,-0.099
7,"xotask","average","average",0.501,1,1,-99,-0.099
7,"xotask","average","average",0.501,1,0,-99,-0.099
7,"xotask","average","average",1.052,-1,1,-99,-0.099
7,"xotask","average","average",0.635,-1,0,-99,-0.099
7,"xotask","average","average",0.703,-1,1,-99,-0.099
7,"xotask","average","average",0.685,1,1,-99,-0.099
7,"xotask","average","average",0.702,-1,1,-99,-0.099
7,"xotask","average","average",0.736,1,0,-99,-0.099
7,"xotask","average","average",0.635,1,1,-99,-0.099
7,"xotask","average","average",0.969,-1,0,-99,-0.099
7,"xotask","average","average",1.035,-1,1,-99,-0.099
7,"xotask","average","average",0.602,1,0,-99,-0.099
7,"xotask","average","average",1.003,1,1,-99,-0.099
7,"xotask","average","average",0.585,1,1,-99,-0.099
7,"xotask","average","average",0.718,1,1,-99,-0.099
7,"xotask","average","average",0.969,1,1,-99,-0.099
7,"xotask","average","average",0.786,-1,1,-99,-0.099
7,"xotask","average","average",1.285,-1,1,-99,-0.099
7,"xotask","average","average",0.784,-1,1,-99,-0.099
7,"xotask","average","average",0.535,1,1,-99,-0.099
7,"xotask","average","average",0.902,1,0,-99,-0.099
7,"xotask","average","average",1.036,1,1,-99,-0.099
7,"xotask","average","average",0.701,-1,1,-99,-0.099
7,"xotask","average","average",1.036,-1,0,-99,-0.099
7,"xotask","average","average",0.685,-1,1,-99,-0.099
7,"xotask","average","average",0.702,-1,1,-99,-0.099
7,"xotask","average","average",1.035,-1,1,-99,-0.099
7,"xotask","average","average",0.685,-1,0,-99,-0.099
7,"xotask","average","average",0.684,-1,0,-99,-0.099
7,"xotask","average","average",1.119,1,1,-99,-0.099
7,"xotask","average","average",0.785,-1,1,-99,-0.099
7,"xotask","average","average",0.585,1,1,-99,-0.099
7,"xotask","average","average",0.552,-1,1,-99,-0.099
7,"xotask","average","average",0.752,-1,0,-99,-0.099
7,"xotask","average","average",0.735,-1,0,-99,-0.099
7,"xotask","average","average",0.868,-1,0,-99,-0.099
7,"xotask","average","average",0.617,-1,1,-99,-0.099
7,"xotask","average","average",0.769,-1,1,-99,-0.099
7,"xotask","average","average",0.636,1,0,-99,-0.099
7,"xotask","average","average",0.852,1,1,-99,-0.099
7,"xotask","average","average",0.551,1,1,-99,-0.099
7,"xotask","average","average",1.37,1,1,-99,-0.099
7,"xotask","average","average",0.752,1,0,-99,-0.099
7,"xotask","average","average",0.751,1,1,-99,-0.099
7,"xotask","average","average",0.485,1,1,-99,-0.099
7,"xotask","average","average",0.734,-1,0,-99,-0.099
7,"xotask","average","average",1.035,1,1,-99,-0.099
7,"xotask","average","average",1.038,1,0,-99,-0.099
7,"xotask","average","average",0.651,1,1,-99,-0.099
7,"xotask","average","average",1.136,1,1,-99,-0.099
7,"xotask","average","average",0.702,1,1,-99,-0.099
7,"xotask","average","average",1.636,1,1,-99,-0.099
7,"xotask","average","average",0.584,1,0,-99,-0.099
7,"xotask","average","average",1.653,-1,1,-99,-0.099
7,"xotask","average","average",0.685,-1,1,-99,-0.099
7,"xotask","average","average",1.303,1,1,-99,-0.099
7,"xotask","average","average",1.252,-1,1,-99,-0.099
7,"xotask","average","average",0.468,1,0,-99,-0.099
7,"xotask","average","average",0.902,-1,1,-99,-0.099
7,"xotask","average","average",0.735,-1,1,-99,-0.099
7,"xotask","average","average",0.718,1,1,-99,-0.099
7,"xotask","average","average",0.451,-1,1,-99,-0.099
7,"xotask","average","average",0.769,-1,1,-99,-0.099
7,"xotask","average","average",0.668,1,1,-99,-0.099
7,"xotask","average","average",0.536,-1,1,-99,-0.099
8,"dotnumber","easy","easy",2.12,-1,1,-99,-0.099
8,"dotnumber","easy","easy",0.936,-1,1,-99,-0.099
8,"dotnumber","easy","easy",1.019,1,1,-99,-0.099
8,"dotnumber","easy","easy",0.601,-1,1,-99,-0.099
8,"dotnumber","easy","easy",0.818,1,1,-99,-0.099
8,"dotnumber","easy","easy",0.935,1,1,-99,-0.099
8,"dotnumber","easy","easy",0.703,-1,1,-99,-0.099
8,"dotnumber","easy","easy",0.702,-1,1,-99,-0.099
8,"dotnumber","easy","easy",1.453,1,1,-99,-0.099
8,"dotnumber","easy","easy",1.052,1,1,-99,-0.099
8,"dotnumber","easy","easy",1.152,1,1,-99,-0.099
8,"dotnumber","easy","easy",0.753,1,1,-99,-0.099
8,"dotnumber","easy","easy",0.785,-1,1,-99,-0.099
8,"dotnumber","easy","easy",0.835,1,1,-99,-0.099
8,"dotnumber","easy","easy",0.617,-1,1,-99,-0.099
8,"dotnumber","easy","easy",0.702,-1,1,-99,-0.099
8,"dotnumber","easy","easy",0.752,1,1,-99,-0.099
8,"dotnumber","easy","easy",0.869,1,1,-99,-0.099
8,"dotnumber","easy","easy",0.702,-1,1,-99,-0.099
8,"dotnumber","easy","easy",0.901,1,1,-99,-0.099
8,"dotnumber","easy","easy",1.353,-1,1,-99,-0.099
8,"dotnumber","easy","easy",0.767,1,1,-99,-0.099
8,"dotnumber","easy","easy",0.718,-1,1,-99,-0.099
8,"dotnumber","easy","easy",0.902,-1,1,-99,-0.099
8,"dotnumber","easy","easy",1.22,1,1,-99,-0.099
8,"dotnumber","easy","easy",0.984,1,1,-99,-0.099
8,"dotnumber","easy","easy",0.868,1,1,-99,-0.099
8,"dotnumber","easy","easy",0.719,-1,1,-99,-0.099
8,"dotnumber","easy","easy",1.77,-1,1,-99,-0.099
8,"dotnumber","easy","easy",0.734,-1,1,-99,-0.099
8,"dotnumber","easy","easy",0.917,1,1,-99,-0.099
8,"dotnumber","easy","easy",0.885,1,1,-99,-0.099
8,"dotnumber","easy","easy",0.618,-1,1,-99,-0.099
8,"dotnumber","easy","easy",0.785,-1,1,-99,-0.099
8,"dotnumber","easy","easy",0.718,1,1,-99,-0.099
8,"dotnumber","easy","easy",0.835,-1,1,-99,-0.099
8,"dotnumber","easy","easy",0.769,1,1,-99,-0.099
8,"dotnumber","easy","easy",0.684,-1,1,-99,-0.099
8,"dotnumber","easy","easy",0.618,-1,1,-99,-0.099
8,"dotnumber","easy","easy",0.601,-1,1,-99,-0.099
8,"dotnumber","easy","easy",0.685,1,1,-99,-0.099
8,"dotnumber","easy","easy",0.802,1,1,-99,-0.099
8,"dotnumber","easy","easy",0.652,1,1,-99,-0.099
8,"dotnumber","easy","easy",0.803,-1,1,-99,-0.099
8,"dotnumber","easy","easy",0.752,-1,1,-99,-0.099
8,"dotnumber","easy","easy",0.702,1,1,-99,-0.099
8,"dotnumber","easy","easy",0.784,1,1,-99,-0.099
8,"dotnumber","easy","easy",0.568,-1,1,-99,-0.099
8,"dotnumber","easy","easy",1.152,-1,1,-99,-0.099
8,"dotnumber","easy","easy",0.734,1,1,-99,-0.099
8,"dotnumber","easy","easy",0.618,-1,1,-99,-0.099
8,"dotnumber","easy","easy",0.635,1,1,-99,-0.099
8,"dotnumber","easy","easy",0.619,-1,1,-99,-0.099
8,"dotnumber","easy","easy",0.668,1,1,-99,-0.099
8,"dotnumber","easy","easy",0.619,-1,1,-99,-0.099
8,"dotnumber","easy","easy",0.668,1,1,-99,-0.099
8,"dotnumber","easy","easy",0.585,-1,1,-99,-0.099
8,"dotnumber","easy","easy",0.718,1,1,-99,-0.099
8,"dotnumber","easy","easy",1.069,1,1,-99,-0.099
8,"dotnumber","easy","easy",0.851,1,1,-99,-0.099
8,"dotnumber","easy","easy",0.635,-1,1,-99,-0.099
8,"dotnumber","easy","easy",0.918,1,1,-99,-0.099
8,"dotnumber","easy","easy",0.652,-1,1,-99,-0.099
8,"dotnumber","easy","easy",0.669,-1,1,-99,-0.099
8,"dotnumber","easy","easy",0.652,1,1,-99,-0.099
8,"dotnumber","easy","easy",1.436,1,1,-99,-0.099
8,"dotnumber","easy","easy",0.652,-1,1,-99,-0.099
8,"dotnumber","easy","easy",0.635,-1,1,-99,-0.099
8,"dotnumber","easy","easy",0.668,1,1,-99,-0.099
8,"dotnumber","easy","easy",0.902,-1,1,-99,-0.099
8,"dotnumber","easy","easy",0.768,-1,1,-99,-0.099
8,"dotnumber","easy","easy",0.718,1,1,-99,-0.099
8,"dotnumber","easy","easy",0.784,-1,1,-99,-0.099
8,"dotnumber","easy","easy",0.551,1,1,-99,-0.099
8,"dotnumber","easy","easy",0.852,1,1,-99,-0.099
8,"dotnumber","easy","easy",1.186,1,1,-99,-0.099
8,"dotnumber","easy","easy",0.603,-1,1,-99,-0.099
8,"dotnumber","easy","easy",0.635,-1,1,-99,-0.099
8,"dotnumber","easy","easy",0.585,-1,1,-99,-0.099
8,"dotnumber","easy","easy",0.569,-1,1,-99,-0.099
8,"dotnumber","easy","easy",0.651,1,1,-99,-0.099
8,"dotnumber","easy","easy",1.686,1,1,-99,-0.099
8,"dotnumber","easy","easy",1.085,1,1,-99,-0.099
8,"dotnumber","easy","easy",0.717,1,1,-99,-0.099
8,"dotnumber","easy","easy",0.653,-1,1,-99,-0.099
8,"dotnumber","easy","easy",0.851,-1,1,-99,-0.099
8,"dotnumber","easy","easy",0.902,1,1,-99,-0.099
8,"dotnumber","easy","easy",0.769,1,1,-99,-0.099
8,"dotnumber","easy","easy",0.635,1,1,-99,-0.099
8,"dotnumber","easy","easy",0.618,-1,1,-99,-0.099
8,"dotnumber","easy","easy",0.634,-1,1,-99,-0.099
8,"dotnumber","easy","easy",0.702,-1,1,-99,-0.099
8,"dotnumber","easy","easy",0.768,1,1,-99,-0.099
8,"dotnumber","easy","easy",0.586,-1,1,-99,-0.099
8,"dotnumber","easy","easy",0.801,1,1,-99,-0.099
8,"dotnumber","easy","easy",1.57,-1,1,-99,-0.099
8,"dotnumber","easy","easy",0.768,-1,1,-99,-0.099
8,"dotnumber","easy","easy",0.568,-1,1,-99,-0.099
8,"dotnumber","easy","easy",0.468,-1,0,-99,-0.099
8,"dotnumber","easy","easy",0.584,-1,1,-99,-0.099
8,"dotnumber","easy","easy",0.585,-1,1,-99,-0.099
8,"dotnumber","easy","easy",0.736,1,1,-99,-0.099
8,"dotnumber","easy","easy",0.668,1,1,-99,-0.099
8,"dotnumber","easy","easy",0.802,1,1,-99,-0.099
8,"dotnumber","easy","easy",0.668,1,1,-99,-0.099
8,"dotnumber","easy","easy",0.685,1,1,-99,-0.099
8,"dotnumber","easy","easy",0.802,1,1,-99,-0.099
8,"dotnumber","easy","easy",0.985,-1,1,-99,-0.099
8,"dotnumber","easy","easy",0.618,-1,1,-99,-0.099
8,"dotnumber","easy","easy",0.602,-1,1,-99,-0.099
8,"dotnumber","easy","easy",0.602,1,1,-99,-0.099
8,"dotnumber","easy","easy",0.635,-1,1,-99,-0.099
8,"dotnumber","easy","easy",0.768,-1,1,-99,-0.099
8,"dotnumber","easy","easy",0.668,1,1,-99,-0.099
8,"dotnumber","easy","easy",0.568,-1,1,-99,-0.099
8,"dotnumber","easy","easy",0.617,1,1,-99,-0.099
8,"dotnumber","easy","easy",0.534,-1,1,-99,-0.099
8,"dotnumber","easy","easy",0.551,-1,1,-99,-0.099
8,"dotnumber","easy","easy",0.567,1,1,-99,-0.099
8,"dotnumber","easy","easy",0.635,1,1,-99,-0.099
8,"xotask","average","average",1.486,-1,0,-99,-0.099
8,"xotask","average","average",0.719,1,0,-99,-0.099
8,"xotask","average","average",0.852,-1,1,-99,-0.099
8,"xotask","average","average",0.601,1,1,-99,-0.099
8,"xotask","average","average",0.601,-1,1,-99,-0.099
8,"xotask","average","average",0.552,-1,1,-99,-0.099
8,"xotask","average","average",0.603,-1,1,-99,-0.099
8,"xotask","average","average",0.835,1,1,-99,-0.099
8,"xotask","average","average",0.535,-1,0,-99,-0.099
8,"xotask","average","average",0.534,1,0,-99,-0.099
8,"xotask","average","average",1.102,1,1,-99,-0.099
8,"xotask","average","average",0.486,-1,1,-99,-0.099
8,"xotask","average","average",0.552,1,1,-99,-0.099
8,"xotask","average","average",0.602,-1,0,-99,-0.099
8,"xotask","average","average",0.502,-1,1,-99,-0.099
8,"xotask","average","average",0.568,-1,1,-99,-0.099
8,"xotask","average","average",0.952,1,1,-99,-0.099
8,"xotask","average","average",0.552,-1,0,-99,-0.099
8,"xotask","average","average",0.769,1,1,-99,-0.099
8,"xotask","average","average",0.435,-1,0,-99,-0.099
8,"xotask","average","average",0.534,-1,1,-99,-0.099
8,"xotask","average","average",0.652,-1,1,-99,-0.099
8,"xotask","average","average",0.501,1,1,-99,-0.099
8,"xotask","average","average",0.569,1,0,-99,-0.099
8,"xotask","average","average",1.203,-1,1,-99,-0.099
8,"xotask","average","average",0.618,1,1,-99,-0.099
8,"xotask","average","average",0.535,1,0,-99,-0.099
8,"xotask","average","average",0.518,-1,1,-99,-0.099
8,"xotask","average","average",0.517,1,0,-99,-0.099
8,"xotask","average","average",0.986,1,1,-99,-0.099
8,"xotask","average","average",0.502,-1,0,-99,-0.099
8,"xotask","average","average",1.086,1,1,-99,-0.099
8,"xotask","average","average",0.602,-1,1,-99,-0.099
8,"xotask","average","average",0.718,-1,0,-99,-0.099
8,"xotask","average","average",0.602,-1,1,-99,-0.099
8,"xotask","average","average",1.519,-1,0,-99,-0.099
8,"xotask","average","average",0.884,1,1,-99,-0.099
8,"xotask","average","average",0.918,1,1,-99,-0.099
8,"xotask","average","average",0.502,-1,0,-99,-0.099
8,"xotask","average","average",0.519,1,1,-99,-0.099
8,"xotask","average","average",0.768,-1,1,-99,-0.099
8,"xotask","average","average",0.735,-1,1,-99,-0.099
8,"xotask","average","average",0.984,-1,1,-99,-0.099
8,"xotask","average","average",0.851,1,1,-99,-0.099
8,"xotask","average","average",0.802,-1,1,-99,-0.099
8,"xotask","average","average",0.685,-1,1,-99,-0.099
8,"xotask","average","average",0.651,-1,1,-99,-0.099
8,"xotask","average","average",0.701,1,1,-99,-0.099
8,"xotask","average","average",0.685,-1,1,-99,-0.099
8,"xotask","average","average",0.851,1,1,-99,-0.099
8,"xotask","average","average",0.601,1,1,-99,-0.099
8,"xotask","average","average",0.651,-1,1,-99,-0.099
8,"xotask","average","average",0.952,1,0,-99,-0.099
8,"xotask","average","average",0.636,-1,0,-99,-0.099
8,"xotask","average","average",0.752,-1,1,-99,-0.099
8,"xotask","average","average",1.519,1,1,-99,-0.099
8,"xotask","average","average",0.602,-1,1,-99,-0.099
8,"xotask","average","average",0.718,-1,0,-99,-0.099
8,"xotask","average","average",0.818,-1,1,-99,-0.099
8,"xotask","average","average",0.701,1,1,-99,-0.099
8,"xotask","average","average",0.567,1,1,-99,-0.099
8,"xotask","average","average",0.569,1,1,-99,-0.099
8,"xotask","average","average",0.685,-1,1,-99,-0.099
8,"xotask","average","average",0.552,1,1,-99,-0.099
8,"xotask","average","average",0.535,1,1,-99,-0.099
8,"xotask","average","average",0.619,1,0,-99,-0.099
8,"xotask","average","average",0.418,-1,1,-99,-0.099
8,"xotask","average","average",0.501,-1,1,-99,-0.099
8,"xotask","average","average",0.652,1,1,-99,-0.099
8,"xotask","average","average",0.936,1,0,-99,-0.099
8,"xotask","average","average",0.567,-1,1,-99,-0.099
8,"xotask","average","average",0.702,1,1,-99,-0.099
8,"xotask","average","average",0.669,1,0,-99,-0.099
8,"xotask","average","average",0.768,1,0,-99,-0.099
8,"xotask","average","average",0.969,-1,1,-99,-0.099
8,"xotask","average","average",0.551,-1,1,-99,-0.099
8,"xotask","average","average",0.819,1,1,-99,-0.099
8,"xotask","average","average",0.635,1,1,-99,-0.099
8,"xotask","average","average",0.418,-1,0,-99,-0.099
8,"xotask","average","average",0.702,-1,1,-99,-0.099
8,"xotask","average","average",0.635,1,0,-99,-0.099
8,"xotask","average","average",0.468,-1,1,-99,-0.099
8,"xotask","average","average",0.684,-1,1,-99,-0.099
8,"xotask","average","average",1.836,1,1,-99,-0.099
8,"xotask","average","average",0.551,-1,0,-99,-0.099
8,"xotask","average","average",0.685,1,1,-99,-0.099
8,"xotask","average","average",0.769,-1,0,-99,-0.099
8,"xotask","average","average",1.019,-1,1,-99,-0.099
8,"xotask","average","average",0.567,1,1,-99,-0.099
8,"xotask","average","average",1.152,-1,0,-99,-0.099
8,"xotask","average","average",1.803,-1,1,-99,-0.099
8,"xotask","average","average",1.502,1,1,-99,-0.099
8,"xotask","average","average",0.568,1,1,-99,-0.099
8,"xotask","average","average",0.502,1,0,-99,-0.099
8,"xotask","average","average",0.586,-1,1,-99,-0.099
8,"xotask","average","average",0.536,1,1,-99,-0.099
8,"xotask","average","average",1.136,-1,1,-99,-0.099
8,"xotask","average","average",0.652,-1,1,-99,-0.099
8,"xotask","average","average",0.603,1,1,-99,-0.099
8,"xotask","average","average",0.702,-1,1,-99,-0.099
8,"xotask","average","average",0.703,1,1,-99,-0.099
8,"xotask","average","average",1.001,1,1,-99,-0.099
8,"xotask","average","average",0.602,-1,1,-99,-0.099
8,"xotask","average","average",0.668,1,1,-99,-0.099
8,"xotask","average","average",0.618,1,1,-99,-0.099
8,"xotask","average","average",1.169,1,1,-99,-0.099
8,"xotask","average","average",0.552,1,0,-99,-0.099
8,"xotask","average","average",0.534,-1,1,-99,-0.099
8,"xotask","average","average",0.602,-1,1,-99,-0.099
8,"xotask","average","average",0.668,-1,1,-99,-0.099
8,"xotask","average","average",0.885,1,1,-99,-0.099
8,"xotask","average","average",0.685,1,1,-99,-0.099
8,"xotask","average","average",0.552,1,0,-99,-0.099
8,"xotask","average","average",0.734,-1,1,-99,-0.099
8,"xotask","average","average",0.618,1,1,-99,-0.099
8,"xotask","average","average",0.718,1,1,-99,-0.099
8,"xotask","average","average",0.785,-1,1,-99,-0.099
8,"xotask","average","average",0.669,1,1,-99,-0.099
8,"xotask","average","average",0.851,1,1,-99,-0.099
8,"xotask","average","average",0.818,-1,1,-99,-0.099
8,"dotcolour","hard","hard",0.969,-1,0,-99,-0.099
8,"dotcolour","hard","hard",1.002,-1,0,-99,-0.099
8,"dotcolour","hard","hard",0.752,-1,0,-99,-0.099
8,"dotcolour","hard","hard",0.634,-1,1,-99,-0.099
8,"dotcolour","hard","hard",0.737,-1,1,-99,-0.099
8,"dotcolour","hard","hard",0.567,-1,1,-99,-0.099
8,"dotcolour","hard","hard",0.568,-1,1,-99,-0.099
8,"dotcolour","hard","hard",0.903,1,1,-99,-0.099
8,"dotcolour","hard","hard",0.704,-1,0,-99,-0.099
8,"dotcolour","hard","hard",0.719,-1,0,-99,-0.099
8,"dotcolour","hard","hard",0.452,-1,1,-99,-0.099
8,"dotcolour","hard","hard",0.385,-1,0,-99,-0.099
8,"dotcolour","hard","hard",0.769,-1,0,-99,-0.099
8,"dotcolour","hard","hard",0.551,-1,1,-99,-0.099
8,"dotcolour","hard","hard",0.552,-1,0,-99,-0.099
8,"dotcolour","hard","hard",0.6,-1,0,-99,-0.099
8,"dotcolour","hard","hard",0.785,-1,1,-99,-0.099
8,"dotcolour","hard","hard",0.568,-1,1,-99,-0.099
8,"dotcolour","hard","hard",0.651,-1,1,-99,-0.099
8,"dotcolour","hard","hard",0.65,-1,1,-99,-0.099
8,"dotcolour","hard","hard",0.719,-1,1,-99,-0.099
8,"dotcolour","hard","hard",0.785,-1,0,-99,-0.099
8,"dotcolour","hard","hard",0.534,-1,1,-99,-0.099
8,"dotcolour","hard","hard",1.018,1,1,-99,-0.099
8,"dotcolour","hard","hard",1.236,-1,1,-99,-0.099
8,"dotcolour","hard","hard",0.702,1,0,-99,-0.099
8,"dotcolour","hard","hard",0.603,-1,0,-99,-0.099
8,"dotcolour","hard","hard",0.752,1,1,-99,-0.099
8,"dotcolour","hard","hard",0.568,1,0,-99,-0.099
8,"dotcolour","hard","hard",0.667,1,1,-99,-0.099
8,"dotcolour","hard","hard",0.652,1,1,-99,-0.099
8,"dotcolour","hard","hard",0.852,1,1,-99,-0.099
8,"dotcolour","hard","hard",0.684,-1,1,-99,-0.099
8,"dotcolour","hard","hard",0.668,-1,1,-99,-0.099
8,"dotcolour","hard","hard",0.735,1,1,-99,-0.099
8,"dotcolour","hard","hard",0.718,-1,1,-99,-0.099
8,"dotcolour","hard","hard",1.203,1,0,-99,-0.099
8,"dotcolour","hard","hard",0.785,-1,1,-99,-0.099
8,"dotcolour","hard","hard",0.784,1,0,-99,-0.099
8,"dotcolour","hard","hard",0.569,-1,1,-99,-0.099
8,"dotcolour","hard","hard",0.702,1,1,-99,-0.099
8,"dotcolour","hard","hard",0.885,1,1,-99,-0.099
8,"dotcolour","hard","hard",0.768,-1,0,-99,-0.099
8,"dotcolour","hard","hard",0.735,-1,1,-99,-0.099
8,"dotcolour","hard","hard",0.885,-1,0,-99,-0.099
8,"dotcolour","hard","hard",0.968,1,1,-99,-0.099
8,"dotcolour","hard","hard",0.568,-1,1,-99,-0.099
8,"dotcolour","hard","hard",0.802,1,1,-99,-0.099
8,"dotcolour","hard","hard",0.885,-1,1,-99,-0.099
8,"dotcolour","hard","hard",0.702,1,0,-99,-0.099
8,"dotcolour","hard","hard",0.435,-1,0,-99,-0.099
8,"dotcolour","hard","hard",0.567,-1,0,-99,-0.099
8,"dotcolour","hard","hard",0.518,-1,0,-99,-0.099
8,"dotcolour","hard","hard",0.951,-1,1,-99,-0.099
8,"dotcolour","hard","hard",0.635,1,1,-99,-0.099
8,"dotcolour","hard","hard",0.584,-1,1,-99,-0.099
8,"dotcolour","hard","hard",0.502,-1,0,-99,-0.099
8,"dotcolour","hard","hard",0.835,-1,1,-99,-0.099
8,"dotcolour","hard","hard",0.535,-1,1,-99,-0.099
8,"dotcolour","hard","hard",0.702,-1,0,-99,-0.099
8,"dotcolour","hard","hard",0.569,-1,1,-99,-0.099
8,"dotcolour","hard","hard",0.534,-1,1,-99,-0.099
8,"dotcolour","hard","hard",0.568,-1,1,-99,-0.099
8,"dotcolour","hard","hard",0.601,-1,0,-99,-0.099
8,"dotcolour","hard","hard",0.719,-1,1,-99,-0.099
8,"dotcolour","hard","hard",0.751,1,0,-99,-0.099
8,"dotcolour","hard","hard",0.769,-1,0,-99,-0.099
8,"dotcolour","hard","hard",0.786,1,1,-99,-0.099
8,"dotcolour","hard","hard",0.786,-1,1,-99,-0.099
8,"dotcolour","hard","hard",0.634,1,1,-99,-0.099
8,"dotcolour","hard","hard",0.635,-1,0,-99,-0.099
8,"dotcolour","hard","hard",0.719,1,1,-99,-0.099
8,"dotcolour","hard","hard",0.735,1,1,-99,-0.099
8,"dotcolour","hard","hard",0.702,1,0,-99,-0.099
8,"dotcolour","hard","hard",0.602,1,1,-99,-0.099
8,"dotcolour","hard","hard",0.384,-1,1,-99,-0.099
8,"dotcolour","hard","hard",0.601,1,1,-99,-0.099
8,"dotcolour","hard","hard",0.452,-1,0,-99,-0.099
8,"dotcolour","hard","hard",0.585,1,1,-99,-0.099
8,"dotcolour","hard","hard",0.468,-1,1,-99,-0.099
8,"dotcolour","hard","hard",0.634,1,0,-99,-0.099
8,"dotcolour","hard","hard",0.769,1,1,-99,-0.099
8,"dotcolour","hard","hard",0.685,-1,1,-99,-0.099
8,"dotcolour","hard","hard",0.502,-1,1,-99,-0.099
8,"dotcolour","hard","hard",0.535,-1,1,-99,-0.099
8,"dotcolour","hard","hard",0.618,-1,1,-99,-0.099
8,"dotcolour","hard","hard",0.5,-1,0,-99,-0.099
8,"dotcolour","hard","hard",0.619,1,1,-99,-0.099
8,"dotcolour","hard","hard",0.985,1,1,-99,-0.099
8,"dotcolour","hard","hard",0.668,1,1,-99,-0.099
8,"dotcolour","hard","hard",0.585,-1,0,-99,-0.099
8,"dotcolour","hard","hard",0.551,-1,0,-99,-0.099
8,"dotcolour","hard","hard",0.652,-1,1,-99,-0.099
8,"dotcolour","hard","hard",0.751,1,0,-99,-0.099
8,"dotcolour","hard","hard",0.601,-1,1,-99,-0.099
8,"dotcolour","hard","hard",0.82,-1,1,-99,-0.099
8,"dotcolour","hard","hard",0.835,1,1,-99,-0.099
8,"dotcolour","hard","hard",0.552,-1,0,-99,-0.099
8,"dotcolour","hard","hard",0.585,-1,0,-99,-0.099
8,"dotcolour","hard","hard",1.002,1,0,-99,-0.099
8,"dotcolour","hard","hard",0.435,-1,0,-99,-0.099
8,"dotcolour","hard","hard",0.419,-1,1,-99,-0.099
8,"dotcolour","hard","hard",0.301,-1,1,-99,-0.099
8,"dotcolour","hard","hard",0.318,1,1,-99,-0.099
8,"dotcolour","hard","hard",0.352,1,1,-99,-0.099
8,"dotcolour","hard","hard",0.368,1,1,-99,-0.099
8,"dotcolour","hard","hard",0.317,-1,1,-99,-0.099
8,"dotcolour","hard","hard",0.285,-1,1,-99,-0.099
8,"dotcolour","hard","hard",0.302,1,0,-99,-0.099
8,"dotcolour","hard","hard",0.552,1,0,-99,-0.099
8,"dotcolour","hard","hard",0.318,-1,0,-99,-0.099
8,"dotcolour","hard","hard",0.018,1,0,-99,-0.099
8,"dotcolour","hard","hard",0.801,-1,1,-99,-0.099
8,"dotcolour","hard","hard",0.534,-1,0,-99,-0.099
8,"dotcolour","hard","hard",0.517,-1,1,-99,-0.099
8,"dotcolour","hard","hard",0.435,1,0,-99,-0.099
8,"dotcolour","hard","hard",0.368,-1,1,-99,-0.099
8,"dotcolour","hard","hard",0.451,-1,0,-99,-0.099
8,"dotcolour","hard","hard",0.551,-1,0,-99,-0.099
8,"dotcolour","hard","hard",0.784,-1,0,-99,-0.099
9,"xotask","easy","easy",5.94,1,0,-99,-0.099
9,"xotask","easy","easy",1.402,-1,1,-99,-0.099
9,"xotask","easy","easy",1.002,-1,1,-99,-0.099
9,"xotask","easy","easy",0.802,1,1,-99,-0.099
9,"xotask","easy","easy",0.836,-1,1,-99,-0.099
9,"xotask","easy","easy",1.12,-1,1,-99,-0.099
9,"xotask","easy","easy",0.801,1,1,-99,-0.099
9,"xotask","easy","easy",0.869,1,1,-99,-0.099
9,"xotask","easy","easy",1.002,1,1,-99,-0.099
9,"xotask","easy","easy",0.952,1,1,-99,-0.099
9,"xotask","easy","easy",1.268,-1,1,-99,-0.099
9,"xotask","easy","easy",0.902,1,1,-99,-0.099
9,"xotask","easy","easy",0.802,1,1,-99,-0.099
9,"xotask","easy","easy",1.002,1,1,-99,-0.099
9,"xotask","easy","easy",0.834,-1,1,-99,-0.099
9,"xotask","easy","easy",0.802,1,1,-99,-0.099
9,"xotask","easy","easy",1.018,-1,1,-99,-0.099
9,"xotask","easy","easy",1.086,-1,1,-99,-0.099
9,"xotask","easy","easy",0.869,-1,1,-99,-0.099
9,"xotask","easy","easy",0.819,1,1,-99,-0.099
9,"xotask","easy","easy",0.92,-1,1,-99,-0.099
9,"xotask","easy","easy",0.801,1,1,-99,-0.099
9,"xotask","easy","easy",0.819,-1,1,-99,-0.099
9,"xotask","easy","easy",0.718,1,1,-99,-0.099
9,"xotask","easy","easy",0.818,-1,1,-99,-0.099
9,"xotask","easy","easy",0.903,-1,1,-99,-0.099
9,"xotask","easy","easy",0.702,1,1,-99,-0.099
9,"xotask","easy","easy",0.769,-1,1,-99,-0.099
9,"xotask","easy","easy",0.819,-1,1,-99,-0.099
9,"xotask","easy","easy",1.119,-1,1,-99,-0.099
9,"xotask","easy","easy",0.785,1,1,-99,-0.099
9,"xotask","easy","easy",0.785,-1,1,-99,-0.099
9,"xotask","easy","easy",0.802,1,1,-99,-0.099
9,"xotask","easy","easy",1.018,1,1,-99,-0.099
9,"xotask","easy","easy",0.768,1,1,-99,-0.099
9,"xotask","easy","easy",0.836,1,1,-99,-0.099
9,"xotask","easy","easy",0.801,-1,1,-99,-0.099
9,"xotask","easy","easy",0.752,1,1,-99,-0.099
9,"xotask","easy","easy",0.834,1,1,-99,-0.099
9,"xotask","easy","easy",0.835,1,1,-99,-0.099
9,"xotask","easy","easy",0.786,-1,1,-99,-0.099
9,"xotask","easy","easy",1.069,-1,1,-99,-0.099
9,"xotask","easy","easy",0.819,-1,1,-99,-0.099
9,"xotask","easy","easy",0.703,-1,1,-99,-0.099
9,"xotask","easy","easy",0.652,1,1,-99,-0.099
9,"xotask","easy","easy",2.07,-1,1,-99,-0.099
9,"xotask","easy","easy",0.636,1,1,-99,-0.099
9,"xotask","easy","easy",0.853,1,1,-99,-0.099
9,"xotask","easy","easy",0.885,1,1,-99,-0.099
9,"xotask","easy","easy",0.702,1,1,-99,-0.099
9,"xotask","easy","easy",0.651,1,1,-99,-0.099
9,"xotask","easy","easy",0.602,1,1,-99,-0.099
9,"xotask","easy","easy",0.769,-1,1,-99,-0.099
9,"xotask","easy","easy",0.719,1,1,-99,-0.099
9,"xotask","easy","easy",1.019,-1,1,-99,-0.099
9,"xotask","easy","easy",0.685,-1,1,-99,-0.099
9,"xotask","easy","easy",0.652,1,1,-99,-0.099
9,"xotask","easy","easy",0.718,1,1,-99,-0.099
9,"xotask","easy","easy",0.768,-1,1,-99,-0.099
9,"xotask","easy","easy",0.869,-1,1,-99,-0.099
9,"xotask","easy","easy",0.735,-1,1,-99,-0.099
9,"xotask","easy","easy",0.751,-1,1,-99,-0.099
9,"xotask","easy","easy",0.669,1,1,-99,-0.099
9,"xotask","easy","easy",0.786,-1,1,-99,-0.099
9,"xotask","easy","easy",0.818,1,1,-99,-0.099
9,"xotask","easy","easy",0.751,1,1,-99,-0.099
9,"xotask","easy","easy",0.768,-1,1,-99,-0.099
9,"xotask","easy","easy",1.052,-1,1,-99,-0.099
9,"xotask","easy","easy",0.786,-1,1,-99,-0.099
9,"xotask","easy","easy",0.952,1,1,-99,-0.099
9,"xotask","easy","easy",0.718,-1,1,-99,-0.099
9,"xotask","easy","easy",0.669,1,1,-99,-0.099
9,"xotask","easy","easy",1.136,-1,1,-99,-0.099
9,"xotask","easy","easy",0.969,-1,1,-99,-0.099
9,"xotask","easy","easy",1.169,1,1,-99,-0.099
9,"xotask","easy","easy",0.685,1,1,-99,-0.099
9,"xotask","easy","easy",0.702,-1,1,-99,-0.099
9,"xotask","easy","easy",0.635,-1,1,-99,-0.099
9,"xotask","easy","easy",0.702,1,1,-99,-0.099
9,"xotask","easy","easy",0.768,-1,1,-99,-0.099
9,"xotask","easy","easy",0.734,-1,1,-99,-0.099
9,"xotask","easy","easy",0.735,1,1,-99,-0.099
9,"xotask","easy","easy",0.669,1,1,-99,-0.099
9,"xotask","easy","easy",0.869,-1,1,-99,-0.099
9,"xotask","easy","easy",1.252,-1,1,-99,-0.099
9,"xotask","easy","easy",0.685,-1,1,-99,-0.099
9,"xotask","easy","easy",0.701,1,1,-99,-0.099
9,"xotask","easy","easy",0.534,1,1,-99,-0.099
9,"xotask","easy","easy",0.818,1,1,-99,-0.099
9,"xotask","easy","easy",0.719,1,1,-99,-0.099
9,"xotask","easy","easy",0.6,-1,1,-99,-0.099
9,"xotask","easy","easy",0.585,-1,1,-99,-0.099
9,"xotask","easy","easy",0.685,-1,1,-99,-0.099
9,"xotask","easy","easy",0.651,1,1,-99,-0.099
9,"xotask","easy","easy",0.601,1,1,-99,-0.099
9,"xotask","easy","easy",0.902,1,1,-99,-0.099
9,"xotask","easy","easy",0.802,-1,0,-99,-0.099
9,"xotask","easy","easy",0.602,1,1,-99,-0.099
9,"xotask","easy","easy",0.685,1,1,-99,-0.099
9,"xotask","easy","easy",0.603,-1,1,-99,-0.099
9,"xotask","easy","easy",0.769,-1,1,-99,-0.099
9,"xotask","easy","easy",0.819,1,1,-99,-0.099
9,"xotask","easy","easy",0.619,1,1,-99,-0.099
9,"xotask","easy","easy",0.519,-1,1,-99,-0.099
9,"xotask","easy","easy",0.584,1,1,-99,-0.099
9,"xotask","easy","easy",0.685,-1,1,-99,-0.099
9,"xotask","easy","easy",0.468,-1,1,-99,-0.099
9,"xotask","easy","easy",0.452,-1,1,-99,-0.099
9,"xotask","easy","easy",0.585,-1,1,-99,-0.099
9,"xotask","easy","easy",0.401,1,1,-99,-0.099
9,"xotask","easy","easy",0.552,-1,1,-99,-0.099
9,"xotask","easy","easy",0.585,1,1,-99,-0.099
9,"xotask","easy","easy",0.468,1,1,-99,-0.099
9,"xotask","easy","easy",0.485,-1,1,-99,-0.099
9,"xotask","easy","easy",0.568,-1,1,-99,-0.099
9,"xotask","easy","easy",0.569,1,1,-99,-0.099
9,"xotask","easy","easy",0.418,1,1,-99,-0.099
9,"xotask","easy","easy",0.436,-1,1,-99,-0.099
9,"xotask","easy","easy",0.584,1,1,-99,-0.099
9,"xotask","easy","easy",0.569,-1,1,-99,-0.099
9,"dotcolour","average","average",1.469,1,0,-99,-0.099
9,"dotcolour","average","average",0.702,-1,1,-99,-0.099
9,"dotcolour","average","average",0.635,-1,1,-99,-0.099
9,"dotcolour","average","average",0.536,1,1,-99,-0.099
9,"dotcolour","average","average",0.435,1,1,-99,-0.099
9,"dotcolour","average","average",0.469,1,1,-99,-0.099
9,"dotcolour","average","average",0.402,1,1,-99,-0.099
9,"dotcolour","average","average",0.418,-1,1,-99,-0.099
9,"dotcolour","average","average",0.534,-1,0,-99,-0.099
9,"dotcolour","average","average",0.418,-1,1,-99,-0.099
9,"dotcolour","average","average",0.419,1,0,-99,-0.099
9,"dotcolour","average","average",0.885,1,1,-99,-0.099
9,"dotcolour","average","average",0.469,1,1,-99,-0.099
9,"dotcolour","average","average",0.452,-1,1,-99,-0.099
9,"dotcolour","average","average",0.385,1,1,-99,-0.099
9,"dotcolour","average","average",0.369,-1,1,-99,-0.099
9,"dotcolour","average","average",0.402,1,0,-99,-0.099
9,"dotcolour","average","average",0.468,1,0,-99,-0.099
9,"dotcolour","average","average",0.419,1,1,-99,-0.099
9,"dotcolour","average","average",0.351,1,1,-99,-0.099
9,"dotcolour","average","average",0.384,-1,0,-99,-0.099
9,"dotcolour","average","average",0.385,1,1,-99,-0.099
9,"dotcolour","average","average",0.568,-1,1,-99,-0.099
9,"dotcolour","average","average",0.986,-1,1,-99,-0.099
9,"dotcolour","average","average",0.886,1,1,-99,-0.099
9,"dotcolour","average","average",0.552,-1,1,-99,-0.099
9,"dotcolour","average","average",0.501,1,1,-99,-0.099
9,"dotcolour","average","average",0.417,-1,1,-99,-0.099
9,"dotcolour","average","average",0.602,1,1,-99,-0.099
9,"dotcolour","average","average",0.451,1,1,-99,-0.099
9,"dotcolour","average","average",0.501,-1,1,-99,-0.099
9,"dotcolour","average","average",0.869,1,1,-99,-0.099
9,"dotcolour","average","average",0.751,1,1,-99,-0.099
9,"dotcolour","average","average",0.718,-1,1,-99,-0.099
9,"dotcolour","average","average",0.468,1,1,-99,-0.099
9,"dotcolour","average","average",0.552,-1,1,-99,-0.099
9,"dotcolour","average","average",0.568,1,1,-99,-0.099
9,"dotcolour","average","average",0.719,-1,1,-99,-0.099
9,"dotcolour","average","average",0.769,1,1,-99,-0.099
9,"dotcolour","average","average",0.585,1,1,-99,-0.099
9,"dotcolour","average","average",0.602,-1,1,-99,-0.099
9,"dotcolour","average","average",0.701,-1,1,-99,-0.099
9,"dotcolour","average","average",0.685,-1,1,-99,-0.099
9,"dotcolour","average","average",1.486,1,1,-99,-0.099
9,"dotcolour","average","average",0.669,-1,1,-99,-0.099
9,"dotcolour","average","average",0.652,1,0,-99,-0.099
9,"dotcolour","average","average",0.718,-1,0,-99,-0.099
9,"dotcolour","average","average",0.636,-1,1,-99,-0.099
9,"dotcolour","average","average",1.035,1,1,-99,-0.099
9,"dotcolour","average","average",0.635,-1,1,-99,-0.099
9,"dotcolour","average","average",0.719,1,1,-99,-0.099
9,"dotcolour","average","average",1.102,1,0,-99,-0.099
9,"dotcolour","average","average",0.735,1,1,-99,-0.099
9,"dotcolour","average","average",0.485,1,1,-99,-0.099
9,"dotcolour","average","average",0.569,-1,1,-99,-0.099
9,"dotcolour","average","average",0.585,1,0,-99,-0.099
9,"dotcolour","average","average",0.634,1,1,-99,-0.099
9,"dotcolour","average","average",1.185,1,1,-99,-0.099
9,"dotcolour","average","average",0.501,1,1,-99,-0.099
9,"dotcolour","average","average",0.469,1,0,-99,-0.099
9,"dotcolour","average","average",0.434,1,1,-99,-0.099
9,"dotcolour","average","average",0.551,-1,0,-99,-0.099
9,"dotcolour","average","average",0.669,1,1,-99,-0.099
9,"dotcolour","average","average",0.701,1,1,-99,-0.099
9,"dotcolour","average","average",0.418,1,0,-99,-0.099
9,"dotcolour","average","average",0.567,1,1,-99,-0.099
9,"dotcolour","average","average",0.586,-1,1,-99,-0.099
9,"dotcolour","average","average",0.569,1,0,-99,-0.099
9,"dotcolour","average","average",0.885,-1,1,-99,-0.099
9,"dotcolour","average","average",0.667,-1,1,-99,-0.099
9,"dotcolour","average","average",0.568,-1,1,-99,-0.099
9,"dotcolour","average","average",0.452,-1,1,-99,-0.099
9,"dotcolour","average","average",1.485,1,0,-99,-0.099
9,"dotcolour","average","average",0.967,-1,1,-99,-0.099
9,"dotcolour","average","average",0.635,-1,1,-99,-0.099
9,"dotcolour","average","average",0.619,-1,1,-99,-0.099
9,"dotcolour","average","average",0.768,-1,1,-99,-0.099
9,"dotcolour","average","average",0.834,1,1,-99,-0.099
9,"dotcolour","average","average",0.718,-1,1,-99,-0.099
9,"dotcolour","average","average",1.185,-1,1,-99,-0.099
9,"dotcolour","average","average",0.769,-1,0,-99,-0.099
9,"dotcolour","average","average",0.685,-1,1,-99,-0.099
9,"dotcolour","average","average",0.618,-1,1,-99,-0.099
9,"dotcolour","average","average",0.535,1,1,-99,-0.099
9,"dotcolour","average","average",0.685,1,1,-99,-0.099
9,"dotcolour","average","average",0.502,1,1,-99,-0.099
9,"dotcolour","average","average",0.669,-1,1,-99,-0.099
9,"dotcolour","average","average",0.486,-1,0,-99,-0.099
9,"dotcolour","average","average",0.502,1,1,-99,-0.099
9,"dotcolour","average","average",0.385,1,1,-99,-0.099
9,"dotcolour","average","average",0.485,-1,0,-99,-0.099
9,"dotcolour","average","average",0.352,1,1,-99,-0.099
9,"dotcolour","average","average",0.568,-1,1,-99,-0.099
9,"dotcolour","average","average",0.484,1,1,-99,-0.099
9,"dotcolour","average","average",0.469,1,1,-99,-0.099
9,"dotcolour","average","average",0.385,1,0,-99,-0.099
9,"dotcolour","average","average",0.636,-1,1,-99,-0.099
9,"dotcolour","average","average",0.535,1,0,-99,-0.099
9,"dotcolour","average","average",0.385,-1,1,-99,-0.099
9,"dotcolour","average","average",0.485,-1,1,-99,-0.099
9,"dotcolour","average","average",0.401,-1,1,-99,-0.099
9,"dotcolour","average","average",0.468,1,1,-99,-0.099
9,"dotcolour","average","average",0.801,1,0,-99,-0.099
9,"dotcolour","average","average",0.719,-1,1,-99,-0.099
9,"dotcolour","average","average",0.368,-1,1,-99,-0.099
9,"dotcolour","average","average",0.368,-1,1,-99,-0.099
9,"dotcolour","average","average",0.284,1,1,-99,-0.099
9,"dotcolour","average","average",0.192,-1,0,-99,-0.099
9,"dotcolour","average","average",0.485,1,1,-99,-0.099
9,"dotcolour","average","average",0.317,1,1,-99,-0.099
9,"dotcolour","average","average",0.385,1,1,-99,-0.099
9,"dotcolour","average","average",0.285,1,1,-99,-0.099
9,"dotcolour","average","average",0.252,1,0,-99,-0.099
9,"dotcolour","average","average",0.401,1,1,-99,-0.099
9,"dotcolour","average","average",0.401,1,1,-99,-0.099
9,"dotcolour","average","average",0.402,1,1,-99,-0.099
9,"dotcolour","average","average",0.335,1,0,-99,-0.099
9,"dotcolour","average","average",0.335,1,0,-99,-0.099
9,"dotcolour","average","average",0.13,-1,0,-99,-0.099
9,"dotcolour","average","average",0.552,1,1,-99,-0.099
9,"dotnumber","hard","hard",0.668,-1,0,-99,-0.099
9,"dotnumber","hard","hard",0.401,1,0,-99,-0.099
9,"dotnumber","hard","hard",0.534,-1,0,-99,-0.099
9,"dotnumber","hard","hard",0.619,-1,0,-99,-0.099
9,"dotnumber","hard","hard",0.668,-1,1,-99,-0.099
9,"dotnumber","hard","hard",0.617,-1,0,-99,-0.099
9,"dotnumber","hard","hard",0.55,1,1,-99,-0.099
9,"dotnumber","hard","hard",0.451,1,0,-99,-0.099
9,"dotnumber","hard","hard",0.451,1,1,-99,-0.099
9,"dotnumber","hard","hard",0.601,1,1,-99,-0.099
9,"dotnumber","hard","hard",0.401,-1,0,-99,-0.099
9,"dotnumber","hard","hard",0.401,1,0,-99,-0.099
9,"dotnumber","hard","hard",0.469,1,1,-99,-0.099
9,"dotnumber","hard","hard",0.351,1,1,-99,-0.099
9,"dotnumber","hard","hard",0.351,-1,1,-99,-0.099
9,"dotnumber","hard","hard",0.6,1,1,-99,-0.099
9,"dotnumber","hard","hard",0.452,1,1,-99,-0.099
9,"dotnumber","hard","hard",0.584,1,0,-99,-0.099
9,"dotnumber","hard","hard",0.469,-1,1,-99,-0.099
9,"dotnumber","hard","hard",0.368,1,0,-99,-0.099
9,"dotnumber","hard","hard",0.651,-1,1,-99,-0.099
9,"dotnumber","hard","hard",0.3,1,0,-99,-0.099
9,"dotnumber","hard","hard",0.351,-1,1,-99,-0.099
9,"dotnumber","hard","hard",0.334,1,0,-99,-0.099
9,"dotnumber","hard","hard",0.701,1,1,-99,-0.099
9,"dotnumber","hard","hard",0.368,-1,0,-99,-0.099
9,"dotnumber","hard","hard",0.802,-1,0,-99,-0.099
9,"dotnumber","hard","hard",0.552,1,0,-99,-0.099
9,"dotnumber","hard","hard",0.734,1,1,-99,-0.099
9,"dotnumber","hard","hard",0.601,1,1,-99,-0.099
9,"dotnumber","hard","hard",0.518,1,0,-99,-0.099
9,"dotnumber","hard","hard",0.468,1,1,-99,-0.099
9,"dotnumber","hard","hard",0.435,1,0,-99,-0.099
9,"dotnumber","hard","hard",0.301,-1,1,-99,-0.099
9,"dotnumber","hard","hard",0.284,1,1,-99,-0.099
9,"dotnumber","hard","hard",0.284,1,0,-99,-0.099
9,"dotnumber","hard","hard",0.301,1,1,-99,-0.099
9,"dotnumber","hard","hard",0.301,1,1,-99,-0.099
9,"dotnumber","hard","hard",0.584,1,0,-99,-0.099
9,"dotnumber","hard","hard",0.401,-1,1,-99,-0.099
9,"dotnumber","hard","hard",0.302,1,0,-99,-0.099
9,"dotnumber","hard","hard",0.585,1,1,-99,-0.099
9,"dotnumber","hard","hard",0.552,-1,1,-99,-0.099
9,"dotnumber","hard","hard",0.351,1,1,-99,-0.099
9,"dotnumber","hard","hard",0.684,1,0,-99,-0.099
9,"dotnumber","hard","hard",0.668,1,0,-99,-0.099
9,"dotnumber","hard","hard",0.969,-1,1,-99,-0.099
9,"dotnumber","hard","hard",0.401,1,1,-99,-0.099
9,"dotnumber","hard","hard",0.551,1,1,-99,-0.099
9,"dotnumber","hard","hard",0.335,1,1,-99,-0.099
9,"dotnumber","hard","hard",0.335,1,1,-99,-0.099
9,"dotnumber","hard","hard",0.267,1,1,-99,-0.099
9,"dotnumber","hard","hard",0.268,1,1,-99,-0.099
9,"dotnumber","hard","hard",0.352,-1,1,-99,-0.099
9,"dotnumber","hard","hard",0.301,-1,0,-99,-0.099
9,"dotnumber","hard","hard",0.268,1,1,-99,-0.099
9,"dotnumber","hard","hard",0.234,-1,0,-99,-0.099
9,"dotnumber","hard","hard",0.268,1,0,-99,-0.099
9,"dotnumber","hard","hard",0.183,1,0,-99,-0.099
9,"dotnumber","hard","hard",0.233,1,0,-99,-0.099
9,"dotnumber","hard","hard",0.284,-1,0,-99,-0.099
9,"dotnumber","hard","hard",0.267,1,0,-99,-0.099
9,"dotnumber","hard","hard",0.285,1,0,-99,-0.099
9,"dotnumber","hard","hard",0.318,-1,0,-99,-0.099
9,"dotnumber","hard","hard",0.351,1,0,-99,-0.099
9,"dotnumber","hard","hard",0.751,1,0,-99,-0.099
9,"dotnumber","hard","hard",0.302,1,1,-99,-0.099
9,"dotnumber","hard","hard",0.302,1,1,-99,-0.099
9,"dotnumber","hard","hard",1.869,1,0,-99,-0.099
9,"dotnumber","hard","hard",0.418,-1,1,-99,-0.099
9,"dotnumber","hard","hard",0.318,-1,1,-99,-0.099
9,"dotnumber","hard","hard",0.319,-1,1,-99,-0.099
9,"dotnumber","hard","hard",0.401,1,1,-99,-0.099
9,"dotnumber","hard","hard",0.235,1,1,-99,-0.099
9,"dotnumber","hard","hard",0.218,1,1,-99,-0.099
9,"dotnumber","hard","hard",0.158,-1,0,-99,-0.099
9,"dotnumber","hard","hard",0.16,1,1,-99,-0.099
9,"dotnumber","hard","hard",0.585,-1,1,-99,-0.099
9,"dotnumber","hard","hard",0.534,1,1,-99,-0.099
9,"dotnumber","hard","hard",0.418,1,0,-99,-0.099
9,"dotnumber","hard","hard",0.368,1,1,-99,-0.099
9,"dotnumber","hard","hard",0.384,1,0,-99,-0.099
9,"dotnumber","hard","hard",0.284,-1,1,-99,-0.099
9,"dotnumber","hard","hard",0.334,1,1,-99,-0.099
9,"dotnumber","hard","hard",0.351,-1,0,-99,-0.099
9,"dotnumber","hard","hard",0.301,1,0,-99,-0.099
9,"dotnumber","hard","hard",0.234,1,1,-99,-0.099
9,"dotnumber","hard","hard",0.285,-1,0,-99,-0.099
9,"dotnumber","hard","hard",0.518,1,0,-99,-0.099
9,"dotnumber","hard","hard",0.284,1,1,-99,-0.099
9,"dotnumber","hard","hard",1.619,-1,1,-99,-0.099
9,"dotnumber","hard","hard",0.351,1,0,-99,-0.099
9,"dotnumber","hard","hard",0.218,1,0,-99,-0.099
9,"dotnumber","hard","hard",0.234,1,0,-99,-0.099
9,"dotnumber","hard","hard",0.234,1,0,-99,-0.099
9,"dotnumber","hard","hard",0.268,1,0,-99,-0.099
9,"dotnumber","hard","hard",0.234,1,1,-99,-0.099
9,"dotnumber","hard","hard",0.267,-1,1,-99,-0.099
9,"dotnumber","hard","hard",0.132,1,1,-99,-0.099
9,"dotnumber","hard","hard",0.251,-1,1,-99,-0.099
9,"dotnumber","hard","hard",0.302,1,1,-99,-0.099
9,"dotnumber","hard","hard",0.451,1,1,-99,-0.099
9,"dotnumber","hard","hard",0.351,1,0,-99,-0.099
9,"dotnumber","hard","hard",0.536,-1,1,-99,-0.099
9,"dotnumber","hard","hard",0.485,-1,0,-99,-0.099
9,"dotnumber","hard","hard",0.335,1,1,-99,-0.099
9,"dotnumber","hard","hard",0.368,-1,0,-99,-0.099
9,"dotnumber","hard","hard",0.367,-1,1,-99,-0.099
9,"dotnumber","hard","hard",0.384,-1,1,-99,-0.099
9,"dotnumber","hard","hard",0.301,1,0,-99,-0.099
9,"dotnumber","hard","hard",0.335,1,0,-99,-0.099
9,"dotnumber","hard","hard",0.485,-1,0,-99,-0.099
9,"dotnumber","hard","hard",0.319,1,0,-99,-0.099
9,"dotnumber","hard","hard",0.534,1,0,-99,-0.099
9,"dotnumber","hard","hard",0.434,-1,0,-99,-0.099
9,"dotnumber","hard","hard",0.469,-1,0,-99,-0.099
9,"dotnumber","hard","hard",0.468,-1,0,-99,-0.099
9,"dotnumber","hard","hard",0.468,-1,1,-99,-0.099
9,"dotnumber","hard","hard",0.435,1,1,-99,-0.099
9,"dotnumber","hard","hard",0.418,-1,1,-99,-0.099
10,"dotcolour","average","average",2.638,1,1,-99,-0.099
10,"dotcolour","average","average",0.868,-1,0,-99,-0.099
10,"dotcolour","average","average",1.053,-1,0,-99,-0.099
10,"dotcolour","average","average",0.801,-1,0,-99,-0.099
10,"dotcolour","average","average",1.586,-1,0,-99,-0.099
10,"dotcolour","average","average",0.619,-1,1,-99,-0.099
10,"dotcolour","average","average",0.669,-1,1,-99,-0.099
10,"dotcolour","average","average",0.65,-1,1,-99,-0.099
10,"dotcolour","average","average",0.719,1,1,-99,-0.099
10,"dotcolour","average","average",0.635,-1,1,-99,-0.099
10,"dotcolour","average","average",0.736,-1,1,-99,-0.099
10,"dotcolour","average","average",0.603,-1,0,-99,-0.099
10,"dotcolour","average","average",0.469,-1,1,-99,-0.099
10,"dotcolour","average","average",0.452,-1,0,-99,-0.099
10,"dotcolour","average","average",0.318,-1,0,-99,-0.099
10,"dotcolour","average","average",0.668,-1,1,-99,-0.099
10,"dotcolour","average","average",0.484,-1,1,-99,-0.099
10,"dotcolour","average","average",0.385,-1,0,-99,-0.099
10,"dotcolour","average","average",0.735,-1,1,-99,-0.099
10,"dotcolour","average","average",1.002,-1,0,-99,-0.099
10,"dotcolour","average","average",0.635,-1,1,-99,-0.099
10,"dotcolour","average","average",0.451,-1,1,-99,-0.099
10,"dotcolour","average","average",0.618,1,1,-99,-0.099
10,"dotcolour","average","average",0.536,-1,1,-99,-0.099
10,"dotcolour","average","average",1.235,1,1,-99,-0.099
10,"dotcolour","average","average",0.969,1,1,-99,-0.099
10,"dotcolour","average","average",0.584,-1,0,-99,-0.099
10,"dotcolour","average","average",0.552,-1,0,-99,-0.099
10,"dotcolour","average","average",0.669,-1,1,-99,-0.099
10,"dotcolour","average","average",0.519,-1,1,-99,-0.099
10,"dotcolour","average","average",0.567,-1,0,-99,-0.099
10,"dotcolour","average","average",0.518,-1,1,-99,-0.099
10,"dotcolour","average","average",0.985,-1,1,-99,-0.099
10,"dotcolour","average","average",0.684,1,1,-99,-0.099
10,"dotcolour","average","average",0.702,-1,1,-99,-0.099
10,"dotcolour","average","average",0.485,-1,1,-99,-0.099
10,"dotcolour","average","average",0.935,-1,1,-99,-0.099
10,"dotcolour","average","average",0.635,1,1,-99,-0.099
10,"dotcolour","average","average",0.451,-1,1,-99,-0.099
10,"dotcolour","average","average",0.769,-1,1,-99,-0.099
10,"dotcolour","average","average",0.701,-1,1,-99,-0.099
10,"dotcolour","average","average",0.569,1,1,-99,-0.099
10,"dotcolour","average","average",0.685,1,1,-99,-0.099
10,"dotcolour","average","average",0.819,1,1,-99,-0.099
10,"dotcolour","average","average",0.569,-1,1,-99,-0.099
10,"dotcolour","average","average",0.769,1,1,-99,-0.099
10,"dotcolour","average","average",0.552,-1,1,-99,-0.099
10,"dotcolour","average","average",0.602,1,1,-99,-0.099
10,"dotcolour","average","average",0.819,1,1,-99,-0.099
10,"dotcolour","average","average",0.502,-1,0,-99,-0.099
10,"dotcolour","average","average",0.652,1,0,-99,-0.099
10,"dotcolour","average","average",0.434,-1,0,-99,-0.099
10,"dotcolour","average","average",0.918,1,1,-99,-0.099
10,"dotcolour","average","average",0.585,-1,1,-99,-0.099
10,"dotcolour","average","average",0.501,-1,1,-99,-0.099
10,"dotcolour","average","average",0.485,-1,0,-99,-0.099
10,"dotcolour","average","average",0.651,-1,1,-99,-0.099
10,"dotcolour","average","average",0.668,-1,1,-99,-0.099
10,"dotcolour","average","average",0.401,1,1,-99,-0.099
10,"dotcolour","average","average",0.852,-1,1,-99,-0.099
10,"dotcolour","average","average",0.535,-1,1,-99,-0.099
10,"dotcolour","average","average",0.368,1,0,-99,-0.099
10,"dotcolour","average","average",0.435,-1,1,-99,-0.099
10,"dotcolour","average","average",0.535,1,1,-99,-0.099
10,"dotcolour","average","average",0.584,1,1,-99,-0.099
10,"dotcolour","average","average",0.569,1,1,-99,-0.099
10,"dotcolour","average","average",0.401,-1,1,-99,-0.099
10,"dotcolour","average","average",0.385,1,1,-99,-0.099
10,"dotcolour","average","average",0.769,-1,1,-99,-0.099
10,"dotcolour","average","average",0.585,-1,1,-99,-0.099
10,"dotcolour","average","average",0.551,1,1,-99,-0.099
10,"dotcolour","average","average",0.769,1,1,-99,-0.099
10,"dotcolour","average","average",2.353,1,0,-99,-0.099
10,"dotcolour","average","average",0.718,1,1,-99,-0.099
10,"dotcolour","average","average",0.601,-1,1,-99,-0.099
10,"dotcolour","average","average",0.801,-1,1,-99,-0.099
10,"dotcolour","average","average",1.069,1,0,-99,-0.099
10,"dotcolour","average","average",0.85,-1,1,-99,-0.099
10,"dotcolour","average","average",0.718,1,0,-99,-0.099
10,"dotcolour","average","average",1.853,1,0,-99,-0.099
10,"dotcolour","average","average",1.736,1,1,-99,-0.099
10,"dotcolour","average","average",0.402,-1,0,-99,-0.099
10,"dotcolour","average","average",0.836,-1,0,-99,-0.099
10,"dotcolour","average","average",0.502,1,1,-99,-0.099
10,"dotcolour","average","average",0.651,-1,0,-99,-0.099
10,"dotcolour","average","average",1.769,1,1,-99,-0.099
10,"dotcolour","average","average",0.819,1,1,-99,-0.099
10,"dotcolour","average","average",0.601,-1,1,-99,-0.099
10,"dotcolour","average","average",0.636,1,0,-99,-0.099
10,"dotcolour","average","average",0.885,1,1,-99,-0.099
10,"dotcolour","average","average",0.601,-1,1,-99,-0.099
10,"dotcolour","average","average",0.652,1,1,-99,-0.099
10,"dotcolour","average","average",0.601,-1,0,-99,-0.099
10,"dotcolour","average","average",0.619,-1,1,-99,-0.099
10,"dotcolour","average","average",0.652,1,1,-99,-0.099
10,"dotcolour","average","average",0.418,-1,1,-99,-0.099
10,"dotcolour","average","average",1.536,1,1,-99,-0.099
10,"dotcolour","average","average",0.601,-1,1,-99,-0.099
10,"dotcolour","average","average",0.551,-1,1,-99,-0.099
10,"dotcolour","average","average",0.518,1,1,-99,-0.099
10,"dotcolour","average","average",0.519,-1,1,-99,-0.099
10,"dotcolour","average","average",1.602,1,1,-99,-0.099
10,"dotcolour","average","average",0.752,1,1,-99,-0.099
10,"dotcolour","average","average",0.685,1,1,-99,-0.099
10,"dotcolour","average","average",0.719,1,1,-99,-0.099
10,"dotcolour","average","average",0.535,1,1,-99,-0.099
10,"dotcolour","average","average",0.535,-1,1,-99,-0.099
10,"dotcolour","average","average",0.618,1,1,-99,-0.099
10,"dotcolour","average","average",0.467,-1,1,-99,-0.099
10,"dotcolour","average","average",0.551,1,1,-99,-0.099
10,"dotcolour","average","average",0.652,1,1,-99,-0.099
10,"dotcolour","average","average",0.485,-1,1,-99,-0.099
10,"dotcolour","average","average",0.651,-1,1,-99,-0.099
10,"dotcolour","average","average",0.568,-1,1,-99,-0.099
10,"dotcolour","average","average",0.785,1,1,-99,-0.099
10,"dotcolour","average","average",1.052,1,1,-99,-0.099
10,"dotcolour","average","average",0.535,-1,1,-99,-0.099
10,"dotcolour","average","average",0.668,-1,1,-99,-0.099
10,"dotcolour","average","average",0.551,-1,1,-99,-0.099
10,"dotcolour","average","average",0.536,-1,1,-99,-0.099
10,"dotnumber","hard","hard",1.419,1,1,-99,-0.099
10,"dotnumber","hard","hard",0.802,1,0,-99,-0.099
10,"dotnumber","hard","hard",0.901,-1,1,-99,-0.099
10,"dotnumber","hard","hard",0.802,-1,1,-99,-0.099
10,"dotnumber","hard","hard",0.819,1,1,-99,-0.099
10,"dotnumber","hard","hard",0.635,1,0,-99,-0.099
10,"dotnumber","hard","hard",0.535,-1,1,-99,-0.099
10,"dotnumber","hard","hard",0.501,-1,0,-99,-0.099
10,"dotnumber","hard","hard",0.436,1,1,-99,-0.099
10,"dotnumber","hard","hard",0.435,1,1,-99,-0.099
10,"dotnumber","hard","hard",0.519,-1,1,-99,-0.099
10,"dotnumber","hard","hard",0.467,1,0,-99,-0.099
10,"dotnumber","hard","hard",0.401,-1,0,-99,-0.099
10,"dotnumber","hard","hard",0.635,-1,0,-99,-0.099
10,"dotnumber","hard","hard",0.517,1,1,-99,-0.099
10,"dotnumber","hard","hard",0.634,-1,1,-99,-0.099
10,"dotnumber","hard","hard",0.485,1,1,-99,-0.099
10,"dotnumber","hard","hard",0.468,-1,1,-99,-0.099
10,"dotnumber","hard","hard",0.435,-1,1,-99,-0.099
10,"dotnumber","hard","hard",0.685,-1,0,-99,-0.099
10,"dotnumber","hard","hard",0.534,-1,1,-99,-0.099
10,"dotnumber","hard","hard",0.418,1,1,-99,-0.099
10,"dotnumber","hard","hard",0.451,1,0,-99,-0.099
10,"dotnumber","hard","hard",0.434,1,1,-99,-0.099
10,"dotnumber","hard","hard",0.935,-1,0,-99,-0.099
10,"dotnumber","hard","hard",0.434,-1,0,-99,-0.099
10,"dotnumber","hard","hard",0.384,1,1,-99,-0.099
10,"dotnumber","hard","hard",0.402,1,0,-99,-0.099
10,"dotnumber","hard","hard",0.384,-1,0,-99,-0.099
10,"dotnumber","hard","hard",0.451,-1,1,-99,-0.099
10,"dotnumber","hard","hard",0.386,-1,0,-99,-0.099
10,"dotnumber","hard","hard",0.452,-1,0,-99,-0.099
10,"dotnumber","hard","hard",0.451,-1,0,-99,-0.099
10,"dotnumber","hard","hard",0.335,1,0,-99,-0.099
10,"dotnumber","hard","hard",0.418,1,0,-99,-0.099
10,"dotnumber","hard","hard",0.384,-1,1,-99,-0.099
10,"dotnumber","hard","hard",0.418,1,1,-99,-0.099
10,"dotnumber","hard","hard",0.419,-1,1,-99,-0.099
10,"dotnumber","hard","hard",0.401,-1,0,-99,-0.099
10,"dotnumber","hard","hard",0.367,1,0,-99,-0.099
10,"dotnumber","hard","hard",0.468,-1,0,-99,-0.099
10,"dotnumber","hard","hard",0.318,-1,1,-99,-0.099
10,"dotnumber","hard","hard",0.401,1,1,-99,-0.099
10,"dotnumber","hard","hard",0.436,1,0,-99,-0.099
10,"dotnumber","hard","hard",0.318,-1,0,-99,-0.099
10,"dotnumber","hard","hard",0.267,1,0,-99,-0.099
10,"dotnumber","hard","hard",0.385,1,0,-99,-0.099
10,"dotnumber","hard","hard",0.234,-1,1,-99,-0.099
10,"dotnumber","hard","hard",0.768,-1,0,-99,-0.099
10,"dotnumber","hard","hard",0.501,-1,0,-99,-0.099
10,"dotnumber","hard","hard",0.451,-1,1,-99,-0.099
10,"dotnumber","hard","hard",0.452,-1,0,-99,-0.099
10,"dotnumber","hard","hard",0.334,1,1,-99,-0.099
10,"dotnumber","hard","hard",0.369,-1,1,-99,-0.099
10,"dotnumber","hard","hard",0.668,-1,0,-99,-0.099
10,"dotnumber","hard","hard",1.269,-1,0,-99,-0.099
10,"dotnumber","hard","hard",0.569,-1,1,-99,-0.099
10,"dotnumber","hard","hard",0.467,-1,0,-99,-0.099
10,"dotnumber","hard","hard",0.418,-1,1,-99,-0.099
10,"dotnumber","hard","hard",0.618,-1,0,-99,-0.099
10,"dotnumber","hard","hard",0.702,-1,0,-99,-0.099
10,"dotnumber","hard","hard",0.785,-1,1,-99,-0.099
10,"dotnumber","hard","hard",1.152,1,0,-99,-0.099
10,"dotnumber","hard","hard",0.569,-1,1,-99,-0.099
10,"dotnumber","hard","hard",1.62,-1,1,-99,-0.099
10,"dotnumber","hard","hard",0.718,1,0,-99,-0.099
10,"dotnumber","hard","hard",0.301,1,1,-99,-0.099
10,"dotnumber","hard","hard",0.519,1,0,-99,-0.099
10,"dotnumber","hard","hard",0.418,-1,0,-99,-0.099
10,"dotnumber","hard","hard",0.385,-1,1,-99,-0.099
10,"dotnumber","hard","hard",0.484,-1,1,-99,-0.099
10,"dotnumber","hard","hard",0.535,-1,0,-99,-0.099
10,"dotnumber","hard","hard",0.736,-1,1,-99,-0.099
10,"dotnumber","hard","hard",0.601,-1,1,-99,-0.099
10,"dotnumber","hard","hard",0.968,-1,1,-99,-0.099
10,"dotnumber","hard","hard",0.969,-1,1,-99,-0.099
10,"dotnumber","hard","hard",4.772,1,0,-99,-0.099
10,"dotnumber","hard","hard",0.902,-1,1,-99,-0.099
10,"dotnumber","hard","hard",0.769,-1,0,-99,-0.099
10,"dotnumber","hard","hard",0.718,-1,0,-99,-0.099
10,"dotnumber","hard","hard",1.152,1,0,-99,-0.099
10,"dotnumber","hard","hard",0.718,1,1,-99,-0.099
10,"dotnumber","hard","hard",0.886,-1,0,-99,-0.099
10,"dotnumber","hard","hard",1.219,-1,0,-99,-0.099
10,"dotnumber","hard","hard",0.718,1,0,-99,-0.099
10,"dotnumber","hard","hard",0.802,1,0,-99,-0.099
10,"dotnumber","hard","hard",1.168,1,0,-99,-0.099
10,"dotnumber","hard","hard",0.835,1,0,-99,-0.099
10,"dotnumber","hard","hard",0.751,1,1,-99,-0.099
10,"dotnumber","hard","hard",0.634,1,1,-99,-0.099
10,"dotnumber","hard","hard",0.701,1,1,-99,-0.099
10,"dotnumber","hard","hard",0.702,-1,0,-99,-0.099
10,"dotnumber","hard","hard",0.936,1,1,-99,-0.099
10,"dotnumber","hard","hard",0.501,-1,1,-99,-0.099
10,"dotnumber","hard","hard",0.602,-1,0,-99,-0.099
10,"dotnumber","hard","hard",0.484,1,1,-99,-0.099
10,"dotnumber","hard","hard",1.12,-1,1,-99,-0.099
10,"dotnumber","hard","hard",0.634,-1,1,-99,-0.099
10,"dotnumber","hard","hard",0.535,-1,0,-99,-0.099
10,"dotnumber","hard","hard",1.419,1,1,-99,-0.099
10,"dotnumber","hard","hard",0.484,1,0,-99,-0.099
10,"dotnumber","hard","hard",0.434,1,0,-99,-0.099
10,"dotnumber","hard","hard",0.484,-1,0,-99,-0.099
10,"dotnumber","hard","hard",0.535,-1,1,-99,-0.099
10,"dotnumber","hard","hard",0.652,-1,1,-99,-0.099
10,"dotnumber","hard","hard",0.534,1,1,-99,-0.099
10,"dotnumber","hard","hard",0.751,-1,0,-99,-0.099
10,"dotnumber","hard","hard",0.451,1,1,-99,-0.099
10,"dotnumber","hard","hard",0.769,-1,0,-99,-0.099
10,"dotnumber","hard","hard",0.502,1,0,-99,-0.099
10,"dotnumber","hard","hard",0.736,-1,1,-99,-0.099
10,"dotnumber","hard","hard",0.468,1,1,-99,-0.099
10,"dotnumber","hard","hard",0.468,-1,0,-99,-0.099
10,"dotnumber","hard","hard",0.501,1,0,-99,-0.099
10,"dotnumber","hard","hard",0.535,1,0,-99,-0.099
10,"dotnumber","hard","hard",0.435,1,1,-99,-0.099
10,"dotnumber","hard","hard",0.351,1,1,-99,-0.099
10,"dotnumber","hard","hard",0.351,1,0,-99,-0.099
10,"dotnumber","hard","hard",0.401,1,1,-99,-0.099
10,"dotnumber","hard","hard",0.367,1,0,-99,-0.099
10,"xotask","easy","easy",2.554,-1,0,-99,-0.099
10,"xotask","easy","easy",0.669,1,1,-99,-0.099
10,"xotask","easy","easy",0.686,-1,1,-99,-0.099
10,"xotask","easy","easy",0.551,-1,1,-99,-0.099
10,"xotask","easy","easy",0.352,1,1,-99,-0.099
10,"xotask","easy","easy",0.451,1,1,-99,-0.099
10,"xotask","easy","easy",0.568,-1,1,-99,-0.099
10,"xotask","easy","easy",0.418,1,1,-99,-0.099
10,"xotask","easy","easy",0.401,1,1,-99,-0.099
10,"xotask","easy","easy",0.402,1,1,-99,-0.099
10,"xotask","easy","easy",0.334,-1,1,-99,-0.099
10,"xotask","easy","easy",0.351,1,0,-99,-0.099
10,"xotask","easy","easy",0.385,1,1,-99,-0.099
10,"xotask","easy","easy",0.301,-1,1,-99,-0.099
10,"xotask","easy","easy",0.468,1,0,-99,-0.099
10,"xotask","easy","easy",0.369,1,1,-99,-0.099
10,"xotask","easy","easy",0.402,-1,1,-99,-0.099
10,"xotask","easy","easy",0.434,1,1,-99,-0.099
10,"xotask","easy","easy",0.352,-1,1,-99,-0.099
10,"xotask","easy","easy",0.368,1,0,-99,-0.099
10,"xotask","easy","easy",0.452,-1,1,-99,-0.099
10,"xotask","easy","easy",0.402,-1,1,-99,-0.099
10,"xotask","easy","easy",0.35,-1,0,-99,-0.099
10,"xotask","easy","easy",0.401,1,1,-99,-0.099
10,"xotask","easy","easy",2.27,1,0,-99,-0.099
10,"xotask","easy","easy",0.501,-1,1,-99,-0.099
10,"xotask","easy","easy",0.569,-1,1,-99,-0.099
10,"xotask","easy","easy",0.418,1,1,-99,-0.099
10,"xotask","easy","easy",0.369,1,1,-99,-0.099
10,"xotask","easy","easy",0.352,1,1,-99,-0.099
10,"xotask","easy","easy",0.585,-1,1,-99,-0.099
10,"xotask","easy","easy",0.451,1,1,-99,-0.099
10,"xotask","easy","easy",0.435,-1,1,-99,-0.099
10,"xotask","easy","easy",0.351,1,1,-99,-0.099
10,"xotask","easy","easy",0.534,-1,1,-99,-0.099
10,"xotask","easy","easy",0.485,1,1,-99,-0.099
10,"xotask","easy","easy",0.419,-1,0,-99,-0.099
10,"xotask","easy","easy",0.551,-1,1,-99,-0.099
10,"xotask","easy","easy",0.502,1,1,-99,-0.099
10,"xotask","easy","easy",0.651,-1,1,-99,-0.099
10,"xotask","easy","easy",0.902,-1,1,-99,-0.099
10,"xotask","easy","easy",0.602,-1,1,-99,-0.099
10,"xotask","easy","easy",0.385,1,1,-99,-0.099
10,"xotask","easy","easy",0.735,1,1,-99,-0.099
10,"xotask","easy","easy",0.367,-1,1,-99,-0.099
10,"xotask","easy","easy",0.401,-1,1,-99,-0.099
10,"xotask","easy","easy",0.469,1,1,-99,-0.099
10,"xotask","easy","easy",0.602,1,1,-99,-0.099
10,"xotask","easy","easy",0.735,-1,1,-99,-0.099
10,"xotask","easy","easy",0.519,1,1,-99,-0.099
10,"xotask","easy","easy",0.451,-1,1,-99,-0.099
10,"xotask","easy","easy",0.402,1,1,-99,-0.099
10,"xotask","easy","easy",0.502,1,1,-99,-0.099
10,"xotask","easy","easy",0.534,-1,1,-99,-0.099
10,"xotask","easy","easy",0.435,-1,1,-99,-0.099
10,"xotask","easy","easy",0.502,-1,1,-99,-0.099
10,"xotask","easy","easy",0.435,1,1,-99,-0.099
10,"xotask","easy","easy",0.435,-1,1,-99,-0.099
10,"xotask","easy","easy",0.401,1,1,-99,-0.099
10,"xotask","easy","easy",0.401,1,1,-99,-0.099
10,"xotask","easy","easy",0.485,-1,1,-99,-0.099
10,"xotask","easy","easy",0.434,1,0,-99,-0.099
10,"xotask","easy","easy",0.468,-1,1,-99,-0.099
10,"xotask","easy","easy",0.434,1,1,-99,-0.099
10,"xotask","easy","easy",0.518,1,1,-99,-0.099
10,"xotask","easy","easy",0.851,-1,1,-99,-0.099
10,"xotask","easy","easy",0.552,1,1,-99,-0.099
10,"xotask","easy","easy",0.418,-1,1,-99,-0.099
10,"xotask","easy","easy",0.485,1,1,-99,-0.099
10,"xotask","easy","easy",0.568,1,1,-99,-0.099
10,"xotask","easy","easy",0.501,-1,1,-99,-0.099
10,"xotask","easy","easy",0.785,1,1,-99,-0.099
10,"xotask","easy","easy",0.585,1,1,-99,-0.099
10,"xotask","easy","easy",0.034,-1,1,-99,-0.099
10,"xotask","easy","easy",3.271,1,1,-99,-0.099
10,"xotask","easy","easy",0.501,1,1,-99,-0.099
10,"xotask","easy","easy",0.301,-1,0,-99,-0.099
10,"xotask","easy","easy",0.451,1,1,-99,-0.099
10,"xotask","easy","easy",0.334,1,0,-99,-0.099
10,"xotask","easy","easy",0.318,-1,1,-99,-0.099
10,"xotask","easy","easy",0.302,1,1,-99,-0.099
10,"xotask","easy","easy",0.352,-1,1,-99,-0.099
10,"xotask","easy","easy",0.285,1,1,-99,-0.099
10,"xotask","easy","easy",0.268,-1,1,-99,-0.099
10,"xotask","easy","easy",0.251,1,1,-99,-0.099
10,"xotask","easy","easy",0.369,1,0,-99,-0.099
10,"xotask","easy","easy",0.334,-1,1,-99,-0.099
10,"xotask","easy","easy",0.402,1,1,-99,-0.099
10,"xotask","easy","easy",0.535,-1,1,-99,-0.099
10,"xotask","easy","easy",0.317,1,1,-99,-0.099
10,"xotask","easy","easy",0.267,-1,0,-99,-0.099
10,"xotask","easy","easy",0.174,1,1,-99,-0.099
10,"xotask","easy","easy",0.193,-1,1,-99,-0.099
10,"xotask","easy","easy",0.302,1,0,-99,-0.099
10,"xotask","easy","easy",0.267,-1,1,-99,-0.099
10,"xotask","easy","easy",0.319,1,0,-99,-0.099
10,"xotask","easy","easy",0.901,1,1,-99,-0.099
10,"xotask","easy","easy",1.269,1,1,-99,-0.099
10,"xotask","easy","easy",0.401,1,1,-99,-0.099
10,"xotask","easy","easy",0.418,-1,1,-99,-0.099
10,"xotask","easy","easy",0.335,-1,1,-99,-0.099
10,"xotask","easy","easy",0.301,1,0,-99,-0.099
10,"xotask","easy","easy",0.451,1,1,-99,-0.099
10,"xotask","easy","easy",0.318,-1,1,-99,-0.099
10,"xotask","easy","easy",0.402,1,1,-99,-0.099
10,"xotask","easy","easy",0.368,-1,0,-99,-0.099
10,"xotask","easy","easy",0.537,-1,1,-99,-0.099
10,"xotask","easy","easy",0.485,-1,1,-99,-0.099
10,"xotask","easy","easy",0.418,-1,1,-99,-0.099
10,"xotask","easy","easy",0.501,1,1,-99,-0.099
10,"xotask","easy","easy",0.352,1,1,-99,-0.099
10,"xotask","easy","easy",0.535,-1,1,-99,-0.099
10,"xotask","easy","easy",0.435,1,1,-99,-0.099
10,"xotask","easy","easy",0.501,-1,1,-99,-0.099
10,"xotask","easy","easy",0.452,1,1,-99,-0.099
10,"xotask","easy","easy",0.502,1,1,-99,-0.099
10,"xotask","easy","easy",0.452,-1,1,-99,-0.099
10,"xotask","easy","easy",0.369,1,1,-99,-0.099
10,"xotask","easy","easy",0.302,-1,1,-99,-0.099
10,"xotask","easy","easy",0.486,-1,1,-99,-0.099
11,"dotnumber","hard","hard",2.221,1,1,-99,-0.099
11,"dotnumber","hard","hard",1.82,1,0,-99,-0.099
11,"dotnumber","hard","hard",2.62,1,1,-99,-0.099
11,"dotnumber","hard","hard",1.536,-1,0,-99,-0.099
11,"dotnumber","hard","hard",1.47,-1,1,-99,-0.099
11,"dotnumber","hard","hard",1.82,-1,1,-99,-0.099
11,"dotnumber","hard","hard",1.286,-1,0,-99,-0.099
11,"dotnumber","hard","hard",1.052,1,0,-99,-0.099
11,"dotnumber","hard","hard",1.052,1,1,-99,-0.099
11,"dotnumber","hard","hard",1.686,1,0,-99,-0.099
11,"dotnumber","hard","hard",1.719,1,1,-99,-0.099
11,"dotnumber","hard","hard",1.12,-1,0,-99,-0.099
11,"dotnumber","hard","hard",1.085,1,0,-99,-0.099
11,"dotnumber","hard","hard",0.834,1,0,-99,-0.099
11,"dotnumber","hard","hard",1.169,1,1,-99,-0.099
11,"dotnumber","hard","hard",0.953,-1,0,-99,-0.099
11,"dotnumber","hard","hard",1.602,1,0,-99,-0.099
11,"dotnumber","hard","hard",1.269,1,0,-99,-0.099
11,"dotnumber","hard","hard",1.803,1,1,-99,-0.099
11,"dotnumber","hard","hard",1.386,-1,0,-99,-0.099
11,"dotnumber","hard","hard",0.918,1,0,-99,-0.099
11,"dotnumber","hard","hard",0.719,1,1,-99,-0.099
11,"dotnumber","hard","hard",0.819,1,0,-99,-0.099
11,"dotnumber","hard","hard",1.069,1,0,-99,-0.099
11,"dotnumber","hard","hard",6.775,-1,0,-99,-0.099
11,"dotnumber","hard","hard",2.103,1,1,-99,-0.099
11,"dotnumber","hard","hard",2.238,1,1,-99,-0.099
11,"dotnumber","hard","hard",3.438,1,1,-99,-0.099
11,"dotnumber","hard","hard",1.036,1,1,-99,-0.099
11,"dotnumber","hard","hard",1.819,1,0,-99,-0.099
11,"dotnumber","hard","hard",1.486,-1,1,-99,-0.099
11,"dotnumber","hard","hard",1.319,-1,1,-99,-0.099
11,"dotnumber","hard","hard",2.554,-1,0,-99,-0.099
11,"dotnumber","hard","hard",4.005,-1,0,-99,-0.099
11,"dotnumber","hard","hard",0.902,1,0,-99,-0.099
11,"dotnumber","hard","hard",1.118,1,0,-99,-0.099
11,"dotnumber","hard","hard",0.985,-1,1,-99,-0.099
11,"dotnumber","hard","hard",2.087,1,0,-99,-0.099
11,"dotnumber","hard","hard",0.918,-1,0,-99,-0.099
11,"dotnumber","hard","hard",1.086,-1,0,-99,-0.099
11,"dotnumber","hard","hard",0.652,1,0,-99,-0.099
11,"dotnumber","hard","hard",1.068,1,1,-99,-0.099
11,"dotnumber","hard","hard",1.002,-1,1,-99,-0.099
11,"dotnumber","hard","hard",0.669,1,1,-99,-0.099
11,"dotnumber","hard","hard",0.501,1,1,-99,-0.099
11,"dotnumber","hard","hard",1.336,1,0,-99,-0.099
11,"dotnumber","hard","hard",1.135,1,0,-99,-0.099
11,"dotnumber","hard","hard",0.786,-1,1,-99,-0.099
11,"dotnumber","hard","hard",7.709,1,1,-99,-0.099
11,"dotnumber","hard","hard",2.136,1,1,-99,-0.099
11,"dotnumber","hard","hard",0.819,1,1,-99,-0.099
11,"dotnumber","hard","hard",0.902,1,0,-99,-0.099
11,"dotnumber","hard","hard",0.669,1,0,-99,-0.099
11,"dotnumber","hard","hard",0.785,1,0,-99,-0.099
11,"dotnumber","hard","hard",1.569,-1,1,-99,-0.099
11,"dotnumber","hard","hard",1.118,-1,1,-99,-0.099
11,"dotnumber","hard","hard",1.319,-1,1,-99,-0.099
11,"dotnumber","hard","hard",0.851,-1,1,-99,-0.099
11,"dotnumber","hard","hard",0.886,1,0,-99,-0.099
11,"dotnumber","hard","hard",0.752,1,0,-99,-0.099
11,"dotnumber","hard","hard",0.852,1,1,-99,-0.099
11,"dotnumber","hard","hard",1.686,1,1,-99,-0.099
11,"dotnumber","hard","hard",1.97,-1,0,-99,-0.099
11,"dotnumber","hard","hard",0.802,1,1,-99,-0.099
11,"dotnumber","hard","hard",1.119,1,0,-99,-0.099
11,"dotnumber","hard","hard",2.07,-1,0,-99,-0.099
11,"dotnumber","hard","hard",1.586,1,1,-99,-0.099
11,"dotnumber","hard","hard",0.819,1,1,-99,-0.099
11,"dotnumber","hard","hard",0.936,-1,0,-99,-0.099
11,"dotnumber","hard","hard",0.752,-1,0,-99,-0.099
11,"dotnumber","hard","hard",1.069,1,0,-99,-0.099
11,"dotnumber","hard","hard",0.836,-1,1,-99,-0.099
11,"dotnumber","hard","hard",2.07,1,0,-99,-0.099
11,"dotnumber","hard","hard",1.269,1,0,-99,-0.099
11,"dotnumber","hard","hard",0.751,-1,1,-99,-0.099
11,"dotnumber","hard","hard",0.686,-1,1,-99,-0.099
11,"dotnumber","hard","hard",0.802,1,1,-99,-0.099
11,"dotnumber","hard","hard",0.685,1,0,-99,-0.099
11,"dotnumber","hard","hard",0.718,-1,0,-99,-0.099
11,"dotnumber","hard","hard",1.202,1,0,-99,-0.099
11,"dotnumber","hard","hard",0.552,-1,1,-99,-0.099
11,"dotnumber","hard","hard",0.585,1,1,-99,-0.099
11,"dotnumber","hard","hard",0.852,1,0,-99,-0.099
11,"dotnumber","hard","hard",1.519,-1,0,-99,-0.099
11,"dotnumber","hard","hard",0.736,-1,1,-99,-0.099
11,"dotnumber","hard","hard",0.718,1,0,-99,-0.099
11,"dotnumber","hard","hard",0.718,1,1,-99,-0.099
11,"dotnumber","hard","hard",0.685,1,1,-99,-0.099
11,"dotnumber","hard","hard",0.751,-1,0,-99,-0.099
11,"dotnumber","hard","hard",0.651,1,1,-99,-0.099
11,"dotnumber","hard","hard",0.602,-1,1,-99,-0.099
11,"dotnumber","hard","hard",0.469,-1,0,-99,-0.099
11,"dotnumber","hard","hard",0.601,1,1,-99,-0.099
11,"dotnumber","hard","hard",0.701,1,1,-99,-0.099
11,"dotnumber","hard","hard",0.518,1,1,-99,-0.099
11,"dotnumber","hard","hard",0.552,1,0,-99,-0.099
11,"dotnumber","hard","hard",1.019,1,0,-99,-0.099
11,"dotnumber","hard","hard",0.652,-1,0,-99,-0.099
11,"dotnumber","hard","hard",0.768,1,0,-99,-0.099
11,"dotnumber","hard","hard",0.486,1,1,-99,-0.099
11,"dotnumber","hard","hard",0.652,-1,0,-99,-0.099
11,"dotnumber","hard","hard",0.451,1,1,-99,-0.099
11,"dotnumber","hard","hard",0.619,1,0,-99,-0.099
11,"dotnumber","hard","hard",0.785,1,1,-99,-0.099
11,"dotnumber","hard","hard",0.485,-1,1,-99,-0.099
11,"dotnumber","hard","hard",0.535,1,1,-99,-0.099
11,"dotnumber","hard","hard",0.484,-1,1,-99,-0.099
11,"dotnumber","hard","hard",0.468,1,0,-99,-0.099
11,"dotnumber","hard","hard",1.203,1,0,-99,-0.099
11,"dotnumber","hard","hard",0.536,1,1,-99,-0.099
11,"dotnumber","hard","hard",0.969,1,0,-99,-0.099
11,"dotnumber","hard","hard",0.568,1,0,-99,-0.099
11,"dotnumber","hard","hard",0.535,1,0,-99,-0.099
11,"dotnumber","hard","hard",0.818,-1,0,-99,-0.099
11,"dotnumber","hard","hard",0.618,1,1,-99,-0.099
11,"dotnumber","hard","hard",0.735,-1,1,-99,-0.099
11,"dotnumber","hard","hard",0.718,-1,0,-99,-0.099
11,"dotnumber","hard","hard",0.735,-1,0,-99,-0.099
11,"dotnumber","hard","hard",0.869,-1,1,-99,-0.099
11,"dotnumber","hard","hard",0.635,1,1,-99,-0.099
11,"xotask","easy","easy",2.32,-1,1,-99,-0.099
11,"xotask","easy","easy",0.985,-1,1,-99,-0.099
11,"xotask","easy","easy",0.819,-1,1,-99,-0.099
11,"xotask","easy","easy",0.719,-1,1,-99,-0.099
11,"xotask","easy","easy",0.753,1,1,-99,-0.099
11,"xotask","easy","easy",0.869,-1,1,-99,-0.099
11,"xotask","easy","easy",0.668,-1,1,-99,-0.099
11,"xotask","easy","easy",0.652,-1,1,-99,-0.099
11,"xotask","easy","easy",0.769,1,1,-99,-0.099
11,"xotask","easy","easy",0.918,-1,1,-99,-0.099
11,"xotask","easy","easy",0.735,1,1,-99,-0.099
11,"xotask","easy","easy",0.684,-1,1,-99,-0.099
11,"xotask","easy","easy",0.452,1,1,-99,-0.099
11,"xotask","easy","easy",4.388,-1,1,-99,-0.099
11,"xotask","easy","easy",0.687,1,1,-99,-0.099
11,"xotask","easy","easy",0.652,1,1,-99,-0.099
11,"xotask","easy","easy",0.684,1,1,-99,-0.099
11,"xotask","easy","easy",2.054,1,0,-99,-0.099
11,"xotask","easy","easy",0.618,1,1,-99,-0.099
11,"xotask","easy","easy",0.718,1,1,-99,-0.099
11,"xotask","easy","easy",0.635,1,1,-99,-0.099
11,"xotask","easy","easy",0.552,1,1,-99,-0.099
11,"xotask","easy","easy",0.518,1,1,-99,-0.099
11,"xotask","easy","easy",0.751,-1,1,-99,-0.099
11,"xotask","easy","easy",3.872,-1,0,-99,-0.099
11,"xotask","easy","easy",0.618,1,1,-99,-0.099
11,"xotask","easy","easy",0.536,-1,1,-99,-0.099
11,"xotask","easy","easy",0.601,1,0,-99,-0.099
11,"xotask","easy","easy",0.936,1,1,-99,-0.099
11,"xotask","easy","easy",2.054,-1,1,-99,-0.099
11,"xotask","easy","easy",0.668,1,1,-99,-0.099
11,"xotask","easy","easy",0.601,-1,1,-99,-0.099
11,"xotask","easy","easy",1.086,1,1,-99,-0.099
11,"xotask","easy","easy",0.685,-1,1,-99,-0.099
11,"xotask","easy","easy",0.634,-1,1,-99,-0.099
11,"xotask","easy","easy",0.668,1,1,-99,-0.099
11,"xotask","easy","easy",0.784,1,1,-99,-0.099
11,"xotask","easy","easy",0.686,1,1,-99,-0.099
11,"xotask","easy","easy",0.668,-1,1,-99,-0.099
11,"xotask","easy","easy",0.586,-1,1,-99,-0.099
11,"xotask","easy","easy",0.651,1,1,-99,-0.099
11,"xotask","easy","easy",0.668,-1,1,-99,-0.099
11,"xotask","easy","easy",0.869,1,1,-99,-0.099
11,"xotask","easy","easy",1.102,1,1,-99,-0.099
11,"xotask","easy","easy",3.838,-1,1,-99,-0.099
11,"xotask","easy","easy",0.518,1,1,-99,-0.099
11,"xotask","easy","easy",2.487,-1,1,-99,-0.099
11,"xotask","easy","easy",0.952,-1,1,-99,-0.099
11,"xotask","easy","easy",5.19,1,0,-99,-0.099
11,"xotask","easy","easy",0.669,1,1,-99,-0.099
11,"xotask","easy","easy",3.637,1,0,-99,-0.099
11,"xotask","easy","easy",2.603,1,0,-99,-0.099
11,"xotask","easy","easy",0.552,1,1,-99,-0.099
11,"xotask","easy","easy",0.818,-1,1,-99,-0.099
11,"xotask","easy","easy",0.651,1,1,-99,-0.099
11,"xotask","easy","easy",0.752,-1,1,-99,-0.099
11,"xotask","easy","easy",0.651,-1,1,-99,-0.099
11,"xotask","easy","easy",0.585,1,1,-99,-0.099
11,"xotask","easy","easy",0.785,1,1,-99,-0.099
11,"xotask","easy","easy",0.902,1,1,-99,-0.099
11,"xotask","easy","easy",0.652,1,1,-99,-0.099
11,"xotask","easy","easy",0.768,-1,1,-99,-0.099
11,"xotask","easy","easy",1.221,-1,1,-99,-0.099
11,"xotask","easy","easy",0.902,-1,1,-99,-0.099
11,"xotask","easy","easy",0.668,-1,1,-99,-0.099
11,"xotask","easy","easy",0.685,-1,1,-99,-0.099
11,"xotask","easy","easy",0.703,1,1,-99,-0.099
11,"xotask","easy","easy",0.769,1,1,-99,-0.099
11,"xotask","easy","easy",0.534,1,1,-99,-0.099
11,"xotask","easy","easy",0.452,1,1,-99,-0.099
11,"xotask","easy","easy",0.635,-1,1,-99,-0.099
11,"xotask","easy","easy",0.534,1,1,-99,-0.099
11,"xotask","easy","easy",0.835,1,1,-99,-0.099
11,"xotask","easy","easy",0.751,-1,1,-99,-0.099
11,"xotask","easy","easy",0.735,-1,1,-99,-0.099
11,"xotask","easy","easy",0.567,-1,1,-99,-0.099
11,"xotask","easy","easy",0.485,-1,1,-99,-0.099
11,"xotask","easy","easy",0.568,1,1,-99,-0.099
11,"xotask","easy","easy",0.684,1,1,-99,-0.099
11,"xotask","easy","easy",0.818,1,1,-99,-0.099
11,"xotask","easy","easy",0.585,1,1,-99,-0.099
11,"xotask","easy","easy",0.568,-1,1,-99,-0.099
11,"xotask","easy","easy",0.568,-1,1,-99,-0.099
11,"xotask","easy","easy",0.602,1,1,-99,-0.099
11,"xotask","easy","easy",0.902,-1,1,-99,-0.099
11,"xotask","easy","easy",0.819,1,1,-99,-0.099
11,"xotask","easy","easy",0.952,1,1,-99,-0.099
11,"xotask","easy","easy",0.652,-1,1,-99,-0.099
11,"xotask","easy","easy",0.701,-1,1,-99,-0.099
11,"xotask","easy","easy",1.069,1,1,-99,-0.099
11,"xotask","easy","easy",1.069,1,1,-99,-0.099
11,"xotask","easy","easy",1.871,1,0,-99,-0.099
11,"xotask","easy","easy",0.669,-1,1,-99,-0.099
11,"xotask","easy","easy",0.619,1,1,-99,-0.099
11,"xotask","easy","easy",0.785,1,1,-99,-0.099
11,"xotask","easy","easy",0.785,-1,1,-99,-0.099
11,"xotask","easy","easy",0.819,-1,1,-99,-0.099
11,"xotask","easy","easy",0.568,-1,1,-99,-0.099
11,"xotask","easy","easy",0.852,-1,1,-99,-0.099
11,"xotask","easy","easy",0.736,-1,1,-99,-0.099
11,"xotask","easy","easy",0.868,1,1,-99,-0.099
11,"xotask","easy","easy",0.585,1,1,-99,-0.099
11,"xotask","easy","easy",0.518,1,1,-99,-0.099
11,"xotask","easy","easy",0.769,-1,1,-99,-0.099
11,"xotask","easy","easy",0.652,-1,1,-99,-0.099
11,"xotask","easy","easy",0.851,1,1,-99,-0.099
11,"xotask","easy","easy",0.651,-1,0,-99,-0.099
11,"xotask","easy","easy",1.52,1,1,-99,-0.099
11,"xotask","easy","easy",0.668,1,1,-99,-0.099
11,"xotask","easy","easy",1.836,-1,1,-99,-0.099
11,"xotask","easy","easy",0.567,1,1,-99,-0.099
11,"xotask","easy","easy",0.518,1,1,-99,-0.099
11,"xotask","easy","easy",0.535,1,1,-99,-0.099
11,"xotask","easy","easy",0.918,-1,1,-99,-0.099
11,"xotask","easy","easy",0.784,-1,1,-99,-0.099
11,"xotask","easy","easy",1.57,1,0,-99,-0.099
11,"xotask","easy","easy",0.602,-1,1,-99,-0.099
11,"xotask","easy","easy",0.801,-1,1,-99,-0.099
11,"xotask","easy","easy",0.585,1,1,-99,-0.099
11,"xotask","easy","easy",0.585,1,1,-99,-0.099
11,"dotcolour","average","average",1.619,-1,1,-99,-0.099
11,"dotcolour","average","average",1.402,1,1,-99,-0.099
11,"dotcolour","average","average",0.819,-1,1,-99,-0.099
11,"dotcolour","average","average",1.769,1,1,-99,-0.099
11,"dotcolour","average","average",1.301,1,1,-99,-0.099
11,"dotcolour","average","average",0.768,-1,1,-99,-0.099
11,"dotcolour","average","average",2.52,1,1,-99,-0.099
11,"dotcolour","average","average",0.685,-1,1,-99,-0.099
11,"dotcolour","average","average",0.652,-1,1,-99,-0.099
11,"dotcolour","average","average",2.37,-1,0,-99,-0.099
11,"dotcolour","average","average",0.968,-1,1,-99,-0.099
11,"dotcolour","average","average",1.118,1,1,-99,-0.099
11,"dotcolour","average","average",2.203,-1,0,-99,-0.099
11,"dotcolour","average","average",1.52,1,1,-99,-0.099
11,"dotcolour","average","average",1.368,-1,0,-99,-0.099
11,"dotcolour","average","average",0.752,-1,1,-99,-0.099
11,"dotcolour","average","average",1.201,-1,1,-99,-0.099
11,"dotcolour","average","average",1.636,1,1,-99,-0.099
11,"dotcolour","average","average",0.685,-1,1,-99,-0.099
11,"dotcolour","average","average",0.834,-1,1,-99,-0.099
11,"dotcolour","average","average",0.602,-1,1,-99,-0.099
11,"dotcolour","average","average",1.002,-1,1,-99,-0.099
11,"dotcolour","average","average",1.603,-1,0,-99,-0.099
11,"dotcolour","average","average",1.435,1,1,-99,-0.099
11,"dotcolour","average","average",1.67,-1,0,-99,-0.099
11,"dotcolour","average","average",0.886,-1,1,-99,-0.099
11,"dotcolour","average","average",1.952,1,1,-99,-0.099
11,"dotcolour","average","average",0.785,-1,1,-99,-0.099
11,"dotcolour","average","average",1.335,-1,1,-99,-0.099
11,"dotcolour","average","average",1.52,1,1,-99,-0.099
11,"dotcolour","average","average",0.769,-1,1,-99,-0.099
11,"dotcolour","average","average",1.069,-1,0,-99,-0.099
11,"dotcolour","average","average",0.919,-1,1,-99,-0.099
11,"dotcolour","average","average",0.685,-1,1,-99,-0.099
11,"dotcolour","average","average",0.968,-1,0,-99,-0.099
11,"dotcolour","average","average",0.652,-1,1,-99,-0.099
11,"dotcolour","average","average",0.552,-1,1,-99,-0.099
11,"dotcolour","average","average",1.236,1,1,-99,-0.099
11,"dotcolour","average","average",1.402,1,1,-99,-0.099
11,"dotcolour","average","average",0.668,-1,1,-99,-0.099
11,"dotcolour","average","average",2.236,1,1,-99,-0.099
11,"dotcolour","average","average",0.935,1,1,-99,-0.099
11,"dotcolour","average","average",1.019,-1,0,-99,-0.099
11,"dotcolour","average","average",2.154,1,1,-99,-0.099
11,"dotcolour","average","average",0.718,-1,1,-99,-0.099
11,"dotcolour","average","average",0.601,-1,1,-99,-0.099
11,"dotcolour","average","average",1.587,1,1,-99,-0.099
11,"dotcolour","average","average",0.969,-1,1,-99,-0.099
11,"dotcolour","average","average",0.918,1,1,-99,-0.099
11,"dotcolour","average","average",0.802,-1,1,-99,-0.099
11,"dotcolour","average","average",1.37,1,1,-99,-0.099
11,"dotcolour","average","average",1.285,1,1,-99,-0.099
11,"dotcolour","average","average",0.584,-1,1,-99,-0.099
11,"dotcolour","average","average",0.902,-1,1,-99,-0.099
11,"dotcolour","average","average",2.47,-1,0,-99,-0.099
11,"dotcolour","average","average",1.235,1,1,-99,-0.099
11,"dotcolour","average","average",1.72,-1,0,-99,-0.099
11,"dotcolour","average","average",0.635,-1,1,-99,-0.099
11,"dotcolour","average","average",1.703,1,1,-99,-0.099
11,"dotcolour","average","average",0.568,-1,1,-99,-0.099
11,"dotcolour","average","average",1.753,1,1,-99,-0.099
11,"dotcolour","average","average",1.785,1,1,-99,-0.099
11,"dotcolour","average","average",1.503,1,1,-99,-0.099
11,"dotcolour","average","average",1.652,1,1,-99,-0.099
11,"dotcolour","average","average",0.618,-1,1,-99,-0.099
11,"dotcolour","average","average",0.802,-1,1,-99,-0.099
11,"dotcolour","average","average",1.303,-1,1,-99,-0.099
11,"dotcolour","average","average",0.852,-1,1,-99,-0.099
11,"dotcolour","average","average",0.919,1,1,-99,-0.099
11,"dotcolour","average","average",0.768,-1,1,-99,-0.099
11,"dotcolour","average","average",0.818,-1,1,-99,-0.099
11,"dotcolour","average","average",1.002,-1,1,-99,-0.099
11,"dotcolour","average","average",2.653,-1,1,-99,-0.099
11,"dotcolour","average","average",1.802,-1,1,-99,-0.099
11,"dotcolour","average","average",1.403,-1,0,-99,-0.099
11,"dotcolour","average","average",0.685,-1,1,-99,-0.099
11,"dotcolour","average","average",0.534,-1,1,-99,-0.099
11,"dotcolour","average","average",0.751,1,1,-99,-0.099
11,"dotcolour","average","average",0.651,-1,1,-99,-0.099
11,"dotcolour","average","average",0.936,1,1,-99,-0.099
11,"dotcolour","average","average",0.985,-1,0,-99,-0.099
11,"dotcolour","average","average",1.085,1,1,-99,-0.099
11,"dotcolour","average","average",1.469,1,1,-99,-0.099
11,"dotcolour","average","average",0.852,1,1,-99,-0.099
11,"dotcolour","average","average",0.769,-1,1,-99,-0.099
11,"dotcolour","average","average",0.619,1,0,-99,-0.099
11,"dotcolour","average","average",2.904,1,1,-99,-0.099
11,"dotcolour","average","average",0.635,-1,1,-99,-0.099
11,"dotcolour","average","average",0.719,1,1,-99,-0.099
11,"dotcolour","average","average",1.069,1,1,-99,-0.099
11,"dotcolour","average","average",0.634,-1,1,-99,-0.099
11,"dotcolour","average","average",1.553,1,1,-99,-0.099
11,"dotcolour","average","average",1.019,-1,1,-99,-0.099
11,"dotcolour","average","average",1.103,-1,0,-99,-0.099
11,"dotcolour","average","average",0.835,1,0,-99,-0.099
11,"dotcolour","average","average",0.685,-1,1,-99,-0.099
11,"dotcolour","average","average",2.554,1,0,-99,-0.099
11,"dotcolour","average","average",0.718,-1,1,-99,-0.099
11,"dotcolour","average","average",0.618,-1,1,-99,-0.099
11,"dotcolour","average","average",0.684,-1,1,-99,-0.099
11,"dotcolour","average","average",0.902,-1,0,-99,-0.099
11,"dotcolour","average","average",1.268,1,1,-99,-0.099
11,"dotcolour","average","average",1.653,1,1,-99,-0.099
11,"dotcolour","average","average",1.553,1,1,-99,-0.099
11,"dotcolour","average","average",1.419,-1,1,-99,-0.099
11,"dotcolour","average","average",1.302,1,1,-99,-0.099
11,"dotcolour","average","average",1.118,1,1,-99,-0.099
11,"dotcolour","average","average",0.935,-1,1,-99,-0.099
11,"dotcolour","average","average",1.236,1,1,-99,-0.099
11,"dotcolour","average","average",1.019,-1,1,-99,-0.099
11,"dotcolour","average","average",1.619,-1,0,-99,-0.099
11,"dotcolour","average","average",1.118,-1,0,-99,-0.099
11,"dotcolour","average","average",1.77,1,1,-99,-0.099
11,"dotcolour","average","average",0.902,-1,1,-99,-0.099
11,"dotcolour","average","average",0.702,-1,0,-99,-0.099
11,"dotcolour","average","average",0.602,-1,1,-99,-0.099
11,"dotcolour","average","average",1.017,-1,1,-99,-0.099
11,"dotcolour","average","average",0.485,-1,1,-99,-0.099
11,"dotcolour","average","average",0.784,-1,0,-99,-0.099
11,"dotcolour","average","average",0.585,-1,1,-99,-0.099
13,"dotcolour","easy","easy",1.853,-1,0,-99,-0.099
13,"dotcolour","easy","easy",1.052,-1,1,-99,-0.099
13,"dotcolour","easy","easy",1.252,1,1,-99,-0.099
13,"dotcolour","easy","easy",0.868,-1,0,-99,-0.099
13,"dotcolour","easy","easy",1.018,1,1,-99,-0.099
13,"dotcolour","easy","easy",0.818,1,1,-99,-0.099
13,"dotcolour","easy","easy",0.752,-1,1,-99,-0.099
13,"dotcolour","easy","easy",0.652,1,1,-99,-0.099
13,"dotcolour","easy","easy",0.635,-1,1,-99,-0.099
13,"dotcolour","easy","easy",0.601,1,1,-99,-0.099
13,"dotcolour","easy","easy",0.654,-1,1,-99,-0.099
13,"dotcolour","easy","easy",1.236,1,1,-99,-0.099
13,"dotcolour","easy","easy",0.969,1,1,-99,-0.099
13,"dotcolour","easy","easy",0.568,-1,1,-99,-0.099
13,"dotcolour","easy","easy",0.667,-1,1,-99,-0.099
13,"dotcolour","easy","easy",0.701,-1,1,-99,-0.099
13,"dotcolour","easy","easy",0.719,-1,1,-99,-0.099
13,"dotcolour","easy","easy",0.719,1,1,-99,-0.099
13,"dotcolour","easy","easy",1.686,-1,1,-99,-0.099
13,"dotcolour","easy","easy",0.653,-1,1,-99,-0.099
13,"dotcolour","easy","easy",0.986,1,1,-99,-0.099
13,"dotcolour","easy","easy",0.818,-1,1,-99,-0.099
13,"dotcolour","easy","easy",2.219,1,0,-99,-0.099
13,"dotcolour","easy","easy",0.984,1,1,-99,-0.099
13,"dotcolour","easy","easy",0.769,-1,1,-99,-0.099
13,"dotcolour","easy","easy",0.751,1,1,-99,-0.099
13,"dotcolour","easy","easy",0.735,-1,1,-99,-0.099
13,"dotcolour","easy","easy",0.651,-1,1,-99,-0.099
13,"dotcolour","easy","easy",0.685,1,1,-99,-0.099
13,"dotcolour","easy","easy",0.551,1,1,-99,-0.099
13,"dotcolour","easy","easy",0.636,1,1,-99,-0.099
13,"dotcolour","easy","easy",0.536,-1,1,-99,-0.099
13,"dotcolour","easy","easy",0.535,-1,1,-99,-0.099
13,"dotcolour","easy","easy",0.602,1,1,-99,-0.099
13,"dotcolour","easy","easy",0.668,-1,1,-99,-0.099
13,"dotcolour","easy","easy",0.868,1,1,-99,-0.099
13,"dotcolour","easy","easy",1.236,1,1,-99,-0.099
13,"dotcolour","easy","easy",0.536,-1,1,-99,-0.099
13,"dotcolour","easy","easy",0.468,-1,1,-99,-0.099
13,"dotcolour","easy","easy",0.586,1,1,-99,-0.099
13,"dotcolour","easy","easy",0.685,-1,1,-99,-0.099
13,"dotcolour","easy","easy",0.552,-1,1,-99,-0.099
13,"dotcolour","easy","easy",0.468,1,1,-99,-0.099
13,"dotcolour","easy","easy",0.668,1,1,-99,-0.099
13,"dotcolour","easy","easy",0.502,-1,1,-99,-0.099
13,"dotcolour","easy","easy",0.601,-1,1,-99,-0.099
13,"dotcolour","easy","easy",0.65,1,1,-99,-0.099
13,"dotcolour","easy","easy",0.718,1,1,-99,-0.099
13,"dotcolour","easy","easy",0.986,1,1,-99,-0.099
13,"dotcolour","easy","easy",0.702,-1,1,-99,-0.099
13,"dotcolour","easy","easy",0.718,-1,1,-99,-0.099
13,"dotcolour","easy","easy",0.585,1,1,-99,-0.099
13,"dotcolour","easy","easy",0.635,-1,1,-99,-0.099
13,"dotcolour","easy","easy",0.436,-1,1,-99,-0.099
13,"dotcolour","easy","easy",0.918,1,1,-99,-0.099
13,"dotcolour","easy","easy",0.718,1,1,-99,-0.099
13,"dotcolour","easy","easy",0.435,-1,1,-99,-0.099
13,"dotcolour","easy","easy",0.401,-1,1,-99,-0.099
13,"dotcolour","easy","easy",0.551,1,1,-99,-0.099
13,"dotcolour","easy","easy",0.585,1,1,-99,-0.099
13,"dotcolour","easy","easy",0.468,-1,1,-99,-0.099
13,"dotcolour","easy","easy",0.601,-1,1,-99,-0.099
13,"dotcolour","easy","easy",0.768,1,1,-99,-0.099
13,"dotcolour","easy","easy",0.602,1,1,-99,-0.099
13,"dotcolour","easy","easy",0.636,-1,1,-99,-0.099
13,"dotcolour","easy","easy",0.885,1,1,-99,-0.099
13,"dotcolour","easy","easy",0.635,-1,1,-99,-0.099
13,"dotcolour","easy","easy",0.634,1,1,-99,-0.099
13,"dotcolour","easy","easy",0.486,-1,1,-99,-0.099
13,"dotcolour","easy","easy",0.435,1,1,-99,-0.099
13,"dotcolour","easy","easy",0.568,1,1,-99,-0.099
13,"dotcolour","easy","easy",0.585,-1,1,-99,-0.099
13,"dotcolour","easy","easy",0.685,-1,1,-99,-0.099
13,"dotcolour","easy","easy",0.602,-1,1,-99,-0.099
13,"dotcolour","easy","easy",0.502,1,1,-99,-0.099
13,"dotcolour","easy","easy",0.603,-1,1,-99,-0.099
13,"dotcolour","easy","easy",0.485,-1,1,-99,-0.099
13,"dotcolour","easy","easy",0.601,1,1,-99,-0.099
13,"dotcolour","easy","easy",0.667,-1,1,-99,-0.099
13,"dotcolour","easy","easy",0.435,1,1,-99,-0.099
13,"dotcolour","easy","easy",1.119,-1,1,-99,-0.099
13,"dotcolour","easy","easy",0.452,-1,1,-99,-0.099
13,"dotcolour","easy","easy",0.802,1,1,-99,-0.099
13,"dotcolour","easy","easy",0.902,1,1,-99,-0.099
13,"dotcolour","easy","easy",0.636,1,1,-99,-0.099
13,"dotcolour","easy","easy",0.768,1,1,-99,-0.099
13,"dotcolour","easy","easy",0.852,-1,1,-99,-0.099
13,"dotcolour","easy","easy",0.768,1,1,-99,-0.099
13,"dotcolour","easy","easy",0.652,1,1,-99,-0.099
13,"dotcolour","easy","easy",0.769,-1,1,-99,-0.099
13,"dotcolour","easy","easy",0.769,-1,1,-99,-0.099
13,"dotcolour","easy","easy",0.869,-1,1,-99,-0.099
13,"dotcolour","easy","easy",1.068,-1,1,-99,-0.099
13,"dotcolour","easy","easy",0.352,1,1,-99,-0.099
13,"dotcolour","easy","easy",0.469,1,1,-99,-0.099
13,"dotcolour","easy","easy",0.534,1,1,-99,-0.099
13,"dotcolour","easy","easy",0.702,1,1,-99,-0.099
13,"dotcolour","easy","easy",0.569,1,1,-99,-0.099
13,"dotcolour","easy","easy",0.434,1,1,-99,-0.099
13,"dotcolour","easy","easy",0.385,-1,1,-99,-0.099
13,"dotcolour","easy","easy",0.552,-1,1,-99,-0.099
13,"dotcolour","easy","easy",0.602,1,1,-99,-0.099
13,"dotcolour","easy","easy",0.501,-1,1,-99,-0.099
13,"dotcolour","easy","easy",0.584,1,1,-99,-0.099
13,"dotcolour","easy","easy",0.502,-1,1,-99,-0.099
13,"dotcolour","easy","easy",0.718,1,1,-99,-0.099
13,"dotcolour","easy","easy",0.468,1,1,-99,-0.099
13,"dotcolour","easy","easy",0.385,1,1,-99,-0.099
13,"dotcolour","easy","easy",0.685,-1,1,-99,-0.099
13,"dotcolour","easy","easy",0.569,1,1,-99,-0.099
13,"dotcolour","easy","easy",0.536,-1,1,-99,-0.099
13,"dotcolour","easy","easy",0.552,-1,1,-99,-0.099
13,"dotcolour","easy","easy",0.569,1,1,-99,-0.099
13,"dotcolour","easy","easy",0.502,-1,1,-99,-0.099
13,"dotcolour","easy","easy",0.451,1,1,-99,-0.099
13,"dotcolour","easy","easy",0.836,-1,1,-99,-0.099
13,"dotcolour","easy","easy",0.519,-1,1,-99,-0.099
13,"dotcolour","easy","easy",0.451,-1,1,-99,-0.099
13,"dotcolour","easy","easy",0.502,1,1,-99,-0.099
13,"dotcolour","easy","easy",0.469,-1,1,-99,-0.099
13,"dotnumber","average","average",1.336,1,1,-99,-0.099
13,"dotnumber","average","average",1.919,-1,1,-99,-0.099
13,"dotnumber","average","average",0.868,-1,1,-99,-0.099
13,"dotnumber","average","average",1.202,-1,0,-99,-0.099
13,"dotnumber","average","average",1.286,1,0,-99,-0.099
13,"dotnumber","average","average",0.769,-1,0,-99,-0.099
13,"dotnumber","average","average",1.185,1,1,-99,-0.099
13,"dotnumber","average","average",1.035,-1,0,-99,-0.099
13,"dotnumber","average","average",2.037,1,0,-99,-0.099
13,"dotnumber","average","average",0.818,1,1,-99,-0.099
13,"dotnumber","average","average",1.019,-1,1,-99,-0.099
13,"dotnumber","average","average",0.985,-1,1,-99,-0.099
13,"dotnumber","average","average",1.503,-1,1,-99,-0.099
13,"dotnumber","average","average",1.369,1,0,-99,-0.099
13,"dotnumber","average","average",0.619,1,1,-99,-0.099
13,"dotnumber","average","average",0.785,-1,0,-99,-0.099
13,"dotnumber","average","average",0.936,-1,1,-99,-0.099
13,"dotnumber","average","average",1.136,-1,0,-99,-0.099
13,"dotnumber","average","average",0.769,1,1,-99,-0.099
13,"dotnumber","average","average",1.202,1,1,-99,-0.099
13,"dotnumber","average","average",0.634,1,1,-99,-0.099
13,"dotnumber","average","average",0.836,1,0,-99,-0.099
13,"dotnumber","average","average",0.668,-1,1,-99,-0.099
13,"dotnumber","average","average",0.702,-1,1,-99,-0.099
13,"dotnumber","average","average",0.751,-1,1,-99,-0.099
13,"dotnumber","average","average",0.768,1,1,-99,-0.099
13,"dotnumber","average","average",0.619,-1,1,-99,-0.099
13,"dotnumber","average","average",1.085,-1,0,-99,-0.099
13,"dotnumber","average","average",0.835,1,1,-99,-0.099
13,"dotnumber","average","average",1.62,1,0,-99,-0.099
13,"dotnumber","average","average",0.769,1,1,-99,-0.099
13,"dotnumber","average","average",0.819,1,1,-99,-0.099
13,"dotnumber","average","average",2.336,-1,0,-99,-0.099
13,"dotnumber","average","average",0.701,1,1,-99,-0.099
13,"dotnumber","average","average",0.852,-1,1,-99,-0.099
13,"dotnumber","average","average",0.735,-1,1,-99,-0.099
13,"dotnumber","average","average",0.702,1,1,-99,-0.099
13,"dotnumber","average","average",0.651,1,1,-99,-0.099
13,"dotnumber","average","average",0.919,-1,1,-99,-0.099
13,"dotnumber","average","average",1.07,1,1,-99,-0.099
13,"dotnumber","average","average",0.785,-1,1,-99,-0.099
13,"dotnumber","average","average",0.685,-1,1,-99,-0.099
13,"dotnumber","average","average",0.819,-1,1,-99,-0.099
13,"dotnumber","average","average",0.868,-1,1,-99,-0.099
13,"dotnumber","average","average",0.769,-1,1,-99,-0.099
13,"dotnumber","average","average",1.152,1,1,-99,-0.099
13,"dotnumber","average","average",0.686,1,1,-99,-0.099
13,"dotnumber","average","average",1.453,-1,1,-99,-0.099
13,"dotnumber","average","average",0.951,-1,0,-99,-0.099
13,"dotnumber","average","average",0.652,-1,1,-99,-0.099
13,"dotnumber","average","average",0.685,1,1,-99,-0.099
13,"dotnumber","average","average",1.135,-1,0,-99,-0.099
13,"dotnumber","average","average",0.818,1,1,-99,-0.099
13,"dotnumber","average","average",0.834,-1,1,-99,-0.099
13,"dotnumber","average","average",0.769,1,1,-99,-0.099
13,"dotnumber","average","average",0.769,-1,1,-99,-0.099
13,"dotnumber","average","average",1.253,1,1,-99,-0.099
13,"dotnumber","average","average",0.617,-1,1,-99,-0.099
13,"dotnumber","average","average",1.27,-1,0,-99,-0.099
13,"dotnumber","average","average",0.651,-1,1,-99,-0.099
13,"dotnumber","average","average",1.02,1,0,-99,-0.099
13,"dotnumber","average","average",1.103,1,1,-99,-0.099
13,"dotnumber","average","average",0.653,-1,1,-99,-0.099
13,"dotnumber","average","average",0.785,1,0,-99,-0.099
13,"dotnumber","average","average",1.086,1,1,-99,-0.099
13,"dotnumber","average","average",0.803,1,1,-99,-0.099
13,"dotnumber","average","average",0.735,-1,1,-99,-0.099
13,"dotnumber","average","average",0.501,-1,1,-99,-0.099
13,"dotnumber","average","average",1.268,1,1,-99,-0.099
13,"dotnumber","average","average",0.651,-1,0,-99,-0.099
13,"dotnumber","average","average",0.434,1,0,-99,-0.099
13,"dotnumber","average","average",0.436,-1,1,-99,-0.099
13,"dotnumber","average","average",0.653,1,1,-99,-0.099
13,"dotnumber","average","average",0.384,-1,1,-99,-0.099
13,"dotnumber","average","average",0.718,1,1,-99,-0.099
13,"dotnumber","average","average",0.619,-1,1,-99,-0.099
13,"dotnumber","average","average",0.535,1,1,-99,-0.099
13,"dotnumber","average","average",0.784,-1,1,-99,-0.099
13,"dotnumber","average","average",0.968,-1,1,-99,-0.099
13,"dotnumber","average","average",0.702,1,0,-99,-0.099
13,"dotnumber","average","average",0.986,1,1,-99,-0.099
13,"dotnumber","average","average",0.468,1,1,-99,-0.099
13,"dotnumber","average","average",0.769,-1,1,-99,-0.099
13,"dotnumber","average","average",3.871,1,1,-99,-0.099
13,"dotnumber","average","average",0.818,1,1,-99,-0.099
13,"dotnumber","average","average",0.669,1,1,-99,-0.099
13,"dotnumber","average","average",0.652,-1,1,-99,-0.099
13,"dotnumber","average","average",0.934,1,1,-99,-0.099
13,"dotnumber","average","average",0.651,-1,1,-99,-0.099
13,"dotnumber","average","average",0.819,1,0,-99,-0.099
13,"dotnumber","average","average",0.701,1,1,-99,-0.099
13,"dotnumber","average","average",0.651,-1,1,-99,-0.099
13,"dotnumber","average","average",0.585,-1,1,-99,-0.099
13,"dotnumber","average","average",0.802,1,1,-99,-0.099
13,"dotnumber","average","average",1.002,1,0,-99,-0.099
13,"dotnumber","average","average",0.468,-1,0,-99,-0.099
13,"dotnumber","average","average",0.885,-1,1,-99,-0.099
13,"dotnumber","average","average",1.252,1,1,-99,-0.099
13,"dotnumber","average","average",0.753,1,1,-99,-0.099
13,"dotnumber","average","average",0.685,1,1,-99,-0.099
13,"dotnumber","average","average",0.884,-1,0,-99,-0.099
13,"dotnumber","average","average",1.235,1,1,-99,-0.099
13,"dotnumber","average","average",0.601,-1,1,-99,-0.099
13,"dotnumber","average","average",0.667,-1,1,-99,-0.099
13,"dotnumber","average","average",0.734,-1,1,-99,-0.099
13,"dotnumber","average","average",0.752,-1,0,-99,-0.099
13,"dotnumber","average","average",0.669,-1,1,-99,-0.099
13,"dotnumber","average","average",0.584,-1,1,-99,-0.099
13,"dotnumber","average","average",0.852,-1,1,-99,-0.099
13,"dotnumber","average","average",0.636,-1,1,-99,-0.099
13,"dotnumber","average","average",0.769,-1,1,-99,-0.099
13,"dotnumber","average","average",0.767,1,1,-99,-0.099
13,"dotnumber","average","average",0.902,1,1,-99,-0.099
13,"dotnumber","average","average",0.819,-1,1,-99,-0.099
13,"dotnumber","average","average",1.186,1,1,-99,-0.099
13,"dotnumber","average","average",0.803,1,1,-99,-0.099
13,"dotnumber","average","average",0.768,-1,1,-99,-0.099
13,"dotnumber","average","average",0.768,1,1,-99,-0.099
13,"dotnumber","average","average",0.885,-1,1,-99,-0.099
13,"dotnumber","average","average",0.735,1,1,-99,-0.099
13,"xotask","hard","hard",1.318,-1,1,-99,-0.099
13,"xotask","hard","hard",0.902,-1,1,-99,-0.099
13,"xotask","hard","hard",0.635,1,1,-99,-0.099
13,"xotask","hard","hard",0.818,-1,1,-99,-0.099
13,"xotask","hard","hard",0.719,-1,1,-99,-0.099
13,"xotask","hard","hard",0.734,1,1,-99,-0.099
13,"xotask","hard","hard",0.585,1,0,-99,-0.099
13,"xotask","hard","hard",0.952,1,1,-99,-0.099
13,"xotask","hard","hard",0.635,-1,1,-99,-0.099
13,"xotask","hard","hard",0.584,1,1,-99,-0.099
13,"xotask","hard","hard",0.618,1,1,-99,-0.099
13,"xotask","hard","hard",0.969,1,0,-99,-0.099
13,"xotask","hard","hard",0.886,1,0,-99,-0.099
13,"xotask","hard","hard",0.819,-1,0,-99,-0.099
13,"xotask","hard","hard",0.702,1,0,-99,-0.099
13,"xotask","hard","hard",0.669,-1,1,-99,-0.099
13,"xotask","hard","hard",0.769,-1,0,-99,-0.099
13,"xotask","hard","hard",0.852,-1,0,-99,-0.099
13,"xotask","hard","hard",0.668,1,0,-99,-0.099
13,"xotask","hard","hard",0.934,-1,1,-99,-0.099
13,"xotask","hard","hard",1.469,1,1,-99,-0.099
13,"xotask","hard","hard",0.853,1,1,-99,-0.099
13,"xotask","hard","hard",0.785,-1,0,-99,-0.099
13,"xotask","hard","hard",1.035,1,1,-99,-0.099
13,"xotask","hard","hard",0.868,1,0,-99,-0.099
13,"xotask","hard","hard",0.735,-1,0,-99,-0.099
13,"xotask","hard","hard",0.718,-1,0,-99,-0.099
13,"xotask","hard","hard",0.869,-1,1,-99,-0.099
13,"xotask","hard","hard",0.985,-1,0,-99,-0.099
13,"xotask","hard","hard",0.702,1,1,-99,-0.099
13,"xotask","hard","hard",0.702,-1,1,-99,-0.099
13,"xotask","hard","hard",0.635,-1,1,-99,-0.099
13,"xotask","hard","hard",1.469,1,0,-99,-0.099
13,"xotask","hard","hard",0.618,-1,1,-99,-0.099
13,"xotask","hard","hard",0.969,-1,0,-99,-0.099
13,"xotask","hard","hard",0.619,1,1,-99,-0.099
13,"xotask","hard","hard",0.417,-1,1,-99,-0.099
13,"xotask","hard","hard",0.384,1,0,-99,-0.099
13,"xotask","hard","hard",0.385,-1,0,-99,-0.099
13,"xotask","hard","hard",0.451,1,1,-99,-0.099
13,"xotask","hard","hard",0.519,1,1,-99,-0.099
13,"xotask","hard","hard",0.468,-1,1,-99,-0.099
13,"xotask","hard","hard",0.736,-1,0,-99,-0.099
13,"xotask","hard","hard",0.785,-1,1,-99,-0.099
13,"xotask","hard","hard",0.685,-1,1,-99,-0.099
13,"xotask","hard","hard",0.752,1,1,-99,-0.099
13,"xotask","hard","hard",1.119,1,1,-99,-0.099
13,"xotask","hard","hard",1.069,1,0,-99,-0.099
13,"xotask","hard","hard",1.319,1,1,-99,-0.099
13,"xotask","hard","hard",0.417,-1,1,-99,-0.099
13,"xotask","hard","hard",0.953,-1,0,-99,-0.099
13,"xotask","hard","hard",0.802,1,0,-99,-0.099
13,"xotask","hard","hard",1.102,1,0,-99,-0.099
13,"xotask","hard","hard",0.786,-1,0,-99,-0.099
13,"xotask","hard","hard",0.968,1,0,-99,-0.099
13,"xotask","hard","hard",0.853,1,0,-99,-0.099
13,"xotask","hard","hard",0.818,1,0,-99,-0.099
13,"xotask","hard","hard",1.403,-1,0,-99,-0.099
13,"xotask","hard","hard",1.152,1,1,-99,-0.099
13,"xotask","hard","hard",5.222,1,1,-99,-0.099
13,"xotask","hard","hard",0.768,-1,0,-99,-0.099
13,"xotask","hard","hard",0.836,-1,1,-99,-0.099
13,"xotask","hard","hard",0.685,1,1,-99,-0.099
13,"xotask","hard","hard",0.869,-1,1,-99,-0.099
13,"xotask","hard","hard",0.634,-1,0,-99,-0.099
13,"xotask","hard","hard",0.752,1,1,-99,-0.099
13,"xotask","hard","hard",1.186,-1,0,-99,-0.099
13,"xotask","hard","hard",0.652,1,1,-99,-0.099
13,"xotask","hard","hard",0.852,-1,1,-99,-0.099
13,"xotask","hard","hard",0.935,-1,1,-99,-0.099
13,"xotask","hard","hard",0.884,-1,1,-99,-0.099
13,"xotask","hard","hard",1.169,-1,1,-99,-0.099
13,"xotask","hard","hard",0.751,1,1,-99,-0.099
13,"xotask","hard","hard",0.569,1,1,-99,-0.099
13,"xotask","hard","hard",0.618,1,0,-99,-0.099
13,"xotask","hard","hard",0.735,1,1,-99,-0.099
13,"xotask","hard","hard",0.669,-1,1,-99,-0.099
13,"xotask","hard","hard",0.986,-1,1,-99,-0.099
13,"xotask","hard","hard",2.135,1,1,-99,-0.099
13,"xotask","hard","hard",0.635,-1,0,-99,-0.099
13,"xotask","hard","hard",1.169,1,1,-99,-0.099
13,"xotask","hard","hard",0.718,-1,1,-99,-0.099
13,"xotask","hard","hard",0.752,-1,1,-99,-0.099
13,"xotask","hard","hard",0.735,1,1,-99,-0.099
13,"xotask","hard","hard",1.002,-1,0,-99,-0.099
13,"xotask","hard","hard",0.802,1,0,-99,-0.099
13,"xotask","hard","hard",0.951,1,0,-99,-0.099
13,"xotask","hard","hard",0.818,-1,0,-99,-0.099
13,"xotask","hard","hard",0.652,1,0,-99,-0.099
13,"xotask","hard","hard",0.935,-1,0,-99,-0.099
13,"xotask","hard","hard",0.918,1,1,-99,-0.099
13,"xotask","hard","hard",0.918,1,0,-99,-0.099
13,"xotask","hard","hard",0.918,-1,1,-99,-0.099
13,"xotask","hard","hard",0.801,1,0,-99,-0.099
13,"xotask","hard","hard",1.135,1,0,-99,-0.099
13,"xotask","hard","hard",0.668,1,1,-99,-0.099
13,"xotask","hard","hard",0.635,1,1,-99,-0.099
13,"xotask","hard","hard",0.601,-1,0,-99,-0.099
13,"xotask","hard","hard",0.735,1,1,-99,-0.099
13,"xotask","hard","hard",0.585,1,1,-99,-0.099
13,"xotask","hard","hard",0.685,1,0,-99,-0.099
13,"xotask","hard","hard",0.585,-1,0,-99,-0.099
13,"xotask","hard","hard",0.418,1,0,-99,-0.099
13,"xotask","hard","hard",1.052,1,1,-99,-0.099
13,"xotask","hard","hard",0.718,-1,0,-99,-0.099
13,"xotask","hard","hard",1.936,-1,1,-99,-0.099
13,"xotask","hard","hard",0.652,-1,0,-99,-0.099
13,"xotask","hard","hard",0.535,1,1,-99,-0.099
13,"xotask","hard","hard",0.685,1,1,-99,-0.099
13,"xotask","hard","hard",2.687,1,0,-99,-0.099
13,"xotask","hard","hard",1.503,-1,1,-99,-0.099
13,"xotask","hard","hard",1.769,-1,1,-99,-0.099
13,"xotask","hard","hard",0.935,1,0,-99,-0.099
13,"xotask","hard","hard",1.036,1,0,-99,-0.099
13,"xotask","hard","hard",0.148,1,0,-99,-0.099
13,"xotask","hard","hard",0.719,1,0,-99,-0.099
13,"xotask","hard","hard",0.618,1,0,-99,-0.099
13,"xotask","hard","hard",0.718,-1,0,-99,-0.099
13,"xotask","hard","hard",0.802,-1,1,-99,-0.099
13,"xotask","hard","hard",0.751,-1,0,-99,-0.099
14,"dotnumber","average","average",2.004,1,1,-99,-0.099
14,"dotnumber","average","average",1.202,-1,1,-99,-0.099
14,"dotnumber","average","average",1.702,-1,1,-99,-0.099
14,"dotnumber","average","average",1.819,1,1,-99,-0.099
14,"dotnumber","average","average",1.319,1,1,-99,-0.099
14,"dotnumber","average","average",0.903,-1,1,-99,-0.099
14,"dotnumber","average","average",0.785,1,1,-99,-0.099
14,"dotnumber","average","average",1.036,1,1,-99,-0.099
14,"dotnumber","average","average",0.834,-1,1,-99,-0.099
14,"dotnumber","average","average",1.085,1,1,-99,-0.099
14,"dotnumber","average","average",0.719,-1,1,-99,-0.099
14,"dotnumber","average","average",0.685,1,1,-99,-0.099
14,"dotnumber","average","average",1.202,-1,1,-99,-0.099
14,"dotnumber","average","average",0.919,1,1,-99,-0.099
14,"dotnumber","average","average",0.736,1,1,-99,-0.099
14,"dotnumber","average","average",1.369,1,1,-99,-0.099
14,"dotnumber","average","average",1.453,-1,1,-99,-0.099
14,"dotnumber","average","average",1.736,-1,1,-99,-0.099
14,"dotnumber","average","average",1.619,-1,1,-99,-0.099
14,"dotnumber","average","average",1.036,1,1,-99,-0.099
14,"dotnumber","average","average",1.904,-1,1,-99,-0.099
14,"dotnumber","average","average",1.486,-1,1,-99,-0.099
14,"dotnumber","average","average",0.885,-1,1,-99,-0.099
14,"dotnumber","average","average",0.852,1,1,-99,-0.099
14,"dotnumber","average","average",1.12,1,1,-99,-0.099
14,"dotnumber","average","average",1.118,1,1,-99,-0.099
14,"dotnumber","average","average",1.002,-1,1,-99,-0.099
14,"dotnumber","average","average",0.702,-1,1,-99,-0.099
14,"dotnumber","average","average",0.785,-1,1,-99,-0.099
14,"dotnumber","average","average",0.585,1,1,-99,-0.099
14,"dotnumber","average","average",0.768,1,1,-99,-0.099
14,"dotnumber","average","average",1.385,-1,1,-99,-0.099
14,"dotnumber","average","average",0.751,1,1,-99,-0.099
14,"dotnumber","average","average",1.035,-1,1,-99,-0.099
14,"dotnumber","average","average",1.018,-1,1,-99,-0.099
14,"dotnumber","average","average",0.785,1,1,-99,-0.099
14,"dotnumber","average","average",0.602,1,1,-99,-0.099
14,"dotnumber","average","average",1.77,1,1,-99,-0.099
14,"dotnumber","average","average",0.568,1,1,-99,-0.099
14,"dotnumber","average","average",0.652,-1,1,-99,-0.099
14,"dotnumber","average","average",0.719,-1,1,-99,-0.099
14,"dotnumber","average","average",0.686,1,1,-99,-0.099
14,"dotnumber","average","average",1.303,1,0,-99,-0.099
14,"dotnumber","average","average",0.585,-1,1,-99,-0.099
14,"dotnumber","average","average",1.052,1,0,-99,-0.099
14,"dotnumber","average","average",1.152,-1,1,-99,-0.099
14,"dotnumber","average","average",0.802,1,1,-99,-0.099
14,"dotnumber","average","average",0.618,1,1,-99,-0.099
14,"dotnumber","average","average",0.668,-1,1,-99,-0.099
14,"dotnumber","average","average",0.82,1,1,-99,-0.099
14,"dotnumber","average","average",0.702,1,1,-99,-0.099
14,"dotnumber","average","average",0.469,-1,0,-99,-0.099
14,"dotnumber","average","average",0.686,1,1,-99,-0.099
14,"dotnumber","average","average",0.552,-1,1,-99,-0.099
14,"dotnumber","average","average",0.77,1,1,-99,-0.099
14,"dotnumber","average","average",0.602,1,0,-99,-0.099
14,"dotnumber","average","average",0.718,-1,1,-99,-0.099
14,"dotnumber","average","average",0.969,-1,1,-99,-0.099
14,"dotnumber","average","average",0.635,1,1,-99,-0.099
14,"dotnumber","average","average",0.751,1,1,-99,-0.099
14,"dotnumber","average","average",0.668,1,1,-99,-0.099
14,"dotnumber","average","average",0.834,-1,1,-99,-0.099
14,"dotnumber","average","average",0.602,-1,1,-99,-0.099
14,"dotnumber","average","average",1.22,-1,1,-99,-0.099
14,"dotnumber","average","average",0.585,-1,1,-99,-0.099
14,"dotnumber","average","average",0.519,1,1,-99,-0.099
14,"dotnumber","average","average",0.552,1,1,-99,-0.099
14,"dotnumber","average","average",1.086,1,1,-99,-0.099
14,"dotnumber","average","average",1.17,-1,1,-99,-0.099
14,"dotnumber","average","average",0.601,-1,1,-99,-0.099
14,"dotnumber","average","average",1.669,1,1,-99,-0.099
14,"dotnumber","average","average",0.635,-1,1,-99,-0.099
14,"dotnumber","average","average",0.568,-1,1,-99,-0.099
14,"dotnumber","average","average",0.569,1,1,-99,-0.099
14,"dotnumber","average","average",0.602,-1,0,-99,-0.099
14,"dotnumber","average","average",0.568,1,1,-99,-0.099
14,"dotnumber","average","average",0.585,-1,1,-99,-0.099
14,"dotnumber","average","average",0.703,-1,1,-99,-0.099
14,"dotnumber","average","average",0.618,-1,1,-99,-0.099
14,"dotnumber","average","average",0.584,1,1,-99,-0.099
14,"dotnumber","average","average",0.652,-1,1,-99,-0.099
14,"dotnumber","average","average",0.985,-1,1,-99,-0.099
14,"dotnumber","average","average",0.802,-1,1,-99,-0.099
14,"dotnumber","average","average",1.152,-1,1,-99,-0.099
14,"dotnumber","average","average",0.751,-1,1,-99,-0.099
14,"dotnumber","average","average",1.319,-1,0,-99,-0.099
14,"dotnumber","average","average",0.601,1,1,-99,-0.099
14,"dotnumber","average","average",0.802,-1,1,-99,-0.099
14,"dotnumber","average","average",0.802,1,1,-99,-0.099
14,"dotnumber","average","average",0.668,1,1,-99,-0.099
14,"dotnumber","average","average",1.386,-1,0,-99,-0.099
14,"dotnumber","average","average",0.602,-1,1,-99,-0.099
14,"dotnumber","average","average",0.969,-1,1,-99,-0.099
14,"dotnumber","average","average",0.484,1,1,-99,-0.099
14,"dotnumber","average","average",0.702,1,1,-99,-0.099
14,"dotnumber","average","average",0.718,1,1,-99,-0.099
14,"dotnumber","average","average",0.685,1,1,-99,-0.099
14,"dotnumber","average","average",0.834,1,1,-99,-0.099
14,"dotnumber","average","average",0.669,1,1,-99,-0.099
14,"dotnumber","average","average",0.602,-1,1,-99,-0.099
14,"dotnumber","average","average",0.668,1,1,-99,-0.099
14,"dotnumber","average","average",0.618,-1,1,-99,-0.099
14,"dotnumber","average","average",0.719,-1,1,-99,-0.099
14,"dotnumber","average","average",0.618,1,1,-99,-0.099
14,"dotnumber","average","average",0.619,-1,1,-99,-0.099
14,"dotnumber","average","average",0.668,1,1,-99,-0.099
14,"dotnumber","average","average",0.634,1,1,-99,-0.099
14,"dotnumber","average","average",0.535,1,1,-99,-0.099
14,"dotnumber","average","average",0.851,1,1,-99,-0.099
14,"dotnumber","average","average",0.668,-1,1,-99,-0.099
14,"dotnumber","average","average",0.667,1,1,-99,-0.099
14,"dotnumber","average","average",0.651,-1,1,-99,-0.099
14,"dotnumber","average","average",0.986,-1,1,-99,-0.099
14,"dotnumber","average","average",0.669,1,1,-99,-0.099
14,"dotnumber","average","average",0.802,-1,1,-99,-0.099
14,"dotnumber","average","average",0.868,-1,1,-99,-0.099
14,"dotnumber","average","average",0.952,1,1,-99,-0.099
14,"dotnumber","average","average",0.535,-1,1,-99,-0.099
14,"dotnumber","average","average",0.618,-1,1,-99,-0.099
14,"dotnumber","average","average",0.668,-1,1,-99,-0.099
14,"xotask","hard","hard",1.169,-1,0,-99,-0.099
14,"xotask","hard","hard",0.752,1,1,-99,-0.099
14,"xotask","hard","hard",1.67,1,1,-99,-0.099
14,"xotask","hard","hard",0.718,-1,1,-99,-0.099
14,"xotask","hard","hard",1.085,1,1,-99,-0.099
14,"xotask","hard","hard",0.587,1,0,-99,-0.099
14,"xotask","hard","hard",1.135,1,0,-99,-0.099
14,"xotask","hard","hard",0.634,-1,1,-99,-0.099
14,"xotask","hard","hard",0.601,-1,0,-99,-0.099
14,"xotask","hard","hard",0.685,1,1,-99,-0.099
14,"xotask","hard","hard",1.085,1,0,-99,-0.099
14,"xotask","hard","hard",1.286,-1,1,-99,-0.099
14,"xotask","hard","hard",0.501,-1,0,-99,-0.099
14,"xotask","hard","hard",0.618,1,1,-99,-0.099
14,"xotask","hard","hard",0.551,-1,1,-99,-0.099
14,"xotask","hard","hard",0.735,1,0,-99,-0.099
14,"xotask","hard","hard",0.919,-1,0,-99,-0.099
14,"xotask","hard","hard",1.486,-1,0,-99,-0.099
14,"xotask","hard","hard",1.553,1,0,-99,-0.099
14,"xotask","hard","hard",0.585,1,1,-99,-0.099
14,"xotask","hard","hard",0.569,-1,1,-99,-0.099
14,"xotask","hard","hard",0.619,1,1,-99,-0.099
14,"xotask","hard","hard",0.821,-1,1,-99,-0.099
14,"xotask","hard","hard",0.753,1,0,-99,-0.099
14,"xotask","hard","hard",1.753,1,1,-99,-0.099
14,"xotask","hard","hard",0.635,1,1,-99,-0.099
14,"xotask","hard","hard",1.487,1,0,-99,-0.099
14,"xotask","hard","hard",0.602,-1,1,-99,-0.099
14,"xotask","hard","hard",1.269,1,0,-99,-0.099
14,"xotask","hard","hard",0.584,1,0,-99,-0.099
14,"xotask","hard","hard",0.518,-1,0,-99,-0.099
14,"xotask","hard","hard",0.535,-1,1,-99,-0.099
14,"xotask","hard","hard",0.702,-1,0,-99,-0.099
14,"xotask","hard","hard",0.602,1,1,-99,-0.099
14,"xotask","hard","hard",0.535,1,0,-99,-0.099
14,"xotask","hard","hard",0.852,-1,0,-99,-0.099
14,"xotask","hard","hard",0.619,1,1,-99,-0.099
14,"xotask","hard","hard",1.369,1,0,-99,-0.099
14,"xotask","hard","hard",0.819,-1,1,-99,-0.099
14,"xotask","hard","hard",0.701,1,0,-99,-0.099
14,"xotask","hard","hard",0.552,-1,1,-99,-0.099
14,"xotask","hard","hard",0.618,-1,0,-99,-0.099
14,"xotask","hard","hard",1.319,1,1,-99,-0.099
14,"xotask","hard","hard",1.036,1,1,-99,-0.099
14,"xotask","hard","hard",0.669,1,1,-99,-0.099
14,"xotask","hard","hard",0.619,-1,0,-99,-0.099
14,"xotask","hard","hard",0.719,1,0,-99,-0.099
14,"xotask","hard","hard",1.269,-1,1,-99,-0.099
14,"xotask","hard","hard",0.785,-1,1,-99,-0.099
14,"xotask","hard","hard",1.569,1,1,-99,-0.099
14,"xotask","hard","hard",1.936,1,1,-99,-0.099
14,"xotask","hard","hard",0.468,-1,1,-99,-0.099
14,"xotask","hard","hard",1.52,1,0,-99,-0.099
14,"xotask","hard","hard",0.886,-1,0,-99,-0.099
14,"xotask","hard","hard",0.551,-1,0,-99,-0.099
14,"xotask","hard","hard",0.636,1,0,-99,-0.099
14,"xotask","hard","hard",0.902,1,1,-99,-0.099
14,"xotask","hard","hard",0.618,-1,0,-99,-0.099
14,"xotask","hard","hard",0.651,1,0,-99,-0.099
14,"xotask","hard","hard",0.735,1,0,-99,-0.099
14,"xotask","hard","hard",0.486,1,1,-99,-0.099
14,"xotask","hard","hard",0.652,1,1,-99,-0.099
14,"xotask","hard","hard",0.536,1,1,-99,-0.099
14,"xotask","hard","hard",0.967,-1,1,-99,-0.099
14,"xotask","hard","hard",0.518,-1,1,-99,-0.099
14,"xotask","hard","hard",0.535,-1,1,-99,-0.099
14,"xotask","hard","hard",0.585,-1,0,-99,-0.099
14,"xotask","hard","hard",0.685,1,1,-99,-0.099
14,"xotask","hard","hard",0.602,-1,1,-99,-0.099
14,"xotask","hard","hard",0.885,1,0,-99,-0.099
14,"xotask","hard","hard",0.685,-1,0,-99,-0.099
14,"xotask","hard","hard",0.719,1,0,-99,-0.099
14,"xotask","hard","hard",0.618,-1,0,-99,-0.099
14,"xotask","hard","hard",0.518,1,1,-99,-0.099
14,"xotask","hard","hard",2.253,-1,0,-99,-0.099
14,"xotask","hard","hard",1.452,1,1,-99,-0.099
14,"xotask","hard","hard",0.953,1,1,-99,-0.099
14,"xotask","hard","hard",1.135,1,0,-99,-0.099
14,"xotask","hard","hard",0.651,-1,1,-99,-0.099
14,"xotask","hard","hard",1.22,1,0,-99,-0.099
14,"xotask","hard","hard",0.885,-1,1,-99,-0.099
14,"xotask","hard","hard",0.534,-1,1,-99,-0.099
14,"xotask","hard","hard",1.186,-1,0,-99,-0.099
14,"xotask","hard","hard",0.534,1,1,-99,-0.099
14,"xotask","hard","hard",0.653,1,0,-99,-0.099
14,"xotask","hard","hard",0.619,1,1,-99,-0.099
14,"xotask","hard","hard",0.519,-1,1,-99,-0.099
14,"xotask","hard","hard",0.835,-1,1,-99,-0.099
14,"xotask","hard","hard",0.769,1,1,-99,-0.099
14,"xotask","hard","hard",0.836,-1,1,-99,-0.099
14,"xotask","hard","hard",1.452,1,1,-99,-0.099
14,"xotask","hard","hard",1.27,1,1,-99,-0.099
14,"xotask","hard","hard",0.536,-1,1,-99,-0.099
14,"xotask","hard","hard",0.585,-1,1,-99,-0.099
14,"xotask","hard","hard",0.6,1,1,-99,-0.099
14,"xotask","hard","hard",0.969,-1,1,-99,-0.099
14,"xotask","hard","hard",0.651,1,1,-99,-0.099
14,"xotask","hard","hard",0.602,1,1,-99,-0.099
14,"xotask","hard","hard",0.735,1,0,-99,-0.099
14,"xotask","hard","hard",0.619,-1,1,-99,-0.099
14,"xotask","hard","hard",0.668,-1,0,-99,-0.099
14,"xotask","hard","hard",0.652,-1,0,-99,-0.099
14,"xotask","hard","hard",0.619,1,0,-99,-0.099
14,"xotask","hard","hard",0.786,-1,1,-99,-0.099
14,"xotask","hard","hard",0.735,1,0,-99,-0.099
14,"xotask","hard","hard",0.485,1,0,-99,-0.099
14,"xotask","hard","hard",0.635,1,1,-99,-0.099
14,"xotask","hard","hard",0.619,1,1,-99,-0.099
14,"xotask","hard","hard",0.518,-1,0,-99,-0.099
14,"xotask","hard","hard",0.685,1,1,-99,-0.099
14,"xotask","hard","hard",0.685,-1,1,-99,-0.099
14,"xotask","hard","hard",0.735,1,0,-99,-0.099
14,"xotask","hard","hard",0.852,1,1,-99,-0.099
14,"xotask","hard","hard",0.602,-1,1,-99,-0.099
14,"xotask","hard","hard",0.853,-1,0,-99,-0.099
14,"xotask","hard","hard",1.237,1,0,-99,-0.099
14,"xotask","hard","hard",0.669,1,1,-99,-0.099
14,"xotask","hard","hard",0.584,-1,1,-99,-0.099
14,"xotask","hard","hard",0.735,-1,1,-99,-0.099
14,"xotask","hard","hard",0.818,-1,0,-99,-0.099
14,"dotcolour","easy","easy",0.669,1,1,-99,-0.099
14,"dotcolour","easy","easy",0.468,-1,1,-99,-0.099
14,"dotcolour","easy","easy",0.618,-1,1,-99,-0.099
14,"dotcolour","easy","easy",0.518,1,1,-99,-0.099
14,"dotcolour","easy","easy",0.569,1,1,-99,-0.099
14,"dotcolour","easy","easy",0.468,1,1,-99,-0.099
14,"dotcolour","easy","easy",0.601,1,1,-99,-0.099
14,"dotcolour","easy","easy",0.434,-1,1,-99,-0.099
14,"dotcolour","easy","easy",0.535,1,1,-99,-0.099
14,"dotcolour","easy","easy",0.468,-1,1,-99,-0.099
14,"dotcolour","easy","easy",0.435,1,1,-99,-0.099
14,"dotcolour","easy","easy",0.468,1,1,-99,-0.099
14,"dotcolour","easy","easy",0.584,1,1,-99,-0.099
14,"dotcolour","easy","easy",0.418,-1,1,-99,-0.099
14,"dotcolour","easy","easy",0.584,-1,1,-99,-0.099
14,"dotcolour","easy","easy",0.435,-1,1,-99,-0.099
14,"dotcolour","easy","easy",0.385,-1,1,-99,-0.099
14,"dotcolour","easy","easy",0.367,-1,1,-99,-0.099
14,"dotcolour","easy","easy",0.385,-1,1,-99,-0.099
14,"dotcolour","easy","easy",0.485,1,1,-99,-0.099
14,"dotcolour","easy","easy",0.502,1,1,-99,-0.099
14,"dotcolour","easy","easy",0.452,-1,1,-99,-0.099
14,"dotcolour","easy","easy",0.452,1,1,-99,-0.099
14,"dotcolour","easy","easy",0.485,-1,1,-99,-0.099
14,"dotcolour","easy","easy",0.519,1,1,-99,-0.099
14,"dotcolour","easy","easy",0.468,-1,1,-99,-0.099
14,"dotcolour","easy","easy",0.385,1,1,-99,-0.099
14,"dotcolour","easy","easy",0.484,1,1,-99,-0.099
14,"dotcolour","easy","easy",0.601,1,1,-99,-0.099
14,"dotcolour","easy","easy",0.42,1,1,-99,-0.099
14,"dotcolour","easy","easy",0.468,-1,1,-99,-0.099
14,"dotcolour","easy","easy",0.402,1,1,-99,-0.099
14,"dotcolour","easy","easy",0.42,-1,1,-99,-0.099
14,"dotcolour","easy","easy",0.485,-1,1,-99,-0.099
14,"dotcolour","easy","easy",0.352,-1,1,-99,-0.099
14,"dotcolour","easy","easy",0.352,-1,1,-99,-0.099
14,"dotcolour","easy","easy",0.468,1,1,-99,-0.099
14,"dotcolour","easy","easy",0.401,-1,1,-99,-0.099
14,"dotcolour","easy","easy",0.419,1,1,-99,-0.099
14,"dotcolour","easy","easy",0.468,1,1,-99,-0.099
14,"dotcolour","easy","easy",0.451,-1,1,-99,-0.099
14,"dotcolour","easy","easy",0.369,1,1,-99,-0.099
14,"dotcolour","easy","easy",0.368,-1,1,-99,-0.099
14,"dotcolour","easy","easy",0.419,-1,0,-99,-0.099
14,"dotcolour","easy","easy",0.485,-1,1,-99,-0.099
14,"dotcolour","easy","easy",0.435,1,1,-99,-0.099
14,"dotcolour","easy","easy",0.436,-1,1,-99,-0.099
14,"dotcolour","easy","easy",0.502,-1,1,-99,-0.099
14,"dotcolour","easy","easy",0.468,1,1,-99,-0.099
14,"dotcolour","easy","easy",0.552,1,1,-99,-0.099
14,"dotcolour","easy","easy",0.551,-1,1,-99,-0.099
14,"dotcolour","easy","easy",0.769,-1,1,-99,-0.099
14,"dotcolour","easy","easy",0.484,1,1,-99,-0.099
14,"dotcolour","easy","easy",0.535,1,1,-99,-0.099
14,"dotcolour","easy","easy",0.435,-1,1,-99,-0.099
14,"dotcolour","easy","easy",0.368,1,1,-99,-0.099
14,"dotcolour","easy","easy",0.451,1,1,-99,-0.099
14,"dotcolour","easy","easy",0.519,-1,1,-99,-0.099
14,"dotcolour","easy","easy",0.335,1,0,-99,-0.099
14,"dotcolour","easy","easy",0.651,-1,1,-99,-0.099
14,"dotcolour","easy","easy",0.552,-1,1,-99,-0.099
14,"dotcolour","easy","easy",0.468,-1,1,-99,-0.099
14,"dotcolour","easy","easy",0.4,1,1,-99,-0.099
14,"dotcolour","easy","easy",0.486,1,1,-99,-0.099
14,"dotcolour","easy","easy",0.485,-1,1,-99,-0.099
14,"dotcolour","easy","easy",0.435,1,1,-99,-0.099
14,"dotcolour","easy","easy",0.468,-1,1,-99,-0.099
14,"dotcolour","easy","easy",0.385,-1,1,-99,-0.099
14,"dotcolour","easy","easy",0.418,-1,1,-99,-0.099
14,"dotcolour","easy","easy",0.368,1,1,-99,-0.099
14,"dotcolour","easy","easy",0.435,1,1,-99,-0.099
14,"dotcolour","easy","easy",0.402,1,1,-99,-0.099
14,"dotcolour","easy","easy",0.519,1,1,-99,-0.099
14,"dotcolour","easy","easy",0.535,1,1,-99,-0.099
14,"dotcolour","easy","easy",0.418,1,1,-99,-0.099
14,"dotcolour","easy","easy",0.519,1,1,-99,-0.099
14,"dotcolour","easy","easy",0.485,1,1,-99,-0.099
14,"dotcolour","easy","easy",0.401,-1,1,-99,-0.099
14,"dotcolour","easy","easy",0.418,1,0,-99,-0.099
14,"dotcolour","easy","easy",0.551,-1,1,-99,-0.099
14,"dotcolour","easy","easy",0.535,-1,1,-99,-0.099
14,"dotcolour","easy","easy",0.535,1,1,-99,-0.099
14,"dotcolour","easy","easy",0.485,1,1,-99,-0.099
14,"dotcolour","easy","easy",1.62,1,1,-99,-0.099
14,"dotcolour","easy","easy",0.401,-1,1,-99,-0.099
14,"dotcolour","easy","easy",0.501,-1,1,-99,-0.099
14,"dotcolour","easy","easy",0.452,1,1,-99,-0.099
14,"dotcolour","easy","easy",0.469,-1,1,-99,-0.099
14,"dotcolour","easy","easy",0.402,1,1,-99,-0.099
14,"dotcolour","easy","easy",0.719,-1,1,-99,-0.099
14,"dotcolour","easy","easy",0.719,-1,1,-99,-0.099
14,"dotcolour","easy","easy",0.469,-1,1,-99,-0.099
14,"dotcolour","easy","easy",0.45,-1,1,-99,-0.099
14,"dotcolour","easy","easy",0.418,1,1,-99,-0.099
14,"dotcolour","easy","easy",0.352,1,1,-99,-0.099
14,"dotcolour","easy","easy",0.567,-1,1,-99,-0.099
14,"dotcolour","easy","easy",0.903,-1,1,-99,-0.099
14,"dotcolour","easy","easy",0.418,1,1,-99,-0.099
14,"dotcolour","easy","easy",0.417,1,1,-99,-0.099
14,"dotcolour","easy","easy",0.384,-1,1,-99,-0.099
14,"dotcolour","easy","easy",0.452,-1,1,-99,-0.099
14,"dotcolour","easy","easy",0.469,1,1,-99,-0.099
14,"dotcolour","easy","easy",0.436,-1,1,-99,-0.099
14,"dotcolour","easy","easy",0.435,1,1,-99,-0.099
14,"dotcolour","easy","easy",0.401,1,1,-99,-0.099
14,"dotcolour","easy","easy",0.451,-1,1,-99,-0.099
14,"dotcolour","easy","easy",0.468,-1,1,-99,-0.099
14,"dotcolour","easy","easy",0.385,1,1,-99,-0.099
14,"dotcolour","easy","easy",0.618,1,1,-99,-0.099
14,"dotcolour","easy","easy",0.435,1,1,-99,-0.099
14,"dotcolour","easy","easy",0.484,-1,1,-99,-0.099
14,"dotcolour","easy","easy",0.534,1,1,-99,-0.099
14,"dotcolour","easy","easy",0.501,-1,1,-99,-0.099
14,"dotcolour","easy","easy",0.435,1,1,-99,-0.099
14,"dotcolour","easy","easy",0.484,1,1,-99,-0.099
14,"dotcolour","easy","easy",0.518,1,1,-99,-0.099
14,"dotcolour","easy","easy",0.434,-1,1,-99,-0.099
14,"dotcolour","easy","easy",0.652,-1,1,-99,-0.099
14,"dotcolour","easy","easy",0.568,-1,1,-99,-0.099
14,"dotcolour","easy","easy",0.636,-1,1,-99,-0.099
15,"xotask","average","average",3.588,-1,0,-99,-0.099
15,"xotask","average","average",2.086,-1,1,-99,-0.099
15,"xotask","average","average",1.202,1,0,-99,-0.099
15,"xotask","average","average",1.603,1,0,-99,-0.099
15,"xotask","average","average",1.368,1,1,-99,-0.099
15,"xotask","average","average",1.535,1,1,-99,-0.099
15,"xotask","average","average",1.086,-1,0,-99,-0.099
15,"xotask","average","average",1.82,1,0,-99,-0.099
15,"xotask","average","average",1.62,-1,0,-99,-0.099
15,"xotask","average","average",2.453,-1,0,-99,-0.099
15,"xotask","average","average",1.536,1,1,-99,-0.099
15,"xotask","average","average",1.919,1,1,-99,-0.099
15,"xotask","average","average",2.036,-1,1,-99,-0.099
15,"xotask","average","average",1.954,1,1,-99,-0.099
15,"xotask","average","average",1.436,-1,1,-99,-0.099
15,"xotask","average","average",1.336,1,0,-99,-0.099
15,"xotask","average","average",1.886,-1,0,-99,-0.099
15,"xotask","average","average",1.303,-1,1,-99,-0.099
15,"xotask","average","average",1.169,1,1,-99,-0.099
15,"xotask","average","average",1.435,1,0,-99,-0.099
15,"xotask","average","average",1.201,-1,1,-99,-0.099
15,"xotask","average","average",1.053,-1,1,-99,-0.099
15,"xotask","average","average",1.068,-1,1,-99,-0.099
15,"xotask","average","average",1.036,1,1,-99,-0.099
15,"xotask","average","average",2.053,1,1,-99,-0.099
15,"xotask","average","average",1.185,1,1,-99,-0.099
15,"xotask","average","average",2.354,1,1,-99,-0.099
15,"xotask","average","average",1.353,-1,1,-99,-0.099
15,"xotask","average","average",1.468,1,1,-99,-0.099
15,"xotask","average","average",1.286,-1,0,-99,-0.099
15,"xotask","average","average",1.386,-1,1,-99,-0.099
15,"xotask","average","average",1.602,1,1,-99,-0.099
15,"xotask","average","average",2.053,1,1,-99,-0.099
15,"xotask","average","average",2.019,1,1,-99,-0.099
15,"xotask","average","average",1.403,1,1,-99,-0.099
15,"xotask","average","average",2.67,1,0,-99,-0.099
15,"xotask","average","average",1.536,1,1,-99,-0.099
15,"xotask","average","average",0.802,-1,1,-99,-0.099
15,"xotask","average","average",1.152,1,1,-99,-0.099
15,"xotask","average","average",1.553,-1,1,-99,-0.099
15,"xotask","average","average",1.836,1,0,-99,-0.099
15,"xotask","average","average",0.819,-1,1,-99,-0.099
15,"xotask","average","average",1.519,-1,1,-99,-0.099
15,"xotask","average","average",2.104,1,0,-99,-0.099
15,"xotask","average","average",1.218,1,1,-99,-0.099
15,"xotask","average","average",1.953,-1,1,-99,-0.099
15,"xotask","average","average",1.77,1,0,-99,-0.099
15,"xotask","average","average",1.135,-1,1,-99,-0.099
15,"xotask","average","average",1.052,1,1,-99,-0.099
15,"xotask","average","average",1.403,1,1,-99,-0.099
15,"xotask","average","average",1.619,1,1,-99,-0.099
15,"xotask","average","average",1.153,-1,1,-99,-0.099
15,"xotask","average","average",1.153,-1,1,-99,-0.099
15,"xotask","average","average",1.603,-1,0,-99,-0.099
15,"xotask","average","average",0.951,-1,1,-99,-0.099
15,"xotask","average","average",1.035,-1,1,-99,-0.099
15,"xotask","average","average",1.035,1,1,-99,-0.099
15,"xotask","average","average",1.186,1,1,-99,-0.099
15,"xotask","average","average",1.253,-1,1,-99,-0.099
15,"xotask","average","average",1.286,1,1,-99,-0.099
15,"xotask","average","average",1.318,-1,0,-99,-0.099
15,"xotask","average","average",2.169,-1,1,-99,-0.099
15,"xotask","average","average",1.47,1,1,-99,-0.099
15,"xotask","average","average",1.836,1,0,-99,-0.099
15,"xotask","average","average",1.787,-1,1,-99,-0.099
15,"xotask","average","average",1.252,1,0,-99,-0.099
15,"xotask","average","average",1.986,1,0,-99,-0.099
15,"xotask","average","average",0.935,1,1,-99,-0.099
15,"xotask","average","average",1.336,-1,1,-99,-0.099
15,"xotask","average","average",1.152,1,1,-99,-0.099
15,"xotask","average","average",0.886,-1,1,-99,-0.099
15,"xotask","average","average",2.153,-1,0,-99,-0.099
15,"xotask","average","average",1.12,1,0,-99,-0.099
15,"xotask","average","average",1.069,-1,1,-99,-0.099
15,"xotask","average","average",1.036,1,1,-99,-0.099
15,"xotask","average","average",1.218,1,1,-99,-0.099
15,"xotask","average","average",0.902,-1,1,-99,-0.099
15,"xotask","average","average",1.085,1,1,-99,-0.099
15,"xotask","average","average",0.934,-1,1,-99,-0.099
15,"xotask","average","average",1.052,1,1,-99,-0.099
15,"xotask","average","average",0.935,-1,1,-99,-0.099
15,"xotask","average","average",1.035,-1,1,-99,-0.099
15,"xotask","average","average",1.036,-1,1,-99,-0.099
15,"xotask","average","average",0.952,-1,1,-99,-0.099
15,"xotask","average","average",1.269,-1,1,-99,-0.099
15,"xotask","average","average",1.086,1,1,-99,-0.099
15,"xotask","average","average",1.119,1,1,-99,-0.099
15,"xotask","average","average",2.82,-1,1,-99,-0.099
15,"xotask","average","average",1.086,1,1,-99,-0.099
15,"xotask","average","average",1.085,1,1,-99,-0.099
15,"xotask","average","average",1.135,1,0,-99,-0.099
15,"xotask","average","average",0.985,-1,1,-99,-0.099
15,"xotask","average","average",1.353,1,1,-99,-0.099
15,"xotask","average","average",1.019,1,1,-99,-0.099
15,"xotask","average","average",1.069,1,1,-99,-0.099
15,"xotask","average","average",1.503,1,1,-99,-0.099
15,"xotask","average","average",0.985,1,1,-99,-0.099
15,"xotask","average","average",1.085,1,1,-99,-0.099
15,"xotask","average","average",1.202,-1,1,-99,-0.099
15,"xotask","average","average",1.253,-1,1,-99,-0.099
15,"xotask","average","average",1.352,-1,1,-99,-0.099
15,"xotask","average","average",1.086,-1,1,-99,-0.099
15,"xotask","average","average",1.469,-1,1,-99,-0.099
15,"xotask","average","average",0.836,1,1,-99,-0.099
15,"xotask","average","average",0.985,-1,1,-99,-0.099
15,"xotask","average","average",0.819,1,1,-99,-0.099
15,"xotask","average","average",1.669,1,1,-99,-0.099
15,"xotask","average","average",1.436,-1,1,-99,-0.099
15,"xotask","average","average",1.486,1,1,-99,-0.099
15,"xotask","average","average",0.936,-1,1,-99,-0.099
15,"xotask","average","average",1.135,1,1,-99,-0.099
15,"xotask","average","average",1.001,1,1,-99,-0.099
15,"xotask","average","average",1.086,1,1,-99,-0.099
15,"xotask","average","average",1.035,1,0,-99,-0.099
15,"xotask","average","average",0.936,1,1,-99,-0.099
15,"xotask","average","average",0.785,-1,0,-99,-0.099
15,"xotask","average","average",0.968,1,0,-99,-0.099
15,"xotask","average","average",0.786,1,1,-99,-0.099
15,"xotask","average","average",0.751,-1,1,-99,-0.099
15,"xotask","average","average",1.085,1,0,-99,-0.099
15,"dotcolour","hard","hard",1.303,1,0,-99,-0.099
15,"dotcolour","hard","hard",0.719,-1,1,-99,-0.099
15,"dotcolour","hard","hard",0.869,1,1,-99,-0.099
15,"dotcolour","hard","hard",1.102,1,0,-99,-0.099
15,"dotcolour","hard","hard",1.036,-1,1,-99,-0.099
15,"dotcolour","hard","hard",1.202,1,1,-99,-0.099
15,"dotcolour","hard","hard",1.268,1,1,-99,-0.099
15,"dotcolour","hard","hard",1.068,1,0,-99,-0.099
15,"dotcolour","hard","hard",1.319,1,0,-99,-0.099
15,"dotcolour","hard","hard",0.835,1,1,-99,-0.099
15,"dotcolour","hard","hard",1.235,1,1,-99,-0.099
15,"dotcolour","hard","hard",0.985,-1,1,-99,-0.099
15,"dotcolour","hard","hard",0.952,-1,1,-99,-0.099
15,"dotcolour","hard","hard",1.752,-1,1,-99,-0.099
15,"dotcolour","hard","hard",1.185,1,1,-99,-0.099
15,"dotcolour","hard","hard",1.136,1,1,-99,-0.099
15,"dotcolour","hard","hard",0.969,1,0,-99,-0.099
15,"dotcolour","hard","hard",1.152,1,1,-99,-0.099
15,"dotcolour","hard","hard",0.901,1,1,-99,-0.099
15,"dotcolour","hard","hard",0.886,1,1,-99,-0.099
15,"dotcolour","hard","hard",0.951,1,0,-99,-0.099
15,"dotcolour","hard","hard",1.069,1,1,-99,-0.099
15,"dotcolour","hard","hard",0.985,-1,0,-99,-0.099
15,"dotcolour","hard","hard",1.119,-1,1,-99,-0.099
15,"dotcolour","hard","hard",0.851,-1,1,-99,-0.099
15,"dotcolour","hard","hard",0.735,-1,1,-99,-0.099
15,"dotcolour","hard","hard",0.719,1,1,-99,-0.099
15,"dotcolour","hard","hard",1.219,1,1,-99,-0.099
15,"dotcolour","hard","hard",0.835,-1,1,-99,-0.099
15,"dotcolour","hard","hard",0.836,1,1,-99,-0.099
15,"dotcolour","hard","hard",0.969,1,1,-99,-0.099
15,"dotcolour","hard","hard",1.019,1,1,-99,-0.099
15,"dotcolour","hard","hard",0.75,1,0,-99,-0.099
15,"dotcolour","hard","hard",0.902,-1,0,-99,-0.099
15,"dotcolour","hard","hard",0.752,1,1,-99,-0.099
15,"dotcolour","hard","hard",0.719,1,1,-99,-0.099
15,"dotcolour","hard","hard",0.902,1,0,-99,-0.099
15,"dotcolour","hard","hard",1.004,-1,1,-99,-0.099
15,"dotcolour","hard","hard",1.337,-1,1,-99,-0.099
15,"dotcolour","hard","hard",0.719,1,1,-99,-0.099
15,"dotcolour","hard","hard",0.835,1,0,-99,-0.099
15,"dotcolour","hard","hard",0.785,1,0,-99,-0.099
15,"dotcolour","hard","hard",1.169,1,0,-99,-0.099
15,"dotcolour","hard","hard",1.018,1,1,-99,-0.099
15,"dotcolour","hard","hard",1.152,-1,1,-99,-0.099
15,"dotcolour","hard","hard",1.118,1,0,-99,-0.099
15,"dotcolour","hard","hard",1.553,1,1,-99,-0.099
15,"dotcolour","hard","hard",0.785,1,1,-99,-0.099
15,"dotcolour","hard","hard",0.919,1,1,-99,-0.099
15,"dotcolour","hard","hard",0.885,-1,1,-99,-0.099
15,"dotcolour","hard","hard",0.751,1,1,-99,-0.099
15,"dotcolour","hard","hard",0.985,-1,1,-99,-0.099
15,"dotcolour","hard","hard",0.902,-1,1,-99,-0.099
15,"dotcolour","hard","hard",0.902,1,1,-99,-0.099
15,"dotcolour","hard","hard",1.002,-1,1,-99,-0.099
15,"dotcolour","hard","hard",0.952,1,1,-99,-0.099
15,"dotcolour","hard","hard",0.752,1,1,-99,-0.099
15,"dotcolour","hard","hard",0.986,1,1,-99,-0.099
15,"dotcolour","hard","hard",0.768,1,1,-99,-0.099
15,"dotcolour","hard","hard",1.184,1,1,-99,-0.099
15,"dotcolour","hard","hard",0.635,-1,1,-99,-0.099
15,"dotcolour","hard","hard",0.868,-1,0,-99,-0.099
15,"dotcolour","hard","hard",0.935,-1,1,-99,-0.099
15,"dotcolour","hard","hard",1.119,-1,1,-99,-0.099
15,"dotcolour","hard","hard",0.952,1,0,-99,-0.099
15,"dotcolour","hard","hard",0.936,-1,1,-99,-0.099
15,"dotcolour","hard","hard",0.969,1,1,-99,-0.099
15,"dotcolour","hard","hard",0.868,-1,1,-99,-0.099
15,"dotcolour","hard","hard",0.769,1,0,-99,-0.099
15,"dotcolour","hard","hard",0.803,1,1,-99,-0.099
15,"dotcolour","hard","hard",0.669,1,0,-99,-0.099
15,"dotcolour","hard","hard",1.436,-1,0,-99,-0.099
15,"dotcolour","hard","hard",0.718,1,0,-99,-0.099
15,"dotcolour","hard","hard",0.718,1,1,-99,-0.099
15,"dotcolour","hard","hard",0.952,-1,0,-99,-0.099
15,"dotcolour","hard","hard",0.701,-1,1,-99,-0.099
15,"dotcolour","hard","hard",0.968,1,0,-99,-0.099
15,"dotcolour","hard","hard",0.886,-1,1,-99,-0.099
15,"dotcolour","hard","hard",0.852,1,1,-99,-0.099
15,"dotcolour","hard","hard",0.919,1,1,-99,-0.099
15,"dotcolour","hard","hard",0.835,1,1,-99,-0.099
15,"dotcolour","hard","hard",0.735,-1,0,-99,-0.099
15,"dotcolour","hard","hard",0.685,1,1,-99,-0.099
15,"dotcolour","hard","hard",0.919,1,1,-99,-0.099
15,"dotcolour","hard","hard",0.837,1,1,-99,-0.099
15,"dotcolour","hard","hard",1.168,1,0,-99,-0.099
15,"dotcolour","hard","hard",0.851,-1,0,-99,-0.099
15,"dotcolour","hard","hard",0.819,-1,1,-99,-0.099
15,"dotcolour","hard","hard",0.751,1,0,-99,-0.099
15,"dotcolour","hard","hard",1.269,1,0,-99,-0.099
15,"dotcolour","hard","hard",0.718,-1,0,-99,-0.099
15,"dotcolour","hard","hard",1.069,1,1,-99,-0.099
15,"dotcolour","hard","hard",0.835,-1,1,-99,-0.099
15,"dotcolour","hard","hard",0.851,1,0,-99,-0.099
15,"dotcolour","hard","hard",1.92,1,0,-99,-0.099
15,"dotcolour","hard","hard",0.752,1,0,-99,-0.099
15,"dotcolour","hard","hard",0.802,1,1,-99,-0.099
15,"dotcolour","hard","hard",1.119,-1,0,-99,-0.099
15,"dotcolour","hard","hard",0.884,-1,1,-99,-0.099
15,"dotcolour","hard","hard",0.685,1,0,-99,-0.099
15,"dotcolour","hard","hard",0.718,1,1,-99,-0.099
15,"dotcolour","hard","hard",1.135,1,1,-99,-0.099
15,"dotcolour","hard","hard",1.085,1,1,-99,-0.099
15,"dotcolour","hard","hard",1.003,1,1,-99,-0.099
15,"dotcolour","hard","hard",0.718,-1,1,-99,-0.099
15,"dotcolour","hard","hard",0.853,1,0,-99,-0.099
15,"dotcolour","hard","hard",0.618,-1,1,-99,-0.099
15,"dotcolour","hard","hard",1.036,-1,0,-99,-0.099
15,"dotcolour","hard","hard",0.869,1,1,-99,-0.099
15,"dotcolour","hard","hard",0.819,-1,1,-99,-0.099
15,"dotcolour","hard","hard",0.835,1,0,-99,-0.099
15,"dotcolour","hard","hard",1.536,1,0,-99,-0.099
15,"dotcolour","hard","hard",0.901,-1,0,-99,-0.099
15,"dotcolour","hard","hard",1.002,1,0,-99,-0.099
15,"dotcolour","hard","hard",0.785,1,1,-99,-0.099
15,"dotcolour","hard","hard",0.752,1,0,-99,-0.099
15,"dotcolour","hard","hard",1.019,-1,0,-99,-0.099
15,"dotcolour","hard","hard",1.353,-1,1,-99,-0.099
15,"dotcolour","hard","hard",1.018,-1,1,-99,-0.099
15,"dotcolour","hard","hard",0.952,1,1,-99,-0.099
15,"dotnumber","easy","easy",0.752,-1,1,-99,-0.099
15,"dotnumber","easy","easy",0.551,-1,1,-99,-0.099
15,"dotnumber","easy","easy",0.902,-1,1,-99,-0.099
15,"dotnumber","easy","easy",0.553,1,1,-99,-0.099
15,"dotnumber","easy","easy",0.619,1,1,-99,-0.099
15,"dotnumber","easy","easy",0.536,1,1,-99,-0.099
15,"dotnumber","easy","easy",1.386,1,1,-99,-0.099
15,"dotnumber","easy","easy",0.668,1,1,-99,-0.099
15,"dotnumber","easy","easy",0.685,-1,1,-99,-0.099
15,"dotnumber","easy","easy",0.819,1,1,-99,-0.099
15,"dotnumber","easy","easy",0.651,1,1,-99,-0.099
15,"dotnumber","easy","easy",0.603,-1,1,-99,-0.099
15,"dotnumber","easy","easy",1.203,-1,1,-99,-0.099
15,"dotnumber","easy","easy",0.602,-1,1,-99,-0.099
15,"dotnumber","easy","easy",0.534,-1,1,-99,-0.099
15,"dotnumber","easy","easy",0.835,-1,1,-99,-0.099
15,"dotnumber","easy","easy",0.652,-1,1,-99,-0.099
15,"dotnumber","easy","easy",0.602,-1,1,-99,-0.099
15,"dotnumber","easy","easy",1.169,1,0,-99,-0.099
15,"dotnumber","easy","easy",0.72,1,1,-99,-0.099
15,"dotnumber","easy","easy",1.003,1,1,-99,-0.099
15,"dotnumber","easy","easy",0.618,1,1,-99,-0.099
15,"dotnumber","easy","easy",0.618,1,1,-99,-0.099
15,"dotnumber","easy","easy",0.702,1,1,-99,-0.099
15,"dotnumber","easy","easy",0.636,-1,1,-99,-0.099
15,"dotnumber","easy","easy",0.634,1,1,-99,-0.099
15,"dotnumber","easy","easy",0.601,-1,1,-99,-0.099
15,"dotnumber","easy","easy",0.435,1,1,-99,-0.099
15,"dotnumber","easy","easy",0.469,-1,1,-99,-0.099
15,"dotnumber","easy","easy",0.769,1,1,-99,-0.099
15,"dotnumber","easy","easy",0.701,1,1,-99,-0.099
15,"dotnumber","easy","easy",0.434,-1,1,-99,-0.099
15,"dotnumber","easy","easy",0.452,-1,1,-99,-0.099
15,"dotnumber","easy","easy",0.451,-1,1,-99,-0.099
15,"dotnumber","easy","easy",0.652,1,1,-99,-0.099
15,"dotnumber","easy","easy",0.485,1,1,-99,-0.099
15,"dotnumber","easy","easy",0.585,1,1,-99,-0.099
15,"dotnumber","easy","easy",1.652,1,0,-99,-0.099
15,"dotnumber","easy","easy",0.501,1,1,-99,-0.099
15,"dotnumber","easy","easy",0.635,-1,1,-99,-0.099
15,"dotnumber","easy","easy",0.619,-1,1,-99,-0.099
15,"dotnumber","easy","easy",0.651,1,1,-99,-0.099
15,"dotnumber","easy","easy",0.535,-1,1,-99,-0.099
15,"dotnumber","easy","easy",0.586,1,1,-99,-0.099
15,"dotnumber","easy","easy",0.602,1,1,-99,-0.099
15,"dotnumber","easy","easy",0.585,1,1,-99,-0.099
15,"dotnumber","easy","easy",0.485,-1,1,-99,-0.099
15,"dotnumber","easy","easy",0.902,-1,1,-99,-0.099
15,"dotnumber","easy","easy",0.652,1,1,-99,-0.099
15,"dotnumber","easy","easy",0.584,1,1,-99,-0.099
15,"dotnumber","easy","easy",0.485,-1,1,-99,-0.099
15,"dotnumber","easy","easy",0.451,1,1,-99,-0.099
15,"dotnumber","easy","easy",0.652,1,1,-99,-0.099
15,"dotnumber","easy","easy",0.634,-1,0,-99,-0.099
15,"dotnumber","easy","easy",0.618,-1,1,-99,-0.099
15,"dotnumber","easy","easy",0.55,1,1,-99,-0.099
15,"dotnumber","easy","easy",0.518,-1,1,-99,-0.099
15,"dotnumber","easy","easy",0.569,-1,1,-99,-0.099
15,"dotnumber","easy","easy",0.519,-1,1,-99,-0.099
15,"dotnumber","easy","easy",0.718,1,1,-99,-0.099
15,"dotnumber","easy","easy",0.485,-1,1,-99,-0.099
15,"dotnumber","easy","easy",0.569,1,1,-99,-0.099
15,"dotnumber","easy","easy",0.452,-1,1,-99,-0.099
15,"dotnumber","easy","easy",0.769,-1,0,-99,-0.099
15,"dotnumber","easy","easy",0.568,1,1,-99,-0.099
15,"dotnumber","easy","easy",0.652,1,1,-99,-0.099
15,"dotnumber","easy","easy",0.485,-1,1,-99,-0.099
15,"dotnumber","easy","easy",0.484,1,1,-99,-0.099
15,"dotnumber","easy","easy",0.418,-1,1,-99,-0.099
15,"dotnumber","easy","easy",0.469,-1,1,-99,-0.099
15,"dotnumber","easy","easy",0.468,-1,1,-99,-0.099
15,"dotnumber","easy","easy",0.584,-1,1,-99,-0.099
15,"dotnumber","easy","easy",0.837,1,1,-99,-0.099
15,"dotnumber","easy","easy",0.385,-1,1,-99,-0.099
15,"dotnumber","easy","easy",0.585,1,1,-99,-0.099
15,"dotnumber","easy","easy",0.369,-1,1,-99,-0.099
15,"dotnumber","easy","easy",0.568,-1,1,-99,-0.099
15,"dotnumber","easy","easy",0.517,1,0,-99,-0.099
15,"dotnumber","easy","easy",0.585,1,1,-99,-0.099
15,"dotnumber","easy","easy",0.451,-1,1,-99,-0.099
15,"dotnumber","easy","easy",0.618,1,1,-99,-0.099
15,"dotnumber","easy","easy",0.518,-1,1,-99,-0.099
15,"dotnumber","easy","easy",0.55,1,1,-99,-0.099
15,"dotnumber","easy","easy",0.585,1,1,-99,-0.099
15,"dotnumber","easy","easy",0.719,-1,1,-99,-0.099
15,"dotnumber","easy","easy",0.518,1,1,-99,-0.099
15,"dotnumber","easy","easy",0.535,1,1,-99,-0.099
15,"dotnumber","easy","easy",1.219,1,1,-99,-0.099
15,"dotnumber","easy","easy",0.485,-1,1,-99,-0.099
15,"dotnumber","easy","easy",0.535,1,1,-99,-0.099
15,"dotnumber","easy","easy",1.203,-1,0,-99,-0.099
15,"dotnumber","easy","easy",0.667,-1,1,-99,-0.099
15,"dotnumber","easy","easy",0.601,-1,1,-99,-0.099
15,"dotnumber","easy","easy",0.701,-1,1,-99,-0.099
15,"dotnumber","easy","easy",0.669,1,1,-99,-0.099
15,"dotnumber","easy","easy",0.569,-1,1,-99,-0.099
15,"dotnumber","easy","easy",0.802,1,1,-99,-0.099
15,"dotnumber","easy","easy",0.652,-1,1,-99,-0.099
15,"dotnumber","easy","easy",0.618,1,1,-99,-0.099
15,"dotnumber","easy","easy",0.518,-1,1,-99,-0.099
15,"dotnumber","easy","easy",0.568,1,1,-99,-0.099
15,"dotnumber","easy","easy",0.485,-1,1,-99,-0.099
15,"dotnumber","easy","easy",0.702,-1,1,-99,-0.099
15,"dotnumber","easy","easy",0.585,-1,1,-99,-0.099
15,"dotnumber","easy","easy",0.886,1,0,-99,-0.099
15,"dotnumber","easy","easy",0.518,1,1,-99,-0.099
15,"dotnumber","easy","easy",0.468,1,1,-99,-0.099
15,"dotnumber","easy","easy",0.485,1,1,-99,-0.099
15,"dotnumber","easy","easy",0.686,1,1,-99,-0.099
15,"dotnumber","easy","easy",0.601,1,1,-99,-0.099
15,"dotnumber","easy","easy",0.451,-1,1,-99,-0.099
15,"dotnumber","easy","easy",0.635,-1,0,-99,-0.099
15,"dotnumber","easy","easy",0.535,-1,1,-99,-0.099
15,"dotnumber","easy","easy",0.634,1,1,-99,-0.099
15,"dotnumber","easy","easy",0.452,-1,1,-99,-0.099
15,"dotnumber","easy","easy",0.819,-1,1,-99,-0.099
15,"dotnumber","easy","easy",0.601,-1,1,-99,-0.099
15,"dotnumber","easy","easy",0.552,1,1,-99,-0.099
15,"dotnumber","easy","easy",0.485,-1,1,-99,-0.099
15,"dotnumber","easy","easy",0.586,1,1,-99,-0.099
16,"dotcolour","hard","hard",3.038,1,1,-99,-0.099
16,"dotcolour","hard","hard",1.536,-1,0,-99,-0.099
16,"dotcolour","hard","hard",0.702,1,1,-99,-0.099
16,"dotcolour","hard","hard",0.685,-1,1,-99,-0.099
16,"dotcolour","hard","hard",0.685,-1,1,-99,-0.099
16,"dotcolour","hard","hard",1.352,-1,0,-99,-0.099
16,"dotcolour","hard","hard",1.252,-1,1,-99,-0.099
16,"dotcolour","hard","hard",0.985,1,0,-99,-0.099
16,"dotcolour","hard","hard",0.853,-1,0,-99,-0.099
16,"dotcolour","hard","hard",0.869,1,1,-99,-0.099
16,"dotcolour","hard","hard",1.152,1,0,-99,-0.099
16,"dotcolour","hard","hard",2.07,1,0,-99,-0.099
16,"dotcolour","hard","hard",0.902,1,1,-99,-0.099
16,"dotcolour","hard","hard",1.286,1,0,-99,-0.099
16,"dotcolour","hard","hard",1.786,1,1,-99,-0.099
16,"dotcolour","hard","hard",0.92,1,1,-99,-0.099
16,"dotcolour","hard","hard",1.119,-1,1,-99,-0.099
16,"dotcolour","hard","hard",0.737,-1,0,-99,-0.099
16,"dotcolour","hard","hard",1.019,-1,1,-99,-0.099
16,"dotcolour","hard","hard",0.836,1,1,-99,-0.099
16,"dotcolour","hard","hard",0.718,1,1,-99,-0.099
16,"dotcolour","hard","hard",0.971,1,0,-99,-0.099
16,"dotcolour","hard","hard",0.886,-1,1,-99,-0.099
16,"dotcolour","hard","hard",1.034,-1,1,-99,-0.099
16,"dotcolour","hard","hard",1.17,1,1,-99,-0.099
16,"dotcolour","hard","hard",1.485,-1,1,-99,-0.099
16,"dotcolour","hard","hard",0.784,-1,0,-99,-0.099
16,"dotcolour","hard","hard",1.001,1,1,-99,-0.099
16,"dotcolour","hard","hard",1.002,-1,0,-99,-0.099
16,"dotcolour","hard","hard",0.734,-1,1,-99,-0.099
16,"dotcolour","hard","hard",0.701,1,1,-99,-0.099
16,"dotcolour","hard","hard",0.785,-1,0,-99,-0.099
16,"dotcolour","hard","hard",0.719,-1,1,-99,-0.099
16,"dotcolour","hard","hard",0.784,-1,1,-99,-0.099
16,"dotcolour","hard","hard",0.619,1,1,-99,-0.099
16,"dotcolour","hard","hard",0.736,-1,0,-99,-0.099
16,"dotcolour","hard","hard",0.802,1,0,-99,-0.099
16,"dotcolour","hard","hard",0.668,-1,1,-99,-0.099
16,"dotcolour","hard","hard",0.853,1,1,-99,-0.099
16,"dotcolour","hard","hard",0.686,-1,0,-99,-0.099
16,"dotcolour","hard","hard",1.119,1,1,-99,-0.099
16,"dotcolour","hard","hard",0.885,-1,1,-99,-0.099
16,"dotcolour","hard","hard",0.702,-1,1,-99,-0.099
16,"dotcolour","hard","hard",0.785,1,0,-99,-0.099
16,"dotcolour","hard","hard",0.702,-1,1,-99,-0.099
16,"dotcolour","hard","hard",1.786,1,0,-99,-0.099
16,"dotcolour","hard","hard",1.234,1,1,-99,-0.099
16,"dotcolour","hard","hard",0.785,1,0,-99,-0.099
16,"dotcolour","hard","hard",0.801,-1,1,-99,-0.099
16,"dotcolour","hard","hard",0.602,1,1,-99,-0.099
16,"dotcolour","hard","hard",0.751,-1,0,-99,-0.099
16,"dotcolour","hard","hard",1.035,-1,0,-99,-0.099
16,"dotcolour","hard","hard",0.967,1,0,-99,-0.099
16,"dotcolour","hard","hard",0.902,1,0,-99,-0.099
16,"dotcolour","hard","hard",0.702,-1,0,-99,-0.099
16,"dotcolour","hard","hard",1.285,-1,1,-99,-0.099
16,"dotcolour","hard","hard",1.085,1,1,-99,-0.099
16,"dotcolour","hard","hard",0.785,-1,1,-99,-0.099
16,"dotcolour","hard","hard",0.735,-1,1,-99,-0.099
16,"dotcolour","hard","hard",0.952,1,0,-99,-0.099
16,"dotcolour","hard","hard",0.935,1,0,-99,-0.099
16,"dotcolour","hard","hard",0.853,-1,0,-99,-0.099
16,"dotcolour","hard","hard",0.768,1,1,-99,-0.099
16,"dotcolour","hard","hard",0.852,-1,1,-99,-0.099
16,"dotcolour","hard","hard",0.735,-1,0,-99,-0.099
16,"dotcolour","hard","hard",0.852,-1,0,-99,-0.099
16,"dotcolour","hard","hard",0.685,1,1,-99,-0.099
16,"dotcolour","hard","hard",0.652,1,0,-99,-0.099
16,"dotcolour","hard","hard",0.718,1,1,-99,-0.099
16,"dotcolour","hard","hard",1.019,-1,1,-99,-0.099
16,"dotcolour","hard","hard",1.119,-1,1,-99,-0.099
16,"dotcolour","hard","hard",1.052,1,1,-99,-0.099
16,"dotcolour","hard","hard",0.869,-1,0,-99,-0.099
16,"dotcolour","hard","hard",0.651,-1,1,-99,-0.099
16,"dotcolour","hard","hard",0.685,-1,1,-99,-0.099
16,"dotcolour","hard","hard",0.818,1,1,-99,-0.099
16,"dotcolour","hard","hard",0.968,1,0,-99,-0.099
16,"dotcolour","hard","hard",1.971,1,1,-99,-0.099
16,"dotcolour","hard","hard",0.751,1,1,-99,-0.099
16,"dotcolour","hard","hard",0.651,-1,1,-99,-0.099
16,"dotcolour","hard","hard",1.036,1,0,-99,-0.099
16,"dotcolour","hard","hard",0.669,-1,0,-99,-0.099
16,"dotcolour","hard","hard",0.618,-1,1,-99,-0.099
16,"dotcolour","hard","hard",0.819,1,0,-99,-0.099
16,"dotcolour","hard","hard",1.486,1,1,-99,-0.099
16,"dotcolour","hard","hard",0.785,-1,1,-99,-0.099
16,"dotcolour","hard","hard",0.718,1,1,-99,-0.099
16,"dotcolour","hard","hard",1.603,1,0,-99,-0.099
16,"dotcolour","hard","hard",0.935,1,1,-99,-0.099
16,"dotcolour","hard","hard",1.069,-1,0,-99,-0.099
16,"dotcolour","hard","hard",0.635,1,1,-99,-0.099
16,"dotcolour","hard","hard",0.886,-1,1,-99,-0.099
16,"dotcolour","hard","hard",0.818,1,0,-99,-0.099
16,"dotcolour","hard","hard",1.17,-1,1,-99,-0.099
16,"dotcolour","hard","hard",0.802,-1,0,-99,-0.099
16,"dotcolour","hard","hard",0.519,1,1,-99,-0.099
16,"dotcolour","hard","hard",0.802,1,1,-99,-0.099
16,"dotcolour","hard","hard",0.802,-1,1,-99,-0.099
16,"dotcolour","hard","hard",0.868,1,1,-99,-0.099
16,"dotcolour","hard","hard",0.685,-1,1,-99,-0.099
16,"dotcolour","hard","hard",1.053,-1,1,-99,-0.099
16,"dotcolour","hard","hard",0.834,1,1,-99,-0.099
16,"dotcolour","hard","hard",1.102,-1,0,-99,-0.099
16,"dotcolour","hard","hard",0.802,-1,1,-99,-0.099
16,"dotcolour","hard","hard",0.718,-1,1,-99,-0.099
16,"dotcolour","hard","hard",1.135,1,0,-99,-0.099
16,"dotcolour","hard","hard",0.751,-1,1,-99,-0.099
16,"dotcolour","hard","hard",0.868,1,0,-99,-0.099
16,"dotcolour","hard","hard",1.235,1,1,-99,-0.099
16,"dotcolour","hard","hard",1.053,1,1,-99,-0.099
16,"dotcolour","hard","hard",0.818,1,0,-99,-0.099
16,"dotcolour","hard","hard",0.902,1,1,-99,-0.099
16,"dotcolour","hard","hard",0.736,-1,1,-99,-0.099
16,"dotcolour","hard","hard",0.785,1,1,-99,-0.099
16,"dotcolour","hard","hard",0.7,1,0,-99,-0.099
16,"dotcolour","hard","hard",0.752,1,1,-99,-0.099
16,"dotcolour","hard","hard",0.786,1,1,-99,-0.099
16,"dotcolour","hard","hard",0.702,-1,0,-99,-0.099
16,"dotcolour","hard","hard",0.719,-1,1,-99,-0.099
16,"dotcolour","hard","hard",0.752,1,1,-99,-0.099
16,"dotnumber","easy","easy",1.97,1,1,-99,-0.099
16,"dotnumber","easy","easy",0.752,-1,1,-99,-0.099
16,"dotnumber","easy","easy",0.635,-1,1,-99,-0.099
16,"dotnumber","easy","easy",0.669,-1,1,-99,-0.099
16,"dotnumber","easy","easy",0.718,1,1,-99,-0.099
16,"dotnumber","easy","easy",1.186,1,1,-99,-0.099
16,"dotnumber","easy","easy",0.702,-1,1,-99,-0.099
16,"dotnumber","easy","easy",1.953,-1,1,-99,-0.099
16,"dotnumber","easy","easy",1.153,1,0,-99,-0.099
16,"dotnumber","easy","easy",0.703,1,1,-99,-0.099
16,"dotnumber","easy","easy",0.535,-1,1,-99,-0.099
16,"dotnumber","easy","easy",1.335,1,1,-99,-0.099
16,"dotnumber","easy","easy",0.819,1,1,-99,-0.099
16,"dotnumber","easy","easy",0.753,-1,1,-99,-0.099
16,"dotnumber","easy","easy",1.17,-1,1,-99,-0.099
16,"dotnumber","easy","easy",0.902,1,1,-99,-0.099
16,"dotnumber","easy","easy",0.768,1,1,-99,-0.099
16,"dotnumber","easy","easy",0.718,-1,0,-99,-0.099
16,"dotnumber","easy","easy",0.685,-1,1,-99,-0.099
16,"dotnumber","easy","easy",0.685,-1,1,-99,-0.099
16,"dotnumber","easy","easy",1.337,-1,1,-99,-0.099
16,"dotnumber","easy","easy",0.652,1,1,-99,-0.099
16,"dotnumber","easy","easy",0.802,1,1,-99,-0.099
16,"dotnumber","easy","easy",1.052,1,1,-99,-0.099
16,"dotnumber","easy","easy",0.785,-1,1,-99,-0.099
16,"dotnumber","easy","easy",0.768,1,0,-99,-0.099
16,"dotnumber","easy","easy",0.885,1,0,-99,-0.099
16,"dotnumber","easy","easy",0.735,1,1,-99,-0.099
16,"dotnumber","easy","easy",0.702,1,1,-99,-0.099
16,"dotnumber","easy","easy",1.285,-1,1,-99,-0.099
16,"dotnumber","easy","easy",0.785,1,1,-99,-0.099
16,"dotnumber","easy","easy",0.752,-1,1,-99,-0.099
16,"dotnumber","easy","easy",0.885,-1,1,-99,-0.099
16,"dotnumber","easy","easy",0.702,1,1,-99,-0.099
16,"dotnumber","easy","easy",0.82,1,1,-99,-0.099
16,"dotnumber","easy","easy",0.934,-1,0,-99,-0.099
16,"dotnumber","easy","easy",1.185,-1,1,-99,-0.099
16,"dotnumber","easy","easy",0.852,1,0,-99,-0.099
16,"dotnumber","easy","easy",0.702,1,1,-99,-0.099
16,"dotnumber","easy","easy",0.802,-1,1,-99,-0.099
16,"dotnumber","easy","easy",0.668,1,1,-99,-0.099
16,"dotnumber","easy","easy",0.702,-1,1,-99,-0.099
16,"dotnumber","easy","easy",0.669,1,1,-99,-0.099
16,"dotnumber","easy","easy",1.119,1,1,-99,-0.099
16,"dotnumber","easy","easy",0.584,1,1,-99,-0.099
16,"dotnumber","easy","easy",0.785,-1,1,-99,-0.099
16,"dotnumber","easy","easy",0.602,1,1,-99,-0.099
16,"dotnumber","easy","easy",0.569,-1,1,-99,-0.099
16,"dotnumber","easy","easy",0.735,-1,1,-99,-0.099
16,"dotnumber","easy","easy",1.018,1,1,-99,-0.099
16,"dotnumber","easy","easy",0.651,-1,1,-99,-0.099
16,"dotnumber","easy","easy",0.668,1,1,-99,-0.099
16,"dotnumber","easy","easy",0.736,-1,1,-99,-0.099
16,"dotnumber","easy","easy",0.601,1,1,-99,-0.099
16,"dotnumber","easy","easy",0.952,-1,0,-99,-0.099
16,"dotnumber","easy","easy",0.518,-1,1,-99,-0.099
16,"dotnumber","easy","easy",0.535,1,1,-99,-0.099
16,"dotnumber","easy","easy",0.585,1,0,-99,-0.099
16,"dotnumber","easy","easy",0.701,-1,1,-99,-0.099
16,"dotnumber","easy","easy",0.636,-1,1,-99,-0.099
16,"dotnumber","easy","easy",0.618,1,1,-99,-0.099
16,"dotnumber","easy","easy",0.685,1,1,-99,-0.099
16,"dotnumber","easy","easy",0.601,1,1,-99,-0.099
16,"dotnumber","easy","easy",0.635,-1,1,-99,-0.099
16,"dotnumber","easy","easy",0.535,1,1,-99,-0.099
16,"dotnumber","easy","easy",0.669,1,1,-99,-0.099
16,"dotnumber","easy","easy",0.652,-1,1,-99,-0.099
16,"dotnumber","easy","easy",0.719,1,1,-99,-0.099
16,"dotnumber","easy","easy",0.568,-1,1,-99,-0.099
16,"dotnumber","easy","easy",0.635,-1,1,-99,-0.099
16,"dotnumber","easy","easy",0.619,1,1,-99,-0.099
16,"dotnumber","easy","easy",0.569,-1,1,-99,-0.099
16,"dotnumber","easy","easy",0.55,1,1,-99,-0.099
16,"dotnumber","easy","easy",0.436,1,1,-99,-0.099
16,"dotnumber","easy","easy",0.618,1,1,-99,-0.099
16,"dotnumber","easy","easy",0.685,-1,1,-99,-0.099
16,"dotnumber","easy","easy",0.402,1,0,-99,-0.099
16,"dotnumber","easy","easy",0.636,1,1,-99,-0.099
16,"dotnumber","easy","easy",0.536,1,1,-99,-0.099
16,"dotnumber","easy","easy",0.651,-1,1,-99,-0.099
16,"dotnumber","easy","easy",0.518,1,1,-99,-0.099
16,"dotnumber","easy","easy",0.451,1,1,-99,-0.099
16,"dotnumber","easy","easy",0.735,-1,1,-99,-0.099
16,"dotnumber","easy","easy",1.086,-1,1,-99,-0.099
16,"dotnumber","easy","easy",0.468,1,1,-99,-0.099
16,"dotnumber","easy","easy",0.585,-1,1,-99,-0.099
16,"dotnumber","easy","easy",0.819,-1,1,-99,-0.099
16,"dotnumber","easy","easy",0.552,1,1,-99,-0.099
16,"dotnumber","easy","easy",0.468,1,1,-99,-0.099
16,"dotnumber","easy","easy",1.102,-1,0,-99,-0.099
16,"dotnumber","easy","easy",0.518,-1,1,-99,-0.099
16,"dotnumber","easy","easy",0.569,1,1,-99,-0.099
16,"dotnumber","easy","easy",0.918,-1,1,-99,-0.099
16,"dotnumber","easy","easy",0.685,-1,1,-99,-0.099
16,"dotnumber","easy","easy",0.686,-1,1,-99,-0.099
16,"dotnumber","easy","easy",1.169,-1,1,-99,-0.099
16,"dotnumber","easy","easy",0.768,-1,1,-99,-0.099
16,"dotnumber","easy","easy",0.501,1,1,-99,-0.099
16,"dotnumber","easy","easy",0.569,-1,1,-99,-0.099
16,"dotnumber","easy","easy",0.551,-1,1,-99,-0.099
16,"dotnumber","easy","easy",0.535,1,1,-99,-0.099
16,"dotnumber","easy","easy",0.552,-1,1,-99,-0.099
16,"dotnumber","easy","easy",0.669,1,1,-99,-0.099
16,"dotnumber","easy","easy",0.585,-1,1,-99,-0.099
16,"dotnumber","easy","easy",0.619,1,1,-99,-0.099
16,"dotnumber","easy","easy",0.769,-1,1,-99,-0.099
16,"dotnumber","easy","easy",2.637,1,1,-99,-0.099
16,"dotnumber","easy","easy",0.569,-1,1,-99,-0.099
16,"dotnumber","easy","easy",0.568,1,1,-99,-0.099
16,"dotnumber","easy","easy",0.568,1,1,-99,-0.099
16,"dotnumber","easy","easy",0.585,1,1,-99,-0.099
16,"dotnumber","easy","easy",0.686,1,1,-99,-0.099
16,"dotnumber","easy","easy",0.785,1,1,-99,-0.099
16,"dotnumber","easy","easy",0.736,-1,1,-99,-0.099
16,"dotnumber","easy","easy",0.568,-1,1,-99,-0.099
16,"dotnumber","easy","easy",1.385,-1,1,-99,-0.099
16,"dotnumber","easy","easy",0.584,-1,1,-99,-0.099
16,"dotnumber","easy","easy",0.852,1,0,-99,-0.099
16,"dotnumber","easy","easy",1.186,-1,0,-99,-0.099
16,"dotnumber","easy","easy",0.502,1,1,-99,-0.099
16,"xotask","average","average",1.118,1,1,-99,-0.099
16,"xotask","average","average",1.185,1,1,-99,-0.099
16,"xotask","average","average",0.736,1,1,-99,-0.099
16,"xotask","average","average",0.885,-1,1,-99,-0.099
16,"xotask","average","average",0.936,-1,1,-99,-0.099
16,"xotask","average","average",0.902,-1,1,-99,-0.099
16,"xotask","average","average",0.752,1,1,-99,-0.099
16,"xotask","average","average",0.769,-1,1,-99,-0.099
16,"xotask","average","average",2.07,-1,0,-99,-0.099
16,"xotask","average","average",1.102,1,0,-99,-0.099
16,"xotask","average","average",0.968,-1,1,-99,-0.099
16,"xotask","average","average",1.97,1,1,-99,-0.099
16,"xotask","average","average",0.952,1,1,-99,-0.099
16,"xotask","average","average",0.785,-1,0,-99,-0.099
16,"xotask","average","average",1.069,-1,1,-99,-0.099
16,"xotask","average","average",1.036,-1,1,-99,-0.099
16,"xotask","average","average",1.169,-1,1,-99,-0.099
16,"xotask","average","average",0.834,-1,1,-99,-0.099
16,"xotask","average","average",0.735,-1,1,-99,-0.099
16,"xotask","average","average",0.651,1,1,-99,-0.099
16,"xotask","average","average",2.754,-1,1,-99,-0.099
16,"xotask","average","average",1.003,1,1,-99,-0.099
16,"xotask","average","average",0.92,1,1,-99,-0.099
16,"xotask","average","average",1.169,1,1,-99,-0.099
16,"xotask","average","average",1.085,-1,1,-99,-0.099
16,"xotask","average","average",0.835,-1,1,-99,-0.099
16,"xotask","average","average",0.952,-1,1,-99,-0.099
16,"xotask","average","average",1.32,1,0,-99,-0.099
16,"xotask","average","average",0.702,1,1,-99,-0.099
16,"xotask","average","average",1.419,1,1,-99,-0.099
16,"xotask","average","average",0.668,-1,1,-99,-0.099
16,"xotask","average","average",1.235,1,0,-99,-0.099
16,"xotask","average","average",4.889,1,0,-99,-0.099
16,"xotask","average","average",0.985,1,1,-99,-0.099
16,"xotask","average","average",0.752,1,0,-99,-0.099
16,"xotask","average","average",0.719,1,1,-99,-0.099
16,"xotask","average","average",0.952,1,1,-99,-0.099
16,"xotask","average","average",0.853,-1,1,-99,-0.099
16,"xotask","average","average",1.002,1,1,-99,-0.099
16,"xotask","average","average",0.785,-1,1,-99,-0.099
16,"xotask","average","average",0.702,-1,1,-99,-0.099
16,"xotask","average","average",0.685,1,1,-99,-0.099
16,"xotask","average","average",0.818,-1,0,-99,-0.099
16,"xotask","average","average",0.869,-1,0,-99,-0.099
16,"xotask","average","average",1.136,-1,0,-99,-0.099
16,"xotask","average","average",0.735,1,1,-99,-0.099
16,"xotask","average","average",0.853,1,1,-99,-0.099
16,"xotask","average","average",0.984,-1,1,-99,-0.099
16,"xotask","average","average",1.17,1,1,-99,-0.099
16,"xotask","average","average",1.118,1,0,-99,-0.099
16,"xotask","average","average",0.819,-1,0,-99,-0.099
16,"xotask","average","average",0.719,-1,1,-99,-0.099
16,"xotask","average","average",0.752,-1,1,-99,-0.099
16,"xotask","average","average",0.935,1,1,-99,-0.099
16,"xotask","average","average",0.819,-1,1,-99,-0.099
16,"xotask","average","average",2.704,1,1,-99,-0.099
16,"xotask","average","average",0.752,1,1,-99,-0.099
16,"xotask","average","average",0.818,1,1,-99,-0.099
16,"xotask","average","average",0.702,-1,0,-99,-0.099
16,"xotask","average","average",0.768,1,1,-99,-0.099
16,"xotask","average","average",0.953,-1,1,-99,-0.099
16,"xotask","average","average",0.968,1,0,-99,-0.099
16,"xotask","average","average",0.785,1,1,-99,-0.099
16,"xotask","average","average",0.752,-1,1,-99,-0.099
16,"xotask","average","average",0.853,1,0,-99,-0.099
16,"xotask","average","average",0.752,-1,1,-99,-0.099
16,"xotask","average","average",1.085,-1,1,-99,-0.099
16,"xotask","average","average",0.753,1,1,-99,-0.099
16,"xotask","average","average",0.869,-1,1,-99,-0.099
16,"xotask","average","average",1.069,-1,0,-99,-0.099
16,"xotask","average","average",0.802,1,1,-99,-0.099
16,"xotask","average","average",0.886,-1,1,-99,-0.099
16,"xotask","average","average",1.27,1,1,-99,-0.099
16,"xotask","average","average",0.902,-1,0,-99,-0.099
16,"xotask","average","average",0.801,1,0,-99,-0.099
16,"xotask","average","average",1.318,1,0,-99,-0.099
16,"xotask","average","average",1.22,1,1,-99,-0.099
16,"xotask","average","average",0.634,-1,1,-99,-0.099
16,"xotask","average","average",1.202,1,1,-99,-0.099
16,"xotask","average","average",3.804,1,0,-99,-0.099
16,"xotask","average","average",1.369,-1,1,-99,-0.099
16,"xotask","average","average",0.618,-1,1,-99,-0.099
16,"xotask","average","average",0.885,-1,0,-99,-0.099
16,"xotask","average","average",1.636,-1,1,-99,-0.099
16,"xotask","average","average",0.885,-1,1,-99,-0.099
16,"xotask","average","average",0.819,1,1,-99,-0.099
16,"xotask","average","average",0.869,-1,1,-99,-0.099
16,"xotask","average","average",4.205,-1,1,-99,-0.099
16,"xotask","average","average",1.035,1,1,-99,-0.099
16,"xotask","average","average",0.818,-1,1,-99,-0.099
16,"xotask","average","average",0.936,-1,0,-99,-0.099
16,"xotask","average","average",0.734,1,1,-99,-0.099
16,"xotask","average","average",0.718,-1,1,-99,-0.099
16,"xotask","average","average",0.968,-1,0,-99,-0.099
16,"xotask","average","average",0.701,1,1,-99,-0.099
16,"xotask","average","average",0.868,1,1,-99,-0.099
16,"xotask","average","average",0.802,-1,0,-99,-0.099
16,"xotask","average","average",0.802,-1,0,-99,-0.099
16,"xotask","average","average",0.735,-1,1,-99,-0.099
16,"xotask","average","average",0.701,1,1,-99,-0.099
16,"xotask","average","average",0.602,-1,1,-99,-0.099
16,"xotask","average","average",0.718,-1,1,-99,-0.099
16,"xotask","average","average",1.103,-1,1,-99,-0.099
16,"xotask","average","average",1.069,1,1,-99,-0.099
16,"xotask","average","average",0.902,1,1,-99,-0.099
16,"xotask","average","average",0.719,1,0,-99,-0.099
16,"xotask","average","average",0.635,-1,1,-99,-0.099
16,"xotask","average","average",0.685,1,1,-99,-0.099
16,"xotask","average","average",0.718,1,1,-99,-0.099
16,"xotask","average","average",1.019,-1,1,-99,-0.099
16,"xotask","average","average",0.902,-1,1,-99,-0.099
16,"xotask","average","average",1.052,-1,1,-99,-0.099
16,"xotask","average","average",0.885,-1,1,-99,-0.099
16,"xotask","average","average",0.752,1,1,-99,-0.099
16,"xotask","average","average",1.286,-1,0,-99,-0.099
16,"xotask","average","average",6.09,-1,1,-99,-0.099
16,"xotask","average","average",0.969,-1,0,-99,-0.099
16,"xotask","average","average",1.002,1,1,-99,-0.099
16,"xotask","average","average",0.902,1,1,-99,-0.099
16,"xotask","average","average",0.751,1,0,-99,-0.099
17,"dotnumber","easy","easy",1.737,1,1,-99,-0.099
17,"dotnumber","easy","easy",0.952,1,1,-99,-0.099
17,"dotnumber","easy","easy",0.669,1,1,-99,-0.099
17,"dotnumber","easy","easy",0.584,-1,1,-99,-0.099
17,"dotnumber","easy","easy",0.602,-1,1,-99,-0.099
17,"dotnumber","easy","easy",0.568,-1,1,-99,-0.099
17,"dotnumber","easy","easy",0.651,-1,1,-99,-0.099
17,"dotnumber","easy","easy",0.718,1,1,-99,-0.099
17,"dotnumber","easy","easy",0.985,-1,0,-99,-0.099
17,"dotnumber","easy","easy",0.535,-1,1,-99,-0.099
17,"dotnumber","easy","easy",0.551,-1,1,-99,-0.099
17,"dotnumber","easy","easy",0.535,-1,1,-99,-0.099
17,"dotnumber","easy","easy",0.569,-1,1,-99,-0.099
17,"dotnumber","easy","easy",0.569,-1,1,-99,-0.099
17,"dotnumber","easy","easy",0.885,-1,1,-99,-0.099
17,"dotnumber","easy","easy",0.535,1,1,-99,-0.099
17,"dotnumber","easy","easy",0.419,1,1,-99,-0.099
17,"dotnumber","easy","easy",0.702,1,1,-99,-0.099
17,"dotnumber","easy","easy",0.418,1,1,-99,-0.099
17,"dotnumber","easy","easy",0.385,-1,1,-99,-0.099
17,"dotnumber","easy","easy",0.485,1,1,-99,-0.099
17,"dotnumber","easy","easy",0.384,-1,1,-99,-0.099
17,"dotnumber","easy","easy",0.451,1,1,-99,-0.099
17,"dotnumber","easy","easy",0.352,1,1,-99,-0.099
17,"dotnumber","easy","easy",0.519,1,1,-99,-0.099
17,"dotnumber","easy","easy",0.852,1,1,-99,-0.099
17,"dotnumber","easy","easy",0.519,1,1,-99,-0.099
17,"dotnumber","easy","easy",0.551,1,1,-99,-0.099
17,"dotnumber","easy","easy",0.734,1,1,-99,-0.099
17,"dotnumber","easy","easy",0.552,1,1,-99,-0.099
17,"dotnumber","easy","easy",0.668,-1,0,-99,-0.099
17,"dotnumber","easy","easy",0.552,-1,1,-99,-0.099
17,"dotnumber","easy","easy",0.535,-1,1,-99,-0.099
17,"dotnumber","easy","easy",0.986,-1,1,-99,-0.099
17,"dotnumber","easy","easy",0.568,-1,1,-99,-0.099
17,"dotnumber","easy","easy",0.534,1,1,-99,-0.099
17,"dotnumber","easy","easy",0.401,1,1,-99,-0.099
17,"dotnumber","easy","easy",0.817,-1,1,-99,-0.099
17,"dotnumber","easy","easy",0.485,-1,1,-99,-0.099
17,"dotnumber","easy","easy",0.484,-1,1,-99,-0.099
17,"dotnumber","easy","easy",0.468,-1,1,-99,-0.099
17,"dotnumber","easy","easy",0.518,-1,1,-99,-0.099
17,"dotnumber","easy","easy",0.384,-1,0,-99,-0.099
17,"dotnumber","easy","easy",0.301,1,1,-99,-0.099
17,"dotnumber","easy","easy",0.785,-1,0,-99,-0.099
17,"dotnumber","easy","easy",0.418,-1,1,-99,-0.099
17,"dotnumber","easy","easy",0.368,-1,1,-99,-0.099
17,"dotnumber","easy","easy",0.401,-1,1,-99,-0.099
17,"dotnumber","easy","easy",0.668,-1,1,-99,-0.099
17,"dotnumber","easy","easy",0.501,-1,1,-99,-0.099
17,"dotnumber","easy","easy",0.385,1,1,-99,-0.099
17,"dotnumber","easy","easy",0.352,-1,1,-99,-0.099
17,"dotnumber","easy","easy",0.302,-1,0,-99,-0.099
17,"dotnumber","easy","easy",0.318,1,1,-99,-0.099
17,"dotnumber","easy","easy",0.602,-1,1,-99,-0.099
17,"dotnumber","easy","easy",0.385,-1,1,-99,-0.099
17,"dotnumber","easy","easy",0.518,1,1,-99,-0.099
17,"dotnumber","easy","easy",0.568,-1,1,-99,-0.099
17,"dotnumber","easy","easy",0.402,-1,1,-99,-0.099
17,"dotnumber","easy","easy",0.402,1,1,-99,-0.099
17,"dotnumber","easy","easy",0.385,-1,1,-99,-0.099
17,"dotnumber","easy","easy",0.385,-1,1,-99,-0.099
17,"dotnumber","easy","easy",0.368,1,1,-99,-0.099
17,"dotnumber","easy","easy",0.402,-1,1,-99,-0.099
17,"dotnumber","easy","easy",0.451,1,1,-99,-0.099
17,"dotnumber","easy","easy",0.434,1,1,-99,-0.099
17,"dotnumber","easy","easy",0.369,-1,1,-99,-0.099
17,"dotnumber","easy","easy",0.518,1,1,-99,-0.099
17,"dotnumber","easy","easy",0.318,1,1,-99,-0.099
17,"dotnumber","easy","easy",0.401,1,1,-99,-0.099
17,"dotnumber","easy","easy",0.486,-1,1,-99,-0.099
17,"dotnumber","easy","easy",0.385,1,1,-99,-0.099
17,"dotnumber","easy","easy",0.619,1,1,-99,-0.099
17,"dotnumber","easy","easy",0.518,-1,1,-99,-0.099
17,"dotnumber","easy","easy",0.368,1,1,-99,-0.099
17,"dotnumber","easy","easy",0.435,1,1,-99,-0.099
17,"dotnumber","easy","easy",0.3,-1,1,-99,-0.099
17,"dotnumber","easy","easy",0.418,-1,0,-99,-0.099
17,"dotnumber","easy","easy",0.418,-1,1,-99,-0.099
17,"dotnumber","easy","easy",0.385,-1,1,-99,-0.099
17,"dotnumber","easy","easy",0.351,-1,1,-99,-0.099
17,"dotnumber","easy","easy",0.468,-1,1,-99,-0.099
17,"dotnumber","easy","easy",0.452,1,1,-99,-0.099
17,"dotnumber","easy","easy",0.335,-1,1,-99,-0.099
17,"dotnumber","easy","easy",0.417,1,1,-99,-0.099
17,"dotnumber","easy","easy",0.435,1,1,-99,-0.099
17,"dotnumber","easy","easy",0.418,-1,1,-99,-0.099
17,"dotnumber","easy","easy",0.636,1,1,-99,-0.099
17,"dotnumber","easy","easy",0.368,-1,1,-99,-0.099
17,"dotnumber","easy","easy",0.385,1,1,-99,-0.099
17,"dotnumber","easy","easy",0.535,1,1,-99,-0.099
17,"dotnumber","easy","easy",0.384,-1,1,-99,-0.099
17,"dotnumber","easy","easy",0.419,1,1,-99,-0.099
17,"dotnumber","easy","easy",0.685,-1,0,-99,-0.099
17,"dotnumber","easy","easy",0.535,-1,1,-99,-0.099
17,"dotnumber","easy","easy",0.452,-1,1,-99,-0.099
17,"dotnumber","easy","easy",0.569,-1,1,-99,-0.099
17,"dotnumber","easy","easy",0.452,1,1,-99,-0.099
17,"dotnumber","easy","easy",0.551,-1,1,-99,-0.099
17,"dotnumber","easy","easy",0.535,1,1,-99,-0.099
17,"dotnumber","easy","easy",0.352,-1,1,-99,-0.099
17,"dotnumber","easy","easy",0.419,-1,0,-99,-0.099
17,"dotnumber","easy","easy",0.418,1,1,-99,-0.099
17,"dotnumber","easy","easy",0.318,-1,1,-99,-0.099
17,"dotnumber","easy","easy",0.369,-1,1,-99,-0.099
17,"dotnumber","easy","easy",0.452,-1,1,-99,-0.099
17,"dotnumber","easy","easy",0.619,1,1,-99,-0.099
17,"dotnumber","easy","easy",0.284,-1,1,-99,-0.099
17,"dotnumber","easy","easy",0.3,-1,1,-99,-0.099
17,"dotnumber","easy","easy",0.335,-1,0,-99,-0.099
17,"dotnumber","easy","easy",0.352,1,1,-99,-0.099
17,"dotnumber","easy","easy",0.352,-1,1,-99,-0.099
17,"dotnumber","easy","easy",0.385,-1,0,-99,-0.099
17,"dotnumber","easy","easy",0.335,-1,1,-99,-0.099
17,"dotnumber","easy","easy",0.369,1,1,-99,-0.099
17,"dotnumber","easy","easy",0.335,1,1,-99,-0.099
17,"dotnumber","easy","easy",0.251,-1,0,-99,-0.099
17,"dotnumber","easy","easy",0.335,1,0,-99,-0.099
17,"dotnumber","easy","easy",0.302,-1,1,-99,-0.099
17,"dotnumber","easy","easy",0.318,-1,0,-99,-0.099
17,"xotask","average","average",3.154,-1,0,-99,-0.099
17,"xotask","average","average",1.302,1,0,-99,-0.099
17,"xotask","average","average",0.753,-1,1,-99,-0.099
17,"xotask","average","average",1.035,-1,1,-99,-0.099
17,"xotask","average","average",0.851,1,1,-99,-0.099
17,"xotask","average","average",1.102,-1,1,-99,-0.099
17,"xotask","average","average",1.135,-1,1,-99,-0.099
17,"xotask","average","average",0.919,1,1,-99,-0.099
17,"xotask","average","average",0.635,1,1,-99,-0.099
17,"xotask","average","average",0.852,1,0,-99,-0.099
17,"xotask","average","average",3.705,1,1,-99,-0.099
17,"xotask","average","average",0.717,1,0,-99,-0.099
17,"xotask","average","average",0.785,1,1,-99,-0.099
17,"xotask","average","average",1.019,-1,1,-99,-0.099
17,"xotask","average","average",0.735,1,1,-99,-0.099
17,"xotask","average","average",1.054,-1,1,-99,-0.099
17,"xotask","average","average",0.769,-1,0,-99,-0.099
17,"xotask","average","average",0.735,1,1,-99,-0.099
17,"xotask","average","average",0.936,1,1,-99,-0.099
17,"xotask","average","average",0.735,-1,0,-99,-0.099
17,"xotask","average","average",0.752,-1,1,-99,-0.099
17,"xotask","average","average",1.069,-1,1,-99,-0.099
17,"xotask","average","average",0.885,-1,1,-99,-0.099
17,"xotask","average","average",0.935,1,1,-99,-0.099
17,"xotask","average","average",1.169,-1,0,-99,-0.099
17,"xotask","average","average",1.185,-1,1,-99,-0.099
17,"xotask","average","average",0.901,1,1,-99,-0.099
17,"xotask","average","average",0.919,1,1,-99,-0.099
17,"xotask","average","average",0.534,1,1,-99,-0.099
17,"xotask","average","average",0.685,1,0,-99,-0.099
17,"xotask","average","average",0.552,-1,1,-99,-0.099
17,"xotask","average","average",0.452,-1,1,-99,-0.099
17,"xotask","average","average",0.451,-1,1,-99,-0.099
17,"xotask","average","average",0.735,1,1,-99,-0.099
17,"xotask","average","average",0.602,-1,1,-99,-0.099
17,"xotask","average","average",0.503,-1,0,-99,-0.099
17,"xotask","average","average",1.001,1,1,-99,-0.099
17,"xotask","average","average",1.504,1,0,-99,-0.099
17,"xotask","average","average",0.835,-1,1,-99,-0.099
17,"xotask","average","average",0.769,-1,0,-99,-0.099
17,"xotask","average","average",0.835,1,1,-99,-0.099
17,"xotask","average","average",0.935,1,1,-99,-0.099
17,"xotask","average","average",1.102,1,0,-99,-0.099
17,"xotask","average","average",0.735,1,1,-99,-0.099
17,"xotask","average","average",0.618,1,1,-99,-0.099
17,"xotask","average","average",0.869,-1,1,-99,-0.099
17,"xotask","average","average",0.767,-1,1,-99,-0.099
17,"xotask","average","average",0.668,-1,1,-99,-0.099
17,"xotask","average","average",1.736,-1,0,-99,-0.099
17,"xotask","average","average",0.836,1,1,-99,-0.099
17,"xotask","average","average",0.919,-1,1,-99,-0.099
17,"xotask","average","average",0.751,1,1,-99,-0.099
17,"xotask","average","average",1.219,-1,1,-99,-0.099
17,"xotask","average","average",0.902,-1,1,-99,-0.099
17,"xotask","average","average",0.669,1,0,-99,-0.099
17,"xotask","average","average",0.719,1,1,-99,-0.099
17,"xotask","average","average",0.802,-1,1,-99,-0.099
17,"xotask","average","average",0.669,1,1,-99,-0.099
17,"xotask","average","average",1.036,-1,1,-99,-0.099
17,"xotask","average","average",0.785,1,1,-99,-0.099
17,"xotask","average","average",0.669,-1,1,-99,-0.099
17,"xotask","average","average",0.768,-1,1,-99,-0.099
17,"xotask","average","average",0.701,-1,1,-99,-0.099
17,"xotask","average","average",0.651,-1,1,-99,-0.099
17,"xotask","average","average",0.786,-1,0,-99,-0.099
17,"xotask","average","average",0.619,-1,1,-99,-0.099
17,"xotask","average","average",0.584,-1,1,-99,-0.099
17,"xotask","average","average",0.635,-1,0,-99,-0.099
17,"xotask","average","average",2.336,1,1,-99,-0.099
17,"xotask","average","average",0.752,-1,0,-99,-0.099
17,"xotask","average","average",0.734,-1,0,-99,-0.099
17,"xotask","average","average",0.535,-1,0,-99,-0.099
17,"xotask","average","average",0.803,1,1,-99,-0.099
17,"xotask","average","average",0.636,1,1,-99,-0.099
17,"xotask","average","average",0.552,1,1,-99,-0.099
17,"xotask","average","average",0.569,-1,1,-99,-0.099
17,"xotask","average","average",0.702,-1,1,-99,-0.099
17,"xotask","average","average",1.352,-1,1,-99,-0.099
17,"xotask","average","average",0.651,-1,0,-99,-0.099
17,"xotask","average","average",0.785,1,1,-99,-0.099
17,"xotask","average","average",0.702,-1,1,-99,-0.099
17,"xotask","average","average",0.936,-1,0,-99,-0.099
17,"xotask","average","average",0.869,-1,1,-99,-0.099
17,"xotask","average","average",0.701,-1,1,-99,-0.099
17,"xotask","average","average",0.802,1,1,-99,-0.099
17,"xotask","average","average",0.719,1,1,-99,-0.099
17,"xotask","average","average",0.718,-1,1,-99,-0.099
17,"xotask","average","average",0.702,-1,1,-99,-0.099
17,"xotask","average","average",0.668,1,1,-99,-0.099
17,"xotask","average","average",0.801,1,1,-99,-0.099
17,"xotask","average","average",0.769,-1,0,-99,-0.099
17,"xotask","average","average",0.785,-1,1,-99,-0.099
17,"xotask","average","average",0.685,-1,1,-99,-0.099
17,"xotask","average","average",0.802,-1,1,-99,-0.099
17,"xotask","average","average",0.985,1,1,-99,-0.099
17,"xotask","average","average",0.969,1,0,-99,-0.099
17,"xotask","average","average",0.851,-1,1,-99,-0.099
17,"xotask","average","average",0.684,1,1,-99,-0.099
17,"xotask","average","average",0.684,-1,0,-99,-0.099
17,"xotask","average","average",1.052,1,0,-99,-0.099
17,"xotask","average","average",0.869,1,0,-99,-0.099
17,"xotask","average","average",0.702,1,0,-99,-0.099
17,"xotask","average","average",0.852,-1,1,-99,-0.099
17,"xotask","average","average",0.618,-1,0,-99,-0.099
17,"xotask","average","average",1.17,1,1,-99,-0.099
17,"xotask","average","average",0.618,1,1,-99,-0.099
17,"xotask","average","average",0.569,1,1,-99,-0.099
17,"xotask","average","average",0.835,-1,1,-99,-0.099
17,"xotask","average","average",0.836,-1,1,-99,-0.099
17,"xotask","average","average",0.768,1,1,-99,-0.099
17,"xotask","average","average",0.752,1,1,-99,-0.099
17,"xotask","average","average",0.719,-1,1,-99,-0.099
17,"xotask","average","average",1.036,1,1,-99,-0.099
17,"xotask","average","average",0.885,-1,1,-99,-0.099
17,"xotask","average","average",1.201,1,1,-99,-0.099
17,"xotask","average","average",0.752,1,0,-99,-0.099
17,"xotask","average","average",0.751,-1,1,-99,-0.099
17,"xotask","average","average",0.7,1,1,-99,-0.099
17,"xotask","average","average",0.885,1,1,-99,-0.099
17,"xotask","average","average",0.869,-1,1,-99,-0.099
17,"dotcolour","hard","hard",1.352,-1,0,-99,-0.099
17,"dotcolour","hard","hard",0.784,1,0,-99,-0.099
17,"dotcolour","hard","hard",0.719,-1,1,-99,-0.099
17,"dotcolour","hard","hard",0.735,-1,1,-99,-0.099
17,"dotcolour","hard","hard",0.818,1,1,-99,-0.099
17,"dotcolour","hard","hard",1.002,-1,1,-99,-0.099
17,"dotcolour","hard","hard",0.919,-1,0,-99,-0.099
17,"dotcolour","hard","hard",0.602,1,1,-99,-0.099
17,"dotcolour","hard","hard",0.702,-1,1,-99,-0.099
17,"dotcolour","hard","hard",0.652,1,0,-99,-0.099
17,"dotcolour","hard","hard",0.618,1,1,-99,-0.099
17,"dotcolour","hard","hard",0.584,1,1,-99,-0.099
17,"dotcolour","hard","hard",0.418,-1,1,-99,-0.099
17,"dotcolour","hard","hard",0.318,-1,0,-99,-0.099
17,"dotcolour","hard","hard",0.318,-1,0,-99,-0.099
17,"dotcolour","hard","hard",0.419,1,1,-99,-0.099
17,"dotcolour","hard","hard",0.452,1,1,-99,-0.099
17,"dotcolour","hard","hard",0.418,1,0,-99,-0.099
17,"dotcolour","hard","hard",0.836,1,1,-99,-0.099
17,"dotcolour","hard","hard",0.501,-1,0,-99,-0.099
17,"dotcolour","hard","hard",0.652,-1,1,-99,-0.099
17,"dotcolour","hard","hard",0.834,1,0,-99,-0.099
17,"dotcolour","hard","hard",0.735,1,0,-99,-0.099
17,"dotcolour","hard","hard",0.652,-1,1,-99,-0.099
17,"dotcolour","hard","hard",1.219,-1,1,-99,-0.099
17,"dotcolour","hard","hard",1.469,-1,1,-99,-0.099
17,"dotcolour","hard","hard",1.502,1,1,-99,-0.099
17,"dotcolour","hard","hard",0.786,-1,0,-99,-0.099
17,"dotcolour","hard","hard",0.752,-1,0,-99,-0.099
17,"dotcolour","hard","hard",0.485,1,1,-99,-0.099
17,"dotcolour","hard","hard",0.937,1,0,-99,-0.099
17,"dotcolour","hard","hard",0.802,-1,1,-99,-0.099
17,"dotcolour","hard","hard",0.819,-1,1,-99,-0.099
17,"dotcolour","hard","hard",0.768,-1,0,-99,-0.099
17,"dotcolour","hard","hard",0.652,-1,1,-99,-0.099
17,"dotcolour","hard","hard",0.801,-1,0,-99,-0.099
17,"dotcolour","hard","hard",0.835,-1,0,-99,-0.099
17,"dotcolour","hard","hard",0.885,1,0,-99,-0.099
17,"dotcolour","hard","hard",0.784,-1,0,-99,-0.099
17,"dotcolour","hard","hard",0.901,1,1,-99,-0.099
17,"dotcolour","hard","hard",0.752,1,1,-99,-0.099
17,"dotcolour","hard","hard",0.952,-1,0,-99,-0.099
17,"dotcolour","hard","hard",1.437,1,0,-99,-0.099
17,"dotcolour","hard","hard",1.803,1,0,-99,-0.099
17,"dotcolour","hard","hard",0.802,-1,1,-99,-0.099
17,"dotcolour","hard","hard",2.036,-1,1,-99,-0.099
17,"dotcolour","hard","hard",0.952,-1,0,-99,-0.099
17,"dotcolour","hard","hard",0.752,-1,1,-99,-0.099
17,"dotcolour","hard","hard",0.734,-1,1,-99,-0.099
17,"dotcolour","hard","hard",0.652,-1,0,-99,-0.099
17,"dotcolour","hard","hard",0.635,-1,0,-99,-0.099
17,"dotcolour","hard","hard",0.585,-1,0,-99,-0.099
17,"dotcolour","hard","hard",0.602,-1,1,-99,-0.099
17,"dotcolour","hard","hard",0.618,-1,1,-99,-0.099
17,"dotcolour","hard","hard",0.852,-1,1,-99,-0.099
17,"dotcolour","hard","hard",1.002,-1,0,-99,-0.099
17,"dotcolour","hard","hard",0.769,1,0,-99,-0.099
17,"dotcolour","hard","hard",0.92,1,1,-99,-0.099
17,"dotcolour","hard","hard",1.035,1,1,-99,-0.099
17,"dotcolour","hard","hard",0.952,-1,1,-99,-0.099
17,"dotcolour","hard","hard",0.952,1,1,-99,-0.099
17,"dotcolour","hard","hard",0.818,-1,1,-99,-0.099
17,"dotcolour","hard","hard",0.852,1,0,-99,-0.099
17,"dotcolour","hard","hard",0.685,-1,1,-99,-0.099
17,"dotcolour","hard","hard",0.652,1,1,-99,-0.099
17,"dotcolour","hard","hard",0.601,-1,1,-99,-0.099
17,"dotcolour","hard","hard",0.701,-1,1,-99,-0.099
17,"dotcolour","hard","hard",0.634,1,1,-99,-0.099
17,"dotcolour","hard","hard",0.736,-1,0,-99,-0.099
17,"dotcolour","hard","hard",0.702,-1,0,-99,-0.099
17,"dotcolour","hard","hard",0.585,1,1,-99,-0.099
17,"dotcolour","hard","hard",0.636,-1,1,-99,-0.099
17,"dotcolour","hard","hard",0.585,-1,1,-99,-0.099
17,"dotcolour","hard","hard",0.868,1,0,-99,-0.099
17,"dotcolour","hard","hard",1.052,1,0,-99,-0.099
17,"dotcolour","hard","hard",0.852,1,0,-99,-0.099
17,"dotcolour","hard","hard",1.085,1,0,-99,-0.099
17,"dotcolour","hard","hard",0.586,-1,1,-99,-0.099
17,"dotcolour","hard","hard",0.802,-1,1,-99,-0.099
17,"dotcolour","hard","hard",1.319,1,1,-99,-0.099
17,"dotcolour","hard","hard",1.069,1,0,-99,-0.099
17,"dotcolour","hard","hard",0.751,1,1,-99,-0.099
17,"dotcolour","hard","hard",0.752,-1,1,-99,-0.099
17,"dotcolour","hard","hard",0.767,1,1,-99,-0.099
17,"dotcolour","hard","hard",0.802,1,1,-99,-0.099
17,"dotcolour","hard","hard",0.701,-1,1,-99,-0.099
17,"dotcolour","hard","hard",0.735,-1,1,-99,-0.099
17,"dotcolour","hard","hard",0.635,-1,0,-99,-0.099
17,"dotcolour","hard","hard",0.769,-1,0,-99,-0.099
17,"dotcolour","hard","hard",0.801,1,1,-99,-0.099
17,"dotcolour","hard","hard",0.702,-1,1,-99,-0.099
17,"dotcolour","hard","hard",0.719,-1,0,-99,-0.099
17,"dotcolour","hard","hard",0.885,1,1,-99,-0.099
17,"dotcolour","hard","hard",0.868,1,1,-99,-0.099
17,"dotcolour","hard","hard",0.885,1,1,-99,-0.099
17,"dotcolour","hard","hard",0.669,-1,0,-99,-0.099
17,"dotcolour","hard","hard",0.752,1,1,-99,-0.099
17,"dotcolour","hard","hard",0.619,1,0,-99,-0.099
17,"dotcolour","hard","hard",0.602,-1,0,-99,-0.099
17,"dotcolour","hard","hard",0.602,1,0,-99,-0.099
17,"dotcolour","hard","hard",0.752,1,1,-99,-0.099
17,"dotcolour","hard","hard",0.669,1,1,-99,-0.099
17,"dotcolour","hard","hard",0.5,-1,1,-99,-0.099
17,"dotcolour","hard","hard",0.569,1,0,-99,-0.099
17,"dotcolour","hard","hard",0.519,-1,0,-99,-0.099
17,"dotcolour","hard","hard",0.652,1,0,-99,-0.099
17,"dotcolour","hard","hard",0.585,1,0,-99,-0.099
17,"dotcolour","hard","hard",0.569,-1,1,-99,-0.099
17,"dotcolour","hard","hard",0.951,-1,1,-99,-0.099
17,"dotcolour","hard","hard",0.619,-1,1,-99,-0.099
17,"dotcolour","hard","hard",0.72,-1,0,-99,-0.099
17,"dotcolour","hard","hard",0.568,1,1,-99,-0.099
17,"dotcolour","hard","hard",0.686,1,1,-99,-0.099
17,"dotcolour","hard","hard",0.635,1,0,-99,-0.099
17,"dotcolour","hard","hard",0.752,-1,0,-99,-0.099
17,"dotcolour","hard","hard",0.637,1,0,-99,-0.099
17,"dotcolour","hard","hard",0.518,-1,0,-99,-0.099
17,"dotcolour","hard","hard",0.602,-1,0,-99,-0.099
17,"dotcolour","hard","hard",1.085,1,0,-99,-0.099
17,"dotcolour","hard","hard",0.736,-1,0,-99,-0.099
18,"xotask","easy","easy",1.236,-1,1,-99,-0.099
18,"xotask","easy","easy",1.453,-1,1,-99,-0.099
18,"xotask","easy","easy",0.919,1,0,-99,-0.099
18,"xotask","easy","easy",1.136,1,1,-99,-0.099
18,"xotask","easy","easy",1.503,-1,1,-99,-0.099
18,"xotask","easy","easy",0.768,1,1,-99,-0.099
18,"xotask","easy","easy",1.085,1,1,-99,-0.099
18,"xotask","easy","easy",0.752,-1,1,-99,-0.099
18,"xotask","easy","easy",0.985,1,1,-99,-0.099
18,"xotask","easy","easy",1.169,1,1,-99,-0.099
18,"xotask","easy","easy",0.852,-1,1,-99,-0.099
18,"xotask","easy","easy",0.735,-1,1,-99,-0.099
18,"xotask","easy","easy",0.818,-1,1,-99,-0.099
18,"xotask","easy","easy",0.818,1,1,-99,-0.099
18,"xotask","easy","easy",1.202,1,1,-99,-0.099
18,"xotask","easy","easy",0.853,-1,1,-99,-0.099
18,"xotask","easy","easy",1.002,-1,1,-99,-0.099
18,"xotask","easy","easy",0.836,1,1,-99,-0.099
18,"xotask","easy","easy",0.769,1,1,-99,-0.099
18,"xotask","easy","easy",0.818,1,1,-99,-0.099
18,"xotask","easy","easy",1.353,1,1,-99,-0.099
18,"xotask","easy","easy",1.102,1,1,-99,-0.099
18,"xotask","easy","easy",0.768,-1,1,-99,-0.099
18,"xotask","easy","easy",0.835,-1,1,-99,-0.099
18,"xotask","easy","easy",1.135,-1,1,-99,-0.099
18,"xotask","easy","easy",1.119,1,1,-99,-0.099
18,"xotask","easy","easy",0.885,-1,1,-99,-0.099
18,"xotask","easy","easy",0.836,-1,1,-99,-0.099
18,"xotask","easy","easy",0.869,1,1,-99,-0.099
18,"xotask","easy","easy",0.835,-1,1,-99,-0.099
18,"xotask","easy","easy",1.002,-1,1,-99,-0.099
18,"xotask","easy","easy",1.001,-1,1,-99,-0.099
18,"xotask","easy","easy",0.769,1,1,-99,-0.099
18,"xotask","easy","easy",0.82,1,1,-99,-0.099
18,"xotask","easy","easy",0.853,-1,1,-99,-0.099
18,"xotask","easy","easy",0.969,-1,1,-99,-0.099
18,"xotask","easy","easy",0.852,-1,1,-99,-0.099
18,"xotask","easy","easy",0.769,-1,1,-99,-0.099
18,"xotask","easy","easy",1.236,-1,0,-99,-0.099
18,"xotask","easy","easy",0.719,1,1,-99,-0.099
18,"xotask","easy","easy",1.236,1,1,-99,-0.099
18,"xotask","easy","easy",0.97,1,1,-99,-0.099
18,"xotask","easy","easy",0.852,-1,1,-99,-0.099
18,"xotask","easy","easy",0.918,1,1,-99,-0.099
18,"xotask","easy","easy",0.952,1,1,-99,-0.099
18,"xotask","easy","easy",0.852,-1,1,-99,-0.099
18,"xotask","easy","easy",0.736,1,1,-99,-0.099
18,"xotask","easy","easy",0.902,1,1,-99,-0.099
18,"xotask","easy","easy",0.801,-1,1,-99,-0.099
18,"xotask","easy","easy",0.919,-1,1,-99,-0.099
18,"xotask","easy","easy",0.852,-1,1,-99,-0.099
18,"xotask","easy","easy",1.32,-1,1,-99,-0.099
18,"xotask","easy","easy",1.286,-1,1,-99,-0.099
18,"xotask","easy","easy",1.152,-1,1,-99,-0.099
18,"xotask","easy","easy",0.735,1,1,-99,-0.099
18,"xotask","easy","easy",0.869,1,1,-99,-0.099
18,"xotask","easy","easy",0.968,1,1,-99,-0.099
18,"xotask","easy","easy",0.953,-1,1,-99,-0.099
18,"xotask","easy","easy",0.801,-1,1,-99,-0.099
18,"xotask","easy","easy",0.769,1,1,-99,-0.099
18,"xotask","easy","easy",0.919,1,1,-99,-0.099
18,"xotask","easy","easy",1.319,1,1,-99,-0.099
18,"xotask","easy","easy",0.669,-1,1,-99,-0.099
18,"xotask","easy","easy",0.718,-1,1,-99,-0.099
18,"xotask","easy","easy",0.785,1,1,-99,-0.099
18,"xotask","easy","easy",0.852,1,1,-99,-0.099
18,"xotask","easy","easy",0.685,1,1,-99,-0.099
18,"xotask","easy","easy",1.269,-1,1,-99,-0.099
18,"xotask","easy","easy",0.635,1,1,-99,-0.099
18,"xotask","easy","easy",0.667,1,1,-99,-0.099
18,"xotask","easy","easy",1.219,-1,1,-99,-0.099
18,"xotask","easy","easy",1.62,1,1,-99,-0.099
18,"xotask","easy","easy",0.869,1,1,-99,-0.099
18,"xotask","easy","easy",0.902,-1,1,-99,-0.099
18,"xotask","easy","easy",0.784,-1,1,-99,-0.099
18,"xotask","easy","easy",0.551,1,1,-99,-0.099
18,"xotask","easy","easy",0.719,-1,1,-99,-0.099
18,"xotask","easy","easy",0.702,-1,1,-99,-0.099
18,"xotask","easy","easy",0.752,-1,1,-99,-0.099
18,"xotask","easy","easy",0.719,1,1,-99,-0.099
18,"xotask","easy","easy",0.819,1,1,-99,-0.099
18,"xotask","easy","easy",0.801,1,1,-99,-0.099
18,"xotask","easy","easy",0.701,1,1,-99,-0.099
18,"xotask","easy","easy",0.735,1,1,-99,-0.099
18,"xotask","easy","easy",0.886,-1,1,-99,-0.099
18,"xotask","easy","easy",0.635,-1,1,-99,-0.099
18,"xotask","easy","easy",0.736,-1,1,-99,-0.099
18,"xotask","easy","easy",1.352,1,1,-99,-0.099
18,"xotask","easy","easy",0.652,1,1,-99,-0.099
18,"xotask","easy","easy",0.635,1,1,-99,-0.099
18,"xotask","easy","easy",0.586,1,1,-99,-0.099
18,"xotask","easy","easy",0.685,-1,1,-99,-0.099
18,"xotask","easy","easy",0.618,1,1,-99,-0.099
18,"xotask","easy","easy",0.634,-1,1,-99,-0.099
18,"xotask","easy","easy",0.635,-1,1,-99,-0.099
18,"xotask","easy","easy",0.518,-1,1,-99,-0.099
18,"xotask","easy","easy",0.736,-1,1,-99,-0.099
18,"xotask","easy","easy",0.602,1,1,-99,-0.099
18,"xotask","easy","easy",0.669,1,1,-99,-0.099
18,"xotask","easy","easy",0.668,-1,1,-99,-0.099
18,"xotask","easy","easy",0.585,1,1,-99,-0.099
18,"xotask","easy","easy",0.718,1,1,-99,-0.099
18,"xotask","easy","easy",0.585,-1,1,-99,-0.099
18,"xotask","easy","easy",0.552,-1,1,-99,-0.099
18,"xotask","easy","easy",0.484,-1,1,-99,-0.099
18,"xotask","easy","easy",0.769,-1,1,-99,-0.099
18,"xotask","easy","easy",0.534,-1,1,-99,-0.099
18,"xotask","easy","easy",0.653,1,1,-99,-0.099
18,"xotask","easy","easy",0.986,-1,1,-99,-0.099
18,"xotask","easy","easy",0.802,-1,1,-99,-0.099
18,"xotask","easy","easy",0.585,-1,1,-99,-0.099
18,"xotask","easy","easy",0.551,-1,1,-99,-0.099
18,"xotask","easy","easy",0.519,1,1,-99,-0.099
18,"xotask","easy","easy",0.501,1,1,-99,-0.099
18,"xotask","easy","easy",0.485,1,1,-99,-0.099
18,"xotask","easy","easy",0.553,1,1,-99,-0.099
18,"xotask","easy","easy",0.452,1,1,-99,-0.099
18,"xotask","easy","easy",0.502,1,1,-99,-0.099
18,"xotask","easy","easy",0.752,-1,1,-99,-0.099
18,"xotask","easy","easy",0.518,1,1,-99,-0.099
18,"dotcolour","average","average",5.39,1,0,-99,-0.099
18,"dotcolour","average","average",0.969,1,1,-99,-0.099
18,"dotcolour","average","average",1.052,1,1,-99,-0.099
18,"dotcolour","average","average",0.602,-1,1,-99,-0.099
18,"dotcolour","average","average",0.635,-1,1,-99,-0.099
18,"dotcolour","average","average",0.568,-1,1,-99,-0.099
18,"dotcolour","average","average",0.92,1,1,-99,-0.099
18,"dotcolour","average","average",0.918,1,1,-99,-0.099
18,"dotcolour","average","average",0.802,1,1,-99,-0.099
18,"dotcolour","average","average",0.918,1,1,-99,-0.099
18,"dotcolour","average","average",0.685,-1,1,-99,-0.099
18,"dotcolour","average","average",0.752,1,1,-99,-0.099
18,"dotcolour","average","average",0.652,-1,1,-99,-0.099
18,"dotcolour","average","average",0.552,-1,1,-99,-0.099
18,"dotcolour","average","average",0.636,-1,1,-99,-0.099
18,"dotcolour","average","average",0.885,-1,1,-99,-0.099
18,"dotcolour","average","average",0.768,1,1,-99,-0.099
18,"dotcolour","average","average",0.735,-1,1,-99,-0.099
18,"dotcolour","average","average",0.902,-1,1,-99,-0.099
18,"dotcolour","average","average",0.751,1,1,-99,-0.099
18,"dotcolour","average","average",0.835,-1,0,-99,-0.099
18,"dotcolour","average","average",1.018,1,1,-99,-0.099
18,"dotcolour","average","average",2.586,-1,1,-99,-0.099
18,"dotcolour","average","average",0.702,1,1,-99,-0.099
18,"dotcolour","average","average",0.936,1,1,-99,-0.099
18,"dotcolour","average","average",0.668,-1,1,-99,-0.099
18,"dotcolour","average","average",0.701,1,1,-99,-0.099
18,"dotcolour","average","average",0.685,-1,1,-99,-0.099
18,"dotcolour","average","average",0.852,1,1,-99,-0.099
18,"dotcolour","average","average",0.801,-1,1,-99,-0.099
18,"dotcolour","average","average",0.736,-1,1,-99,-0.099
18,"dotcolour","average","average",1.219,1,1,-99,-0.099
18,"dotcolour","average","average",0.735,1,1,-99,-0.099
18,"dotcolour","average","average",0.969,1,1,-99,-0.099
18,"dotcolour","average","average",0.97,1,1,-99,-0.099
18,"dotcolour","average","average",1.136,1,1,-99,-0.099
18,"dotcolour","average","average",0.835,1,1,-99,-0.099
18,"dotcolour","average","average",0.819,1,1,-99,-0.099
18,"dotcolour","average","average",0.435,-1,1,-99,-0.099
18,"dotcolour","average","average",0.584,-1,1,-99,-0.099
18,"dotcolour","average","average",0.751,-1,1,-99,-0.099
18,"dotcolour","average","average",0.886,-1,1,-99,-0.099
18,"dotcolour","average","average",0.652,-1,1,-99,-0.099
18,"dotcolour","average","average",1.035,-1,1,-99,-0.099
18,"dotcolour","average","average",0.651,1,1,-99,-0.099
18,"dotcolour","average","average",1.369,-1,1,-99,-0.099
18,"dotcolour","average","average",0.886,-1,1,-99,-0.099
18,"dotcolour","average","average",0.701,1,1,-99,-0.099
18,"dotcolour","average","average",1.169,-1,1,-99,-0.099
18,"dotcolour","average","average",0.586,1,1,-99,-0.099
18,"dotcolour","average","average",0.902,-1,1,-99,-0.099
18,"dotcolour","average","average",0.667,1,1,-99,-0.099
18,"dotcolour","average","average",0.752,-1,1,-99,-0.099
18,"dotcolour","average","average",0.885,1,1,-99,-0.099
18,"dotcolour","average","average",0.835,-1,1,-99,-0.099
18,"dotcolour","average","average",0.635,1,1,-99,-0.099
18,"dotcolour","average","average",0.635,-1,1,-99,-0.099
18,"dotcolour","average","average",0.902,-1,1,-99,-0.099
18,"dotcolour","average","average",1.019,-1,1,-99,-0.099
18,"dotcolour","average","average",0.802,1,1,-99,-0.099
18,"dotcolour","average","average",0.718,1,1,-99,-0.099
18,"dotcolour","average","average",0.668,1,1,-99,-0.099
18,"dotcolour","average","average",0.602,-1,1,-99,-0.099
18,"dotcolour","average","average",0.951,1,0,-99,-0.099
18,"dotcolour","average","average",0.952,-1,1,-99,-0.099
18,"dotcolour","average","average",0.786,1,1,-99,-0.099
18,"dotcolour","average","average",0.651,1,1,-99,-0.099
18,"dotcolour","average","average",0.585,-1,1,-99,-0.099
18,"dotcolour","average","average",0.702,1,1,-99,-0.099
18,"dotcolour","average","average",0.685,-1,1,-99,-0.099
18,"dotcolour","average","average",0.918,1,1,-99,-0.099
18,"dotcolour","average","average",0.635,1,1,-99,-0.099
18,"dotcolour","average","average",0.652,1,1,-99,-0.099
18,"dotcolour","average","average",0.684,1,1,-99,-0.099
18,"dotcolour","average","average",0.585,-1,1,-99,-0.099
18,"dotcolour","average","average",0.585,-1,1,-99,-0.099
18,"dotcolour","average","average",0.602,1,1,-99,-0.099
18,"dotcolour","average","average",0.551,1,1,-99,-0.099
18,"dotcolour","average","average",0.734,-1,1,-99,-0.099
18,"dotcolour","average","average",1.184,-1,1,-99,-0.099
18,"dotcolour","average","average",0.584,1,1,-99,-0.099
18,"dotcolour","average","average",0.652,1,1,-99,-0.099
18,"dotcolour","average","average",0.719,-1,1,-99,-0.099
18,"dotcolour","average","average",0.735,-1,1,-99,-0.099
18,"dotcolour","average","average",0.551,1,1,-99,-0.099
18,"dotcolour","average","average",1.936,1,1,-99,-0.099
18,"dotcolour","average","average",0.652,1,1,-99,-0.099
18,"dotcolour","average","average",0.552,-1,1,-99,-0.099
18,"dotcolour","average","average",0.552,1,1,-99,-0.099
18,"dotcolour","average","average",0.619,-1,1,-99,-0.099
18,"dotcolour","average","average",0.585,1,1,-99,-0.099
18,"dotcolour","average","average",0.652,1,1,-99,-0.099
18,"dotcolour","average","average",0.718,-1,1,-99,-0.099
18,"dotcolour","average","average",0.719,-1,1,-99,-0.099
18,"dotcolour","average","average",0.719,-1,1,-99,-0.099
18,"dotcolour","average","average",0.735,-1,1,-99,-0.099
18,"dotcolour","average","average",0.752,-1,1,-99,-0.099
18,"dotcolour","average","average",0.618,1,1,-99,-0.099
18,"dotcolour","average","average",0.702,1,1,-99,-0.099
18,"dotcolour","average","average",0.469,1,1,-99,-0.099
18,"dotcolour","average","average",0.652,-1,1,-99,-0.099
18,"dotcolour","average","average",0.818,1,1,-99,-0.099
18,"dotcolour","average","average",0.768,1,1,-99,-0.099
18,"dotcolour","average","average",0.919,1,1,-99,-0.099
18,"dotcolour","average","average",0.919,-1,1,-99,-0.099
18,"dotcolour","average","average",0.618,1,1,-99,-0.099
18,"dotcolour","average","average",0.785,-1,1,-99,-0.099
18,"dotcolour","average","average",0.485,-1,1,-99,-0.099
18,"dotcolour","average","average",0.452,1,1,-99,-0.099
18,"dotcolour","average","average",0.568,-1,1,-99,-0.099
18,"dotcolour","average","average",0.486,-1,1,-99,-0.099
18,"dotcolour","average","average",0.635,-1,1,-99,-0.099
18,"dotcolour","average","average",0.501,1,1,-99,-0.099
18,"dotcolour","average","average",0.518,-1,1,-99,-0.099
18,"dotcolour","average","average",0.518,1,1,-99,-0.099
18,"dotcolour","average","average",0.518,-1,1,-99,-0.099
18,"dotcolour","average","average",0.518,1,1,-99,-0.099
18,"dotcolour","average","average",0.369,1,1,-99,-0.099
18,"dotcolour","average","average",0.552,-1,1,-99,-0.099
18,"dotcolour","average","average",0.484,-1,1,-99,-0.099
18,"dotnumber","hard","hard",1.018,-1,0,-99,-0.099
18,"dotnumber","hard","hard",0.851,1,0,-99,-0.099
18,"dotnumber","hard","hard",1.036,1,1,-99,-0.099
18,"dotnumber","hard","hard",1.285,1,1,-99,-0.099
18,"dotnumber","hard","hard",1.336,-1,1,-99,-0.099
18,"dotnumber","hard","hard",0.869,1,1,-99,-0.099
18,"dotnumber","hard","hard",1.036,-1,1,-99,-0.099
18,"dotnumber","hard","hard",0.801,-1,1,-99,-0.099
18,"dotnumber","hard","hard",0.969,-1,1,-99,-0.099
18,"dotnumber","hard","hard",2.07,1,1,-99,-0.099
18,"dotnumber","hard","hard",0.918,-1,1,-99,-0.099
18,"dotnumber","hard","hard",1.785,1,0,-99,-0.099
18,"dotnumber","hard","hard",0.869,1,0,-99,-0.099
18,"dotnumber","hard","hard",0.769,-1,0,-99,-0.099
18,"dotnumber","hard","hard",0.853,1,1,-99,-0.099
18,"dotnumber","hard","hard",0.701,-1,1,-99,-0.099
18,"dotnumber","hard","hard",0.601,1,1,-99,-0.099
18,"dotnumber","hard","hard",0.852,-1,1,-99,-0.099
18,"dotnumber","hard","hard",0.669,1,0,-99,-0.099
18,"dotnumber","hard","hard",0.802,1,1,-99,-0.099
18,"dotnumber","hard","hard",0.785,-1,0,-99,-0.099
18,"dotnumber","hard","hard",0.869,1,0,-99,-0.099
18,"dotnumber","hard","hard",0.919,1,1,-99,-0.099
18,"dotnumber","hard","hard",0.901,1,1,-99,-0.099
18,"dotnumber","hard","hard",0.902,1,1,-99,-0.099
18,"dotnumber","hard","hard",0.635,1,0,-99,-0.099
18,"dotnumber","hard","hard",0.935,-1,1,-99,-0.099
18,"dotnumber","hard","hard",0.685,-1,1,-99,-0.099
18,"dotnumber","hard","hard",0.568,1,0,-99,-0.099
18,"dotnumber","hard","hard",0.668,-1,1,-99,-0.099
18,"dotnumber","hard","hard",0.568,1,1,-99,-0.099
18,"dotnumber","hard","hard",0.852,1,0,-99,-0.099
18,"dotnumber","hard","hard",0.652,-1,0,-99,-0.099
18,"dotnumber","hard","hard",0.785,-1,1,-99,-0.099
18,"dotnumber","hard","hard",0.501,1,0,-99,-0.099
18,"dotnumber","hard","hard",1.486,-1,1,-99,-0.099
18,"dotnumber","hard","hard",0.567,1,1,-99,-0.099
18,"dotnumber","hard","hard",0.686,-1,1,-99,-0.099
18,"dotnumber","hard","hard",0.584,1,1,-99,-0.099
18,"dotnumber","hard","hard",0.551,1,0,-99,-0.099
18,"dotnumber","hard","hard",0.652,1,1,-99,-0.099
18,"dotnumber","hard","hard",0.602,1,1,-99,-0.099
18,"dotnumber","hard","hard",0.569,1,1,-99,-0.099
18,"dotnumber","hard","hard",0.602,1,1,-99,-0.099
18,"dotnumber","hard","hard",0.969,-1,0,-99,-0.099
18,"dotnumber","hard","hard",0.969,1,0,-99,-0.099
18,"dotnumber","hard","hard",0.517,1,1,-99,-0.099
18,"dotnumber","hard","hard",0.485,1,1,-99,-0.099
18,"dotnumber","hard","hard",0.719,-1,0,-99,-0.099
18,"dotnumber","hard","hard",0.636,1,0,-99,-0.099
18,"dotnumber","hard","hard",0.585,1,1,-99,-0.099
18,"dotnumber","hard","hard",1.354,-1,0,-99,-0.099
18,"dotnumber","hard","hard",1.803,-1,1,-99,-0.099
18,"dotnumber","hard","hard",0.685,1,1,-99,-0.099
18,"dotnumber","hard","hard",0.686,1,0,-99,-0.099
18,"dotnumber","hard","hard",0.868,-1,1,-99,-0.099
18,"dotnumber","hard","hard",0.802,1,1,-99,-0.099
18,"dotnumber","hard","hard",0.701,1,1,-99,-0.099
18,"dotnumber","hard","hard",0.635,-1,1,-99,-0.099
18,"dotnumber","hard","hard",0.618,-1,1,-99,-0.099
18,"dotnumber","hard","hard",0.968,-1,0,-99,-0.099
18,"dotnumber","hard","hard",0.986,1,0,-99,-0.099
18,"dotnumber","hard","hard",0.817,-1,0,-99,-0.099
18,"dotnumber","hard","hard",0.954,-1,0,-99,-0.099
18,"dotnumber","hard","hard",0.702,-1,1,-99,-0.099
18,"dotnumber","hard","hard",0.601,1,1,-99,-0.099
18,"dotnumber","hard","hard",1.118,-1,1,-99,-0.099
18,"dotnumber","hard","hard",0.767,-1,1,-99,-0.099
18,"dotnumber","hard","hard",0.869,-1,1,-99,-0.099
18,"dotnumber","hard","hard",1.037,1,1,-99,-0.099
18,"dotnumber","hard","hard",0.686,1,1,-99,-0.099
18,"dotnumber","hard","hard",0.819,1,0,-99,-0.099
18,"dotnumber","hard","hard",2.52,-1,1,-99,-0.099
18,"dotnumber","hard","hard",0.752,1,1,-99,-0.099
18,"dotnumber","hard","hard",0.752,1,1,-99,-0.099
18,"dotnumber","hard","hard",0.835,-1,1,-99,-0.099
18,"dotnumber","hard","hard",1.353,1,0,-99,-0.099
18,"dotnumber","hard","hard",0.684,-1,1,-99,-0.099
18,"dotnumber","hard","hard",0.769,-1,1,-99,-0.099
18,"dotnumber","hard","hard",0.535,1,1,-99,-0.099
18,"dotnumber","hard","hard",0.734,1,0,-99,-0.099
18,"dotnumber","hard","hard",0.685,1,1,-99,-0.099
18,"dotnumber","hard","hard",0.635,-1,1,-99,-0.099
18,"dotnumber","hard","hard",1.085,-1,1,-99,-0.099
18,"dotnumber","hard","hard",0.818,-1,1,-99,-0.099
18,"dotnumber","hard","hard",1.219,1,0,-99,-0.099
18,"dotnumber","hard","hard",0.968,1,1,-99,-0.099
18,"dotnumber","hard","hard",0.768,-1,0,-99,-0.099
18,"dotnumber","hard","hard",0.718,-1,0,-99,-0.099
18,"dotnumber","hard","hard",0.652,-1,1,-99,-0.099
18,"dotnumber","hard","hard",0.519,1,1,-99,-0.099
18,"dotnumber","hard","hard",0.551,-1,1,-99,-0.099
18,"dotnumber","hard","hard",0.519,-1,0,-99,-0.099
18,"dotnumber","hard","hard",0.502,-1,0,-99,-0.099
18,"dotnumber","hard","hard",0.435,-1,0,-99,-0.099
18,"dotnumber","hard","hard",0.502,1,1,-99,-0.099
18,"dotnumber","hard","hard",0.619,1,0,-99,-0.099
18,"dotnumber","hard","hard",0.784,-1,0,-99,-0.099
18,"dotnumber","hard","hard",0.518,1,1,-99,-0.099
18,"dotnumber","hard","hard",0.719,1,0,-99,-0.099
18,"dotnumber","hard","hard",0.485,-1,0,-99,-0.099
18,"dotnumber","hard","hard",0.418,1,0,-99,-0.099
18,"dotnumber","hard","hard",0.618,1,0,-99,-0.099
18,"dotnumber","hard","hard",0.584,1,1,-99,-0.099
18,"dotnumber","hard","hard",0.485,1,0,-99,-0.099
18,"dotnumber","hard","hard",0.668,1,1,-99,-0.099
18,"dotnumber","hard","hard",0.652,1,1,-99,-0.099
18,"dotnumber","hard","hard",0.535,1,1,-99,-0.099
18,"dotnumber","hard","hard",0.785,-1,0,-99,-0.099
18,"dotnumber","hard","hard",0.686,1,0,-99,-0.099
18,"dotnumber","hard","hard",0.435,1,0,-99,-0.099
18,"dotnumber","hard","hard",1.202,1,1,-99,-0.099
18,"dotnumber","hard","hard",0.636,1,0,-99,-0.099
18,"dotnumber","hard","hard",0.552,1,1,-99,-0.099
18,"dotnumber","hard","hard",0.618,-1,1,-99,-0.099
18,"dotnumber","hard","hard",0.419,1,1,-99,-0.099
18,"dotnumber","hard","hard",0.535,1,0,-99,-0.099
18,"dotnumber","hard","hard",0.635,-1,1,-99,-0.099
18,"dotnumber","hard","hard",0.434,-1,1,-99,-0.099
18,"dotnumber","hard","hard",0.485,1,1,-99,-0.099
19,"dotcolour","average","average",1.87,1,1,-99,-0.099
19,"dotcolour","average","average",1.12,1,1,-99,-0.099
19,"dotcolour","average","average",1.086,1,1,-99,-0.099
19,"dotcolour","average","average",1.218,1,1,-99,-0.099
19,"dotcolour","average","average",1.003,-1,1,-99,-0.099
19,"dotcolour","average","average",1.101,1,1,-99,-0.099
19,"dotcolour","average","average",1.32,1,0,-99,-0.099
19,"dotcolour","average","average",1.619,1,0,-99,-0.099
19,"dotcolour","average","average",0.986,1,1,-99,-0.099
19,"dotcolour","average","average",1.386,1,0,-99,-0.099
19,"dotcolour","average","average",0.852,-1,1,-99,-0.099
19,"dotcolour","average","average",1.136,1,1,-99,-0.099
19,"dotcolour","average","average",0.902,-1,1,-99,-0.099
19,"dotcolour","average","average",1.002,-1,1,-99,-0.099
19,"dotcolour","average","average",1.219,1,1,-99,-0.099
19,"dotcolour","average","average",1.836,1,1,-99,-0.099
19,"dotcolour","average","average",1.57,1,1,-99,-0.099
19,"dotcolour","average","average",1.069,-1,1,-99,-0.099
19,"dotcolour","average","average",1.369,1,1,-99,-0.099
19,"dotcolour","average","average",1.018,1,1,-99,-0.099
19,"dotcolour","average","average",0.785,-1,1,-99,-0.099
19,"dotcolour","average","average",1.719,-1,1,-99,-0.099
19,"dotcolour","average","average",1.919,-1,1,-99,-0.099
19,"dotcolour","average","average",1.803,-1,1,-99,-0.099
19,"dotcolour","average","average",2.487,-1,1,-99,-0.099
19,"dotcolour","average","average",0.935,1,1,-99,-0.099
19,"dotcolour","average","average",1.001,1,1,-99,-0.099
19,"dotcolour","average","average",0.818,-1,1,-99,-0.099
19,"dotcolour","average","average",1.67,1,0,-99,-0.099
19,"dotcolour","average","average",1.286,-1,0,-99,-0.099
19,"dotcolour","average","average",0.919,1,1,-99,-0.099
19,"dotcolour","average","average",1.303,1,0,-99,-0.099
19,"dotcolour","average","average",1.068,-1,0,-99,-0.099
19,"dotcolour","average","average",2.103,1,1,-99,-0.099
19,"dotcolour","average","average",1.719,1,1,-99,-0.099
19,"dotcolour","average","average",1.186,1,1,-99,-0.099
19,"dotcolour","average","average",0.986,-1,1,-99,-0.099
19,"dotcolour","average","average",1.536,-1,1,-99,-0.099
19,"dotcolour","average","average",1.085,-1,1,-99,-0.099
19,"dotcolour","average","average",0.801,1,1,-99,-0.099
19,"dotcolour","average","average",0.802,1,1,-99,-0.099
19,"dotcolour","average","average",2.237,1,1,-99,-0.099
19,"dotcolour","average","average",1.403,-1,1,-99,-0.099
19,"dotcolour","average","average",1.201,1,0,-99,-0.099
19,"dotcolour","average","average",0.968,-1,1,-99,-0.099
19,"dotcolour","average","average",1.336,1,1,-99,-0.099
19,"dotcolour","average","average",0.884,-1,1,-99,-0.099
19,"dotcolour","average","average",1.602,-1,1,-99,-0.099
19,"dotcolour","average","average",1.586,-1,1,-99,-0.099
19,"dotcolour","average","average",2.703,-1,1,-99,-0.099
19,"dotcolour","average","average",1.302,1,1,-99,-0.099
19,"dotcolour","average","average",0.868,1,1,-99,-0.099
19,"dotcolour","average","average",0.835,-1,1,-99,-0.099
19,"dotcolour","average","average",0.936,-1,1,-99,-0.099
19,"dotcolour","average","average",1.119,1,1,-99,-0.099
19,"dotcolour","average","average",0.968,1,1,-99,-0.099
19,"dotcolour","average","average",0.819,-1,1,-99,-0.099
19,"dotcolour","average","average",1.319,-1,1,-99,-0.099
19,"dotcolour","average","average",1.002,1,1,-99,-0.099
19,"dotcolour","average","average",1.603,-1,1,-99,-0.099
19,"dotcolour","average","average",0.802,1,1,-99,-0.099
19,"dotcolour","average","average",0.919,-1,0,-99,-0.099
19,"dotcolour","average","average",2.253,1,0,-99,-0.099
19,"dotcolour","average","average",1.47,-1,1,-99,-0.099
19,"dotcolour","average","average",1.169,1,1,-99,-0.099
19,"dotcolour","average","average",2.137,1,1,-99,-0.099
19,"dotcolour","average","average",1.469,-1,1,-99,-0.099
19,"dotcolour","average","average",0.835,1,1,-99,-0.099
19,"dotcolour","average","average",2.253,1,1,-99,-0.099
19,"dotcolour","average","average",0.719,1,1,-99,-0.099
19,"dotcolour","average","average",0.818,-1,1,-99,-0.099
19,"dotcolour","average","average",0.868,1,0,-99,-0.099
19,"dotcolour","average","average",2.053,-1,1,-99,-0.099
19,"dotcolour","average","average",1.286,-1,1,-99,-0.099
19,"dotcolour","average","average",1.604,-1,1,-99,-0.099
19,"dotcolour","average","average",0.803,-1,1,-99,-0.099
19,"dotcolour","average","average",1.252,1,0,-99,-0.099
19,"dotcolour","average","average",0.936,1,1,-99,-0.099
19,"dotcolour","average","average",0.969,-1,1,-99,-0.099
19,"dotcolour","average","average",2.604,1,1,-99,-0.099
19,"dotcolour","average","average",1.219,-1,1,-99,-0.099
19,"dotcolour","average","average",1.519,-1,1,-99,-0.099
19,"dotcolour","average","average",0.902,1,1,-99,-0.099
19,"dotcolour","average","average",3.604,1,1,-99,-0.099
19,"dotcolour","average","average",0.752,1,1,-99,-0.099
19,"dotcolour","average","average",0.918,-1,1,-99,-0.099
19,"dotcolour","average","average",1.486,1,1,-99,-0.099
19,"dotcolour","average","average",1.435,1,0,-99,-0.099
19,"dotcolour","average","average",1.869,1,1,-99,-0.099
19,"dotcolour","average","average",0.751,1,1,-99,-0.099
19,"dotcolour","average","average",0.819,1,1,-99,-0.099
19,"dotcolour","average","average",0.802,1,1,-99,-0.099
19,"dotcolour","average","average",0.819,-1,1,-99,-0.099
19,"dotcolour","average","average",0.884,-1,0,-99,-0.099
19,"dotcolour","average","average",1.22,1,1,-99,-0.099
19,"dotcolour","average","average",1.736,-1,1,-99,-0.099
19,"dotcolour","average","average",4.189,1,1,-99,-0.099
19,"dotcolour","average","average",0.936,-1,1,-99,-0.099
19,"dotcolour","average","average",0.869,-1,1,-99,-0.099
19,"dotcolour","average","average",3.62,-1,1,-99,-0.099
19,"dotcolour","average","average",0.952,-1,1,-99,-0.099
19,"dotcolour","average","average",0.752,1,1,-99,-0.099
19,"dotcolour","average","average",0.902,1,1,-99,-0.099
19,"dotcolour","average","average",1.236,1,1,-99,-0.099
19,"dotcolour","average","average",0.735,1,1,-99,-0.099
19,"dotcolour","average","average",0.92,-1,1,-99,-0.099
19,"dotcolour","average","average",0.769,1,1,-99,-0.099
19,"dotcolour","average","average",0.901,1,1,-99,-0.099
19,"dotcolour","average","average",0.852,1,1,-99,-0.099
19,"dotcolour","average","average",0.718,-1,1,-99,-0.099
19,"dotcolour","average","average",0.919,1,1,-99,-0.099
19,"dotcolour","average","average",1.219,-1,1,-99,-0.099
19,"dotcolour","average","average",1.068,-1,1,-99,-0.099
19,"dotcolour","average","average",2.019,-1,1,-99,-0.099
19,"dotcolour","average","average",2.186,1,0,-99,-0.099
19,"dotcolour","average","average",1.236,1,1,-99,-0.099
19,"dotcolour","average","average",1.453,1,1,-99,-0.099
19,"dotcolour","average","average",1.102,-1,1,-99,-0.099
19,"dotcolour","average","average",0.719,1,1,-99,-0.099
19,"dotcolour","average","average",0.952,-1,1,-99,-0.099
19,"dotnumber","hard","hard",2.036,1,0,-99,-0.099
19,"dotnumber","hard","hard",1.836,-1,1,-99,-0.099
19,"dotnumber","hard","hard",1.102,-1,1,-99,-0.099
19,"dotnumber","hard","hard",0.953,1,1,-99,-0.099
19,"dotnumber","hard","hard",0.82,-1,1,-99,-0.099
19,"dotnumber","hard","hard",1.302,1,1,-99,-0.099
19,"dotnumber","hard","hard",1.069,-1,1,-99,-0.099
19,"dotnumber","hard","hard",0.952,-1,0,-99,-0.099
19,"dotnumber","hard","hard",0.919,1,1,-99,-0.099
19,"dotnumber","hard","hard",0.801,-1,1,-99,-0.099
19,"dotnumber","hard","hard",0.717,-1,0,-99,-0.099
19,"dotnumber","hard","hard",0.685,1,0,-99,-0.099
19,"dotnumber","hard","hard",0.918,1,0,-99,-0.099
19,"dotnumber","hard","hard",1.802,1,0,-99,-0.099
19,"dotnumber","hard","hard",1.135,-1,0,-99,-0.099
19,"dotnumber","hard","hard",0.702,1,1,-99,-0.099
19,"dotnumber","hard","hard",0.901,1,1,-99,-0.099
19,"dotnumber","hard","hard",0.919,1,1,-99,-0.099
19,"dotnumber","hard","hard",1.47,1,1,-99,-0.099
19,"dotnumber","hard","hard",1.435,-1,0,-99,-0.099
19,"dotnumber","hard","hard",1.069,1,1,-99,-0.099
19,"dotnumber","hard","hard",1.403,1,0,-99,-0.099
19,"dotnumber","hard","hard",0.752,-1,1,-99,-0.099
19,"dotnumber","hard","hard",0.735,1,0,-99,-0.099
19,"dotnumber","hard","hard",2.504,1,1,-99,-0.099
19,"dotnumber","hard","hard",1.319,1,0,-99,-0.099
19,"dotnumber","hard","hard",1.219,-1,1,-99,-0.099
19,"dotnumber","hard","hard",1.435,1,0,-99,-0.099
19,"dotnumber","hard","hard",1.436,1,0,-99,-0.099
19,"dotnumber","hard","hard",1.119,-1,0,-99,-0.099
19,"dotnumber","hard","hard",1.135,1,0,-99,-0.099
19,"dotnumber","hard","hard",1.319,1,1,-99,-0.099
19,"dotnumber","hard","hard",1.636,1,0,-99,-0.099
19,"dotnumber","hard","hard",0.835,1,1,-99,-0.099
19,"dotnumber","hard","hard",0.585,-1,1,-99,-0.099
19,"dotnumber","hard","hard",0.752,1,1,-99,-0.099
19,"dotnumber","hard","hard",0.718,1,0,-99,-0.099
19,"dotnumber","hard","hard",0.886,-1,0,-99,-0.099
19,"dotnumber","hard","hard",1.085,1,0,-99,-0.099
19,"dotnumber","hard","hard",0.82,-1,0,-99,-0.099
19,"dotnumber","hard","hard",1.119,-1,1,-99,-0.099
19,"dotnumber","hard","hard",1.252,-1,0,-99,-0.099
19,"dotnumber","hard","hard",0.718,-1,1,-99,-0.099
19,"dotnumber","hard","hard",0.802,1,1,-99,-0.099
19,"dotnumber","hard","hard",1.269,1,1,-99,-0.099
19,"dotnumber","hard","hard",0.852,1,1,-99,-0.099
19,"dotnumber","hard","hard",0.852,1,0,-99,-0.099
19,"dotnumber","hard","hard",0.569,-1,0,-99,-0.099
19,"dotnumber","hard","hard",1.736,1,1,-99,-0.099
19,"dotnumber","hard","hard",1.47,-1,0,-99,-0.099
19,"dotnumber","hard","hard",0.935,1,1,-99,-0.099
19,"dotnumber","hard","hard",1.153,1,1,-99,-0.099
19,"dotnumber","hard","hard",0.818,1,0,-99,-0.099
19,"dotnumber","hard","hard",2.02,1,1,-99,-0.099
19,"dotnumber","hard","hard",1.119,1,0,-99,-0.099
19,"dotnumber","hard","hard",3.288,-1,1,-99,-0.099
19,"dotnumber","hard","hard",0.886,1,0,-99,-0.099
19,"dotnumber","hard","hard",1.002,-1,0,-99,-0.099
19,"dotnumber","hard","hard",0.702,-1,0,-99,-0.099
19,"dotnumber","hard","hard",0.952,-1,0,-99,-0.099
19,"dotnumber","hard","hard",0.884,1,0,-99,-0.099
19,"dotnumber","hard","hard",1.269,-1,1,-99,-0.099
19,"dotnumber","hard","hard",0.668,-1,0,-99,-0.099
19,"dotnumber","hard","hard",0.902,1,0,-99,-0.099
19,"dotnumber","hard","hard",0.968,-1,1,-99,-0.099
19,"dotnumber","hard","hard",0.618,-1,1,-99,-0.099
19,"dotnumber","hard","hard",0.886,1,1,-99,-0.099
19,"dotnumber","hard","hard",0.618,-1,1,-99,-0.099
19,"dotnumber","hard","hard",1.103,1,0,-99,-0.099
19,"dotnumber","hard","hard",0.869,1,0,-99,-0.099
19,"dotnumber","hard","hard",0.801,1,1,-99,-0.099
19,"dotnumber","hard","hard",1.052,1,1,-99,-0.099
19,"dotnumber","hard","hard",1.236,-1,1,-99,-0.099
19,"dotnumber","hard","hard",1.118,-1,0,-99,-0.099
19,"dotnumber","hard","hard",1.253,1,1,-99,-0.099
19,"dotnumber","hard","hard",0.985,1,0,-99,-0.099
19,"dotnumber","hard","hard",1.186,-1,0,-99,-0.099
19,"dotnumber","hard","hard",1.703,-1,0,-99,-0.099
19,"dotnumber","hard","hard",0.769,1,0,-99,-0.099
19,"dotnumber","hard","hard",0.868,1,1,-99,-0.099
19,"dotnumber","hard","hard",0.701,1,0,-99,-0.099
19,"dotnumber","hard","hard",1.051,1,1,-99,-0.099
19,"dotnumber","hard","hard",0.769,-1,1,-99,-0.099
19,"dotnumber","hard","hard",0.868,1,0,-99,-0.099
19,"dotnumber","hard","hard",1.619,-1,0,-99,-0.099
19,"dotnumber","hard","hard",0.951,-1,1,-99,-0.099
19,"dotnumber","hard","hard",1.085,1,1,-99,-0.099
19,"dotnumber","hard","hard",1.12,1,0,-99,-0.099
19,"dotnumber","hard","hard",0.968,1,1,-99,-0.099
19,"dotnumber","hard","hard",0.836,-1,1,-99,-0.099
19,"dotnumber","hard","hard",0.718,1,0,-99,-0.099
19,"dotnumber","hard","hard",1.152,-1,0,-99,-0.099
19,"dotnumber","hard","hard",0.952,1,1,-99,-0.099
19,"dotnumber","hard","hard",1.136,-1,0,-99,-0.099
19,"dotnumber","hard","hard",1.018,-1,1,-99,-0.099
19,"dotnumber","hard","hard",0.752,1,0,-99,-0.099
19,"dotnumber","hard","hard",1.17,1,0,-99,-0.099
19,"dotnumber","hard","hard",0.885,-1,1,-99,-0.099
19,"dotnumber","hard","hard",0.852,1,1,-99,-0.099
19,"dotnumber","hard","hard",1.203,-1,1,-99,-0.099
19,"dotnumber","hard","hard",1.069,-1,0,-99,-0.099
19,"dotnumber","hard","hard",0.734,-1,1,-99,-0.099
19,"dotnumber","hard","hard",0.819,1,0,-99,-0.099
19,"dotnumber","hard","hard",0.719,-1,0,-99,-0.099
19,"dotnumber","hard","hard",0.734,-1,0,-99,-0.099
19,"dotnumber","hard","hard",0.97,1,1,-99,-0.099
19,"dotnumber","hard","hard",0.951,-1,1,-99,-0.099
19,"dotnumber","hard","hard",0.884,-1,0,-99,-0.099
19,"dotnumber","hard","hard",0.435,1,0,-99,-0.099
19,"dotnumber","hard","hard",0.502,-1,0,-99,-0.099
19,"dotnumber","hard","hard",0.953,1,1,-99,-0.099
19,"dotnumber","hard","hard",0.852,-1,1,-99,-0.099
19,"dotnumber","hard","hard",1.252,1,0,-99,-0.099
19,"dotnumber","hard","hard",0.818,1,1,-99,-0.099
19,"dotnumber","hard","hard",1.002,-1,1,-99,-0.099
19,"dotnumber","hard","hard",0.718,1,1,-99,-0.099
19,"dotnumber","hard","hard",0.769,1,0,-99,-0.099
19,"dotnumber","hard","hard",0.534,1,1,-99,-0.099
19,"dotnumber","hard","hard",0.785,1,1,-99,-0.099
19,"dotnumber","hard","hard",0.752,-1,1,-99,-0.099
19,"xotask","easy","easy",2.57,1,1,-99,-0.099
19,"xotask","easy","easy",2.269,-1,1,-99,-0.099
19,"xotask","easy","easy",1.869,1,0,-99,-0.099
19,"xotask","easy","easy",0.919,-1,0,-99,-0.099
19,"xotask","easy","easy",2.27,1,0,-99,-0.099
19,"xotask","easy","easy",1.136,1,1,-99,-0.099
19,"xotask","easy","easy",0.985,-1,1,-99,-0.099
19,"xotask","easy","easy",1.102,1,1,-99,-0.099
19,"xotask","easy","easy",1.17,1,1,-99,-0.099
19,"xotask","easy","easy",0.868,1,1,-99,-0.099
19,"xotask","easy","easy",1.152,-1,1,-99,-0.099
19,"xotask","easy","easy",1.286,-1,1,-99,-0.099
19,"xotask","easy","easy",0.969,1,1,-99,-0.099
19,"xotask","easy","easy",1.287,-1,1,-99,-0.099
19,"xotask","easy","easy",1.802,1,1,-99,-0.099
19,"xotask","easy","easy",0.735,-1,1,-99,-0.099
19,"xotask","easy","easy",0.952,1,1,-99,-0.099
19,"xotask","easy","easy",1.469,-1,1,-99,-0.099
19,"xotask","easy","easy",0.701,1,1,-99,-0.099
19,"xotask","easy","easy",1.353,-1,0,-99,-0.099
19,"xotask","easy","easy",1.185,-1,1,-99,-0.099
19,"xotask","easy","easy",0.618,1,1,-99,-0.099
19,"xotask","easy","easy",0.685,-1,1,-99,-0.099
19,"xotask","easy","easy",4.088,1,0,-99,-0.099
19,"xotask","easy","easy",0.97,1,0,-99,-0.099
19,"xotask","easy","easy",1.202,1,1,-99,-0.099
19,"xotask","easy","easy",0.919,-1,0,-99,-0.099
19,"xotask","easy","easy",0.702,-1,1,-99,-0.099
19,"xotask","easy","easy",0.702,-1,1,-99,-0.099
19,"xotask","easy","easy",0.669,-1,1,-99,-0.099
19,"xotask","easy","easy",0.602,-1,1,-99,-0.099
19,"xotask","easy","easy",0.852,1,1,-99,-0.099
19,"xotask","easy","easy",0.952,1,1,-99,-0.099
19,"xotask","easy","easy",0.669,-1,1,-99,-0.099
19,"xotask","easy","easy",0.718,-1,1,-99,-0.099
19,"xotask","easy","easy",1.219,1,1,-99,-0.099
19,"xotask","easy","easy",1.035,1,1,-99,-0.099
19,"xotask","easy","easy",0.652,-1,1,-99,-0.099
19,"xotask","easy","easy",0.869,1,1,-99,-0.099
19,"xotask","easy","easy",0.902,-1,1,-99,-0.099
19,"xotask","easy","easy",0.635,1,1,-99,-0.099
19,"xotask","easy","easy",0.618,1,1,-99,-0.099
19,"xotask","easy","easy",1.202,-1,1,-99,-0.099
19,"xotask","easy","easy",0.919,-1,1,-99,-0.099
19,"xotask","easy","easy",0.652,1,1,-99,-0.099
19,"xotask","easy","easy",0.702,-1,1,-99,-0.099
19,"xotask","easy","easy",0.636,1,1,-99,-0.099
19,"xotask","easy","easy",0.735,1,1,-99,-0.099
19,"xotask","easy","easy",0.668,1,1,-99,-0.099
19,"xotask","easy","easy",1.503,1,1,-99,-0.099
19,"xotask","easy","easy",1.636,-1,0,-99,-0.099
19,"xotask","easy","easy",1.085,1,1,-99,-0.099
19,"xotask","easy","easy",0.901,-1,1,-99,-0.099
19,"xotask","easy","easy",1.753,-1,1,-99,-0.099
19,"xotask","easy","easy",0.919,-1,1,-99,-0.099
19,"xotask","easy","easy",0.718,1,1,-99,-0.099
19,"xotask","easy","easy",0.702,1,1,-99,-0.099
19,"xotask","easy","easy",0.618,-1,1,-99,-0.099
19,"xotask","easy","easy",0.484,1,1,-99,-0.099
19,"xotask","easy","easy",0.468,-1,0,-99,-0.099
19,"xotask","easy","easy",0.568,-1,1,-99,-0.099
19,"xotask","easy","easy",0.802,-1,0,-99,-0.099
19,"xotask","easy","easy",1.086,1,1,-99,-0.099
19,"xotask","easy","easy",0.835,-1,1,-99,-0.099
19,"xotask","easy","easy",1.202,-1,1,-99,-0.099
19,"xotask","easy","easy",0.602,-1,1,-99,-0.099
19,"xotask","easy","easy",0.502,1,1,-99,-0.099
19,"xotask","easy","easy",1.035,-1,1,-99,-0.099
19,"xotask","easy","easy",0.752,-1,1,-99,-0.099
19,"xotask","easy","easy",0.918,-1,1,-99,-0.099
19,"xotask","easy","easy",1.069,1,1,-99,-0.099
19,"xotask","easy","easy",1.103,-1,1,-99,-0.099
19,"xotask","easy","easy",1.82,-1,1,-99,-0.099
19,"xotask","easy","easy",0.702,1,1,-99,-0.099
19,"xotask","easy","easy",0.819,1,1,-99,-0.099
19,"xotask","easy","easy",0.602,1,1,-99,-0.099
19,"xotask","easy","easy",0.669,-1,1,-99,-0.099
19,"xotask","easy","easy",0.702,-1,1,-99,-0.099
19,"xotask","easy","easy",1.636,-1,1,-99,-0.099
19,"xotask","easy","easy",1.703,-1,1,-99,-0.099
19,"xotask","easy","easy",1.069,-1,1,-99,-0.099
19,"xotask","easy","easy",1.002,1,1,-99,-0.099
19,"xotask","easy","easy",0.751,1,0,-99,-0.099
19,"xotask","easy","easy",0.886,1,1,-99,-0.099
19,"xotask","easy","easy",1.219,1,1,-99,-0.099
19,"xotask","easy","easy",1.12,-1,1,-99,-0.099
19,"xotask","easy","easy",0.602,1,1,-99,-0.099
19,"xotask","easy","easy",0.669,1,1,-99,-0.099
19,"xotask","easy","easy",1.136,1,1,-99,-0.099
19,"xotask","easy","easy",1.602,-1,0,-99,-0.099
19,"xotask","easy","easy",0.685,1,0,-99,-0.099
19,"xotask","easy","easy",1.034,-1,1,-99,-0.099
19,"xotask","easy","easy",1.503,-1,1,-99,-0.099
19,"xotask","easy","easy",0.768,1,1,-99,-0.099
19,"xotask","easy","easy",0.969,1,1,-99,-0.099
19,"xotask","easy","easy",1.953,-1,1,-99,-0.099
19,"xotask","easy","easy",0.819,1,1,-99,-0.099
19,"xotask","easy","easy",0.619,1,1,-99,-0.099
19,"xotask","easy","easy",0.752,-1,1,-99,-0.099
19,"xotask","easy","easy",0.702,1,1,-99,-0.099
19,"xotask","easy","easy",0.785,1,1,-99,-0.099
19,"xotask","easy","easy",0.918,1,1,-99,-0.099
19,"xotask","easy","easy",0.752,1,1,-99,-0.099
19,"xotask","easy","easy",0.719,-1,1,-99,-0.099
19,"xotask","easy","easy",1.436,-1,1,-99,-0.099
19,"xotask","easy","easy",0.934,-1,1,-99,-0.099
19,"xotask","easy","easy",0.985,-1,1,-99,-0.099
19,"xotask","easy","easy",0.819,1,1,-99,-0.099
19,"xotask","easy","easy",0.818,-1,1,-99,-0.099
19,"xotask","easy","easy",0.735,1,1,-99,-0.099
19,"xotask","easy","easy",0.518,-1,1,-99,-0.099
19,"xotask","easy","easy",0.802,-1,1,-99,-0.099
19,"xotask","easy","easy",0.935,-1,1,-99,-0.099
19,"xotask","easy","easy",0.837,1,1,-99,-0.099
19,"xotask","easy","easy",0.485,1,1,-99,-0.099
19,"xotask","easy","easy",0.552,1,0,-99,-0.099
19,"xotask","easy","easy",0.652,1,1,-99,-0.099
19,"xotask","easy","easy",0.402,1,1,-99,-0.099
19,"xotask","easy","easy",0.618,-1,1,-99,-0.099
19,"xotask","easy","easy",0.619,-1,1,-99,-0.099
20,"dotnumber","hard","hard",2.103,1,1,-99,-0.099
20,"dotnumber","hard","hard",1.887,1,0,-99,-0.099
20,"dotnumber","hard","hard",1.886,1,0,-99,-0.099
20,"dotnumber","hard","hard",1.736,-1,0,-99,-0.099
20,"dotnumber","hard","hard",0.785,1,1,-99,-0.099
20,"dotnumber","hard","hard",1.052,1,1,-99,-0.099
20,"dotnumber","hard","hard",1.186,1,1,-99,-0.099
20,"dotnumber","hard","hard",1.086,1,1,-99,-0.099
20,"dotnumber","hard","hard",1.018,-1,0,-99,-0.099
20,"dotnumber","hard","hard",1.819,1,0,-99,-0.099
20,"dotnumber","hard","hard",0.635,1,1,-99,-0.099
20,"dotnumber","hard","hard",1.051,1,0,-99,-0.099
20,"dotnumber","hard","hard",1.369,1,0,-99,-0.099
20,"dotnumber","hard","hard",0.702,1,0,-99,-0.099
20,"dotnumber","hard","hard",0.618,-1,0,-99,-0.099
20,"dotnumber","hard","hard",0.601,1,1,-99,-0.099
20,"dotnumber","hard","hard",0.902,1,0,-99,-0.099
20,"dotnumber","hard","hard",0.701,1,1,-99,-0.099
20,"dotnumber","hard","hard",0.669,-1,1,-99,-0.099
20,"dotnumber","hard","hard",0.968,-1,0,-99,-0.099
20,"dotnumber","hard","hard",1.769,-1,1,-99,-0.099
20,"dotnumber","hard","hard",1.552,1,0,-99,-0.099
20,"dotnumber","hard","hard",0.786,1,0,-99,-0.099
20,"dotnumber","hard","hard",0.985,-1,1,-99,-0.099
20,"dotnumber","hard","hard",2.203,-1,0,-99,-0.099
20,"dotnumber","hard","hard",2.019,1,0,-99,-0.099
20,"dotnumber","hard","hard",0.852,1,1,-99,-0.099
20,"dotnumber","hard","hard",0.935,-1,1,-99,-0.099
20,"dotnumber","hard","hard",0.834,1,0,-99,-0.099
20,"dotnumber","hard","hard",0.985,1,1,-99,-0.099
20,"dotnumber","hard","hard",0.586,1,1,-99,-0.099
20,"dotnumber","hard","hard",0.685,1,0,-99,-0.099
20,"dotnumber","hard","hard",0.668,1,1,-99,-0.099
20,"dotnumber","hard","hard",0.768,1,1,-99,-0.099
20,"dotnumber","hard","hard",0.667,1,1,-99,-0.099
20,"dotnumber","hard","hard",0.684,-1,1,-99,-0.099
20,"dotnumber","hard","hard",0.568,1,1,-99,-0.099
20,"dotnumber","hard","hard",1.153,-1,0,-99,-0.099
20,"dotnumber","hard","hard",0.534,1,1,-99,-0.099
20,"dotnumber","hard","hard",1.152,1,0,-99,-0.099
20,"dotnumber","hard","hard",1.069,1,0,-99,-0.099
20,"dotnumber","hard","hard",0.602,-1,0,-99,-0.099
20,"dotnumber","hard","hard",3.67,1,0,-99,-0.099
20,"dotnumber","hard","hard",0.752,-1,1,-99,-0.099
20,"dotnumber","hard","hard",0.636,1,0,-99,-0.099
20,"dotnumber","hard","hard",0.869,-1,1,-99,-0.099
20,"dotnumber","hard","hard",0.635,1,1,-99,-0.099
20,"dotnumber","hard","hard",0.702,-1,1,-99,-0.099
20,"dotnumber","hard","hard",1.069,1,0,-99,-0.099
20,"dotnumber","hard","hard",0.552,-1,1,-99,-0.099
20,"dotnumber","hard","hard",0.869,-1,0,-99,-0.099
20,"dotnumber","hard","hard",0.936,1,1,-99,-0.099
20,"dotnumber","hard","hard",0.701,1,1,-99,-0.099
20,"dotnumber","hard","hard",0.951,1,1,-99,-0.099
20,"dotnumber","hard","hard",0.818,-1,1,-99,-0.099
20,"dotnumber","hard","hard",1.101,1,1,-99,-0.099
20,"dotnumber","hard","hard",0.868,-1,1,-99,-0.099
20,"dotnumber","hard","hard",0.852,1,1,-99,-0.099
20,"dotnumber","hard","hard",0.969,1,0,-99,-0.099
20,"dotnumber","hard","hard",1.253,-1,1,-99,-0.099
20,"dotnumber","hard","hard",1.002,-1,0,-99,-0.099
20,"dotnumber","hard","hard",0.752,1,1,-99,-0.099
20,"dotnumber","hard","hard",0.652,-1,1,-99,-0.099
20,"dotnumber","hard","hard",1.002,-1,1,-99,-0.099
20,"dotnumber","hard","hard",1.236,-1,1,-99,-0.099
20,"dotnumber","hard","hard",0.552,1,1,-99,-0.099
20,"dotnumber","hard","hard",1.103,-1,0,-99,-0.099
20,"dotnumber","hard","hard",0.635,-1,1,-99,-0.099
20,"dotnumber","hard","hard",0.985,1,1,-99,-0.099
20,"dotnumber","hard","hard",0.685,-1,1,-99,-0.099
20,"dotnumber","hard","hard",0.685,1,0,-99,-0.099
20,"dotnumber","hard","hard",0.669,-1,0,-99,-0.099
20,"dotnumber","hard","hard",3.771,1,1,-99,-0.099
20,"dotnumber","hard","hard",0.668,1,0,-99,-0.099
20,"dotnumber","hard","hard",1.303,1,1,-99,-0.099
20,"dotnumber","hard","hard",0.869,1,0,-99,-0.099
20,"dotnumber","hard","hard",0.752,-1,1,-99,-0.099
20,"dotnumber","hard","hard",0.686,1,1,-99,-0.099
20,"dotnumber","hard","hard",0.902,1,1,-99,-0.099
20,"dotnumber","hard","hard",0.552,1,1,-99,-0.099
20,"dotnumber","hard","hard",0.535,-1,1,-99,-0.099
20,"dotnumber","hard","hard",0.568,-1,1,-99,-0.099
20,"dotnumber","hard","hard",0.668,-1,1,-99,-0.099
20,"dotnumber","hard","hard",0.585,1,0,-99,-0.099
20,"dotnumber","hard","hard",0.701,-1,0,-99,-0.099
20,"dotnumber","hard","hard",0.918,-1,1,-99,-0.099
20,"dotnumber","hard","hard",0.568,1,1,-99,-0.099
20,"dotnumber","hard","hard",0.601,1,1,-99,-0.099
20,"dotnumber","hard","hard",1.052,1,0,-99,-0.099
20,"dotnumber","hard","hard",0.518,-1,0,-99,-0.099
20,"dotnumber","hard","hard",0.651,1,1,-99,-0.099
20,"dotnumber","hard","hard",0.569,-1,1,-99,-0.099
20,"dotnumber","hard","hard",0.535,-1,1,-99,-0.099
20,"dotnumber","hard","hard",0.502,1,1,-99,-0.099
20,"dotnumber","hard","hard",0.852,1,1,-99,-0.099
20,"dotnumber","hard","hard",0.768,-1,1,-99,-0.099
20,"dotnumber","hard","hard",0.818,-1,1,-99,-0.099
20,"dotnumber","hard","hard",0.551,1,1,-99,-0.099
20,"dotnumber","hard","hard",0.535,-1,0,-99,-0.099
20,"dotnumber","hard","hard",0.768,1,0,-99,-0.099
20,"dotnumber","hard","hard",0.735,1,0,-99,-0.099
20,"dotnumber","hard","hard",0.802,-1,0,-99,-0.099
20,"dotnumber","hard","hard",0.752,1,1,-99,-0.099
20,"dotnumber","hard","hard",0.652,-1,1,-99,-0.099
20,"dotnumber","hard","hard",0.684,1,1,-99,-0.099
20,"dotnumber","hard","hard",0.518,1,1,-99,-0.099
20,"dotnumber","hard","hard",0.518,1,1,-99,-0.099
20,"dotnumber","hard","hard",0.769,-1,0,-99,-0.099
20,"dotnumber","hard","hard",0.486,1,0,-99,-0.099
20,"dotnumber","hard","hard",0.568,1,0,-99,-0.099
20,"dotnumber","hard","hard",1.302,-1,1,-99,-0.099
20,"dotnumber","hard","hard",1.319,1,1,-99,-0.099
20,"dotnumber","hard","hard",0.668,-1,1,-99,-0.099
20,"dotnumber","hard","hard",1.452,-1,1,-99,-0.099
20,"dotnumber","hard","hard",0.785,1,0,-99,-0.099
20,"dotnumber","hard","hard",0.602,1,1,-99,-0.099
20,"dotnumber","hard","hard",0.718,1,1,-99,-0.099
20,"dotnumber","hard","hard",0.518,-1,1,-99,-0.099
20,"dotnumber","hard","hard",0.568,1,1,-99,-0.099
20,"dotnumber","hard","hard",1.153,1,0,-99,-0.099
20,"xotask","easy","easy",1.47,1,1,-99,-0.099
20,"xotask","easy","easy",0.718,-1,1,-99,-0.099
20,"xotask","easy","easy",0.969,1,0,-99,-0.099
20,"xotask","easy","easy",0.685,-1,1,-99,-0.099
20,"xotask","easy","easy",1.119,-1,1,-99,-0.099
20,"xotask","easy","easy",0.551,1,1,-99,-0.099
20,"xotask","easy","easy",0.852,1,1,-99,-0.099
20,"xotask","easy","easy",0.635,1,1,-99,-0.099
20,"xotask","easy","easy",1.585,1,1,-99,-0.099
20,"xotask","easy","easy",0.669,1,1,-99,-0.099
20,"xotask","easy","easy",0.735,-1,1,-99,-0.099
20,"xotask","easy","easy",0.736,1,1,-99,-0.099
20,"xotask","easy","easy",0.635,-1,1,-99,-0.099
20,"xotask","easy","easy",0.868,-1,1,-99,-0.099
20,"xotask","easy","easy",0.852,1,1,-99,-0.099
20,"xotask","easy","easy",1.352,1,1,-99,-0.099
20,"xotask","easy","easy",1.019,-1,1,-99,-0.099
20,"xotask","easy","easy",0.685,-1,1,-99,-0.099
20,"xotask","easy","easy",0.718,-1,1,-99,-0.099
20,"xotask","easy","easy",0.901,1,1,-99,-0.099
20,"xotask","easy","easy",0.935,-1,1,-99,-0.099
20,"xotask","easy","easy",1.003,-1,1,-99,-0.099
20,"xotask","easy","easy",0.902,-1,0,-99,-0.099
20,"xotask","easy","easy",0.585,1,1,-99,-0.099
20,"xotask","easy","easy",1.786,-1,1,-99,-0.099
20,"xotask","easy","easy",0.7,-1,1,-99,-0.099
20,"xotask","easy","easy",0.685,1,1,-99,-0.099
20,"xotask","easy","easy",0.568,-1,1,-99,-0.099
20,"xotask","easy","easy",1.986,1,1,-99,-0.099
20,"xotask","easy","easy",0.801,-1,1,-99,-0.099
20,"xotask","easy","easy",0.569,-1,1,-99,-0.099
20,"xotask","easy","easy",0.686,1,1,-99,-0.099
20,"xotask","easy","easy",0.919,1,1,-99,-0.099
20,"xotask","easy","easy",0.718,1,1,-99,-0.099
20,"xotask","easy","easy",0.935,-1,1,-99,-0.099
20,"xotask","easy","easy",0.702,1,1,-99,-0.099
20,"xotask","easy","easy",0.836,1,1,-99,-0.099
20,"xotask","easy","easy",0.685,1,1,-99,-0.099
20,"xotask","easy","easy",1.636,1,1,-99,-0.099
20,"xotask","easy","easy",0.785,-1,1,-99,-0.099
20,"xotask","easy","easy",0.903,1,1,-99,-0.099
20,"xotask","easy","easy",0.818,-1,1,-99,-0.099
20,"xotask","easy","easy",0.785,-1,1,-99,-0.099
20,"xotask","easy","easy",1.052,1,1,-99,-0.099
20,"xotask","easy","easy",0.701,1,1,-99,-0.099
20,"xotask","easy","easy",0.818,-1,1,-99,-0.099
20,"xotask","easy","easy",0.635,-1,1,-99,-0.099
20,"xotask","easy","easy",0.668,-1,1,-99,-0.099
20,"xotask","easy","easy",1.269,-1,1,-99,-0.099
20,"xotask","easy","easy",0.769,-1,1,-99,-0.099
20,"xotask","easy","easy",0.551,-1,1,-99,-0.099
20,"xotask","easy","easy",0.652,1,1,-99,-0.099
20,"xotask","easy","easy",0.553,1,1,-99,-0.099
20,"xotask","easy","easy",0.734,-1,1,-99,-0.099
20,"xotask","easy","easy",1.419,1,1,-99,-0.099
20,"xotask","easy","easy",0.784,-1,1,-99,-0.099
20,"xotask","easy","easy",0.685,1,1,-99,-0.099
20,"xotask","easy","easy",0.601,1,1,-99,-0.099
20,"xotask","easy","easy",0.519,1,1,-99,-0.099
20,"xotask","easy","easy",0.752,-1,1,-99,-0.099
20,"xotask","easy","easy",0.818,1,0,-99,-0.099
20,"xotask","easy","easy",1.402,-1,1,-99,-0.099
20,"xotask","easy","easy",0.568,-1,1,-99,-0.099
20,"xotask","easy","easy",0.518,-1,1,-99,-0.099
20,"xotask","easy","easy",1.252,1,1,-99,-0.099
20,"xotask","easy","easy",0.634,-1,1,-99,-0.099
20,"xotask","easy","easy",0.701,-1,0,-99,-0.099
20,"xotask","easy","easy",0.769,-1,1,-99,-0.099
20,"xotask","easy","easy",0.552,1,1,-99,-0.099
20,"xotask","easy","easy",0.518,1,1,-99,-0.099
20,"xotask","easy","easy",0.485,1,1,-99,-0.099
20,"xotask","easy","easy",0.452,1,1,-99,-0.099
20,"xotask","easy","easy",0.851,-1,1,-99,-0.099
20,"xotask","easy","easy",0.568,1,1,-99,-0.099
20,"xotask","easy","easy",0.501,-1,1,-99,-0.099
20,"xotask","easy","easy",0.768,-1,1,-99,-0.099
20,"xotask","easy","easy",0.535,-1,1,-99,-0.099
20,"xotask","easy","easy",0.284,-1,1,-99,-0.099
20,"xotask","easy","easy",0.701,1,1,-99,-0.099
20,"xotask","easy","easy",0.635,1,1,-99,-0.099
20,"xotask","easy","easy",0.635,1,1,-99,-0.099
20,"xotask","easy","easy",0.652,-1,1,-99,-0.099
20,"xotask","easy","easy",0.735,1,1,-99,-0.099
20,"xotask","easy","easy",0.935,1,1,-99,-0.099
20,"xotask","easy","easy",0.919,-1,1,-99,-0.099
20,"xotask","easy","easy",1.518,-1,1,-99,-0.099
20,"xotask","easy","easy",0.685,-1,1,-99,-0.099
20,"xotask","easy","easy",0.618,1,1,-99,-0.099
20,"xotask","easy","easy",0.685,-1,1,-99,-0.099
20,"xotask","easy","easy",0.652,1,1,-99,-0.099
20,"xotask","easy","easy",0.668,-1,1,-99,-0.099
20,"xotask","easy","easy",0.702,-1,1,-99,-0.099
20,"xotask","easy","easy",0.651,1,1,-99,-0.099
20,"xotask","easy","easy",0.719,1,1,-99,-0.099
20,"xotask","easy","easy",0.668,1,1,-99,-0.099
20,"xotask","easy","easy",0.918,1,1,-99,-0.099
20,"xotask","easy","easy",3.939,-1,1,-99,-0.099
20,"xotask","easy","easy",0.751,1,1,-99,-0.099
20,"xotask","easy","easy",1.786,1,1,-99,-0.099
20,"xotask","easy","easy",1.218,-1,1,-99,-0.099
20,"xotask","easy","easy",0.936,1,1,-99,-0.099
20,"xotask","easy","easy",0.735,1,1,-99,-0.099
20,"xotask","easy","easy",0.602,-1,1,-99,-0.099
20,"xotask","easy","easy",0.568,1,1,-99,-0.099
20,"xotask","easy","easy",0.786,-1,1,-99,-0.099
20,"xotask","easy","easy",0.885,-1,1,-99,-0.099
20,"xotask","easy","easy",0.986,-1,1,-99,-0.099
20,"xotask","easy","easy",0.585,1,1,-99,-0.099
20,"xotask","easy","easy",0.718,1,1,-99,-0.099
20,"xotask","easy","easy",0.651,-1,1,-99,-0.099
20,"xotask","easy","easy",0.935,1,1,-99,-0.099
20,"xotask","easy","easy",0.652,-1,1,-99,-0.099
20,"xotask","easy","easy",0.568,-1,1,-99,-0.099
20,"xotask","easy","easy",0.634,-1,1,-99,-0.099
20,"xotask","easy","easy",0.752,1,1,-99,-0.099
20,"xotask","easy","easy",0.518,-1,1,-99,-0.099
20,"xotask","easy","easy",0.502,1,1,-99,-0.099
20,"xotask","easy","easy",0.635,-1,1,-99,-0.099
20,"xotask","easy","easy",0.602,1,1,-99,-0.099
20,"xotask","easy","easy",0.735,1,1,-99,-0.099
20,"dotcolour","average","average",2.12,-1,1,-99,-0.099
20,"dotcolour","average","average",0.785,-1,1,-99,-0.099
20,"dotcolour","average","average",0.451,1,1,-99,-0.099
20,"dotcolour","average","average",0.634,-1,1,-99,-0.099
20,"dotcolour","average","average",0.785,1,0,-99,-0.099
20,"dotcolour","average","average",1.235,-1,1,-99,-0.099
20,"dotcolour","average","average",0.651,1,1,-99,-0.099
20,"dotcolour","average","average",0.685,-1,1,-99,-0.099
20,"dotcolour","average","average",0.535,1,1,-99,-0.099
20,"dotcolour","average","average",1.368,-1,0,-99,-0.099
20,"dotcolour","average","average",0.968,-1,1,-99,-0.099
20,"dotcolour","average","average",0.919,1,1,-99,-0.099
20,"dotcolour","average","average",1.519,1,1,-99,-0.099
20,"dotcolour","average","average",0.786,-1,1,-99,-0.099
20,"dotcolour","average","average",1.303,1,1,-99,-0.099
20,"dotcolour","average","average",0.968,1,1,-99,-0.099
20,"dotcolour","average","average",1.019,1,1,-99,-0.099
20,"dotcolour","average","average",0.602,-1,0,-99,-0.099
20,"dotcolour","average","average",0.918,1,1,-99,-0.099
20,"dotcolour","average","average",1.102,-1,1,-99,-0.099
20,"dotcolour","average","average",0.818,-1,1,-99,-0.099
20,"dotcolour","average","average",0.618,1,1,-99,-0.099
20,"dotcolour","average","average",0.568,-1,1,-99,-0.099
20,"dotcolour","average","average",0.618,-1,1,-99,-0.099
20,"dotcolour","average","average",0.851,-1,1,-99,-0.099
20,"dotcolour","average","average",1.219,-1,0,-99,-0.099
20,"dotcolour","average","average",0.536,-1,1,-99,-0.099
20,"dotcolour","average","average",0.719,1,1,-99,-0.099
20,"dotcolour","average","average",0.584,1,1,-99,-0.099
20,"dotcolour","average","average",0.685,-1,0,-99,-0.099
20,"dotcolour","average","average",0.584,-1,1,-99,-0.099
20,"dotcolour","average","average",0.835,1,1,-99,-0.099
20,"dotcolour","average","average",0.568,-1,1,-99,-0.099
20,"dotcolour","average","average",0.668,-1,1,-99,-0.099
20,"dotcolour","average","average",0.786,1,1,-99,-0.099
20,"dotcolour","average","average",0.702,-1,0,-99,-0.099
20,"dotcolour","average","average",0.952,1,1,-99,-0.099
20,"dotcolour","average","average",0.569,1,1,-99,-0.099
20,"dotcolour","average","average",0.635,-1,1,-99,-0.099
20,"dotcolour","average","average",1.103,1,0,-99,-0.099
20,"dotcolour","average","average",0.586,-1,1,-99,-0.099
20,"dotcolour","average","average",0.969,-1,1,-99,-0.099
20,"dotcolour","average","average",0.252,-1,1,-99,-0.099
20,"dotcolour","average","average",0.901,1,0,-99,-0.099
20,"dotcolour","average","average",0.635,1,1,-99,-0.099
20,"dotcolour","average","average",0.535,-1,1,-99,-0.099
20,"dotcolour","average","average",0.702,1,1,-99,-0.099
20,"dotcolour","average","average",0.968,1,1,-99,-0.099
20,"dotcolour","average","average",2.071,-1,0,-99,-0.099
20,"dotcolour","average","average",0.601,1,0,-99,-0.099
20,"dotcolour","average","average",0.668,-1,1,-99,-0.099
20,"dotcolour","average","average",1.018,-1,1,-99,-0.099
20,"dotcolour","average","average",0.484,1,1,-99,-0.099
20,"dotcolour","average","average",0.635,-1,1,-99,-0.099
20,"dotcolour","average","average",0.785,-1,1,-99,-0.099
20,"dotcolour","average","average",0.601,1,1,-99,-0.099
20,"dotcolour","average","average",0.735,1,1,-99,-0.099
20,"dotcolour","average","average",0.519,-1,1,-99,-0.099
20,"dotcolour","average","average",0.634,1,1,-99,-0.099
20,"dotcolour","average","average",0.667,-1,1,-99,-0.099
20,"dotcolour","average","average",0.852,-1,1,-99,-0.099
20,"dotcolour","average","average",0.684,1,1,-99,-0.099
20,"dotcolour","average","average",0.552,-1,0,-99,-0.099
20,"dotcolour","average","average",1.186,1,1,-99,-0.099
20,"dotcolour","average","average",1.686,1,1,-99,-0.099
20,"dotcolour","average","average",0.935,1,1,-99,-0.099
20,"dotcolour","average","average",0.819,1,1,-99,-0.099
20,"dotcolour","average","average",0.652,-1,1,-99,-0.099
20,"dotcolour","average","average",1.786,1,1,-99,-0.099
20,"dotcolour","average","average",1.019,-1,1,-99,-0.099
20,"dotcolour","average","average",1.536,1,0,-99,-0.099
20,"dotcolour","average","average",0.702,-1,1,-99,-0.099
20,"dotcolour","average","average",0.952,1,1,-99,-0.099
20,"dotcolour","average","average",0.601,-1,1,-99,-0.099
20,"dotcolour","average","average",1.052,1,1,-99,-0.099
20,"dotcolour","average","average",0.851,-1,1,-99,-0.099
20,"dotcolour","average","average",1.018,1,1,-99,-0.099
20,"dotcolour","average","average",0.885,-1,1,-99,-0.099
20,"dotcolour","average","average",0.769,1,1,-99,-0.099
20,"dotcolour","average","average",0.651,-1,1,-99,-0.099
20,"dotcolour","average","average",0.602,-1,1,-99,-0.099
20,"dotcolour","average","average",0.802,-1,1,-99,-0.099
20,"dotcolour","average","average",0.767,-1,1,-99,-0.099
20,"dotcolour","average","average",2.137,-1,1,-99,-0.099
20,"dotcolour","average","average",0.768,1,1,-99,-0.099
20,"dotcolour","average","average",0.918,-1,0,-99,-0.099
20,"dotcolour","average","average",0.801,-1,1,-99,-0.099
20,"dotcolour","average","average",0.669,1,1,-99,-0.099
20,"dotcolour","average","average",0.885,-1,1,-99,-0.099
20,"dotcolour","average","average",0.736,1,1,-99,-0.099
20,"dotcolour","average","average",0.701,-1,1,-99,-0.099
20,"dotcolour","average","average",0.868,1,1,-99,-0.099
20,"dotcolour","average","average",0.901,-1,0,-99,-0.099
20,"dotcolour","average","average",0.835,-1,1,-99,-0.099
20,"dotcolour","average","average",0.735,1,1,-99,-0.099
20,"dotcolour","average","average",1.453,-1,0,-99,-0.099
20,"dotcolour","average","average",1.553,1,1,-99,-0.099
20,"dotcolour","average","average",0.801,-1,1,-99,-0.099
20,"dotcolour","average","average",0.852,-1,1,-99,-0.099
20,"dotcolour","average","average",0.701,1,1,-99,-0.099
20,"dotcolour","average","average",0.635,-1,1,-99,-0.099
20,"dotcolour","average","average",1.086,-1,1,-99,-0.099
20,"dotcolour","average","average",0.685,1,1,-99,-0.099
20,"dotcolour","average","average",0.802,1,1,-99,-0.099
20,"dotcolour","average","average",1.151,-1,0,-99,-0.099
20,"dotcolour","average","average",0.952,1,1,-99,-0.099
20,"dotcolour","average","average",0.702,-1,1,-99,-0.099
20,"dotcolour","average","average",1.403,1,1,-99,-0.099
20,"dotcolour","average","average",0.702,-1,1,-99,-0.099
20,"dotcolour","average","average",0.619,-1,1,-99,-0.099
20,"dotcolour","average","average",0.785,1,1,-99,-0.099
20,"dotcolour","average","average",0.752,-1,1,-99,-0.099
20,"dotcolour","average","average",1.202,1,1,-99,-0.099
20,"dotcolour","average","average",0.968,-1,1,-99,-0.099
20,"dotcolour","average","average",0.602,-1,1,-99,-0.099
20,"dotcolour","average","average",0.818,-1,1,-99,-0.099
20,"dotcolour","average","average",0.751,-1,1,-99,-0.099
20,"dotcolour","average","average",0.785,1,1,-99,-0.099
20,"dotcolour","average","average",0.935,1,1,-99,-0.099
20,"dotcolour","average","average",1.536,-1,0,-99,-0.099
21,"xotask","hard","hard",4.922,1,1,-99,-0.099
21,"xotask","hard","hard",1.921,-1,1,-99,-0.099
21,"xotask","hard","hard",2.871,-1,0,-99,-0.099
21,"xotask","hard","hard",1.451,1,1,-99,-0.099
21,"xotask","hard","hard",1.069,-1,1,-99,-0.099
21,"xotask","hard","hard",1.602,1,0,-99,-0.099
21,"xotask","hard","hard",1.252,-1,1,-99,-0.099
21,"xotask","hard","hard",1.669,1,1,-99,-0.099
21,"xotask","hard","hard",1.502,-1,1,-99,-0.099
21,"xotask","hard","hard",1.052,-1,1,-99,-0.099
21,"xotask","hard","hard",1.202,-1,0,-99,-0.099
21,"xotask","hard","hard",1.435,1,0,-99,-0.099
21,"xotask","hard","hard",1.703,1,0,-99,-0.099
21,"xotask","hard","hard",1.003,-1,0,-99,-0.099
21,"xotask","hard","hard",1.453,-1,1,-99,-0.099
21,"xotask","hard","hard",1.034,1,0,-99,-0.099
21,"xotask","hard","hard",1.853,1,1,-99,-0.099
21,"xotask","hard","hard",1.302,1,1,-99,-0.099
21,"xotask","hard","hard",0.869,-1,0,-99,-0.099
21,"xotask","hard","hard",1.536,-1,1,-99,-0.099
21,"xotask","hard","hard",1.053,1,1,-99,-0.099
21,"xotask","hard","hard",0.936,-1,0,-99,-0.099
21,"xotask","hard","hard",1.119,1,0,-99,-0.099
21,"xotask","hard","hard",1.652,-1,0,-99,-0.099
21,"xotask","hard","hard",1.569,1,1,-99,-0.099
21,"xotask","hard","hard",0.867,-1,1,-99,-0.099
21,"xotask","hard","hard",1.085,1,0,-99,-0.099
21,"xotask","hard","hard",0.986,-1,1,-99,-0.099
21,"xotask","hard","hard",0.919,1,1,-99,-0.099
21,"xotask","hard","hard",1.518,1,1,-99,-0.099
21,"xotask","hard","hard",0.986,-1,1,-99,-0.099
21,"xotask","hard","hard",1.068,1,0,-99,-0.099
21,"xotask","hard","hard",1.035,-1,1,-99,-0.099
21,"xotask","hard","hard",1.07,1,1,-99,-0.099
21,"xotask","hard","hard",0.886,-1,1,-99,-0.099
21,"xotask","hard","hard",1.218,1,0,-99,-0.099
21,"xotask","hard","hard",1.636,1,1,-99,-0.099
21,"xotask","hard","hard",0.868,-1,0,-99,-0.099
21,"xotask","hard","hard",0.835,-1,1,-99,-0.099
21,"xotask","hard","hard",1.085,-1,0,-99,-0.099
21,"xotask","hard","hard",0.936,1,1,-99,-0.099
21,"xotask","hard","hard",0.952,-1,0,-99,-0.099
21,"xotask","hard","hard",0.886,-1,0,-99,-0.099
21,"xotask","hard","hard",0.801,1,1,-99,-0.099
21,"xotask","hard","hard",1.003,-1,1,-99,-0.099
21,"xotask","hard","hard",1.236,-1,0,-99,-0.099
21,"xotask","hard","hard",1.302,-1,1,-99,-0.099
21,"xotask","hard","hard",0.986,1,0,-99,-0.099
21,"xotask","hard","hard",1.102,1,1,-99,-0.099
21,"xotask","hard","hard",0.769,-1,0,-99,-0.099
21,"xotask","hard","hard",0.836,-1,1,-99,-0.099
21,"xotask","hard","hard",1.419,1,1,-99,-0.099
21,"xotask","hard","hard",0.985,-1,1,-99,-0.099
21,"xotask","hard","hard",0.903,1,1,-99,-0.099
21,"xotask","hard","hard",1.436,-1,1,-99,-0.099
21,"xotask","hard","hard",1.002,-1,1,-99,-0.099
21,"xotask","hard","hard",0.853,-1,1,-99,-0.099
21,"xotask","hard","hard",1.786,-1,0,-99,-0.099
21,"xotask","hard","hard",0.735,1,1,-99,-0.099
21,"xotask","hard","hard",0.984,1,0,-99,-0.099
21,"xotask","hard","hard",0.818,-1,0,-99,-0.099
21,"xotask","hard","hard",0.918,-1,1,-99,-0.099
21,"xotask","hard","hard",0.852,-1,1,-99,-0.099
21,"xotask","hard","hard",1.07,-1,1,-99,-0.099
21,"xotask","hard","hard",1.069,1,0,-99,-0.099
21,"xotask","hard","hard",0.752,-1,1,-99,-0.099
21,"xotask","hard","hard",0.92,-1,0,-99,-0.099
21,"xotask","hard","hard",0.802,-1,0,-99,-0.099
21,"xotask","hard","hard",0.768,-1,1,-99,-0.099
21,"xotask","hard","hard",0.986,-1,0,-99,-0.099
21,"xotask","hard","hard",0.685,1,1,-99,-0.099
21,"xotask","hard","hard",0.701,1,1,-99,-0.099
21,"xotask","hard","hard",1.018,-1,0,-99,-0.099
21,"xotask","hard","hard",0.651,1,1,-99,-0.099
21,"xotask","hard","hard",0.769,-1,1,-99,-0.099
21,"xotask","hard","hard",0.736,1,1,-99,-0.099
21,"xotask","hard","hard",0.686,-1,1,-99,-0.099
21,"xotask","hard","hard",0.803,-1,1,-99,-0.099
21,"xotask","hard","hard",0.869,1,0,-99,-0.099
21,"xotask","hard","hard",0.801,1,1,-99,-0.099
21,"xotask","hard","hard",0.901,-1,0,-99,-0.099
21,"xotask","hard","hard",0.736,1,1,-99,-0.099
21,"xotask","hard","hard",0.652,-1,1,-99,-0.099
21,"xotask","hard","hard",0.718,1,1,-99,-0.099
21,"xotask","hard","hard",1.536,1,0,-99,-0.099
21,"xotask","hard","hard",0.701,1,0,-99,-0.099
21,"xotask","hard","hard",0.652,-1,1,-99,-0.099
21,"xotask","hard","hard",0.818,1,0,-99,-0.099
21,"xotask","hard","hard",0.835,1,0,-99,-0.099
21,"xotask","hard","hard",1.202,1,1,-99,-0.099
21,"xotask","hard","hard",0.718,-1,1,-99,-0.099
21,"xotask","hard","hard",0.835,1,1,-99,-0.099
21,"xotask","hard","hard",0.902,-1,0,-99,-0.099
21,"xotask","hard","hard",0.802,1,1,-99,-0.099
21,"xotask","hard","hard",0.869,-1,0,-99,-0.099
21,"xotask","hard","hard",0.718,1,0,-99,-0.099
21,"xotask","hard","hard",0.718,-1,0,-99,-0.099
21,"xotask","hard","hard",0.969,1,1,-99,-0.099
21,"xotask","hard","hard",1.186,-1,1,-99,-0.099
21,"xotask","hard","hard",0.819,-1,1,-99,-0.099
21,"xotask","hard","hard",1.302,1,0,-99,-0.099
21,"xotask","hard","hard",0.885,1,1,-99,-0.099
21,"xotask","hard","hard",0.819,-1,1,-99,-0.099
21,"xotask","hard","hard",0.902,1,1,-99,-0.099
21,"xotask","hard","hard",1.136,1,1,-99,-0.099
21,"xotask","hard","hard",0.818,-1,1,-99,-0.099
21,"xotask","hard","hard",0.918,1,1,-99,-0.099
21,"xotask","hard","hard",0.785,-1,0,-99,-0.099
21,"xotask","hard","hard",0.835,-1,0,-99,-0.099
21,"xotask","hard","hard",0.834,-1,0,-99,-0.099
21,"xotask","hard","hard",1.636,1,0,-99,-0.099
21,"xotask","hard","hard",0.736,-1,1,-99,-0.099
21,"xotask","hard","hard",0.885,1,1,-99,-0.099
21,"xotask","hard","hard",0.769,-1,1,-99,-0.099
21,"xotask","hard","hard",0.836,-1,1,-99,-0.099
21,"xotask","hard","hard",0.869,1,0,-99,-0.099
21,"xotask","hard","hard",0.752,-1,1,-99,-0.099
21,"xotask","hard","hard",0.802,-1,0,-99,-0.099
21,"xotask","hard","hard",0.852,1,1,-99,-0.099
21,"xotask","hard","hard",0.684,-1,1,-99,-0.099
21,"dotcolour","easy","easy",4.522,1,1,-99,-0.099
21,"dotcolour","easy","easy",1.018,1,1,-99,-0.099
21,"dotcolour","easy","easy",0.868,-1,1,-99,-0.099
21,"dotcolour","easy","easy",0.669,-1,1,-99,-0.099
21,"dotcolour","easy","easy",0.669,1,1,-99,-0.099
21,"dotcolour","easy","easy",0.534,-1,1,-99,-0.099
21,"dotcolour","easy","easy",0.569,-1,1,-99,-0.099
21,"dotcolour","easy","easy",0.851,-1,1,-99,-0.099
21,"dotcolour","easy","easy",0.652,-1,1,-99,-0.099
21,"dotcolour","easy","easy",0.635,1,1,-99,-0.099
21,"dotcolour","easy","easy",0.518,-1,1,-99,-0.099
21,"dotcolour","easy","easy",0.784,1,1,-99,-0.099
21,"dotcolour","easy","easy",0.686,-1,1,-99,-0.099
21,"dotcolour","easy","easy",0.835,-1,1,-99,-0.099
21,"dotcolour","easy","easy",0.635,1,1,-99,-0.099
21,"dotcolour","easy","easy",0.584,1,1,-99,-0.099
21,"dotcolour","easy","easy",0.501,1,1,-99,-0.099
21,"dotcolour","easy","easy",0.502,-1,1,-99,-0.099
21,"dotcolour","easy","easy",0.568,-1,1,-99,-0.099
21,"dotcolour","easy","easy",0.668,1,1,-99,-0.099
21,"dotcolour","easy","easy",0.551,-1,1,-99,-0.099
21,"dotcolour","easy","easy",0.569,1,1,-99,-0.099
21,"dotcolour","easy","easy",0.618,1,1,-99,-0.099
21,"dotcolour","easy","easy",0.585,1,1,-99,-0.099
21,"dotcolour","easy","easy",0.602,1,1,-99,-0.099
21,"dotcolour","easy","easy",0.551,1,1,-99,-0.099
21,"dotcolour","easy","easy",0.552,-1,1,-99,-0.099
21,"dotcolour","easy","easy",0.602,-1,1,-99,-0.099
21,"dotcolour","easy","easy",0.651,-1,1,-99,-0.099
21,"dotcolour","easy","easy",0.618,-1,1,-99,-0.099
21,"dotcolour","easy","easy",0.501,1,1,-99,-0.099
21,"dotcolour","easy","easy",0.568,-1,1,-99,-0.099
21,"dotcolour","easy","easy",0.585,-1,1,-99,-0.099
21,"dotcolour","easy","easy",0.585,1,1,-99,-0.099
21,"dotcolour","easy","easy",0.619,1,1,-99,-0.099
21,"dotcolour","easy","easy",0.769,1,1,-99,-0.099
21,"dotcolour","easy","easy",0.569,1,1,-99,-0.099
21,"dotcolour","easy","easy",0.519,-1,1,-99,-0.099
21,"dotcolour","easy","easy",0.635,-1,1,-99,-0.099
21,"dotcolour","easy","easy",0.585,1,1,-99,-0.099
21,"dotcolour","easy","easy",0.702,-1,1,-99,-0.099
21,"dotcolour","easy","easy",0.534,-1,1,-99,-0.099
21,"dotcolour","easy","easy",0.602,1,1,-99,-0.099
21,"dotcolour","easy","easy",0.502,1,1,-99,-0.099
21,"dotcolour","easy","easy",0.552,1,1,-99,-0.099
21,"dotcolour","easy","easy",0.568,-1,1,-99,-0.099
21,"dotcolour","easy","easy",0.869,-1,1,-99,-0.099
21,"dotcolour","easy","easy",0.569,1,1,-99,-0.099
21,"dotcolour","easy","easy",0.635,1,1,-99,-0.099
21,"dotcolour","easy","easy",0.502,-1,1,-99,-0.099
21,"dotcolour","easy","easy",0.501,-1,1,-99,-0.099
21,"dotcolour","easy","easy",0.634,1,1,-99,-0.099
21,"dotcolour","easy","easy",0.536,-1,1,-99,-0.099
21,"dotcolour","easy","easy",0.567,1,1,-99,-0.099
21,"dotcolour","easy","easy",0.585,1,1,-99,-0.099
21,"dotcolour","easy","easy",0.635,1,1,-99,-0.099
21,"dotcolour","easy","easy",0.585,-1,1,-99,-0.099
21,"dotcolour","easy","easy",0.518,1,1,-99,-0.099
21,"dotcolour","easy","easy",0.469,-1,1,-99,-0.099
21,"dotcolour","easy","easy",0.719,-1,1,-99,-0.099
21,"dotcolour","easy","easy",0.702,-1,1,-99,-0.099
21,"dotcolour","easy","easy",0.602,1,1,-99,-0.099
21,"dotcolour","easy","easy",0.501,-1,1,-99,-0.099
21,"dotcolour","easy","easy",0.536,1,1,-99,-0.099
21,"dotcolour","easy","easy",0.585,1,1,-99,-0.099
21,"dotcolour","easy","easy",0.92,1,1,-99,-0.099
21,"dotcolour","easy","easy",0.635,1,1,-99,-0.099
21,"dotcolour","easy","easy",0.485,-1,1,-99,-0.099
21,"dotcolour","easy","easy",0.484,-1,1,-99,-0.099
21,"dotcolour","easy","easy",0.652,-1,1,-99,-0.099
21,"dotcolour","easy","easy",0.486,1,1,-99,-0.099
21,"dotcolour","easy","easy",0.519,-1,1,-99,-0.099
21,"dotcolour","easy","easy",0.469,1,1,-99,-0.099
21,"dotcolour","easy","easy",0.502,-1,1,-99,-0.099
21,"dotcolour","easy","easy",0.435,1,1,-99,-0.099
21,"dotcolour","easy","easy",0.501,-1,1,-99,-0.099
21,"dotcolour","easy","easy",0.4,1,0,-99,-0.099
21,"dotcolour","easy","easy",0.419,-1,1,-99,-0.099
21,"dotcolour","easy","easy",0.635,-1,1,-99,-0.099
21,"dotcolour","easy","easy",0.485,-1,1,-99,-0.099
21,"dotcolour","easy","easy",0.568,1,1,-99,-0.099
21,"dotcolour","easy","easy",0.519,-1,1,-99,-0.099
21,"dotcolour","easy","easy",0.584,1,1,-99,-0.099
21,"dotcolour","easy","easy",0.636,-1,1,-99,-0.099
21,"dotcolour","easy","easy",0.569,1,1,-99,-0.099
21,"dotcolour","easy","easy",0.568,1,1,-99,-0.099
21,"dotcolour","easy","easy",0.602,1,1,-99,-0.099
21,"dotcolour","easy","easy",0.618,-1,1,-99,-0.099
21,"dotcolour","easy","easy",0.568,-1,1,-99,-0.099
21,"dotcolour","easy","easy",0.869,-1,1,-99,-0.099
21,"dotcolour","easy","easy",0.584,1,1,-99,-0.099
21,"dotcolour","easy","easy",0.634,1,1,-99,-0.099
21,"dotcolour","easy","easy",0.634,1,1,-99,-0.099
21,"dotcolour","easy","easy",0.585,1,1,-99,-0.099
21,"dotcolour","easy","easy",0.835,-1,1,-99,-0.099
21,"dotcolour","easy","easy",0.552,1,1,-99,-0.099
21,"dotcolour","easy","easy",0.518,1,1,-99,-0.099
21,"dotcolour","easy","easy",0.519,-1,1,-99,-0.099
21,"dotcolour","easy","easy",0.551,-1,1,-99,-0.099
21,"dotcolour","easy","easy",0.452,1,1,-99,-0.099
21,"dotcolour","easy","easy",0.652,-1,1,-99,-0.099
21,"dotcolour","easy","easy",0.468,1,1,-99,-0.099
21,"dotcolour","easy","easy",0.518,1,1,-99,-0.099
21,"dotcolour","easy","easy",0.468,1,1,-99,-0.099
21,"dotcolour","easy","easy",0.502,-1,1,-99,-0.099
21,"dotcolour","easy","easy",0.551,-1,1,-99,-0.099
21,"dotcolour","easy","easy",0.636,-1,1,-99,-0.099
21,"dotcolour","easy","easy",0.518,1,1,-99,-0.099
21,"dotcolour","easy","easy",0.452,-1,1,-99,-0.099
21,"dotcolour","easy","easy",0.602,-1,1,-99,-0.099
21,"dotcolour","easy","easy",0.568,1,1,-99,-0.099
21,"dotcolour","easy","easy",0.519,-1,1,-99,-0.099
21,"dotcolour","easy","easy",0.469,1,1,-99,-0.099
21,"dotcolour","easy","easy",0.535,-1,1,-99,-0.099
21,"dotcolour","easy","easy",0.484,1,1,-99,-0.099
21,"dotcolour","easy","easy",0.519,1,1,-99,-0.099
21,"dotcolour","easy","easy",0.469,-1,1,-99,-0.099
21,"dotcolour","easy","easy",0.735,1,1,-99,-0.099
21,"dotcolour","easy","easy",0.483,1,1,-99,-0.099
21,"dotcolour","easy","easy",0.518,-1,1,-99,-0.099
21,"dotnumber","average","average",1.653,-1,0,-99,-0.099
21,"dotnumber","average","average",0.835,1,1,-99,-0.099
21,"dotnumber","average","average",0.902,-1,0,-99,-0.099
21,"dotnumber","average","average",1.169,-1,1,-99,-0.099
21,"dotnumber","average","average",0.768,-1,1,-99,-0.099
21,"dotnumber","average","average",1.035,1,0,-99,-0.099
21,"dotnumber","average","average",0.719,-1,1,-99,-0.099
21,"dotnumber","average","average",0.902,-1,0,-99,-0.099
21,"dotnumber","average","average",1.052,-1,1,-99,-0.099
21,"dotnumber","average","average",0.735,1,1,-99,-0.099
21,"dotnumber","average","average",0.601,-1,1,-99,-0.099
21,"dotnumber","average","average",0.868,-1,1,-99,-0.099
21,"dotnumber","average","average",0.652,1,1,-99,-0.099
21,"dotnumber","average","average",0.768,1,1,-99,-0.099
21,"dotnumber","average","average",0.685,1,1,-99,-0.099
21,"dotnumber","average","average",0.818,-1,0,-99,-0.099
21,"dotnumber","average","average",0.735,1,1,-99,-0.099
21,"dotnumber","average","average",0.718,1,1,-99,-0.099
21,"dotnumber","average","average",0.551,-1,1,-99,-0.099
21,"dotnumber","average","average",0.635,-1,1,-99,-0.099
21,"dotnumber","average","average",0.601,-1,1,-99,-0.099
21,"dotnumber","average","average",0.8,1,1,-99,-0.099
21,"dotnumber","average","average",0.719,-1,1,-99,-0.099
21,"dotnumber","average","average",0.635,-1,1,-99,-0.099
21,"dotnumber","average","average",0.704,1,1,-99,-0.099
21,"dotnumber","average","average",0.735,1,1,-99,-0.099
21,"dotnumber","average","average",0.602,-1,1,-99,-0.099
21,"dotnumber","average","average",0.602,-1,1,-99,-0.099
21,"dotnumber","average","average",0.902,1,1,-99,-0.099
21,"dotnumber","average","average",0.668,1,1,-99,-0.099
21,"dotnumber","average","average",0.67,-1,0,-99,-0.099
21,"dotnumber","average","average",0.685,1,1,-99,-0.099
21,"dotnumber","average","average",0.669,-1,1,-99,-0.099
21,"dotnumber","average","average",0.967,-1,1,-99,-0.099
21,"dotnumber","average","average",0.601,1,1,-99,-0.099
21,"dotnumber","average","average",0.652,-1,0,-99,-0.099
21,"dotnumber","average","average",0.685,-1,1,-99,-0.099
21,"dotnumber","average","average",0.669,-1,1,-99,-0.099
21,"dotnumber","average","average",0.751,1,1,-99,-0.099
21,"dotnumber","average","average",0.651,-1,1,-99,-0.099
21,"dotnumber","average","average",1.07,-1,1,-99,-0.099
21,"dotnumber","average","average",0.769,-1,1,-99,-0.099
21,"dotnumber","average","average",0.768,-1,1,-99,-0.099
21,"dotnumber","average","average",0.702,1,1,-99,-0.099
21,"dotnumber","average","average",0.752,-1,0,-99,-0.099
21,"dotnumber","average","average",0.819,-1,1,-99,-0.099
21,"dotnumber","average","average",0.936,1,1,-99,-0.099
21,"dotnumber","average","average",0.819,-1,1,-99,-0.099
21,"dotnumber","average","average",0.785,1,1,-99,-0.099
21,"dotnumber","average","average",0.586,-1,0,-99,-0.099
21,"dotnumber","average","average",0.585,-1,1,-99,-0.099
21,"dotnumber","average","average",0.684,1,1,-99,-0.099
21,"dotnumber","average","average",0.801,1,0,-99,-0.099
21,"dotnumber","average","average",0.619,1,1,-99,-0.099
21,"dotnumber","average","average",0.585,-1,0,-99,-0.099
21,"dotnumber","average","average",0.802,-1,1,-99,-0.099
21,"dotnumber","average","average",0.668,-1,1,-99,-0.099
21,"dotnumber","average","average",0.602,-1,1,-99,-0.099
21,"dotnumber","average","average",0.685,-1,1,-99,-0.099
21,"dotnumber","average","average",0.551,-1,1,-99,-0.099
21,"dotnumber","average","average",0.652,1,1,-99,-0.099
21,"dotnumber","average","average",0.618,1,1,-99,-0.099
21,"dotnumber","average","average",0.951,-1,1,-99,-0.099
21,"dotnumber","average","average",0.584,1,1,-99,-0.099
21,"dotnumber","average","average",0.552,1,1,-99,-0.099
21,"dotnumber","average","average",0.501,-1,1,-99,-0.099
21,"dotnumber","average","average",0.667,-1,1,-99,-0.099
21,"dotnumber","average","average",0.669,-1,1,-99,-0.099
21,"dotnumber","average","average",0.669,-1,1,-99,-0.099
21,"dotnumber","average","average",0.651,1,1,-99,-0.099
21,"dotnumber","average","average",0.835,1,1,-99,-0.099
21,"dotnumber","average","average",0.534,-1,0,-99,-0.099
21,"dotnumber","average","average",0.602,1,1,-99,-0.099
21,"dotnumber","average","average",0.886,1,1,-99,-0.099
21,"dotnumber","average","average",0.535,1,1,-99,-0.099
21,"dotnumber","average","average",0.568,1,1,-99,-0.099
21,"dotnumber","average","average",0.501,-1,1,-99,-0.099
21,"dotnumber","average","average",0.518,1,1,-99,-0.099
21,"dotnumber","average","average",0.652,1,1,-99,-0.099
21,"dotnumber","average","average",0.551,-1,1,-99,-0.099
21,"dotnumber","average","average",0.618,-1,1,-99,-0.099
21,"dotnumber","average","average",0.652,-1,1,-99,-0.099
21,"dotnumber","average","average",0.701,-1,1,-99,-0.099
21,"dotnumber","average","average",0.568,1,1,-99,-0.099
21,"dotnumber","average","average",0.669,-1,1,-99,-0.099
21,"dotnumber","average","average",0.519,1,1,-99,-0.099
21,"dotnumber","average","average",0.702,-1,0,-99,-0.099
21,"dotnumber","average","average",0.634,-1,1,-99,-0.099
21,"dotnumber","average","average",0.602,1,1,-99,-0.099
21,"dotnumber","average","average",0.636,-1,0,-99,-0.099
21,"dotnumber","average","average",0.686,-1,1,-99,-0.099
21,"dotnumber","average","average",0.619,-1,1,-99,-0.099
21,"dotnumber","average","average",0.852,-1,1,-99,-0.099
21,"dotnumber","average","average",0.885,-1,1,-99,-0.099
21,"dotnumber","average","average",0.618,1,1,-99,-0.099
21,"dotnumber","average","average",0.585,-1,1,-99,-0.099
21,"dotnumber","average","average",0.653,-1,1,-99,-0.099
21,"dotnumber","average","average",0.618,1,0,-99,-0.099
21,"dotnumber","average","average",0.501,-1,0,-99,-0.099
21,"dotnumber","average","average",0.518,1,1,-99,-0.099
21,"dotnumber","average","average",0.919,-1,1,-99,-0.099
21,"dotnumber","average","average",0.668,-1,1,-99,-0.099
21,"dotnumber","average","average",0.552,-1,1,-99,-0.099
21,"dotnumber","average","average",0.718,1,1,-99,-0.099
21,"dotnumber","average","average",0.551,-1,1,-99,-0.099
21,"dotnumber","average","average",0.502,-1,1,-99,-0.099
21,"dotnumber","average","average",0.618,-1,1,-99,-0.099
21,"dotnumber","average","average",0.617,-1,1,-99,-0.099
21,"dotnumber","average","average",0.684,-1,1,-99,-0.099
21,"dotnumber","average","average",0.753,-1,0,-99,-0.099
21,"dotnumber","average","average",0.535,1,1,-99,-0.099
21,"dotnumber","average","average",0.553,-1,0,-99,-0.099
21,"dotnumber","average","average",0.635,1,1,-99,-0.099
21,"dotnumber","average","average",0.868,-1,1,-99,-0.099
21,"dotnumber","average","average",0.551,1,0,-99,-0.099
21,"dotnumber","average","average",0.936,1,1,-99,-0.099
21,"dotnumber","average","average",0.734,1,1,-99,-0.099
21,"dotnumber","average","average",0.518,-1,0,-99,-0.099
21,"dotnumber","average","average",0.584,-1,0,-99,-0.099
21,"dotnumber","average","average",0.602,1,1,-99,-0.099
22,"dotcolour","easy","easy",2.489,-1,1,-99,-0.099
22,"dotcolour","easy","easy",0.736,1,1,-99,-0.099
22,"dotcolour","easy","easy",1.052,1,1,-99,-0.099
22,"dotcolour","easy","easy",0.702,-1,1,-99,-0.099
22,"dotcolour","easy","easy",0.737,1,1,-99,-0.099
22,"dotcolour","easy","easy",0.586,-1,1,-99,-0.099
22,"dotcolour","easy","easy",0.535,-1,1,-99,-0.099
22,"dotcolour","easy","easy",0.468,1,1,-99,-0.099
22,"dotcolour","easy","easy",0.701,1,1,-99,-0.099
22,"dotcolour","easy","easy",0.635,-1,1,-99,-0.099
22,"dotcolour","easy","easy",0.585,-1,1,-99,-0.099
22,"dotcolour","easy","easy",0.518,-1,1,-99,-0.099
22,"dotcolour","easy","easy",0.501,1,1,-99,-0.099
22,"dotcolour","easy","easy",0.552,-1,1,-99,-0.099
22,"dotcolour","easy","easy",0.601,-1,1,-99,-0.099
22,"dotcolour","easy","easy",0.667,1,1,-99,-0.099
22,"dotcolour","easy","easy",0.602,-1,1,-99,-0.099
22,"dotcolour","easy","easy",0.752,-1,1,-99,-0.099
22,"dotcolour","easy","easy",0.835,1,1,-99,-0.099
22,"dotcolour","easy","easy",1.069,-1,0,-99,-0.099
22,"dotcolour","easy","easy",0.502,-1,1,-99,-0.099
22,"dotcolour","easy","easy",0.618,1,1,-99,-0.099
22,"dotcolour","easy","easy",1.086,1,1,-99,-0.099
22,"dotcolour","easy","easy",0.551,1,1,-99,-0.099
22,"dotcolour","easy","easy",0.919,-1,1,-99,-0.099
22,"dotcolour","easy","easy",0.585,1,1,-99,-0.099
22,"dotcolour","easy","easy",0.502,-1,1,-99,-0.099
22,"dotcolour","easy","easy",0.735,1,1,-99,-0.099
22,"dotcolour","easy","easy",0.601,1,1,-99,-0.099
22,"dotcolour","easy","easy",0.451,1,1,-99,-0.099
22,"dotcolour","easy","easy",0.552,-1,1,-99,-0.099
22,"dotcolour","easy","easy",0.518,1,1,-99,-0.099
22,"dotcolour","easy","easy",0.718,-1,1,-99,-0.099
22,"dotcolour","easy","easy",0.385,-1,1,-99,-0.099
22,"dotcolour","easy","easy",0.485,1,1,-99,-0.099
22,"dotcolour","easy","easy",0.535,1,1,-99,-0.099
22,"dotcolour","easy","easy",0.501,-1,1,-99,-0.099
22,"dotcolour","easy","easy",0.568,1,1,-99,-0.099
22,"dotcolour","easy","easy",0.535,-1,1,-99,-0.099
22,"dotcolour","easy","easy",0.434,-1,1,-99,-0.099
22,"dotcolour","easy","easy",0.401,-1,1,-99,-0.099
22,"dotcolour","easy","easy",0.385,-1,1,-99,-0.099
22,"dotcolour","easy","easy",0.468,1,1,-99,-0.099
22,"dotcolour","easy","easy",0.385,1,1,-99,-0.099
22,"dotcolour","easy","easy",0.418,-1,1,-99,-0.099
22,"dotcolour","easy","easy",0.534,1,1,-99,-0.099
22,"dotcolour","easy","easy",0.386,1,1,-99,-0.099
22,"dotcolour","easy","easy",0.567,-1,1,-99,-0.099
22,"dotcolour","easy","easy",0.719,-1,1,-99,-0.099
22,"dotcolour","easy","easy",0.486,1,1,-99,-0.099
22,"dotcolour","easy","easy",0.418,-1,1,-99,-0.099
22,"dotcolour","easy","easy",0.435,-1,0,-99,-0.099
22,"dotcolour","easy","easy",0.635,1,1,-99,-0.099
22,"dotcolour","easy","easy",0.417,1,1,-99,-0.099
22,"dotcolour","easy","easy",0.535,-1,1,-99,-0.099
22,"dotcolour","easy","easy",0.885,-1,1,-99,-0.099
22,"dotcolour","easy","easy",0.502,-1,1,-99,-0.099
22,"dotcolour","easy","easy",0.485,-1,1,-99,-0.099
22,"dotcolour","easy","easy",0.452,1,0,-99,-0.099
22,"dotcolour","easy","easy",0.769,1,1,-99,-0.099
22,"dotcolour","easy","easy",0.786,-1,1,-99,-0.099
22,"dotcolour","easy","easy",0.735,1,1,-99,-0.099
22,"dotcolour","easy","easy",0.968,-1,1,-99,-0.099
22,"dotcolour","easy","easy",0.518,1,1,-99,-0.099
22,"dotcolour","easy","easy",0.502,-1,1,-99,-0.099
22,"dotcolour","easy","easy",0.602,1,1,-99,-0.099
22,"dotcolour","easy","easy",0.885,1,1,-99,-0.099
22,"dotcolour","easy","easy",0.435,1,1,-99,-0.099
22,"dotcolour","easy","easy",0.518,1,1,-99,-0.099
22,"dotcolour","easy","easy",0.551,1,1,-99,-0.099
22,"dotcolour","easy","easy",0.568,-1,1,-99,-0.099
22,"dotcolour","easy","easy",1.62,-1,1,-99,-0.099
22,"dotcolour","easy","easy",0.686,-1,1,-99,-0.099
22,"dotcolour","easy","easy",0.467,-1,1,-99,-0.099
22,"dotcolour","easy","easy",0.451,1,1,-99,-0.099
22,"dotcolour","easy","easy",0.568,-1,1,-99,-0.099
22,"dotcolour","easy","easy",0.651,-1,1,-99,-0.099
22,"dotcolour","easy","easy",0.602,1,1,-99,-0.099
22,"dotcolour","easy","easy",0.869,-1,1,-99,-0.099
22,"dotcolour","easy","easy",0.485,-1,1,-99,-0.099
22,"dotcolour","easy","easy",0.485,-1,1,-99,-0.099
22,"dotcolour","easy","easy",0.418,1,1,-99,-0.099
22,"dotcolour","easy","easy",0.419,1,1,-99,-0.099
22,"dotcolour","easy","easy",0.518,1,1,-99,-0.099
22,"dotcolour","easy","easy",0.4,1,1,-99,-0.099
22,"dotcolour","easy","easy",0.435,1,1,-99,-0.099
22,"dotcolour","easy","easy",0.484,1,1,-99,-0.099
22,"dotcolour","easy","easy",0.469,1,1,-99,-0.099
22,"dotcolour","easy","easy",0.569,-1,1,-99,-0.099
22,"dotcolour","easy","easy",0.469,-1,0,-99,-0.099
22,"dotcolour","easy","easy",0.618,-1,1,-99,-0.099
22,"dotcolour","easy","easy",0.469,1,1,-99,-0.099
22,"dotcolour","easy","easy",0.601,-1,1,-99,-0.099
22,"dotcolour","easy","easy",0.668,1,1,-99,-0.099
22,"dotcolour","easy","easy",0.585,-1,1,-99,-0.099
22,"dotcolour","easy","easy",0.551,-1,1,-99,-0.099
22,"dotcolour","easy","easy",0.935,1,1,-99,-0.099
22,"dotcolour","easy","easy",0.485,-1,1,-99,-0.099
22,"dotcolour","easy","easy",0.567,-1,1,-99,-0.099
22,"dotcolour","easy","easy",0.519,1,1,-99,-0.099
22,"dotcolour","easy","easy",0.618,-1,1,-99,-0.099
22,"dotcolour","easy","easy",0.584,-1,1,-99,-0.099
22,"dotcolour","easy","easy",0.469,1,1,-99,-0.099
22,"dotcolour","easy","easy",0.518,1,1,-99,-0.099
22,"dotcolour","easy","easy",0.419,1,1,-99,-0.099
22,"dotcolour","easy","easy",0.552,-1,1,-99,-0.099
22,"dotcolour","easy","easy",0.885,-1,1,-99,-0.099
22,"dotcolour","easy","easy",0.519,1,1,-99,-0.099
22,"dotcolour","easy","easy",0.768,1,1,-99,-0.099
22,"dotcolour","easy","easy",0.751,-1,1,-99,-0.099
22,"dotcolour","easy","easy",0.719,1,1,-99,-0.099
22,"dotcolour","easy","easy",0.685,1,1,-99,-0.099
22,"dotcolour","easy","easy",0.484,-1,1,-99,-0.099
22,"dotcolour","easy","easy",0.635,1,1,-99,-0.099
22,"dotcolour","easy","easy",0.801,-1,1,-99,-0.099
22,"dotcolour","easy","easy",0.684,1,1,-99,-0.099
22,"dotcolour","easy","easy",0.535,-1,1,-99,-0.099
22,"dotcolour","easy","easy",0.768,1,1,-99,-0.099
22,"dotcolour","easy","easy",0.451,-1,1,-99,-0.099
22,"dotcolour","easy","easy",1.019,-1,1,-99,-0.099
22,"dotnumber","average","average",1.102,1,1,-99,-0.099
22,"dotnumber","average","average",1.018,1,1,-99,-0.099
22,"dotnumber","average","average",1.686,-1,1,-99,-0.099
22,"dotnumber","average","average",1.186,1,1,-99,-0.099
22,"dotnumber","average","average",1.236,1,0,-99,-0.099
22,"dotnumber","average","average",0.786,1,1,-99,-0.099
22,"dotnumber","average","average",0.718,-1,1,-99,-0.099
22,"dotnumber","average","average",0.801,-1,1,-99,-0.099
22,"dotnumber","average","average",1.001,-1,1,-99,-0.099
22,"dotnumber","average","average",0.768,1,0,-99,-0.099
22,"dotnumber","average","average",0.685,1,1,-99,-0.099
22,"dotnumber","average","average",0.802,1,1,-99,-0.099
22,"dotnumber","average","average",0.752,-1,1,-99,-0.099
22,"dotnumber","average","average",1.286,-1,1,-99,-0.099
22,"dotnumber","average","average",1.069,1,1,-99,-0.099
22,"dotnumber","average","average",0.853,1,0,-99,-0.099
22,"dotnumber","average","average",0.785,1,1,-99,-0.099
22,"dotnumber","average","average",1.103,1,0,-99,-0.099
22,"dotnumber","average","average",0.618,-1,1,-99,-0.099
22,"dotnumber","average","average",0.618,1,1,-99,-0.099
22,"dotnumber","average","average",0.684,1,1,-99,-0.099
22,"dotnumber","average","average",0.635,1,1,-99,-0.099
22,"dotnumber","average","average",0.902,1,1,-99,-0.099
22,"dotnumber","average","average",0.652,-1,1,-99,-0.099
22,"dotnumber","average","average",1.285,-1,1,-99,-0.099
22,"dotnumber","average","average",0.669,1,1,-99,-0.099
22,"dotnumber","average","average",0.619,-1,1,-99,-0.099
22,"dotnumber","average","average",0.601,-1,1,-99,-0.099
22,"dotnumber","average","average",0.819,-1,1,-99,-0.099
22,"dotnumber","average","average",0.602,1,1,-99,-0.099
22,"dotnumber","average","average",0.585,-1,1,-99,-0.099
22,"dotnumber","average","average",0.685,1,1,-99,-0.099
22,"dotnumber","average","average",0.618,-1,0,-99,-0.099
22,"dotnumber","average","average",0.551,-1,1,-99,-0.099
22,"dotnumber","average","average",0.668,1,0,-99,-0.099
22,"dotnumber","average","average",0.602,-1,0,-99,-0.099
22,"dotnumber","average","average",0.586,-1,1,-99,-0.099
22,"dotnumber","average","average",0.552,1,1,-99,-0.099
22,"dotnumber","average","average",0.551,1,1,-99,-0.099
22,"dotnumber","average","average",0.651,1,0,-99,-0.099
22,"dotnumber","average","average",0.535,-1,1,-99,-0.099
22,"dotnumber","average","average",0.668,1,1,-99,-0.099
22,"dotnumber","average","average",0.585,1,1,-99,-0.099
22,"dotnumber","average","average",0.535,-1,1,-99,-0.099
22,"dotnumber","average","average",0.617,1,1,-99,-0.099
22,"dotnumber","average","average",0.535,1,1,-99,-0.099
22,"dotnumber","average","average",0.552,-1,1,-99,-0.099
22,"dotnumber","average","average",0.652,1,1,-99,-0.099
22,"dotnumber","average","average",0.535,-1,1,-99,-0.099
22,"dotnumber","average","average",0.769,1,0,-99,-0.099
22,"dotnumber","average","average",0.836,1,1,-99,-0.099
22,"dotnumber","average","average",0.485,1,1,-99,-0.099
22,"dotnumber","average","average",0.585,-1,1,-99,-0.099
22,"dotnumber","average","average",0.702,-1,1,-99,-0.099
22,"dotnumber","average","average",1.852,1,0,-99,-0.099
22,"dotnumber","average","average",0.702,1,0,-99,-0.099
22,"dotnumber","average","average",1.402,-1,0,-99,-0.099
22,"dotnumber","average","average",0.485,1,1,-99,-0.099
22,"dotnumber","average","average",0.551,-1,1,-99,-0.099
22,"dotnumber","average","average",0.769,-1,0,-99,-0.099
22,"dotnumber","average","average",0.635,1,0,-99,-0.099
22,"dotnumber","average","average",0.535,-1,1,-99,-0.099
22,"dotnumber","average","average",0.652,1,1,-99,-0.099
22,"dotnumber","average","average",0.586,1,1,-99,-0.099
22,"dotnumber","average","average",0.919,-1,0,-99,-0.099
22,"dotnumber","average","average",1.253,1,0,-99,-0.099
22,"dotnumber","average","average",0.869,1,1,-99,-0.099
22,"dotnumber","average","average",0.518,-1,1,-99,-0.099
22,"dotnumber","average","average",0.802,1,1,-99,-0.099
22,"dotnumber","average","average",0.635,1,1,-99,-0.099
22,"dotnumber","average","average",0.719,-1,1,-99,-0.099
22,"dotnumber","average","average",0.535,1,1,-99,-0.099
22,"dotnumber","average","average",0.885,-1,1,-99,-0.099
22,"dotnumber","average","average",0.618,1,1,-99,-0.099
22,"dotnumber","average","average",0.619,-1,1,-99,-0.099
22,"dotnumber","average","average",0.602,-1,1,-99,-0.099
22,"dotnumber","average","average",0.668,1,1,-99,-0.099
22,"dotnumber","average","average",0.485,-1,1,-99,-0.099
22,"dotnumber","average","average",0.585,1,0,-99,-0.099
22,"dotnumber","average","average",0.602,1,1,-99,-0.099
22,"dotnumber","average","average",0.602,-1,1,-99,-0.099
22,"dotnumber","average","average",0.568,1,1,-99,-0.099
22,"dotnumber","average","average",1.636,1,1,-99,-0.099
22,"dotnumber","average","average",0.518,-1,0,-99,-0.099
22,"dotnumber","average","average",0.851,1,0,-99,-0.099
22,"dotnumber","average","average",1.385,-1,0,-99,-0.099
22,"dotnumber","average","average",0.435,1,1,-99,-0.099
22,"dotnumber","average","average",0.601,-1,1,-99,-0.099
22,"dotnumber","average","average",0.569,1,1,-99,-0.099
22,"dotnumber","average","average",0.502,-1,1,-99,-0.099
22,"dotnumber","average","average",0.584,1,0,-99,-0.099
22,"dotnumber","average","average",1.068,1,0,-99,-0.099
22,"dotnumber","average","average",0.518,-1,1,-99,-0.099
22,"dotnumber","average","average",0.602,-1,0,-99,-0.099
22,"dotnumber","average","average",0.601,1,1,-99,-0.099
22,"dotnumber","average","average",0.568,1,1,-99,-0.099
22,"dotnumber","average","average",3.571,1,1,-99,-0.099
22,"dotnumber","average","average",0.735,1,1,-99,-0.099
22,"dotnumber","average","average",0.535,1,1,-99,-0.099
22,"dotnumber","average","average",0.685,1,1,-99,-0.099
22,"dotnumber","average","average",0.519,-1,0,-99,-0.099
22,"dotnumber","average","average",0.835,1,1,-99,-0.099
22,"dotnumber","average","average",0.802,-1,0,-99,-0.099
22,"dotnumber","average","average",0.67,-1,1,-99,-0.099
22,"dotnumber","average","average",0.451,1,0,-99,-0.099
22,"dotnumber","average","average",0.585,1,0,-99,-0.099
22,"dotnumber","average","average",0.501,-1,1,-99,-0.099
22,"dotnumber","average","average",0.518,1,0,-99,-0.099
22,"dotnumber","average","average",0.652,-1,1,-99,-0.099
22,"dotnumber","average","average",0.552,1,0,-99,-0.099
22,"dotnumber","average","average",0.569,1,1,-99,-0.099
22,"dotnumber","average","average",0.585,1,0,-99,-0.099
22,"dotnumber","average","average",0.701,-1,1,-99,-0.099
22,"dotnumber","average","average",0.519,1,1,-99,-0.099
22,"dotnumber","average","average",0.668,-1,0,-99,-0.099
22,"dotnumber","average","average",0.584,1,1,-99,-0.099
22,"dotnumber","average","average",0.869,1,0,-99,-0.099
22,"dotnumber","average","average",0.502,-1,1,-99,-0.099
22,"dotnumber","average","average",0.802,1,0,-99,-0.099
22,"dotnumber","average","average",0.502,1,1,-99,-0.099
22,"xotask","hard","hard",1.019,1,0,-99,-0.099
22,"xotask","hard","hard",1.252,-1,0,-99,-0.099
22,"xotask","hard","hard",0.684,1,1,-99,-0.099
22,"xotask","hard","hard",0.717,1,0,-99,-0.099
22,"xotask","hard","hard",0.969,1,1,-99,-0.099
22,"xotask","hard","hard",1.203,1,0,-99,-0.099
22,"xotask","hard","hard",0.952,-1,1,-99,-0.099
22,"xotask","hard","hard",0.969,-1,1,-99,-0.099
22,"xotask","hard","hard",0.652,1,0,-99,-0.099
22,"xotask","hard","hard",0.936,1,0,-99,-0.099
22,"xotask","hard","hard",0.935,1,0,-99,-0.099
22,"xotask","hard","hard",1.72,-1,0,-99,-0.099
22,"xotask","hard","hard",0.736,-1,0,-99,-0.099
22,"xotask","hard","hard",0.585,1,0,-99,-0.099
22,"xotask","hard","hard",0.552,1,1,-99,-0.099
22,"xotask","hard","hard",1.018,-1,0,-99,-0.099
22,"xotask","hard","hard",0.669,1,1,-99,-0.099
22,"xotask","hard","hard",0.702,-1,0,-99,-0.099
22,"xotask","hard","hard",0.552,-1,0,-99,-0.099
22,"xotask","hard","hard",0.602,-1,1,-99,-0.099
22,"xotask","hard","hard",0.885,-1,0,-99,-0.099
22,"xotask","hard","hard",0.819,-1,1,-99,-0.099
22,"xotask","hard","hard",0.752,-1,0,-99,-0.099
22,"xotask","hard","hard",0.752,-1,1,-99,-0.099
22,"xotask","hard","hard",2.67,1,0,-99,-0.099
22,"xotask","hard","hard",0.986,-1,0,-99,-0.099
22,"xotask","hard","hard",1.268,-1,0,-99,-0.099
22,"xotask","hard","hard",1.086,1,1,-99,-0.099
22,"xotask","hard","hard",0.602,-1,1,-99,-0.099
22,"xotask","hard","hard",0.635,-1,1,-99,-0.099
22,"xotask","hard","hard",0.818,-1,0,-99,-0.099
22,"xotask","hard","hard",0.835,-1,0,-99,-0.099
22,"xotask","hard","hard",0.519,1,1,-99,-0.099
22,"xotask","hard","hard",0.618,1,0,-99,-0.099
22,"xotask","hard","hard",1.286,1,0,-99,-0.099
22,"xotask","hard","hard",0.785,1,1,-99,-0.099
22,"xotask","hard","hard",0.551,-1,1,-99,-0.099
22,"xotask","hard","hard",0.819,-1,0,-99,-0.099
22,"xotask","hard","hard",0.669,-1,1,-99,-0.099
22,"xotask","hard","hard",0.618,-1,1,-99,-0.099
22,"xotask","hard","hard",1.053,1,0,-99,-0.099
22,"xotask","hard","hard",0.852,-1,1,-99,-0.099
22,"xotask","hard","hard",1.518,-1,0,-99,-0.099
22,"xotask","hard","hard",0.535,-1,1,-99,-0.099
22,"xotask","hard","hard",0.552,1,1,-99,-0.099
22,"xotask","hard","hard",0.652,-1,0,-99,-0.099
22,"xotask","hard","hard",0.501,1,1,-99,-0.099
22,"xotask","hard","hard",0.652,-1,1,-99,-0.099
22,"xotask","hard","hard",1.085,1,1,-99,-0.099
22,"xotask","hard","hard",3.521,-1,1,-99,-0.099
22,"xotask","hard","hard",1.402,1,1,-99,-0.099
22,"xotask","hard","hard",0.601,-1,1,-99,-0.099
22,"xotask","hard","hard",0.619,-1,1,-99,-0.099
22,"xotask","hard","hard",0.502,-1,1,-99,-0.099
22,"xotask","hard","hard",0.551,-1,0,-99,-0.099
22,"xotask","hard","hard",0.652,-1,1,-99,-0.099
22,"xotask","hard","hard",0.602,-1,1,-99,-0.099
22,"xotask","hard","hard",0.584,-1,0,-99,-0.099
22,"xotask","hard","hard",0.668,-1,1,-99,-0.099
22,"xotask","hard","hard",0.568,-1,0,-99,-0.099
22,"xotask","hard","hard",0.703,1,1,-99,-0.099
22,"xotask","hard","hard",0.418,1,0,-99,-0.099
22,"xotask","hard","hard",0.786,-1,0,-99,-0.099
22,"xotask","hard","hard",1.686,-1,1,-99,-0.099
22,"xotask","hard","hard",1.034,1,0,-99,-0.099
22,"xotask","hard","hard",0.618,-1,0,-99,-0.099
22,"xotask","hard","hard",0.952,1,1,-99,-0.099
22,"xotask","hard","hard",0.852,1,1,-99,-0.099
22,"xotask","hard","hard",0.819,-1,0,-99,-0.099
22,"xotask","hard","hard",2.604,1,0,-99,-0.099
22,"xotask","hard","hard",0.652,-1,1,-99,-0.099
22,"xotask","hard","hard",1.002,1,1,-99,-0.099
22,"xotask","hard","hard",1.303,-1,1,-99,-0.099
22,"xotask","hard","hard",0.653,1,1,-99,-0.099
22,"xotask","hard","hard",0.452,1,1,-99,-0.099
22,"xotask","hard","hard",0.518,-1,0,-99,-0.099
22,"xotask","hard","hard",0.685,1,0,-99,-0.099
22,"xotask","hard","hard",0.734,1,0,-99,-0.099
22,"xotask","hard","hard",0.685,-1,1,-99,-0.099
22,"xotask","hard","hard",0.801,-1,1,-99,-0.099
22,"xotask","hard","hard",0.736,-1,1,-99,-0.099
22,"xotask","hard","hard",0.568,-1,0,-99,-0.099
22,"xotask","hard","hard",0.719,1,0,-99,-0.099
22,"xotask","hard","hard",0.685,1,0,-99,-0.099
22,"xotask","hard","hard",0.669,-1,0,-99,-0.099
22,"xotask","hard","hard",0.535,1,0,-99,-0.099
22,"xotask","hard","hard",0.535,1,0,-99,-0.099
22,"xotask","hard","hard",0.968,-1,1,-99,-0.099
22,"xotask","hard","hard",0.552,1,0,-99,-0.099
22,"xotask","hard","hard",0.584,1,1,-99,-0.099
22,"xotask","hard","hard",0.652,1,1,-99,-0.099
22,"xotask","hard","hard",0.702,1,1,-99,-0.099
22,"xotask","hard","hard",0.735,1,1,-99,-0.099
22,"xotask","hard","hard",0.985,1,1,-99,-0.099
22,"xotask","hard","hard",0.418,1,1,-99,-0.099
22,"xotask","hard","hard",0.368,-1,0,-99,-0.099
22,"xotask","hard","hard",0.702,-1,0,-99,-0.099
22,"xotask","hard","hard",0.835,-1,0,-99,-0.099
22,"xotask","hard","hard",0.702,-1,1,-99,-0.099
22,"xotask","hard","hard",0.619,1,0,-99,-0.099
22,"xotask","hard","hard",0.702,-1,0,-99,-0.099
22,"xotask","hard","hard",0.569,-1,1,-99,-0.099
22,"xotask","hard","hard",0.636,1,0,-99,-0.099
22,"xotask","hard","hard",0.55,1,1,-99,-0.099
22,"xotask","hard","hard",0.485,1,0,-99,-0.099
22,"xotask","hard","hard",0.669,-1,0,-99,-0.099
22,"xotask","hard","hard",0.586,1,1,-99,-0.099
22,"xotask","hard","hard",0.502,1,1,-99,-0.099
22,"xotask","hard","hard",0.668,-1,1,-99,-0.099
22,"xotask","hard","hard",0.352,1,1,-99,-0.099
22,"xotask","hard","hard",0.551,1,0,-99,-0.099
22,"xotask","hard","hard",0.418,-1,1,-99,-0.099
22,"xotask","hard","hard",0.619,1,0,-99,-0.099
22,"xotask","hard","hard",0.852,-1,1,-99,-0.099
22,"xotask","hard","hard",0.635,-1,1,-99,-0.099
22,"xotask","hard","hard",1.086,1,1,-99,-0.099
22,"xotask","hard","hard",1.069,-1,0,-99,-0.099
22,"xotask","hard","hard",0.451,-1,0,-99,-0.099
22,"xotask","hard","hard",0.751,1,1,-99,-0.099
22,"xotask","hard","hard",0.786,-1,1,-99,-0.099
23,"dotnumber","average","average",2.504,-1,0,-99,-0.099
23,"dotnumber","average","average",1.553,-1,0,-99,-0.099
23,"dotnumber","average","average",1.035,-1,1,-99,-0.099
23,"dotnumber","average","average",1.202,1,0,-99,-0.099
23,"dotnumber","average","average",1.753,1,0,-99,-0.099
23,"dotnumber","average","average",2.37,-1,1,-99,-0.099
23,"dotnumber","average","average",1.153,1,0,-99,-0.099
23,"dotnumber","average","average",0.852,1,0,-99,-0.099
23,"dotnumber","average","average",0.885,1,1,-99,-0.099
23,"dotnumber","average","average",1.553,-1,0,-99,-0.099
23,"dotnumber","average","average",2.103,-1,1,-99,-0.099
23,"dotnumber","average","average",0.735,1,1,-99,-0.099
23,"dotnumber","average","average",0.985,-1,1,-99,-0.099
23,"dotnumber","average","average",0.902,1,1,-99,-0.099
23,"dotnumber","average","average",0.801,1,1,-99,-0.099
23,"dotnumber","average","average",0.869,1,1,-99,-0.099
23,"dotnumber","average","average",1.152,-1,0,-99,-0.099
23,"dotnumber","average","average",1.452,1,1,-99,-0.099
23,"dotnumber","average","average",1.369,-1,0,-99,-0.099
23,"dotnumber","average","average",0.902,-1,1,-99,-0.099
23,"dotnumber","average","average",1.002,-1,0,-99,-0.099
23,"dotnumber","average","average",1.152,-1,1,-99,-0.099
23,"dotnumber","average","average",1.586,1,0,-99,-0.099
23,"dotnumber","average","average",0.752,-1,1,-99,-0.099
23,"dotnumber","average","average",1.704,-1,1,-99,-0.099
23,"dotnumber","average","average",1.068,1,1,-99,-0.099
23,"dotnumber","average","average",1.318,1,1,-99,-0.099
23,"dotnumber","average","average",1.435,-1,0,-99,-0.099
23,"dotnumber","average","average",1.437,-1,1,-99,-0.099
23,"dotnumber","average","average",2.02,1,1,-99,-0.099
23,"dotnumber","average","average",1.035,1,0,-99,-0.099
23,"dotnumber","average","average",1.869,-1,1,-99,-0.099
23,"dotnumber","average","average",0.852,-1,0,-99,-0.099
23,"dotnumber","average","average",0.869,-1,1,-99,-0.099
23,"dotnumber","average","average",0.903,1,0,-99,-0.099
23,"dotnumber","average","average",1.135,1,0,-99,-0.099
23,"dotnumber","average","average",0.684,-1,1,-99,-0.099
23,"dotnumber","average","average",1.019,1,1,-99,-0.099
23,"dotnumber","average","average",1.186,-1,1,-99,-0.099
23,"dotnumber","average","average",0.803,-1,1,-99,-0.099
23,"dotnumber","average","average",0.752,1,1,-99,-0.099
23,"dotnumber","average","average",1.869,-1,0,-99,-0.099
23,"dotnumber","average","average",0.885,1,1,-99,-0.099
23,"dotnumber","average","average",1.235,-1,0,-99,-0.099
23,"dotnumber","average","average",1.002,-1,1,-99,-0.099
23,"dotnumber","average","average",0.819,1,1,-99,-0.099
23,"dotnumber","average","average",1.152,-1,0,-99,-0.099
23,"dotnumber","average","average",0.968,-1,1,-99,-0.099
23,"dotnumber","average","average",0.835,-1,1,-99,-0.099
23,"dotnumber","average","average",0.886,1,1,-99,-0.099
23,"dotnumber","average","average",1.253,-1,0,-99,-0.099
23,"dotnumber","average","average",0.919,1,1,-99,-0.099
23,"dotnumber","average","average",1.302,1,1,-99,-0.099
23,"dotnumber","average","average",1.353,-1,1,-99,-0.099
23,"dotnumber","average","average",1.135,-1,0,-99,-0.099
23,"dotnumber","average","average",1.235,1,0,-99,-0.099
23,"dotnumber","average","average",1.086,-1,0,-99,-0.099
23,"dotnumber","average","average",0.835,1,1,-99,-0.099
23,"dotnumber","average","average",0.986,1,1,-99,-0.099
23,"dotnumber","average","average",1.135,1,0,-99,-0.099
23,"dotnumber","average","average",0.902,-1,1,-99,-0.099
23,"dotnumber","average","average",1.119,-1,1,-99,-0.099
23,"dotnumber","average","average",1.069,1,1,-99,-0.099
23,"dotnumber","average","average",0.785,1,1,-99,-0.099
23,"dotnumber","average","average",0.685,-1,1,-99,-0.099
23,"dotnumber","average","average",0.719,-1,1,-99,-0.099
23,"dotnumber","average","average",0.718,-1,1,-99,-0.099
23,"dotnumber","average","average",1.202,1,1,-99,-0.099
23,"dotnumber","average","average",0.635,-1,1,-99,-0.099
23,"dotnumber","average","average",0.718,-1,1,-99,-0.099
23,"dotnumber","average","average",0.784,1,1,-99,-0.099
23,"dotnumber","average","average",1.136,-1,1,-99,-0.099
23,"dotnumber","average","average",0.885,-1,0,-99,-0.099
23,"dotnumber","average","average",0.685,-1,1,-99,-0.099
23,"dotnumber","average","average",0.786,-1,1,-99,-0.099
23,"dotnumber","average","average",0.819,-1,1,-99,-0.099
23,"dotnumber","average","average",0.935,1,0,-99,-0.099
23,"dotnumber","average","average",0.668,-1,1,-99,-0.099
23,"dotnumber","average","average",1.085,1,0,-99,-0.099
23,"dotnumber","average","average",0.785,-1,0,-99,-0.099
23,"dotnumber","average","average",0.886,1,1,-99,-0.099
23,"dotnumber","average","average",0.819,-1,1,-99,-0.099
23,"dotnumber","average","average",0.801,1,1,-99,-0.099
23,"dotnumber","average","average",0.852,-1,1,-99,-0.099
23,"dotnumber","average","average",1.035,-1,0,-99,-0.099
23,"dotnumber","average","average",0.702,-1,1,-99,-0.099
23,"dotnumber","average","average",0.819,-1,0,-99,-0.099
23,"dotnumber","average","average",0.785,1,1,-99,-0.099
23,"dotnumber","average","average",0.668,-1,1,-99,-0.099
23,"dotnumber","average","average",0.668,-1,0,-99,-0.099
23,"dotnumber","average","average",0.718,-1,0,-99,-0.099
23,"dotnumber","average","average",0.82,1,1,-99,-0.099
23,"dotnumber","average","average",0.834,-1,1,-99,-0.099
23,"dotnumber","average","average",0.668,1,1,-99,-0.099
23,"dotnumber","average","average",0.885,1,0,-99,-0.099
23,"dotnumber","average","average",0.785,1,1,-99,-0.099
23,"dotnumber","average","average",1.237,1,1,-99,-0.099
23,"dotnumber","average","average",0.852,1,1,-99,-0.099
23,"dotnumber","average","average",1.552,1,0,-99,-0.099
23,"dotnumber","average","average",1.103,1,1,-99,-0.099
23,"dotnumber","average","average",1.036,-1,1,-99,-0.099
23,"dotnumber","average","average",0.752,1,1,-99,-0.099
23,"dotnumber","average","average",1.085,-1,0,-99,-0.099
23,"dotnumber","average","average",0.836,1,0,-99,-0.099
23,"dotnumber","average","average",0.935,-1,0,-99,-0.099
23,"dotnumber","average","average",0.784,-1,1,-99,-0.099
23,"dotnumber","average","average",0.818,1,1,-99,-0.099
23,"dotnumber","average","average",0.635,-1,1,-99,-0.099
23,"dotnumber","average","average",1.119,-1,1,-99,-0.099
23,"dotnumber","average","average",0.768,1,1,-99,-0.099
23,"dotnumber","average","average",0.717,1,1,-99,-0.099
23,"dotnumber","average","average",1.002,1,1,-99,-0.099
23,"dotnumber","average","average",0.802,-1,1,-99,-0.099
23,"dotnumber","average","average",1.069,-1,0,-99,-0.099
23,"dotnumber","average","average",0.753,-1,1,-99,-0.099
23,"dotnumber","average","average",0.635,1,0,-99,-0.099
23,"dotnumber","average","average",0.735,1,1,-99,-0.099
23,"dotnumber","average","average",0.836,-1,1,-99,-0.099
23,"dotnumber","average","average",0.701,1,0,-99,-0.099
23,"dotnumber","average","average",0.635,-1,1,-99,-0.099
23,"xotask","hard","hard",1.653,1,0,-99,-0.099
23,"xotask","hard","hard",0.986,1,1,-99,-0.099
23,"xotask","hard","hard",1.019,-1,1,-99,-0.099
23,"xotask","hard","hard",1.269,-1,0,-99,-0.099
23,"xotask","hard","hard",1.218,1,1,-99,-0.099
23,"xotask","hard","hard",1.669,-1,1,-99,-0.099
23,"xotask","hard","hard",0.785,1,0,-99,-0.099
23,"xotask","hard","hard",0.768,-1,1,-99,-0.099
23,"xotask","hard","hard",2.003,1,1,-99,-0.099
23,"xotask","hard","hard",1.669,1,0,-99,-0.099
23,"xotask","hard","hard",0.535,-1,0,-99,-0.099
23,"xotask","hard","hard",0.719,1,1,-99,-0.099
23,"xotask","hard","hard",1.118,-1,1,-99,-0.099
23,"xotask","hard","hard",0.818,1,1,-99,-0.099
23,"xotask","hard","hard",1.002,1,0,-99,-0.099
23,"xotask","hard","hard",0.852,1,0,-99,-0.099
23,"xotask","hard","hard",1.285,1,1,-99,-0.099
23,"xotask","hard","hard",1.486,-1,1,-99,-0.099
23,"xotask","hard","hard",0.819,1,1,-99,-0.099
23,"xotask","hard","hard",0.985,-1,1,-99,-0.099
23,"xotask","hard","hard",0.952,-1,0,-99,-0.099
23,"xotask","hard","hard",0.585,1,1,-99,-0.099
23,"xotask","hard","hard",0.785,1,0,-99,-0.099
23,"xotask","hard","hard",0.885,1,1,-99,-0.099
23,"xotask","hard","hard",1.17,1,0,-99,-0.099
23,"xotask","hard","hard",1.168,1,0,-99,-0.099
23,"xotask","hard","hard",0.769,-1,0,-99,-0.099
23,"xotask","hard","hard",0.768,-1,1,-99,-0.099
23,"xotask","hard","hard",1.036,1,0,-99,-0.099
23,"xotask","hard","hard",1.136,-1,1,-99,-0.099
23,"xotask","hard","hard",0.703,1,1,-99,-0.099
23,"xotask","hard","hard",0.668,1,1,-99,-0.099
23,"xotask","hard","hard",0.902,1,0,-99,-0.099
23,"xotask","hard","hard",0.769,-1,0,-99,-0.099
23,"xotask","hard","hard",1.003,-1,1,-99,-0.099
23,"xotask","hard","hard",0.852,-1,1,-99,-0.099
23,"xotask","hard","hard",0.801,-1,0,-99,-0.099
23,"xotask","hard","hard",1.22,1,1,-99,-0.099
23,"xotask","hard","hard",0.769,1,1,-99,-0.099
23,"xotask","hard","hard",1.003,1,1,-99,-0.099
23,"xotask","hard","hard",1.019,-1,0,-99,-0.099
23,"xotask","hard","hard",1.319,1,0,-99,-0.099
23,"xotask","hard","hard",0.885,1,1,-99,-0.099
23,"xotask","hard","hard",0.852,-1,1,-99,-0.099
23,"xotask","hard","hard",1.718,-1,1,-99,-0.099
23,"xotask","hard","hard",0.684,1,1,-99,-0.099
23,"xotask","hard","hard",0.902,1,0,-99,-0.099
23,"xotask","hard","hard",0.986,-1,0,-99,-0.099
23,"xotask","hard","hard",1.119,-1,0,-99,-0.099
23,"xotask","hard","hard",1.536,1,0,-99,-0.099
23,"xotask","hard","hard",0.852,-1,0,-99,-0.099
23,"xotask","hard","hard",1.202,1,0,-99,-0.099
23,"xotask","hard","hard",1.169,1,1,-99,-0.099
23,"xotask","hard","hard",0.701,-1,1,-99,-0.099
23,"xotask","hard","hard",0.851,-1,1,-99,-0.099
23,"xotask","hard","hard",0.769,1,0,-99,-0.099
23,"xotask","hard","hard",0.668,1,1,-99,-0.099
23,"xotask","hard","hard",0.601,1,0,-99,-0.099
23,"xotask","hard","hard",0.669,-1,1,-99,-0.099
23,"xotask","hard","hard",0.819,1,1,-99,-0.099
23,"xotask","hard","hard",1.569,1,1,-99,-0.099
23,"xotask","hard","hard",0.969,-1,0,-99,-0.099
23,"xotask","hard","hard",1.336,1,0,-99,-0.099
23,"xotask","hard","hard",0.869,-1,1,-99,-0.099
23,"xotask","hard","hard",0.818,1,0,-99,-0.099
23,"xotask","hard","hard",0.835,1,1,-99,-0.099
23,"xotask","hard","hard",1.185,-1,1,-99,-0.099
23,"xotask","hard","hard",1.236,1,1,-99,-0.099
23,"xotask","hard","hard",0.818,1,1,-99,-0.099
23,"xotask","hard","hard",0.735,1,1,-99,-0.099
23,"xotask","hard","hard",0.97,-1,0,-99,-0.099
23,"xotask","hard","hard",0.819,1,0,-99,-0.099
23,"xotask","hard","hard",1.237,1,1,-99,-0.099
23,"xotask","hard","hard",0.852,-1,0,-99,-0.099
23,"xotask","hard","hard",0.885,-1,0,-99,-0.099
23,"xotask","hard","hard",0.551,1,1,-99,-0.099
23,"xotask","hard","hard",0.935,1,0,-99,-0.099
23,"xotask","hard","hard",0.686,-1,0,-99,-0.099
23,"xotask","hard","hard",1.386,-1,0,-99,-0.099
23,"xotask","hard","hard",1.086,-1,1,-99,-0.099
23,"xotask","hard","hard",0.568,1,1,-99,-0.099
23,"xotask","hard","hard",0.735,1,0,-99,-0.099
23,"xotask","hard","hard",1.169,1,0,-99,-0.099
23,"xotask","hard","hard",1.253,1,0,-99,-0.099
23,"xotask","hard","hard",0.903,-1,1,-99,-0.099
23,"xotask","hard","hard",0.652,1,0,-99,-0.099
23,"xotask","hard","hard",0.569,-1,1,-99,-0.099
23,"xotask","hard","hard",1.153,-1,0,-99,-0.099
23,"xotask","hard","hard",1.536,1,0,-99,-0.099
23,"xotask","hard","hard",1.436,1,1,-99,-0.099
23,"xotask","hard","hard",2.004,-1,1,-99,-0.099
23,"xotask","hard","hard",1.152,1,1,-99,-0.099
23,"xotask","hard","hard",0.836,-1,0,-99,-0.099
23,"xotask","hard","hard",0.986,1,0,-99,-0.099
23,"xotask","hard","hard",0.97,-1,0,-99,-0.099
23,"xotask","hard","hard",1.002,1,0,-99,-0.099
23,"xotask","hard","hard",1.119,-1,0,-99,-0.099
23,"xotask","hard","hard",0.885,1,1,-99,-0.099
23,"xotask","hard","hard",1.203,1,1,-99,-0.099
23,"xotask","hard","hard",0.919,1,1,-99,-0.099
23,"xotask","hard","hard",0.969,-1,1,-99,-0.099
23,"xotask","hard","hard",0.835,1,1,-99,-0.099
23,"xotask","hard","hard",1.287,-1,0,-99,-0.099
23,"xotask","hard","hard",0.818,1,0,-99,-0.099
23,"xotask","hard","hard",1.018,-1,1,-99,-0.099
23,"xotask","hard","hard",0.72,1,1,-99,-0.099
23,"xotask","hard","hard",0.769,1,0,-99,-0.099
23,"xotask","hard","hard",0.701,1,0,-99,-0.099
23,"xotask","hard","hard",1.486,-1,0,-99,-0.099
23,"xotask","hard","hard",0.918,-1,1,-99,-0.099
23,"xotask","hard","hard",1.068,-1,0,-99,-0.099
23,"xotask","hard","hard",1.603,-1,1,-99,-0.099
23,"xotask","hard","hard",0.652,1,1,-99,-0.099
23,"xotask","hard","hard",1.068,1,0,-99,-0.099
23,"xotask","hard","hard",0.868,-1,1,-99,-0.099
23,"xotask","hard","hard",1.301,1,0,-99,-0.099
23,"xotask","hard","hard",1.069,-1,1,-99,-0.099
23,"xotask","hard","hard",1.569,1,1,-99,-0.099
23,"xotask","hard","hard",0.803,-1,0,-99,-0.099
23,"xotask","hard","hard",1.235,1,0,-99,-0.099
23,"dotcolour","easy","easy",1.086,-1,1,-99,-0.099
23,"dotcolour","easy","easy",0.501,1,1,-99,-0.099
23,"dotcolour","easy","easy",0.401,-1,1,-99,-0.099
23,"dotcolour","easy","easy",0.551,-1,1,-99,-0.099
23,"dotcolour","easy","easy",0.418,1,1,-99,-0.099
23,"dotcolour","easy","easy",0.319,-1,0,-99,-0.099
23,"dotcolour","easy","easy",0.702,-1,1,-99,-0.099
23,"dotcolour","easy","easy",0.452,1,1,-99,-0.099
23,"dotcolour","easy","easy",0.519,-1,1,-99,-0.099
23,"dotcolour","easy","easy",0.518,1,1,-99,-0.099
23,"dotcolour","easy","easy",0.602,1,1,-99,-0.099
23,"dotcolour","easy","easy",0.602,-1,1,-99,-0.099
23,"dotcolour","easy","easy",0.485,1,1,-99,-0.099
23,"dotcolour","easy","easy",0.485,-1,1,-99,-0.099
23,"dotcolour","easy","easy",0.585,-1,1,-99,-0.099
23,"dotcolour","easy","easy",0.652,-1,1,-99,-0.099
23,"dotcolour","easy","easy",0.418,1,1,-99,-0.099
23,"dotcolour","easy","easy",0.536,-1,1,-99,-0.099
23,"dotcolour","easy","easy",0.785,-1,1,-99,-0.099
23,"dotcolour","easy","easy",0.502,1,1,-99,-0.099
23,"dotcolour","easy","easy",0.619,1,1,-99,-0.099
23,"dotcolour","easy","easy",0.551,1,1,-99,-0.099
23,"dotcolour","easy","easy",1.019,1,1,-99,-0.099
23,"dotcolour","easy","easy",0.535,-1,1,-99,-0.099
23,"dotcolour","easy","easy",0.651,-1,1,-99,-0.099
23,"dotcolour","easy","easy",0.485,-1,1,-99,-0.099
23,"dotcolour","easy","easy",0.535,1,1,-99,-0.099
23,"dotcolour","easy","easy",0.702,-1,1,-99,-0.099
23,"dotcolour","easy","easy",0.451,1,1,-99,-0.099
23,"dotcolour","easy","easy",0.485,1,1,-99,-0.099
23,"dotcolour","easy","easy",0.802,1,1,-99,-0.099
23,"dotcolour","easy","easy",0.785,-1,1,-99,-0.099
23,"dotcolour","easy","easy",0.652,-1,1,-99,-0.099
23,"dotcolour","easy","easy",0.452,1,1,-99,-0.099
23,"dotcolour","easy","easy",0.502,-1,1,-99,-0.099
23,"dotcolour","easy","easy",0.618,1,1,-99,-0.099
23,"dotcolour","easy","easy",0.434,-1,1,-99,-0.099
23,"dotcolour","easy","easy",0.635,-1,1,-99,-0.099
23,"dotcolour","easy","easy",0.784,-1,1,-99,-0.099
23,"dotcolour","easy","easy",0.485,1,1,-99,-0.099
23,"dotcolour","easy","easy",0.385,-1,1,-99,-0.099
23,"dotcolour","easy","easy",0.602,-1,1,-99,-0.099
23,"dotcolour","easy","easy",0.635,-1,1,-99,-0.099
23,"dotcolour","easy","easy",0.435,1,1,-99,-0.099
23,"dotcolour","easy","easy",0.635,1,1,-99,-0.099
23,"dotcolour","easy","easy",0.702,1,1,-99,-0.099
23,"dotcolour","easy","easy",0.702,1,1,-99,-0.099
23,"dotcolour","easy","easy",0.768,1,1,-99,-0.099
23,"dotcolour","easy","easy",0.685,-1,1,-99,-0.099
23,"dotcolour","easy","easy",0.602,-1,1,-99,-0.099
23,"dotcolour","easy","easy",0.485,1,1,-99,-0.099
23,"dotcolour","easy","easy",0.569,1,1,-99,-0.099
23,"dotcolour","easy","easy",0.636,1,1,-99,-0.099
23,"dotcolour","easy","easy",0.585,1,1,-99,-0.099
23,"dotcolour","easy","easy",0.452,-1,0,-99,-0.099
23,"dotcolour","easy","easy",0.734,-1,1,-99,-0.099
23,"dotcolour","easy","easy",0.569,-1,1,-99,-0.099
23,"dotcolour","easy","easy",0.519,1,1,-99,-0.099
23,"dotcolour","easy","easy",0.518,-1,1,-99,-0.099
23,"dotcolour","easy","easy",0.652,-1,1,-99,-0.099
23,"dotcolour","easy","easy",0.484,1,1,-99,-0.099
23,"dotcolour","easy","easy",0.635,-1,1,-99,-0.099
23,"dotcolour","easy","easy",0.685,1,1,-99,-0.099
23,"dotcolour","easy","easy",0.734,1,1,-99,-0.099
23,"dotcolour","easy","easy",0.685,-1,1,-99,-0.099
23,"dotcolour","easy","easy",0.651,1,1,-99,-0.099
23,"dotcolour","easy","easy",0.535,-1,1,-99,-0.099
23,"dotcolour","easy","easy",0.551,-1,1,-99,-0.099
23,"dotcolour","easy","easy",0.569,-1,1,-99,-0.099
23,"dotcolour","easy","easy",0.502,-1,1,-99,-0.099
23,"dotcolour","easy","easy",0.518,1,1,-99,-0.099
23,"dotcolour","easy","easy",0.735,1,1,-99,-0.099
23,"dotcolour","easy","easy",0.819,-1,1,-99,-0.099
23,"dotcolour","easy","easy",0.718,1,1,-99,-0.099
23,"dotcolour","easy","easy",0.719,1,1,-99,-0.099
23,"dotcolour","easy","easy",0.535,-1,1,-99,-0.099
23,"dotcolour","easy","easy",0.501,-1,1,-99,-0.099
23,"dotcolour","easy","easy",0.502,-1,1,-99,-0.099
23,"dotcolour","easy","easy",0.618,-1,1,-99,-0.099
23,"dotcolour","easy","easy",0.668,-1,1,-99,-0.099
23,"dotcolour","easy","easy",0.569,-1,1,-99,-0.099
23,"dotcolour","easy","easy",0.601,1,1,-99,-0.099
23,"dotcolour","easy","easy",0.635,1,1,-99,-0.099
23,"dotcolour","easy","easy",0.501,-1,1,-99,-0.099
23,"dotcolour","easy","easy",0.635,1,1,-99,-0.099
23,"dotcolour","easy","easy",0.585,1,1,-99,-0.099
23,"dotcolour","easy","easy",0.585,1,1,-99,-0.099
23,"dotcolour","easy","easy",0.468,1,1,-99,-0.099
23,"dotcolour","easy","easy",0.552,-1,1,-99,-0.099
23,"dotcolour","easy","easy",1.036,-1,1,-99,-0.099
23,"dotcolour","easy","easy",0.635,1,1,-99,-0.099
23,"dotcolour","easy","easy",0.702,1,1,-99,-0.099
23,"dotcolour","easy","easy",0.535,1,1,-99,-0.099
23,"dotcolour","easy","easy",0.568,1,1,-99,-0.099
23,"dotcolour","easy","easy",0.517,-1,1,-99,-0.099
23,"dotcolour","easy","easy",0.519,-1,1,-99,-0.099
23,"dotcolour","easy","easy",0.702,-1,1,-99,-0.099
23,"dotcolour","easy","easy",0.701,-1,1,-99,-0.099
23,"dotcolour","easy","easy",0.502,1,1,-99,-0.099
23,"dotcolour","easy","easy",0.585,1,1,-99,-0.099
23,"dotcolour","easy","easy",0.534,1,1,-99,-0.099
23,"dotcolour","easy","easy",0.451,-1,1,-99,-0.099
23,"dotcolour","easy","easy",0.536,-1,1,-99,-0.099
23,"dotcolour","easy","easy",0.519,1,1,-99,-0.099
23,"dotcolour","easy","easy",0.767,1,1,-99,-0.099
23,"dotcolour","easy","easy",0.452,-1,1,-99,-0.099
23,"dotcolour","easy","easy",0.619,1,1,-99,-0.099
23,"dotcolour","easy","easy",0.551,1,1,-99,-0.099
23,"dotcolour","easy","easy",0.585,-1,1,-99,-0.099
23,"dotcolour","easy","easy",0.5,1,1,-99,-0.099
23,"dotcolour","easy","easy",0.669,1,1,-99,-0.099
23,"dotcolour","easy","easy",0.552,-1,1,-99,-0.099
23,"dotcolour","easy","easy",0.569,1,1,-99,-0.099
23,"dotcolour","easy","easy",0.652,-1,1,-99,-0.099
23,"dotcolour","easy","easy",0.419,1,0,-99,-0.099
23,"dotcolour","easy","easy",0.651,-1,1,-99,-0.099
23,"dotcolour","easy","easy",0.485,-1,1,-99,-0.099
23,"dotcolour","easy","easy",0.602,1,1,-99,-0.099
23,"dotcolour","easy","easy",0.586,1,1,-99,-0.099
23,"dotcolour","easy","easy",0.652,-1,1,-99,-0.099
24,"xotask","average","average",8.074,-1,1,-99,-0.099
24,"xotask","average","average",4.456,1,0,-99,-0.099
24,"xotask","average","average",1.118,1,1,-99,-0.099
24,"xotask","average","average",0.885,-1,1,-99,-0.099
24,"xotask","average","average",1.001,-1,1,-99,-0.099
24,"xotask","average","average",0.901,-1,1,-99,-0.099
24,"xotask","average","average",0.935,1,1,-99,-0.099
24,"xotask","average","average",1.702,1,1,-99,-0.099
24,"xotask","average","average",1.835,-1,0,-99,-0.099
24,"xotask","average","average",0.902,1,1,-99,-0.099
24,"xotask","average","average",1.552,-1,0,-99,-0.099
24,"xotask","average","average",2.736,1,1,-99,-0.099
24,"xotask","average","average",1.855,1,1,-99,-0.099
24,"xotask","average","average",0.902,1,1,-99,-0.099
24,"xotask","average","average",1.003,-1,0,-99,-0.099
24,"xotask","average","average",1.352,-1,1,-99,-0.099
24,"xotask","average","average",1.335,-1,1,-99,-0.099
24,"xotask","average","average",1.119,-1,1,-99,-0.099
24,"xotask","average","average",0.585,1,1,-99,-0.099
24,"xotask","average","average",0.885,1,1,-99,-0.099
24,"xotask","average","average",1.085,-1,1,-99,-0.099
24,"xotask","average","average",1.036,-1,1,-99,-0.099
24,"xotask","average","average",0.686,-1,1,-99,-0.099
24,"xotask","average","average",0.735,-1,1,-99,-0.099
24,"xotask","average","average",0.835,1,1,-99,-0.099
24,"xotask","average","average",0.601,-1,1,-99,-0.099
24,"xotask","average","average",1.219,-1,0,-99,-0.099
24,"xotask","average","average",0.701,-1,1,-99,-0.099
24,"xotask","average","average",0.468,1,1,-99,-0.099
24,"xotask","average","average",1.069,-1,0,-99,-0.099
24,"xotask","average","average",0.918,-1,1,-99,-0.099
24,"xotask","average","average",0.919,1,1,-99,-0.099
24,"xotask","average","average",1.886,-1,0,-99,-0.099
24,"xotask","average","average",2.704,-1,1,-99,-0.099
24,"xotask","average","average",1.002,-1,1,-99,-0.099
24,"xotask","average","average",0.685,-1,1,-99,-0.099
24,"xotask","average","average",0.952,1,0,-99,-0.099
24,"xotask","average","average",0.768,-1,1,-99,-0.099
24,"xotask","average","average",1.069,1,1,-99,-0.099
24,"xotask","average","average",0.919,1,1,-99,-0.099
24,"xotask","average","average",1.085,-1,1,-99,-0.099
24,"xotask","average","average",1.002,-1,1,-99,-0.099
24,"xotask","average","average",0.801,-1,1,-99,-0.099
24,"xotask","average","average",0.585,1,1,-99,-0.099
24,"xotask","average","average",0.602,1,1,-99,-0.099
24,"xotask","average","average",0.719,-1,0,-99,-0.099
24,"xotask","average","average",0.934,-1,0,-99,-0.099
24,"xotask","average","average",1.118,-1,1,-99,-0.099
24,"xotask","average","average",0.752,1,1,-99,-0.099
24,"xotask","average","average",0.936,-1,1,-99,-0.099
24,"xotask","average","average",0.885,-1,1,-99,-0.099
24,"xotask","average","average",1.586,-1,0,-99,-0.099
24,"xotask","average","average",0.718,1,1,-99,-0.099
24,"xotask","average","average",0.918,1,1,-99,-0.099
24,"xotask","average","average",1.502,1,1,-99,-0.099
24,"xotask","average","average",1.335,-1,1,-99,-0.099
24,"xotask","average","average",1.085,-1,1,-99,-0.099
24,"xotask","average","average",1.002,1,0,-99,-0.099
24,"xotask","average","average",1.069,-1,0,-99,-0.099
24,"xotask","average","average",0.801,-1,1,-99,-0.099
24,"xotask","average","average",1.235,-1,1,-99,-0.099
24,"xotask","average","average",0.985,1,0,-99,-0.099
24,"xotask","average","average",0.768,-1,1,-99,-0.099
24,"xotask","average","average",0.634,1,1,-99,-0.099
24,"xotask","average","average",1.169,-1,0,-99,-0.099
24,"xotask","average","average",1.186,-1,0,-99,-0.099
24,"xotask","average","average",0.801,-1,1,-99,-0.099
24,"xotask","average","average",0.769,-1,1,-99,-0.099
24,"xotask","average","average",0.869,1,1,-99,-0.099
24,"xotask","average","average",1.118,1,1,-99,-0.099
24,"xotask","average","average",1.152,1,0,-99,-0.099
24,"xotask","average","average",0.719,1,1,-99,-0.099
24,"xotask","average","average",1.619,-1,1,-99,-0.099
24,"xotask","average","average",0.668,1,1,-99,-0.099
24,"xotask","average","average",1.303,-1,0,-99,-0.099
24,"xotask","average","average",1.002,1,1,-99,-0.099
24,"xotask","average","average",0.735,1,1,-99,-0.099
24,"xotask","average","average",0.619,-1,1,-99,-0.099
24,"xotask","average","average",1.318,1,1,-99,-0.099
24,"xotask","average","average",0.651,1,1,-99,-0.099
24,"xotask","average","average",0.969,-1,1,-99,-0.099
24,"xotask","average","average",0.668,1,0,-99,-0.099
24,"xotask","average","average",1.035,1,1,-99,-0.099
24,"xotask","average","average",1.302,1,0,-99,-0.099
24,"xotask","average","average",1.001,1,1,-99,-0.099
24,"xotask","average","average",9.392,1,1,-99,-0.099
24,"xotask","average","average",1.086,-1,1,-99,-0.099
24,"xotask","average","average",0.735,-1,1,-99,-0.099
24,"xotask","average","average",0.784,1,1,-99,-0.099
24,"xotask","average","average",0.735,-1,1,-99,-0.099
24,"xotask","average","average",0.818,-1,1,-99,-0.099
24,"xotask","average","average",0.768,1,0,-99,-0.099
24,"xotask","average","average",2.169,-1,0,-99,-0.099
24,"xotask","average","average",0.852,1,0,-99,-0.099
24,"xotask","average","average",0.652,1,1,-99,-0.099
24,"xotask","average","average",1.452,1,0,-99,-0.099
24,"xotask","average","average",1.236,1,1,-99,-0.099
24,"xotask","average","average",0.651,1,0,-99,-0.099
24,"xotask","average","average",0.518,1,1,-99,-0.099
24,"xotask","average","average",0.936,-1,1,-99,-0.099
24,"xotask","average","average",0.568,1,0,-99,-0.099
24,"xotask","average","average",0.852,-1,0,-99,-0.099
24,"xotask","average","average",0.652,1,1,-99,-0.099
24,"xotask","average","average",0.985,1,0,-99,-0.099
24,"xotask","average","average",1.101,-1,1,-99,-0.099
24,"xotask","average","average",1.019,-1,1,-99,-0.099
24,"xotask","average","average",1.286,1,0,-99,-0.099
24,"xotask","average","average",0.668,1,1,-99,-0.099
24,"xotask","average","average",0.686,-1,0,-99,-0.099
24,"xotask","average","average",1.885,-1,1,-99,-0.099
24,"xotask","average","average",0.683,1,1,-99,-0.099
24,"xotask","average","average",0.602,1,1,-99,-0.099
24,"xotask","average","average",0.851,-1,1,-99,-0.099
24,"xotask","average","average",0.784,1,1,-99,-0.099
24,"xotask","average","average",0.835,1,0,-99,-0.099
24,"xotask","average","average",0.651,1,1,-99,-0.099
24,"xotask","average","average",0.585,1,1,-99,-0.099
24,"xotask","average","average",0.735,-1,0,-99,-0.099
24,"xotask","average","average",0.767,-1,1,-99,-0.099
24,"xotask","average","average",0.718,-1,1,-99,-0.099
24,"dotcolour","hard","hard",1.686,-1,0,-99,-0.099
24,"dotcolour","hard","hard",0.618,1,1,-99,-0.099
24,"dotcolour","hard","hard",0.885,-1,0,-99,-0.099
24,"dotcolour","hard","hard",0.869,1,1,-99,-0.099
24,"dotcolour","hard","hard",0.951,-1,0,-99,-0.099
24,"dotcolour","hard","hard",0.818,-1,0,-99,-0.099
24,"dotcolour","hard","hard",0.985,-1,1,-99,-0.099
24,"dotcolour","hard","hard",1.034,-1,0,-99,-0.099
24,"dotcolour","hard","hard",1.27,-1,1,-99,-0.099
24,"dotcolour","hard","hard",0.852,-1,1,-99,-0.099
24,"dotcolour","hard","hard",0.802,-1,0,-99,-0.099
24,"dotcolour","hard","hard",0.735,1,0,-99,-0.099
24,"dotcolour","hard","hard",1.085,-1,0,-99,-0.099
24,"dotcolour","hard","hard",1.335,-1,1,-99,-0.099
24,"dotcolour","hard","hard",1.086,1,0,-99,-0.099
24,"dotcolour","hard","hard",0.635,-1,1,-99,-0.099
24,"dotcolour","hard","hard",0.668,-1,0,-99,-0.099
24,"dotcolour","hard","hard",0.751,1,1,-99,-0.099
24,"dotcolour","hard","hard",1.136,1,1,-99,-0.099
24,"dotcolour","hard","hard",0.568,-1,1,-99,-0.099
24,"dotcolour","hard","hard",0.952,-1,1,-99,-0.099
24,"dotcolour","hard","hard",0.751,-1,1,-99,-0.099
24,"dotcolour","hard","hard",0.768,-1,1,-99,-0.099
24,"dotcolour","hard","hard",0.669,-1,1,-99,-0.099
24,"dotcolour","hard","hard",0.902,-1,0,-99,-0.099
24,"dotcolour","hard","hard",2.087,-1,0,-99,-0.099
24,"dotcolour","hard","hard",1.319,1,1,-99,-0.099
24,"dotcolour","hard","hard",0.752,1,0,-99,-0.099
24,"dotcolour","hard","hard",0.802,-1,0,-99,-0.099
24,"dotcolour","hard","hard",0.802,1,0,-99,-0.099
24,"dotcolour","hard","hard",0.735,-1,1,-99,-0.099
24,"dotcolour","hard","hard",1.152,1,1,-99,-0.099
24,"dotcolour","hard","hard",0.668,-1,0,-99,-0.099
24,"dotcolour","hard","hard",0.868,1,0,-99,-0.099
24,"dotcolour","hard","hard",0.501,-1,1,-99,-0.099
24,"dotcolour","hard","hard",0.784,-1,1,-99,-0.099
24,"dotcolour","hard","hard",0.919,1,0,-99,-0.099
24,"dotcolour","hard","hard",1.002,-1,0,-99,-0.099
24,"dotcolour","hard","hard",0.769,1,1,-99,-0.099
24,"dotcolour","hard","hard",0.602,-1,1,-99,-0.099
24,"dotcolour","hard","hard",0.635,-1,1,-99,-0.099
24,"dotcolour","hard","hard",0.619,1,0,-99,-0.099
24,"dotcolour","hard","hard",0.985,-1,0,-99,-0.099
24,"dotcolour","hard","hard",0.552,1,1,-99,-0.099
24,"dotcolour","hard","hard",0.702,-1,1,-99,-0.099
24,"dotcolour","hard","hard",0.803,1,0,-99,-0.099
24,"dotcolour","hard","hard",0.634,-1,0,-99,-0.099
24,"dotcolour","hard","hard",0.618,1,1,-99,-0.099
24,"dotcolour","hard","hard",0.767,1,1,-99,-0.099
24,"dotcolour","hard","hard",0.851,-1,0,-99,-0.099
24,"dotcolour","hard","hard",1.419,-1,0,-99,-0.099
24,"dotcolour","hard","hard",0.951,1,1,-99,-0.099
24,"dotcolour","hard","hard",1.051,-1,1,-99,-0.099
24,"dotcolour","hard","hard",0.585,1,0,-99,-0.099
24,"dotcolour","hard","hard",0.686,-1,0,-99,-0.099
24,"dotcolour","hard","hard",0.602,-1,0,-99,-0.099
24,"dotcolour","hard","hard",0.851,-1,1,-99,-0.099
24,"dotcolour","hard","hard",1.086,1,0,-99,-0.099
24,"dotcolour","hard","hard",0.601,-1,0,-99,-0.099
24,"dotcolour","hard","hard",1.068,-1,1,-99,-0.099
24,"dotcolour","hard","hard",0.935,-1,0,-99,-0.099
24,"dotcolour","hard","hard",0.735,1,1,-99,-0.099
24,"dotcolour","hard","hard",1.086,-1,1,-99,-0.099
24,"dotcolour","hard","hard",1.036,-1,1,-99,-0.099
24,"dotcolour","hard","hard",0.751,1,1,-99,-0.099
24,"dotcolour","hard","hard",0.602,-1,0,-99,-0.099
24,"dotcolour","hard","hard",0.719,-1,1,-99,-0.099
24,"dotcolour","hard","hard",1.001,-1,0,-99,-0.099
24,"dotcolour","hard","hard",0.818,-1,1,-99,-0.099
24,"dotcolour","hard","hard",0.851,-1,1,-99,-0.099
24,"dotcolour","hard","hard",0.535,1,0,-99,-0.099
24,"dotcolour","hard","hard",0.735,-1,1,-99,-0.099
24,"dotcolour","hard","hard",1.219,-1,0,-99,-0.099
24,"dotcolour","hard","hard",0.919,-1,1,-99,-0.099
24,"dotcolour","hard","hard",0.734,-1,1,-99,-0.099
24,"dotcolour","hard","hard",0.802,-1,1,-99,-0.099
24,"dotcolour","hard","hard",0.902,1,0,-99,-0.099
24,"dotcolour","hard","hard",0.702,-1,1,-99,-0.099
24,"dotcolour","hard","hard",0.25,1,1,-99,-0.099
24,"dotcolour","hard","hard",0.267,-1,0,-99,-0.099
24,"dotcolour","hard","hard",0.618,-1,1,-99,-0.099
24,"dotcolour","hard","hard",1.069,1,0,-99,-0.099
24,"dotcolour","hard","hard",0.535,-1,0,-99,-0.099
24,"dotcolour","hard","hard",0.718,1,1,-99,-0.099
24,"dotcolour","hard","hard",0.434,-1,1,-99,-0.099
24,"dotcolour","hard","hard",0.552,-1,1,-99,-0.099
24,"dotcolour","hard","hard",0.685,-1,0,-99,-0.099
24,"dotcolour","hard","hard",0.601,-1,1,-99,-0.099
24,"dotcolour","hard","hard",0.718,1,1,-99,-0.099
24,"dotcolour","hard","hard",0.785,-1,1,-99,-0.099
24,"dotcolour","hard","hard",0.653,-1,0,-99,-0.099
24,"dotcolour","hard","hard",0.718,1,1,-99,-0.099
24,"dotcolour","hard","hard",0.686,1,1,-99,-0.099
24,"dotcolour","hard","hard",0.752,1,0,-99,-0.099
24,"dotcolour","hard","hard",0.602,-1,0,-99,-0.099
24,"dotcolour","hard","hard",0.803,1,1,-99,-0.099
24,"dotcolour","hard","hard",0.769,1,0,-99,-0.099
24,"dotcolour","hard","hard",1.052,-1,0,-99,-0.099
24,"dotcolour","hard","hard",0.602,-1,0,-99,-0.099
24,"dotcolour","hard","hard",0.634,1,1,-99,-0.099
24,"dotcolour","hard","hard",0.919,-1,0,-99,-0.099
24,"dotcolour","hard","hard",0.552,1,1,-99,-0.099
24,"dotcolour","hard","hard",0.985,-1,0,-99,-0.099
24,"dotcolour","hard","hard",1.085,-1,0,-99,-0.099
24,"dotcolour","hard","hard",0.718,-1,1,-99,-0.099
24,"dotcolour","hard","hard",0.568,-1,1,-99,-0.099
24,"dotcolour","hard","hard",0.786,1,0,-99,-0.099
24,"dotcolour","hard","hard",0.734,1,0,-99,-0.099
24,"dotcolour","hard","hard",0.719,-1,1,-99,-0.099
24,"dotcolour","hard","hard",0.552,-1,1,-99,-0.099
24,"dotcolour","hard","hard",0.885,1,0,-99,-0.099
24,"dotcolour","hard","hard",0.786,-1,1,-99,-0.099
24,"dotcolour","hard","hard",0.851,1,1,-99,-0.099
24,"dotcolour","hard","hard",0.618,1,1,-99,-0.099
24,"dotcolour","hard","hard",0.969,1,1,-99,-0.099
24,"dotcolour","hard","hard",1.119,-1,1,-99,-0.099
24,"dotcolour","hard","hard",0.768,-1,1,-99,-0.099
24,"dotcolour","hard","hard",0.752,1,1,-99,-0.099
24,"dotcolour","hard","hard",1.352,-1,1,-99,-0.099
24,"dotcolour","hard","hard",0.752,1,1,-99,-0.099
24,"dotnumber","easy","easy",1.903,-1,1,-99,-0.099
24,"dotnumber","easy","easy",0.585,1,1,-99,-0.099
24,"dotnumber","easy","easy",0.602,1,1,-99,-0.099
24,"dotnumber","easy","easy",0.918,-1,0,-99,-0.099
24,"dotnumber","easy","easy",0.468,-1,1,-99,-0.099
24,"dotnumber","easy","easy",0.435,1,1,-99,-0.099
24,"dotnumber","easy","easy",0.485,-1,1,-99,-0.099
24,"dotnumber","easy","easy",0.552,-1,0,-99,-0.099
24,"dotnumber","easy","easy",0.568,-1,1,-99,-0.099
24,"dotnumber","easy","easy",0.467,1,1,-99,-0.099
24,"dotnumber","easy","easy",0.435,-1,1,-99,-0.099
24,"dotnumber","easy","easy",0.468,-1,1,-99,-0.099
24,"dotnumber","easy","easy",0.535,-1,1,-99,-0.099
24,"dotnumber","easy","easy",0.469,1,1,-99,-0.099
24,"dotnumber","easy","easy",0.535,-1,1,-99,-0.099
24,"dotnumber","easy","easy",0.434,-1,1,-99,-0.099
24,"dotnumber","easy","easy",0.451,1,1,-99,-0.099
24,"dotnumber","easy","easy",0.417,-1,1,-99,-0.099
24,"dotnumber","easy","easy",0.385,1,1,-99,-0.099
24,"dotnumber","easy","easy",0.452,1,1,-99,-0.099
24,"dotnumber","easy","easy",0.518,-1,1,-99,-0.099
24,"dotnumber","easy","easy",0.403,1,1,-99,-0.099
24,"dotnumber","easy","easy",0.551,-1,1,-99,-0.099
24,"dotnumber","easy","easy",0.402,-1,0,-99,-0.099
24,"dotnumber","easy","easy",0.452,1,1,-99,-0.099
24,"dotnumber","easy","easy",0.451,-1,1,-99,-0.099
24,"dotnumber","easy","easy",0.418,1,1,-99,-0.099
24,"dotnumber","easy","easy",0.535,-1,1,-99,-0.099
24,"dotnumber","easy","easy",0.384,-1,1,-99,-0.099
24,"dotnumber","easy","easy",0.351,1,1,-99,-0.099
24,"dotnumber","easy","easy",0.401,1,1,-99,-0.099
24,"dotnumber","easy","easy",0.451,-1,1,-99,-0.099
24,"dotnumber","easy","easy",0.368,1,1,-99,-0.099
24,"dotnumber","easy","easy",0.385,-1,1,-99,-0.099
24,"dotnumber","easy","easy",0.435,1,1,-99,-0.099
24,"dotnumber","easy","easy",0.635,1,1,-99,-0.099
24,"dotnumber","easy","easy",0.385,1,1,-99,-0.099
24,"dotnumber","easy","easy",0.384,1,1,-99,-0.099
24,"dotnumber","easy","easy",0.502,-1,1,-99,-0.099
24,"dotnumber","easy","easy",0.485,1,1,-99,-0.099
24,"dotnumber","easy","easy",0.369,-1,1,-99,-0.099
24,"dotnumber","easy","easy",0.434,-1,1,-99,-0.099
24,"dotnumber","easy","easy",0.435,-1,1,-99,-0.099
24,"dotnumber","easy","easy",0.469,-1,1,-99,-0.099
24,"dotnumber","easy","easy",0.451,1,1,-99,-0.099
24,"dotnumber","easy","easy",0.501,1,1,-99,-0.099
24,"dotnumber","easy","easy",0.451,-1,1,-99,-0.099
24,"dotnumber","easy","easy",0.401,-1,1,-99,-0.099
24,"dotnumber","easy","easy",0.585,-1,1,-99,-0.099
24,"dotnumber","easy","easy",0.384,-1,1,-99,-0.099
24,"dotnumber","easy","easy",0.384,1,1,-99,-0.099
24,"dotnumber","easy","easy",0.635,1,1,-99,-0.099
24,"dotnumber","easy","easy",0.501,-1,1,-99,-0.099
24,"dotnumber","easy","easy",0.452,1,1,-99,-0.099
24,"dotnumber","easy","easy",0.401,1,1,-99,-0.099
24,"dotnumber","easy","easy",0.351,1,1,-99,-0.099
24,"dotnumber","easy","easy",0.368,-1,1,-99,-0.099
24,"dotnumber","easy","easy",0.485,1,1,-99,-0.099
24,"dotnumber","easy","easy",0.584,-1,1,-99,-0.099
24,"dotnumber","easy","easy",0.351,1,1,-99,-0.099
24,"dotnumber","easy","easy",0.435,-1,1,-99,-0.099
24,"dotnumber","easy","easy",0.352,1,1,-99,-0.099
24,"dotnumber","easy","easy",0.385,1,1,-99,-0.099
24,"dotnumber","easy","easy",0.501,-1,1,-99,-0.099
24,"dotnumber","easy","easy",0.368,1,1,-99,-0.099
24,"dotnumber","easy","easy",0.484,-1,1,-99,-0.099
24,"dotnumber","easy","easy",0.35,1,1,-99,-0.099
24,"dotnumber","easy","easy",0.418,-1,1,-99,-0.099
24,"dotnumber","easy","easy",0.419,-1,1,-99,-0.099
24,"dotnumber","easy","easy",0.467,1,1,-99,-0.099
24,"dotnumber","easy","easy",0.303,-1,1,-99,-0.099
24,"dotnumber","easy","easy",0.518,-1,1,-99,-0.099
24,"dotnumber","easy","easy",0.735,1,0,-99,-0.099
24,"dotnumber","easy","easy",0.467,1,1,-99,-0.099
24,"dotnumber","easy","easy",0.401,-1,1,-99,-0.099
24,"dotnumber","easy","easy",0.351,-1,0,-99,-0.099
24,"dotnumber","easy","easy",0.468,-1,0,-99,-0.099
24,"dotnumber","easy","easy",0.552,-1,1,-99,-0.099
24,"dotnumber","easy","easy",0.417,1,1,-99,-0.099
24,"dotnumber","easy","easy",0.418,1,1,-99,-0.099
24,"dotnumber","easy","easy",0.368,-1,1,-99,-0.099
24,"dotnumber","easy","easy",0.418,-1,1,-99,-0.099
24,"dotnumber","easy","easy",0.301,1,1,-99,-0.099
24,"dotnumber","easy","easy",0.386,1,1,-99,-0.099
24,"dotnumber","easy","easy",0.518,-1,1,-99,-0.099
24,"dotnumber","easy","easy",0.402,-1,0,-99,-0.099
24,"dotnumber","easy","easy",0.334,1,1,-99,-0.099
24,"dotnumber","easy","easy",0.469,-1,1,-99,-0.099
24,"dotnumber","easy","easy",0.351,-1,1,-99,-0.099
24,"dotnumber","easy","easy",0.368,1,1,-99,-0.099
24,"dotnumber","easy","easy",0.434,1,1,-99,-0.099
24,"dotnumber","easy","easy",0.552,-1,1,-99,-0.099
24,"dotnumber","easy","easy",0.484,-1,1,-99,-0.099
24,"dotnumber","easy","easy",0.485,1,1,-99,-0.099
24,"dotnumber","easy","easy",0.368,-1,1,-99,-0.099
24,"dotnumber","easy","easy",0.484,-1,1,-99,-0.099
24,"dotnumber","easy","easy",0.635,-1,1,-99,-0.099
24,"dotnumber","easy","easy",0.368,1,1,-99,-0.099
24,"dotnumber","easy","easy",0.418,1,1,-99,-0.099
24,"dotnumber","easy","easy",0.334,1,0,-99,-0.099
24,"dotnumber","easy","easy",0.452,1,1,-99,-0.099
24,"dotnumber","easy","easy",0.401,1,1,-99,-0.099
24,"dotnumber","easy","easy",0.418,-1,1,-99,-0.099
24,"dotnumber","easy","easy",0.435,1,1,-99,-0.099
24,"dotnumber","easy","easy",0.351,1,1,-99,-0.099
24,"dotnumber","easy","easy",0.351,1,1,-99,-0.099
24,"dotnumber","easy","easy",0.368,1,1,-99,-0.099
24,"dotnumber","easy","easy",0.402,1,1,-99,-0.099
24,"dotnumber","easy","easy",0.552,-1,1,-99,-0.099
24,"dotnumber","easy","easy",0.551,1,1,-99,-0.099
24,"dotnumber","easy","easy",0.619,-1,1,-99,-0.099
24,"dotnumber","easy","easy",0.367,-1,1,-99,-0.099
24,"dotnumber","easy","easy",0.401,-1,1,-99,-0.099
24,"dotnumber","easy","easy",0.434,-1,1,-99,-0.099
24,"dotnumber","easy","easy",0.435,-1,1,-99,-0.099
24,"dotnumber","easy","easy",0.602,1,1,-99,-0.099
24,"dotnumber","easy","easy",0.335,-1,1,-99,-0.099
24,"dotnumber","easy","easy",0.484,-1,1,-99,-0.099
24,"dotnumber","easy","easy",0.468,-1,1,-99,-0.099
24,"dotnumber","easy","easy",0.351,-1,0,-99,-0.099
25,"dotcolour","hard","hard",1.736,1,1,-99,-0.099
25,"dotcolour","hard","hard",0.968,-1,0,-99,-0.099
25,"dotcolour","hard","hard",0.735,-1,1,-99,-0.099
25,"dotcolour","hard","hard",1.403,1,1,-99,-0.099
25,"dotcolour","hard","hard",0.602,1,1,-99,-0.099
25,"dotcolour","hard","hard",0.585,-1,1,-99,-0.099
25,"dotcolour","hard","hard",0.535,-1,1,-99,-0.099
25,"dotcolour","hard","hard",0.553,1,0,-99,-0.099
25,"dotcolour","hard","hard",0.668,1,0,-99,-0.099
25,"dotcolour","hard","hard",0.485,-1,1,-99,-0.099
25,"dotcolour","hard","hard",0.518,1,1,-99,-0.099
25,"dotcolour","hard","hard",0.82,1,1,-99,-0.099
25,"dotcolour","hard","hard",0.435,-1,1,-99,-0.099
25,"dotcolour","hard","hard",0.501,1,1,-99,-0.099
25,"dotcolour","hard","hard",0.718,-1,1,-99,-0.099
25,"dotcolour","hard","hard",0.568,1,1,-99,-0.099
25,"dotcolour","hard","hard",0.601,-1,1,-99,-0.099
25,"dotcolour","hard","hard",0.501,1,1,-99,-0.099
25,"dotcolour","hard","hard",0.668,1,1,-99,-0.099
25,"dotcolour","hard","hard",0.502,-1,1,-99,-0.099
25,"dotcolour","hard","hard",0.852,-1,0,-99,-0.099
25,"dotcolour","hard","hard",0.768,-1,1,-99,-0.099
25,"dotcolour","hard","hard",0.535,1,1,-99,-0.099
25,"dotcolour","hard","hard",0.801,1,0,-99,-0.099
25,"dotcolour","hard","hard",1.103,-1,1,-99,-0.099
25,"dotcolour","hard","hard",1.036,1,0,-99,-0.099
25,"dotcolour","hard","hard",0.902,1,1,-99,-0.099
25,"dotcolour","hard","hard",0.701,1,0,-99,-0.099
25,"dotcolour","hard","hard",0.668,1,1,-99,-0.099
25,"dotcolour","hard","hard",0.701,1,0,-99,-0.099
25,"dotcolour","hard","hard",0.701,1,1,-99,-0.099
25,"dotcolour","hard","hard",0.634,1,1,-99,-0.099
25,"dotcolour","hard","hard",0.536,-1,1,-99,-0.099
25,"dotcolour","hard","hard",0.836,-1,1,-99,-0.099
25,"dotcolour","hard","hard",0.451,1,1,-99,-0.099
25,"dotcolour","hard","hard",0.668,1,0,-99,-0.099
25,"dotcolour","hard","hard",1.302,-1,0,-99,-0.099
25,"dotcolour","hard","hard",0.736,1,0,-99,-0.099
25,"dotcolour","hard","hard",0.601,1,0,-99,-0.099
25,"dotcolour","hard","hard",0.802,-1,0,-99,-0.099
25,"dotcolour","hard","hard",0.518,1,0,-99,-0.099
25,"dotcolour","hard","hard",0.702,1,1,-99,-0.099
25,"dotcolour","hard","hard",0.618,1,1,-99,-0.099
25,"dotcolour","hard","hard",0.619,1,0,-99,-0.099
25,"dotcolour","hard","hard",0.551,1,1,-99,-0.099
25,"dotcolour","hard","hard",0.935,-1,1,-99,-0.099
25,"dotcolour","hard","hard",0.635,1,1,-99,-0.099
25,"dotcolour","hard","hard",0.567,1,1,-99,-0.099
25,"dotcolour","hard","hard",0.852,1,1,-99,-0.099
25,"dotcolour","hard","hard",0.603,1,1,-99,-0.099
25,"dotcolour","hard","hard",0.669,1,1,-99,-0.099
25,"dotcolour","hard","hard",0.735,1,1,-99,-0.099
25,"dotcolour","hard","hard",0.703,1,0,-99,-0.099
25,"dotcolour","hard","hard",1.036,1,1,-99,-0.099
25,"dotcolour","hard","hard",0.585,1,0,-99,-0.099
25,"dotcolour","hard","hard",0.652,1,0,-99,-0.099
25,"dotcolour","hard","hard",0.602,1,1,-99,-0.099
25,"dotcolour","hard","hard",0.552,1,0,-99,-0.099
25,"dotcolour","hard","hard",0.935,-1,1,-99,-0.099
25,"dotcolour","hard","hard",0.885,1,1,-99,-0.099
25,"dotcolour","hard","hard",0.651,1,0,-99,-0.099
25,"dotcolour","hard","hard",0.618,1,1,-99,-0.099
25,"dotcolour","hard","hard",0.802,-1,1,-99,-0.099
25,"dotcolour","hard","hard",1.301,-1,1,-99,-0.099
25,"dotcolour","hard","hard",0.718,1,0,-99,-0.099
25,"dotcolour","hard","hard",0.935,-1,1,-99,-0.099
25,"dotcolour","hard","hard",0.686,1,1,-99,-0.099
25,"dotcolour","hard","hard",0.568,1,1,-99,-0.099
25,"dotcolour","hard","hard",1.003,-1,1,-99,-0.099
25,"dotcolour","hard","hard",0.702,1,1,-99,-0.099
25,"dotcolour","hard","hard",0.801,1,1,-99,-0.099
25,"dotcolour","hard","hard",0.818,-1,1,-99,-0.099
25,"dotcolour","hard","hard",0.819,-1,1,-99,-0.099
25,"dotcolour","hard","hard",0.784,-1,1,-99,-0.099
25,"dotcolour","hard","hard",0.836,-1,1,-99,-0.099
25,"dotcolour","hard","hard",0.635,1,1,-99,-0.099
25,"dotcolour","hard","hard",0.635,1,1,-99,-0.099
25,"dotcolour","hard","hard",0.751,-1,0,-99,-0.099
25,"dotcolour","hard","hard",0.636,1,1,-99,-0.099
25,"dotcolour","hard","hard",0.619,1,1,-99,-0.099
25,"dotcolour","hard","hard",0.752,-1,1,-99,-0.099
25,"dotcolour","hard","hard",0.852,-1,1,-99,-0.099
25,"dotcolour","hard","hard",0.768,1,0,-99,-0.099
25,"dotcolour","hard","hard",1.353,-1,0,-99,-0.099
25,"dotcolour","hard","hard",0.918,-1,1,-99,-0.099
25,"dotcolour","hard","hard",0.835,1,1,-99,-0.099
25,"dotcolour","hard","hard",1.119,-1,0,-99,-0.099
25,"dotcolour","hard","hard",0.685,1,1,-99,-0.099
25,"dotcolour","hard","hard",0.651,-1,0,-99,-0.099
25,"dotcolour","hard","hard",0.768,1,1,-99,-0.099
25,"dotcolour","hard","hard",0.868,1,0,-99,-0.099
25,"dotcolour","hard","hard",0.768,-1,1,-99,-0.099
25,"dotcolour","hard","hard",0.619,1,1,-99,-0.099
25,"dotcolour","hard","hard",0.551,-1,1,-99,-0.099
25,"dotcolour","hard","hard",0.601,1,0,-99,-0.099
25,"dotcolour","hard","hard",0.969,-1,1,-99,-0.099
25,"dotcolour","hard","hard",0.82,-1,1,-99,-0.099
25,"dotcolour","hard","hard",1.135,1,1,-99,-0.099
25,"dotcolour","hard","hard",0.935,-1,0,-99,-0.099
25,"dotcolour","hard","hard",0.936,1,0,-99,-0.099
25,"dotcolour","hard","hard",0.686,1,1,-99,-0.099
25,"dotcolour","hard","hard",0.601,-1,1,-99,-0.099
25,"dotcolour","hard","hard",0.586,-1,0,-99,-0.099
25,"dotcolour","hard","hard",0.652,1,0,-99,-0.099
25,"dotcolour","hard","hard",0.552,1,0,-99,-0.099
25,"dotcolour","hard","hard",0.584,-1,0,-99,-0.099
25,"dotcolour","hard","hard",0.501,-1,1,-99,-0.099
25,"dotcolour","hard","hard",0.568,1,0,-99,-0.099
25,"dotcolour","hard","hard",0.868,1,1,-99,-0.099
25,"dotcolour","hard","hard",0.552,-1,1,-99,-0.099
25,"dotcolour","hard","hard",0.551,1,1,-99,-0.099
25,"dotcolour","hard","hard",0.669,1,1,-99,-0.099
25,"dotcolour","hard","hard",0.584,-1,1,-99,-0.099
25,"dotcolour","hard","hard",0.686,-1,0,-99,-0.099
25,"dotcolour","hard","hard",0.469,-1,0,-99,-0.099
25,"dotcolour","hard","hard",0.602,1,0,-99,-0.099
25,"dotcolour","hard","hard",0.952,-1,1,-99,-0.099
25,"dotcolour","hard","hard",1.203,-1,1,-99,-0.099
25,"dotcolour","hard","hard",0.652,1,1,-99,-0.099
25,"dotcolour","hard","hard",0.803,1,1,-99,-0.099
25,"dotnumber","easy","easy",0.652,1,1,-99,-0.099
25,"dotnumber","easy","easy",0.569,-1,1,-99,-0.099
25,"dotnumber","easy","easy",0.502,-1,1,-99,-0.099
25,"dotnumber","easy","easy",0.618,1,1,-99,-0.099
25,"dotnumber","easy","easy",0.819,-1,0,-99,-0.099
25,"dotnumber","easy","easy",0.586,-1,1,-99,-0.099
25,"dotnumber","easy","easy",0.485,-1,1,-99,-0.099
25,"dotnumber","easy","easy",0.552,1,1,-99,-0.099
25,"dotnumber","easy","easy",0.484,-1,1,-99,-0.099
25,"dotnumber","easy","easy",0.601,-1,1,-99,-0.099
25,"dotnumber","easy","easy",0.434,1,1,-99,-0.099
25,"dotnumber","easy","easy",0.751,-1,0,-99,-0.099
25,"dotnumber","easy","easy",0.586,-1,1,-99,-0.099
25,"dotnumber","easy","easy",0.536,-1,1,-99,-0.099
25,"dotnumber","easy","easy",0.568,1,1,-99,-0.099
25,"dotnumber","easy","easy",0.669,-1,0,-99,-0.099
25,"dotnumber","easy","easy",0.501,-1,1,-99,-0.099
25,"dotnumber","easy","easy",0.668,-1,0,-99,-0.099
25,"dotnumber","easy","easy",0.502,1,1,-99,-0.099
25,"dotnumber","easy","easy",0.451,-1,1,-99,-0.099
25,"dotnumber","easy","easy",0.601,-1,0,-99,-0.099
25,"dotnumber","easy","easy",1.186,-1,0,-99,-0.099
25,"dotnumber","easy","easy",0.435,-1,1,-99,-0.099
25,"dotnumber","easy","easy",0.469,-1,1,-99,-0.099
25,"dotnumber","easy","easy",0.752,-1,0,-99,-0.099
25,"dotnumber","easy","easy",0.485,-1,0,-99,-0.099
25,"dotnumber","easy","easy",0.417,-1,1,-99,-0.099
25,"dotnumber","easy","easy",0.367,-1,1,-99,-0.099
25,"dotnumber","easy","easy",0.502,1,1,-99,-0.099
25,"dotnumber","easy","easy",0.552,1,1,-99,-0.099
25,"dotnumber","easy","easy",0.536,1,1,-99,-0.099
25,"dotnumber","easy","easy",0.535,1,1,-99,-0.099
25,"dotnumber","easy","easy",0.401,-1,1,-99,-0.099
25,"dotnumber","easy","easy",0.435,-1,1,-99,-0.099
25,"dotnumber","easy","easy",0.485,1,1,-99,-0.099
25,"dotnumber","easy","easy",0.436,-1,1,-99,-0.099
25,"dotnumber","easy","easy",0.434,1,1,-99,-0.099
25,"dotnumber","easy","easy",0.402,-1,1,-99,-0.099
25,"dotnumber","easy","easy",0.418,1,1,-99,-0.099
25,"dotnumber","easy","easy",0.435,-1,1,-99,-0.099
25,"dotnumber","easy","easy",0.368,1,1,-99,-0.099
25,"dotnumber","easy","easy",0.418,-1,1,-99,-0.099
25,"dotnumber","easy","easy",0.518,-1,1,-99,-0.099
25,"dotnumber","easy","easy",0.502,-1,1,-99,-0.099
25,"dotnumber","easy","easy",0.501,1,1,-99,-0.099
25,"dotnumber","easy","easy",0.435,-1,1,-99,-0.099
25,"dotnumber","easy","easy",0.468,-1,1,-99,-0.099
25,"dotnumber","easy","easy",0.452,1,1,-99,-0.099
25,"dotnumber","easy","easy",0.518,-1,1,-99,-0.099
25,"dotnumber","easy","easy",0.401,1,1,-99,-0.099
25,"dotnumber","easy","easy",0.369,-1,1,-99,-0.099
25,"dotnumber","easy","easy",0.434,-1,1,-99,-0.099
25,"dotnumber","easy","easy",0.386,-1,1,-99,-0.099
25,"dotnumber","easy","easy",0.502,-1,1,-99,-0.099
25,"dotnumber","easy","easy",0.384,-1,1,-99,-0.099
25,"dotnumber","easy","easy",0.451,-1,1,-99,-0.099
25,"dotnumber","easy","easy",0.418,-1,1,-99,-0.099
25,"dotnumber","easy","easy",0.435,1,1,-99,-0.099
25,"dotnumber","easy","easy",0.369,-1,1,-99,-0.099
25,"dotnumber","easy","easy",0.418,-1,1,-99,-0.099
25,"dotnumber","easy","easy",0.686,-1,0,-99,-0.099
25,"dotnumber","easy","easy",0.452,1,1,-99,-0.099
25,"dotnumber","easy","easy",0.385,-1,0,-99,-0.099
25,"dotnumber","easy","easy",0.435,1,1,-99,-0.099
25,"dotnumber","easy","easy",0.635,-1,0,-99,-0.099
25,"dotnumber","easy","easy",0.635,1,1,-99,-0.099
25,"dotnumber","easy","easy",0.401,-1,1,-99,-0.099
25,"dotnumber","easy","easy",0.385,-1,1,-99,-0.099
25,"dotnumber","easy","easy",0.484,1,1,-99,-0.099
25,"dotnumber","easy","easy",0.585,1,1,-99,-0.099
25,"dotnumber","easy","easy",0.735,-1,0,-99,-0.099
25,"dotnumber","easy","easy",0.819,1,1,-99,-0.099
25,"dotnumber","easy","easy",0.519,-1,1,-99,-0.099
25,"dotnumber","easy","easy",0.451,-1,1,-99,-0.099
25,"dotnumber","easy","easy",0.418,-1,1,-99,-0.099
25,"dotnumber","easy","easy",0.418,-1,1,-99,-0.099
25,"dotnumber","easy","easy",0.352,-1,0,-99,-0.099
25,"dotnumber","easy","easy",0.435,-1,1,-99,-0.099
25,"dotnumber","easy","easy",0.552,1,1,-99,-0.099
25,"dotnumber","easy","easy",0.401,1,1,-99,-0.099
25,"dotnumber","easy","easy",0.469,1,1,-99,-0.099
25,"dotnumber","easy","easy",0.369,-1,1,-99,-0.099
25,"dotnumber","easy","easy",0.517,-1,1,-99,-0.099
25,"dotnumber","easy","easy",0.435,1,1,-99,-0.099
25,"dotnumber","easy","easy",0.652,-1,1,-99,-0.099
25,"dotnumber","easy","easy",0.385,1,1,-99,-0.099
25,"dotnumber","easy","easy",0.369,-1,1,-99,-0.099
25,"dotnumber","easy","easy",0.518,1,1,-99,-0.099
25,"dotnumber","easy","easy",0.484,1,1,-99,-0.099
25,"dotnumber","easy","easy",0.435,1,1,-99,-0.099
25,"dotnumber","easy","easy",0.501,-1,1,-99,-0.099
25,"dotnumber","easy","easy",0.468,1,1,-99,-0.099
25,"dotnumber","easy","easy",0.483,1,1,-99,-0.099
25,"dotnumber","easy","easy",0.452,-1,1,-99,-0.099
25,"dotnumber","easy","easy",0.436,-1,1,-99,-0.099
25,"dotnumber","easy","easy",0.535,1,1,-99,-0.099
25,"dotnumber","easy","easy",0.535,1,1,-99,-0.099
25,"dotnumber","easy","easy",0.5,1,1,-99,-0.099
25,"dotnumber","easy","easy",0.435,-1,1,-99,-0.099
25,"dotnumber","easy","easy",0.468,-1,1,-99,-0.099
25,"dotnumber","easy","easy",0.536,1,1,-99,-0.099
25,"dotnumber","easy","easy",0.385,-1,1,-99,-0.099
25,"dotnumber","easy","easy",0.651,-1,1,-99,-0.099
25,"dotnumber","easy","easy",0.501,1,1,-99,-0.099
25,"dotnumber","easy","easy",0.485,-1,0,-99,-0.099
25,"dotnumber","easy","easy",0.468,1,1,-99,-0.099
25,"dotnumber","easy","easy",0.501,-1,1,-99,-0.099
25,"dotnumber","easy","easy",0.551,-1,1,-99,-0.099
25,"dotnumber","easy","easy",0.467,1,1,-99,-0.099
25,"dotnumber","easy","easy",0.434,1,1,-99,-0.099
25,"dotnumber","easy","easy",0.501,-1,1,-99,-0.099
25,"dotnumber","easy","easy",0.435,-1,1,-99,-0.099
25,"dotnumber","easy","easy",0.418,1,1,-99,-0.099
25,"dotnumber","easy","easy",0.418,1,1,-99,-0.099
25,"dotnumber","easy","easy",0.469,-1,1,-99,-0.099
25,"dotnumber","easy","easy",0.485,1,1,-99,-0.099
25,"dotnumber","easy","easy",0.584,-1,1,-99,-0.099
25,"dotnumber","easy","easy",0.452,-1,1,-99,-0.099
25,"dotnumber","easy","easy",0.518,1,1,-99,-0.099
25,"dotnumber","easy","easy",0.418,-1,1,-99,-0.099
25,"xotask","average","average",3.12,-1,1,-99,-0.099
25,"xotask","average","average",0.92,1,1,-99,-0.099
25,"xotask","average","average",0.601,1,0,-99,-0.099
25,"xotask","average","average",0.519,-1,0,-99,-0.099
25,"xotask","average","average",0.501,-1,0,-99,-0.099
25,"xotask","average","average",0.568,-1,1,-99,-0.099
25,"xotask","average","average",0.551,1,1,-99,-0.099
25,"xotask","average","average",0.601,-1,1,-99,-0.099
25,"xotask","average","average",0.735,-1,0,-99,-0.099
25,"xotask","average","average",0.669,-1,1,-99,-0.099
25,"xotask","average","average",0.434,1,1,-99,-0.099
25,"xotask","average","average",0.634,1,0,-99,-0.099
25,"xotask","average","average",0.568,1,1,-99,-0.099
25,"xotask","average","average",0.585,1,1,-99,-0.099
25,"xotask","average","average",0.518,-1,1,-99,-0.099
25,"xotask","average","average",0.602,-1,1,-99,-0.099
25,"xotask","average","average",0.552,-1,0,-99,-0.099
25,"xotask","average","average",0.652,1,1,-99,-0.099
25,"xotask","average","average",0.702,-1,1,-99,-0.099
25,"xotask","average","average",0.535,1,1,-99,-0.099
25,"xotask","average","average",0.585,1,1,-99,-0.099
25,"xotask","average","average",0.634,-1,1,-99,-0.099
25,"xotask","average","average",0.701,-1,1,-99,-0.099
25,"xotask","average","average",0.402,1,0,-99,-0.099
25,"xotask","average","average",0.886,-1,1,-99,-0.099
25,"xotask","average","average",0.635,1,1,-99,-0.099
25,"xotask","average","average",0.619,1,1,-99,-0.099
25,"xotask","average","average",0.569,-1,1,-99,-0.099
25,"xotask","average","average",0.502,1,0,-99,-0.099
25,"xotask","average","average",0.619,1,1,-99,-0.099
25,"xotask","average","average",0.685,-1,1,-99,-0.099
25,"xotask","average","average",0.519,-1,1,-99,-0.099
25,"xotask","average","average",0.451,1,1,-99,-0.099
25,"xotask","average","average",0.551,1,1,-99,-0.099
25,"xotask","average","average",0.618,-1,1,-99,-0.099
25,"xotask","average","average",0.718,-1,1,-99,-0.099
25,"xotask","average","average",0.501,1,1,-99,-0.099
25,"xotask","average","average",0.485,1,1,-99,-0.099
25,"xotask","average","average",0.486,1,1,-99,-0.099
25,"xotask","average","average",0.535,1,1,-99,-0.099
25,"xotask","average","average",0.802,1,1,-99,-0.099
25,"xotask","average","average",0.652,-1,1,-99,-0.099
25,"xotask","average","average",0.701,-1,1,-99,-0.099
25,"xotask","average","average",0.535,1,1,-99,-0.099
25,"xotask","average","average",0.568,-1,1,-99,-0.099
25,"xotask","average","average",0.669,-1,1,-99,-0.099
25,"xotask","average","average",0.668,-1,1,-99,-0.099
25,"xotask","average","average",0.685,1,1,-99,-0.099
25,"xotask","average","average",0.919,1,1,-99,-0.099
25,"xotask","average","average",0.784,-1,1,-99,-0.099
25,"xotask","average","average",0.551,1,1,-99,-0.099
25,"xotask","average","average",0.502,-1,0,-99,-0.099
25,"xotask","average","average",0.702,1,1,-99,-0.099
25,"xotask","average","average",0.568,1,1,-99,-0.099
25,"xotask","average","average",0.785,-1,1,-99,-0.099
25,"xotask","average","average",0.686,-1,0,-99,-0.099
25,"xotask","average","average",0.852,1,1,-99,-0.099
25,"xotask","average","average",0.552,1,1,-99,-0.099
25,"xotask","average","average",0.535,-1,1,-99,-0.099
25,"xotask","average","average",0.685,1,0,-99,-0.099
25,"xotask","average","average",0.551,1,1,-99,-0.099
25,"xotask","average","average",0.601,1,1,-99,-0.099
25,"xotask","average","average",0.468,-1,1,-99,-0.099
25,"xotask","average","average",0.717,-1,1,-99,-0.099
25,"xotask","average","average",0.819,-1,1,-99,-0.099
25,"xotask","average","average",0.602,1,0,-99,-0.099
25,"xotask","average","average",0.635,-1,1,-99,-0.099
25,"xotask","average","average",0.601,1,0,-99,-0.099
25,"xotask","average","average",0.584,-1,1,-99,-0.099
25,"xotask","average","average",0.401,1,1,-99,-0.099
25,"xotask","average","average",0.518,1,1,-99,-0.099
25,"xotask","average","average",0.718,1,0,-99,-0.099
25,"xotask","average","average",0.968,-1,1,-99,-0.099
25,"xotask","average","average",0.552,1,1,-99,-0.099
25,"xotask","average","average",0.467,1,1,-99,-0.099
25,"xotask","average","average",0.618,-1,0,-99,-0.099
25,"xotask","average","average",0.751,-1,1,-99,-0.099
25,"xotask","average","average",0.667,-1,1,-99,-0.099
25,"xotask","average","average",0.552,1,0,-99,-0.099
25,"xotask","average","average",1.051,-1,1,-99,-0.099
25,"xotask","average","average",0.552,1,0,-99,-0.099
25,"xotask","average","average",0.668,-1,1,-99,-0.099
25,"xotask","average","average",0.484,1,1,-99,-0.099
25,"xotask","average","average",0.718,1,0,-99,-0.099
25,"xotask","average","average",0.651,-1,1,-99,-0.099
25,"xotask","average","average",0.885,-1,1,-99,-0.099
25,"xotask","average","average",0.569,1,1,-99,-0.099
25,"xotask","average","average",0.652,-1,1,-99,-0.099
25,"xotask","average","average",0.902,1,1,-99,-0.099
25,"xotask","average","average",0.802,-1,1,-99,-0.099
25,"xotask","average","average",1.102,1,1,-99,-0.099
25,"xotask","average","average",0.736,1,1,-99,-0.099
25,"xotask","average","average",0.652,1,1,-99,-0.099
25,"xotask","average","average",0.752,-1,0,-99,-0.099
25,"xotask","average","average",0.568,1,1,-99,-0.099
25,"xotask","average","average",0.669,1,1,-99,-0.099
25,"xotask","average","average",0.818,-1,1,-99,-0.099
25,"xotask","average","average",0.685,-1,1,-99,-0.099
25,"xotask","average","average",0.468,1,1,-99,-0.099
25,"xotask","average","average",0.769,-1,1,-99,-0.099
25,"xotask","average","average",0.785,-1,1,-99,-0.099
25,"xotask","average","average",0.502,1,1,-99,-0.099
25,"xotask","average","average",0.434,1,0,-99,-0.099
25,"xotask","average","average",0.518,1,1,-99,-0.099
25,"xotask","average","average",0.636,1,1,-99,-0.099
25,"xotask","average","average",0.635,-1,0,-99,-0.099
25,"xotask","average","average",0.452,1,1,-99,-0.099
25,"xotask","average","average",0.485,1,1,-99,-0.099
25,"xotask","average","average",0.601,1,1,-99,-0.099
25,"xotask","average","average",0.719,-1,0,-99,-0.099
25,"xotask","average","average",0.485,1,1,-99,-0.099
25,"xotask","average","average",0.552,1,0,-99,-0.099
25,"xotask","average","average",0.502,1,0,-99,-0.099
25,"xotask","average","average",0.802,-1,1,-99,-0.099
25,"xotask","average","average",0.45,1,1,-99,-0.099
25,"xotask","average","average",0.485,1,0,-99,-0.099
25,"xotask","average","average",0.636,-1,1,-99,-0.099
25,"xotask","average","average",0.485,-1,1,-99,-0.099
25,"xotask","average","average",0.486,1,0,-99,-0.099
25,"xotask","average","average",0.785,1,1,-99,-0.099
26,"dotnumber","easy","easy",0.601,1,1,-99,-0.099
26,"dotnumber","easy","easy",0.502,1,1,-99,-0.099
26,"dotnumber","easy","easy",0.369,-1,0,-99,-0.099
26,"dotnumber","easy","easy",0.568,1,0,-99,-0.099
26,"dotnumber","easy","easy",0.451,1,1,-99,-0.099
26,"dotnumber","easy","easy",0.602,1,0,-99,-0.099
26,"dotnumber","easy","easy",0.401,1,1,-99,-0.099
26,"dotnumber","easy","easy",0.451,1,1,-99,-0.099
26,"dotnumber","easy","easy",0.384,-1,1,-99,-0.099
26,"dotnumber","easy","easy",0.618,-1,1,-99,-0.099
26,"dotnumber","easy","easy",0.418,1,1,-99,-0.099
26,"dotnumber","easy","easy",0.417,1,1,-99,-0.099
26,"dotnumber","easy","easy",0.485,1,1,-99,-0.099
26,"dotnumber","easy","easy",0.351,-1,1,-99,-0.099
26,"dotnumber","easy","easy",0.469,-1,1,-99,-0.099
26,"dotnumber","easy","easy",0.435,1,1,-99,-0.099
26,"dotnumber","easy","easy",0.401,-1,1,-99,-0.099
26,"dotnumber","easy","easy",0.418,-1,1,-99,-0.099
26,"dotnumber","easy","easy",0.385,-1,1,-99,-0.099
26,"dotnumber","easy","easy",0.401,1,1,-99,-0.099
26,"dotnumber","easy","easy",0.35,-1,1,-99,-0.099
26,"dotnumber","easy","easy",0.351,1,1,-99,-0.099
26,"dotnumber","easy","easy",0.335,-1,1,-99,-0.099
26,"dotnumber","easy","easy",0.467,-1,1,-99,-0.099
26,"dotnumber","easy","easy",0.468,1,1,-99,-0.099
26,"dotnumber","easy","easy",0.451,1,1,-99,-0.099
26,"dotnumber","easy","easy",0.368,-1,0,-99,-0.099
26,"dotnumber","easy","easy",0.402,1,1,-99,-0.099
26,"dotnumber","easy","easy",0.518,1,1,-99,-0.099
26,"dotnumber","easy","easy",0.468,1,1,-99,-0.099
26,"dotnumber","easy","easy",0.352,-1,1,-99,-0.099
26,"dotnumber","easy","easy",0.435,-1,0,-99,-0.099
26,"dotnumber","easy","easy",0.468,-1,1,-99,-0.099
26,"dotnumber","easy","easy",0.435,-1,1,-99,-0.099
26,"dotnumber","easy","easy",0.535,1,0,-99,-0.099
26,"dotnumber","easy","easy",0.45,-1,1,-99,-0.099
26,"dotnumber","easy","easy",0.468,1,1,-99,-0.099
26,"dotnumber","easy","easy",0.436,1,1,-99,-0.099
26,"dotnumber","easy","easy",0.368,-1,1,-99,-0.099
26,"dotnumber","easy","easy",0.586,-1,1,-99,-0.099
26,"dotnumber","easy","easy",0.6,-1,1,-99,-0.099
26,"dotnumber","easy","easy",0.385,1,1,-99,-0.099
26,"dotnumber","easy","easy",0.819,1,0,-99,-0.099
26,"dotnumber","easy","easy",0.401,1,1,-99,-0.099
26,"dotnumber","easy","easy",0.368,-1,1,-99,-0.099
26,"dotnumber","easy","easy",0.417,-1,1,-99,-0.099
26,"dotnumber","easy","easy",0.418,1,1,-99,-0.099
26,"dotnumber","easy","easy",0.351,-1,1,-99,-0.099
26,"dotnumber","easy","easy",0.452,-1,1,-99,-0.099
26,"dotnumber","easy","easy",0.552,-1,1,-99,-0.099
26,"dotnumber","easy","easy",0.452,1,1,-99,-0.099
26,"dotnumber","easy","easy",0.47,1,1,-99,-0.099
26,"dotnumber","easy","easy",0.385,-1,1,-99,-0.099
26,"dotnumber","easy","easy",0.668,-1,1,-99,-0.099
26,"dotnumber","easy","easy",0.419,-1,1,-99,-0.099
26,"dotnumber","easy","easy",0.635,1,1,-99,-0.099
26,"dotnumber","easy","easy",0.485,-1,0,-99,-0.099
26,"dotnumber","easy","easy",0.419,-1,1,-99,-0.099
26,"dotnumber","easy","easy",0.485,1,1,-99,-0.099
26,"dotnumber","easy","easy",0.452,1,1,-99,-0.099
26,"dotnumber","easy","easy",0.468,1,1,-99,-0.099
26,"dotnumber","easy","easy",0.468,-1,1,-99,-0.099
26,"dotnumber","easy","easy",0.452,1,1,-99,-0.099
26,"dotnumber","easy","easy",0.434,-1,1,-99,-0.099
26,"dotnumber","easy","easy",0.468,1,1,-99,-0.099
26,"dotnumber","easy","easy",0.434,1,1,-99,-0.099
26,"dotnumber","easy","easy",0.419,-1,1,-99,-0.099
26,"dotnumber","easy","easy",0.551,-1,1,-99,-0.099
26,"dotnumber","easy","easy",0.517,1,1,-99,-0.099
26,"dotnumber","easy","easy",0.401,-1,1,-99,-0.099
26,"dotnumber","easy","easy",0.385,-1,1,-99,-0.099
26,"dotnumber","easy","easy",0.486,1,1,-99,-0.099
26,"dotnumber","easy","easy",0.435,1,1,-99,-0.099
26,"dotnumber","easy","easy",0.552,-1,1,-99,-0.099
26,"dotnumber","easy","easy",0.434,1,1,-99,-0.099
26,"dotnumber","easy","easy",0.434,-1,1,-99,-0.099
26,"dotnumber","easy","easy",0.418,-1,1,-99,-0.099
26,"dotnumber","easy","easy",0.401,-1,1,-99,-0.099
26,"dotnumber","easy","easy",0.435,1,1,-99,-0.099
26,"dotnumber","easy","easy",0.386,-1,1,-99,-0.099
26,"dotnumber","easy","easy",0.418,1,1,-99,-0.099
26,"dotnumber","easy","easy",0.469,-1,1,-99,-0.099
26,"dotnumber","easy","easy",0.402,1,1,-99,-0.099
26,"dotnumber","easy","easy",0.368,-1,1,-99,-0.099
26,"dotnumber","easy","easy",0.452,1,1,-99,-0.099
26,"dotnumber","easy","easy",0.467,-1,1,-99,-0.099
26,"dotnumber","easy","easy",0.518,-1,1,-99,-0.099
26,"dotnumber","easy","easy",0.418,-1,1,-99,-0.099
26,"dotnumber","easy","easy",0.385,1,1,-99,-0.099
26,"dotnumber","easy","easy",0.369,-1,1,-99,-0.099
26,"dotnumber","easy","easy",0.417,1,1,-99,-0.099
26,"dotnumber","easy","easy",0.468,-1,1,-99,-0.099
26,"dotnumber","easy","easy",0.401,1,1,-99,-0.099
26,"dotnumber","easy","easy",0.468,1,1,-99,-0.099
26,"dotnumber","easy","easy",0.401,1,1,-99,-0.099
26,"dotnumber","easy","easy",0.418,1,1,-99,-0.099
26,"dotnumber","easy","easy",0.435,1,1,-99,-0.099
26,"dotnumber","easy","easy",0.551,1,1,-99,-0.099
26,"dotnumber","easy","easy",0.418,-1,1,-99,-0.099
26,"dotnumber","easy","easy",0.535,-1,1,-99,-0.099
26,"dotnumber","easy","easy",0.484,-1,1,-99,-0.099
26,"dotnumber","easy","easy",0.451,-1,1,-99,-0.099
26,"dotnumber","easy","easy",0.418,1,1,-99,-0.099
26,"dotnumber","easy","easy",0.451,1,1,-99,-0.099
26,"dotnumber","easy","easy",0.451,1,1,-99,-0.099
26,"dotnumber","easy","easy",0.367,-1,1,-99,-0.099
26,"dotnumber","easy","easy",0.452,1,1,-99,-0.099
26,"dotnumber","easy","easy",0.42,-1,1,-99,-0.099
26,"dotnumber","easy","easy",0.402,1,1,-99,-0.099
26,"dotnumber","easy","easy",0.468,-1,1,-99,-0.099
26,"dotnumber","easy","easy",0.452,-1,1,-99,-0.099
26,"dotnumber","easy","easy",0.367,1,1,-99,-0.099
26,"dotnumber","easy","easy",0.501,1,1,-99,-0.099
26,"dotnumber","easy","easy",0.367,1,1,-99,-0.099
26,"dotnumber","easy","easy",0.434,-1,1,-99,-0.099
26,"dotnumber","easy","easy",0.452,-1,1,-99,-0.099
26,"dotnumber","easy","easy",0.401,-1,1,-99,-0.099
26,"dotnumber","easy","easy",0.434,1,1,-99,-0.099
26,"dotnumber","easy","easy",0.517,1,1,-99,-0.099
26,"dotnumber","easy","easy",0.452,-1,1,-99,-0.099
26,"xotask","average","average",2.471,1,0,-99,-0.099
26,"xotask","average","average",0.668,-1,1,-99,-0.099
26,"xotask","average","average",0.769,-1,1,-99,-0.099
26,"xotask","average","average",0.768,1,1,-99,-0.099
26,"xotask","average","average",1.635,1,1,-99,-0.099
26,"xotask","average","average",0.803,-1,1,-99,-0.099
26,"xotask","average","average",0.702,1,1,-99,-0.099
26,"xotask","average","average",1.686,-1,0,-99,-0.099
26,"xotask","average","average",0.918,-1,1,-99,-0.099
26,"xotask","average","average",0.886,1,1,-99,-0.099
26,"xotask","average","average",0.652,-1,1,-99,-0.099
26,"xotask","average","average",1.035,-1,1,-99,-0.099
26,"xotask","average","average",0.551,1,1,-99,-0.099
26,"xotask","average","average",0.885,-1,1,-99,-0.099
26,"xotask","average","average",0.668,1,1,-99,-0.099
26,"xotask","average","average",7.108,1,1,-99,-0.099
26,"xotask","average","average",0.969,1,0,-99,-0.099
26,"xotask","average","average",1.069,-1,1,-99,-0.099
26,"xotask","average","average",0.785,-1,1,-99,-0.099
26,"xotask","average","average",0.551,1,1,-99,-0.099
26,"xotask","average","average",0.535,1,0,-99,-0.099
26,"xotask","average","average",0.719,-1,0,-99,-0.099
26,"xotask","average","average",0.868,-1,0,-99,-0.099
26,"xotask","average","average",0.452,1,1,-99,-0.099
26,"xotask","average","average",0.752,-1,0,-99,-0.099
26,"xotask","average","average",0.636,1,1,-99,-0.099
26,"xotask","average","average",1.202,1,1,-99,-0.099
26,"xotask","average","average",0.618,-1,1,-99,-0.099
26,"xotask","average","average",0.968,-1,1,-99,-0.099
26,"xotask","average","average",0.718,-1,1,-99,-0.099
26,"xotask","average","average",0.668,-1,1,-99,-0.099
26,"xotask","average","average",0.502,-1,1,-99,-0.099
26,"xotask","average","average",0.635,1,1,-99,-0.099
26,"xotask","average","average",0.534,-1,1,-99,-0.099
26,"xotask","average","average",0.518,1,1,-99,-0.099
26,"xotask","average","average",0.452,-1,1,-99,-0.099
26,"xotask","average","average",0.634,1,0,-99,-0.099
26,"xotask","average","average",0.518,-1,1,-99,-0.099
26,"xotask","average","average",0.618,-1,1,-99,-0.099
26,"xotask","average","average",0.452,1,1,-99,-0.099
26,"xotask","average","average",0.468,-1,0,-99,-0.099
26,"xotask","average","average",0.517,1,1,-99,-0.099
26,"xotask","average","average",0.568,1,1,-99,-0.099
26,"xotask","average","average",0.635,-1,0,-99,-0.099
26,"xotask","average","average",0.685,1,0,-99,-0.099
26,"xotask","average","average",0.419,-1,1,-99,-0.099
26,"xotask","average","average",0.501,1,1,-99,-0.099
26,"xotask","average","average",0.585,1,1,-99,-0.099
26,"xotask","average","average",1.47,-1,0,-99,-0.099
26,"xotask","average","average",0.435,1,1,-99,-0.099
26,"xotask","average","average",0.451,-1,1,-99,-0.099
26,"xotask","average","average",0.418,1,0,-99,-0.099
26,"xotask","average","average",0.485,-1,1,-99,-0.099
26,"xotask","average","average",0.869,-1,1,-99,-0.099
26,"xotask","average","average",0.569,-1,1,-99,-0.099
26,"xotask","average","average",0.435,1,0,-99,-0.099
26,"xotask","average","average",1.219,1,1,-99,-0.099
26,"xotask","average","average",0.618,-1,0,-99,-0.099
26,"xotask","average","average",0.485,1,1,-99,-0.099
26,"xotask","average","average",0.585,1,1,-99,-0.099
26,"xotask","average","average",0.702,-1,0,-99,-0.099
26,"xotask","average","average",0.451,1,1,-99,-0.099
26,"xotask","average","average",0.585,1,1,-99,-0.099
26,"xotask","average","average",0.869,-1,0,-99,-0.099
26,"xotask","average","average",0.568,-1,1,-99,-0.099
26,"xotask","average","average",0.685,1,0,-99,-0.099
26,"xotask","average","average",0.719,-1,0,-99,-0.099
26,"xotask","average","average",0.686,-1,1,-99,-0.099
26,"xotask","average","average",0.669,1,0,-99,-0.099
26,"xotask","average","average",1.67,-1,1,-99,-0.099
26,"xotask","average","average",0.819,1,0,-99,-0.099
26,"xotask","average","average",0.535,1,1,-99,-0.099
26,"xotask","average","average",0.785,-1,1,-99,-0.099
26,"xotask","average","average",0.436,1,1,-99,-0.099
26,"xotask","average","average",0.502,1,1,-99,-0.099
26,"xotask","average","average",0.752,1,1,-99,-0.099
26,"xotask","average","average",0.602,1,1,-99,-0.099
26,"xotask","average","average",0.969,-1,1,-99,-0.099
26,"xotask","average","average",0.535,1,1,-99,-0.099
26,"xotask","average","average",0.585,1,1,-99,-0.099
26,"xotask","average","average",0.585,1,1,-99,-0.099
26,"xotask","average","average",0.919,1,1,-99,-0.099
26,"xotask","average","average",0.568,-1,1,-99,-0.099
26,"xotask","average","average",0.702,-1,1,-99,-0.099
26,"xotask","average","average",0.535,-1,1,-99,-0.099
26,"xotask","average","average",0.486,1,0,-99,-0.099
26,"xotask","average","average",0.535,-1,1,-99,-0.099
26,"xotask","average","average",0.518,-1,1,-99,-0.099
26,"xotask","average","average",0.568,1,0,-99,-0.099
26,"xotask","average","average",0.535,-1,1,-99,-0.099
26,"xotask","average","average",0.569,1,1,-99,-0.099
26,"xotask","average","average",0.418,-1,1,-99,-0.099
26,"xotask","average","average",0.502,-1,1,-99,-0.099
26,"xotask","average","average",0.785,1,1,-99,-0.099
26,"xotask","average","average",0.552,1,1,-99,-0.099
26,"xotask","average","average",0.702,-1,0,-99,-0.099
26,"xotask","average","average",1.019,1,1,-99,-0.099
26,"xotask","average","average",0.635,-1,0,-99,-0.099
26,"xotask","average","average",0.617,-1,1,-99,-0.099
26,"xotask","average","average",0.634,-1,1,-99,-0.099
26,"xotask","average","average",0.752,-1,1,-99,-0.099
26,"xotask","average","average",0.584,-1,1,-99,-0.099
26,"xotask","average","average",0.452,-1,1,-99,-0.099
26,"xotask","average","average",0.485,1,1,-99,-0.099
26,"xotask","average","average",1.519,1,1,-99,-0.099
26,"xotask","average","average",0.702,-1,1,-99,-0.099
26,"xotask","average","average",0.584,-1,1,-99,-0.099
26,"xotask","average","average",0.452,1,1,-99,-0.099
26,"xotask","average","average",0.467,-1,1,-99,-0.099
26,"xotask","average","average",0.501,-1,1,-99,-0.099
26,"xotask","average","average",0.835,1,1,-99,-0.099
26,"xotask","average","average",0.935,1,1,-99,-0.099
26,"xotask","average","average",0.719,1,1,-99,-0.099
26,"xotask","average","average",0.668,-1,1,-99,-0.099
26,"xotask","average","average",0.669,-1,0,-99,-0.099
26,"xotask","average","average",0.518,1,1,-99,-0.099
26,"xotask","average","average",0.502,-1,1,-99,-0.099
26,"xotask","average","average",0.501,-1,1,-99,-0.099
26,"xotask","average","average",0.517,1,1,-99,-0.099
26,"xotask","average","average",0.485,1,1,-99,-0.099
26,"dotcolour","hard","hard",1.386,1,0,-99,-0.099
26,"dotcolour","hard","hard",1.153,1,0,-99,-0.099
26,"dotcolour","hard","hard",0.568,-1,1,-99,-0.099
26,"dotcolour","hard","hard",0.751,1,0,-99,-0.099
26,"dotcolour","hard","hard",0.919,-1,1,-99,-0.099
26,"dotcolour","hard","hard",0.485,1,1,-99,-0.099
26,"dotcolour","hard","hard",0.501,-1,0,-99,-0.099
26,"dotcolour","hard","hard",0.418,1,1,-99,-0.099
26,"dotcolour","hard","hard",0.785,1,1,-99,-0.099
26,"dotcolour","hard","hard",0.518,1,1,-99,-0.099
26,"dotcolour","hard","hard",0.851,1,1,-99,-0.099
26,"dotcolour","hard","hard",0.618,-1,1,-99,-0.099
26,"dotcolour","hard","hard",0.652,1,0,-99,-0.099
26,"dotcolour","hard","hard",0.685,1,0,-99,-0.099
26,"dotcolour","hard","hard",0.686,-1,1,-99,-0.099
26,"dotcolour","hard","hard",1.086,-1,1,-99,-0.099
26,"dotcolour","hard","hard",0.568,1,1,-99,-0.099
26,"dotcolour","hard","hard",0.818,1,1,-99,-0.099
26,"dotcolour","hard","hard",1.218,1,0,-99,-0.099
26,"dotcolour","hard","hard",0.602,1,1,-99,-0.099
26,"dotcolour","hard","hard",0.586,1,1,-99,-0.099
26,"dotcolour","hard","hard",0.685,1,1,-99,-0.099
26,"dotcolour","hard","hard",0.485,-1,1,-99,-0.099
26,"dotcolour","hard","hard",0.634,1,1,-99,-0.099
26,"dotcolour","hard","hard",0.735,1,0,-99,-0.099
26,"dotcolour","hard","hard",1.87,-1,1,-99,-0.099
26,"dotcolour","hard","hard",0.484,1,0,-99,-0.099
26,"dotcolour","hard","hard",0.585,-1,0,-99,-0.099
26,"dotcolour","hard","hard",0.551,1,1,-99,-0.099
26,"dotcolour","hard","hard",0.518,1,0,-99,-0.099
26,"dotcolour","hard","hard",0.735,1,1,-99,-0.099
26,"dotcolour","hard","hard",0.652,1,1,-99,-0.099
26,"dotcolour","hard","hard",0.551,1,1,-99,-0.099
26,"dotcolour","hard","hard",0.918,-1,1,-99,-0.099
26,"dotcolour","hard","hard",0.568,1,0,-99,-0.099
26,"dotcolour","hard","hard",2.304,1,1,-99,-0.099
26,"dotcolour","hard","hard",0.702,1,0,-99,-0.099
26,"dotcolour","hard","hard",0.551,1,1,-99,-0.099
26,"dotcolour","hard","hard",0.635,-1,1,-99,-0.099
26,"dotcolour","hard","hard",0.518,1,1,-99,-0.099
26,"dotcolour","hard","hard",0.685,-1,1,-99,-0.099
26,"dotcolour","hard","hard",0.752,1,1,-99,-0.099
26,"dotcolour","hard","hard",0.636,1,1,-99,-0.099
26,"dotcolour","hard","hard",0.552,-1,1,-99,-0.099
26,"dotcolour","hard","hard",0.852,-1,1,-99,-0.099
26,"dotcolour","hard","hard",0.485,1,1,-99,-0.099
26,"dotcolour","hard","hard",0.484,1,1,-99,-0.099
26,"dotcolour","hard","hard",0.569,1,0,-99,-0.099
26,"dotcolour","hard","hard",0.769,-1,1,-99,-0.099
26,"dotcolour","hard","hard",1.019,1,0,-99,-0.099
26,"dotcolour","hard","hard",0.952,1,1,-99,-0.099
26,"dotcolour","hard","hard",1.018,1,0,-99,-0.099
26,"dotcolour","hard","hard",0.818,-1,0,-99,-0.099
26,"dotcolour","hard","hard",0.719,1,0,-99,-0.099
26,"dotcolour","hard","hard",0.786,-1,0,-99,-0.099
26,"dotcolour","hard","hard",0.669,1,1,-99,-0.099
26,"dotcolour","hard","hard",0.752,-1,1,-99,-0.099
26,"dotcolour","hard","hard",0.701,1,1,-99,-0.099
26,"dotcolour","hard","hard",1.069,1,0,-99,-0.099
26,"dotcolour","hard","hard",0.585,1,1,-99,-0.099
26,"dotcolour","hard","hard",0.753,-1,1,-99,-0.099
26,"dotcolour","hard","hard",0.702,1,0,-99,-0.099
26,"dotcolour","hard","hard",0.701,1,1,-99,-0.099
26,"dotcolour","hard","hard",0.502,1,1,-99,-0.099
26,"dotcolour","hard","hard",0.602,1,0,-99,-0.099
26,"dotcolour","hard","hard",0.502,1,1,-99,-0.099
26,"dotcolour","hard","hard",0.652,-1,1,-99,-0.099
26,"dotcolour","hard","hard",0.685,1,1,-99,-0.099
26,"dotcolour","hard","hard",0.584,-1,1,-99,-0.099
26,"dotcolour","hard","hard",0.502,1,1,-99,-0.099
26,"dotcolour","hard","hard",1.236,1,1,-99,-0.099
26,"dotcolour","hard","hard",0.851,-1,1,-99,-0.099
26,"dotcolour","hard","hard",0.736,1,0,-99,-0.099
26,"dotcolour","hard","hard",0.685,1,1,-99,-0.099
26,"dotcolour","hard","hard",0.685,-1,1,-99,-0.099
26,"dotcolour","hard","hard",0.568,-1,1,-99,-0.099
26,"dotcolour","hard","hard",0.618,-1,1,-99,-0.099
26,"dotcolour","hard","hard",0.886,1,0,-99,-0.099
26,"dotcolour","hard","hard",2.32,-1,1,-99,-0.099
26,"dotcolour","hard","hard",0.902,1,1,-99,-0.099
26,"dotcolour","hard","hard",0.568,-1,1,-99,-0.099
26,"dotcolour","hard","hard",0.519,1,1,-99,-0.099
26,"dotcolour","hard","hard",0.585,1,1,-99,-0.099
26,"dotcolour","hard","hard",0.652,1,1,-99,-0.099
26,"dotcolour","hard","hard",0.668,-1,1,-99,-0.099
26,"dotcolour","hard","hard",0.535,1,1,-99,-0.099
26,"dotcolour","hard","hard",0.702,1,1,-99,-0.099
26,"dotcolour","hard","hard",0.985,-1,1,-99,-0.099
26,"dotcolour","hard","hard",1.319,-1,1,-99,-0.099
26,"dotcolour","hard","hard",0.569,1,1,-99,-0.099
26,"dotcolour","hard","hard",0.552,1,1,-99,-0.099
26,"dotcolour","hard","hard",0.651,1,1,-99,-0.099
26,"dotcolour","hard","hard",0.618,-1,1,-99,-0.099
26,"dotcolour","hard","hard",0.819,1,1,-99,-0.099
26,"dotcolour","hard","hard",0.652,1,1,-99,-0.099
26,"dotcolour","hard","hard",0.602,1,0,-99,-0.099
26,"dotcolour","hard","hard",0.868,1,0,-99,-0.099
26,"dotcolour","hard","hard",0.535,1,1,-99,-0.099
26,"dotcolour","hard","hard",0.435,1,1,-99,-0.099
26,"dotcolour","hard","hard",0.552,1,0,-99,-0.099
26,"dotcolour","hard","hard",0.552,-1,1,-99,-0.099
26,"dotcolour","hard","hard",0.619,1,0,-99,-0.099
26,"dotcolour","hard","hard",0.902,1,1,-99,-0.099
26,"dotcolour","hard","hard",0.468,-1,0,-99,-0.099
26,"dotcolour","hard","hard",0.551,-1,1,-99,-0.099
26,"dotcolour","hard","hard",0.501,1,1,-99,-0.099
26,"dotcolour","hard","hard",0.819,-1,1,-99,-0.099
26,"dotcolour","hard","hard",0.469,1,1,-99,-0.099
26,"dotcolour","hard","hard",0.551,1,1,-99,-0.099
26,"dotcolour","hard","hard",0.635,1,0,-99,-0.099
26,"dotcolour","hard","hard",0.601,-1,1,-99,-0.099
26,"dotcolour","hard","hard",0.451,1,1,-99,-0.099
26,"dotcolour","hard","hard",2.102,1,0,-99,-0.099
26,"dotcolour","hard","hard",0.634,1,0,-99,-0.099
26,"dotcolour","hard","hard",0.668,1,1,-99,-0.099
26,"dotcolour","hard","hard",0.602,-1,0,-99,-0.099
26,"dotcolour","hard","hard",0.501,1,1,-99,-0.099
26,"dotcolour","hard","hard",0.569,-1,1,-99,-0.099
26,"dotcolour","hard","hard",0.935,-1,0,-99,-0.099
26,"dotcolour","hard","hard",0.469,1,0,-99,-0.099
27,"xotask","easy","easy",3.02,1,1,-99,-0.099
27,"xotask","easy","easy",1.402,1,1,-99,-0.099
27,"xotask","easy","easy",0.969,1,1,-99,-0.099
27,"xotask","easy","easy",0.902,-1,1,-99,-0.099
27,"xotask","easy","easy",1.002,-1,1,-99,-0.099
27,"xotask","easy","easy",1.653,-1,1,-99,-0.099
27,"xotask","easy","easy",0.702,1,1,-99,-0.099
27,"xotask","easy","easy",3.372,1,1,-99,-0.099
27,"xotask","easy","easy",0.769,-1,1,-99,-0.099
27,"xotask","easy","easy",0.702,-1,1,-99,-0.099
27,"xotask","easy","easy",0.735,-1,1,-99,-0.099
27,"xotask","easy","easy",0.802,-1,1,-99,-0.099
27,"xotask","easy","easy",0.753,1,1,-99,-0.099
27,"xotask","easy","easy",0.819,-1,1,-99,-0.099
27,"xotask","easy","easy",0.751,-1,1,-99,-0.099
27,"xotask","easy","easy",0.719,-1,1,-99,-0.099
27,"xotask","easy","easy",0.585,1,1,-99,-0.099
27,"xotask","easy","easy",0.651,1,1,-99,-0.099
27,"xotask","easy","easy",0.652,1,1,-99,-0.099
27,"xotask","easy","easy",0.835,-1,1,-99,-0.099
27,"xotask","easy","easy",0.636,-1,1,-99,-0.099
27,"xotask","easy","easy",0.535,1,1,-99,-0.099
27,"xotask","easy","easy",0.701,1,1,-99,-0.099
27,"xotask","easy","easy",0.886,-1,0,-99,-0.099
27,"xotask","easy","easy",1.452,-1,1,-99,-0.099
27,"xotask","easy","easy",0.835,-1,1,-99,-0.099
27,"xotask","easy","easy",0.633,-1,1,-99,-0.099
27,"xotask","easy","easy",0.667,1,1,-99,-0.099
27,"xotask","easy","easy",1.119,-1,1,-99,-0.099
27,"xotask","easy","easy",0.719,-1,1,-99,-0.099
27,"xotask","easy","easy",0.769,1,1,-99,-0.099
27,"xotask","easy","easy",0.619,-1,1,-99,-0.099
27,"xotask","easy","easy",0.785,-1,1,-99,-0.099
27,"xotask","easy","easy",0.652,1,1,-99,-0.099
27,"xotask","easy","easy",0.735,1,1,-99,-0.099
27,"xotask","easy","easy",0.601,-1,1,-99,-0.099
27,"xotask","easy","easy",0.719,-1,1,-99,-0.099
27,"xotask","easy","easy",0.502,1,1,-99,-0.099
27,"xotask","easy","easy",0.634,-1,1,-99,-0.099
27,"xotask","easy","easy",0.452,1,1,-99,-0.099
27,"xotask","easy","easy",0.552,-1,1,-99,-0.099
27,"xotask","easy","easy",1.27,1,1,-99,-0.099
27,"xotask","easy","easy",0.635,1,1,-99,-0.099
27,"xotask","easy","easy",0.585,1,1,-99,-0.099
27,"xotask","easy","easy",1.202,1,1,-99,-0.099
27,"xotask","easy","easy",0.534,1,1,-99,-0.099
27,"xotask","easy","easy",0.585,-1,1,-99,-0.099
27,"xotask","easy","easy",0.619,1,1,-99,-0.099
27,"xotask","easy","easy",0.87,1,1,-99,-0.099
27,"xotask","easy","easy",0.752,-1,1,-99,-0.099
27,"xotask","easy","easy",0.652,-1,1,-99,-0.099
27,"xotask","easy","easy",0.501,1,1,-99,-0.099
27,"xotask","easy","easy",0.618,1,1,-99,-0.099
27,"xotask","easy","easy",0.702,-1,1,-99,-0.099
27,"xotask","easy","easy",0.567,1,1,-99,-0.099
27,"xotask","easy","easy",0.685,-1,1,-99,-0.099
27,"xotask","easy","easy",0.601,1,1,-99,-0.099
27,"xotask","easy","easy",0.735,1,1,-99,-0.099
27,"xotask","easy","easy",0.602,1,1,-99,-0.099
27,"xotask","easy","easy",0.468,1,1,-99,-0.099
27,"xotask","easy","easy",0.618,-1,1,-99,-0.099
27,"xotask","easy","easy",0.835,-1,1,-99,-0.099
27,"xotask","easy","easy",0.735,-1,1,-99,-0.099
27,"xotask","easy","easy",0.969,-1,1,-99,-0.099
27,"xotask","easy","easy",0.702,-1,1,-99,-0.099
27,"xotask","easy","easy",0.535,1,1,-99,-0.099
27,"xotask","easy","easy",0.601,-1,1,-99,-0.099
27,"xotask","easy","easy",0.785,1,1,-99,-0.099
27,"xotask","easy","easy",0.585,1,1,-99,-0.099
27,"xotask","easy","easy",0.567,-1,1,-99,-0.099
27,"xotask","easy","easy",0.618,1,1,-99,-0.099
27,"xotask","easy","easy",0.935,-1,1,-99,-0.099
27,"xotask","easy","easy",0.701,-1,1,-99,-0.099
27,"xotask","easy","easy",0.585,1,1,-99,-0.099
27,"xotask","easy","easy",0.618,-1,1,-99,-0.099
27,"xotask","easy","easy",0.435,1,1,-99,-0.099
27,"xotask","easy","easy",0.518,1,1,-99,-0.099
27,"xotask","easy","easy",0.602,-1,1,-99,-0.099
27,"xotask","easy","easy",0.534,-1,1,-99,-0.099
27,"xotask","easy","easy",0.485,1,1,-99,-0.099
27,"xotask","easy","easy",0.552,-1,1,-99,-0.099
27,"xotask","easy","easy",0.819,-1,1,-99,-0.099
27,"xotask","easy","easy",0.618,1,1,-99,-0.099
27,"xotask","easy","easy",0.585,-1,1,-99,-0.099
27,"xotask","easy","easy",0.519,1,1,-99,-0.099
27,"xotask","easy","easy",0.752,-1,1,-99,-0.099
27,"xotask","easy","easy",0.551,-1,1,-99,-0.099
27,"xotask","easy","easy",0.535,1,1,-99,-0.099
27,"xotask","easy","easy",0.552,-1,1,-99,-0.099
27,"xotask","easy","easy",0.501,1,1,-99,-0.099
27,"xotask","easy","easy",0.552,1,1,-99,-0.099
27,"xotask","easy","easy",0.568,-1,1,-99,-0.099
27,"xotask","easy","easy",0.57,1,1,-99,-0.099
27,"xotask","easy","easy",0.552,-1,1,-99,-0.099
27,"xotask","easy","easy",0.518,1,1,-99,-0.099
27,"xotask","easy","easy",0.736,1,1,-99,-0.099
27,"xotask","easy","easy",0.636,-1,1,-99,-0.099
27,"xotask","easy","easy",0.601,1,1,-99,-0.099
27,"xotask","easy","easy",0.852,1,1,-99,-0.099
27,"xotask","easy","easy",0.651,-1,1,-99,-0.099
27,"xotask","easy","easy",0.451,1,1,-99,-0.099
27,"xotask","easy","easy",0.435,1,1,-99,-0.099
27,"xotask","easy","easy",0.435,1,1,-99,-0.099
27,"xotask","easy","easy",0.434,-1,1,-99,-0.099
27,"xotask","easy","easy",0.752,-1,1,-99,-0.099
27,"xotask","easy","easy",0.736,1,1,-99,-0.099
27,"xotask","easy","easy",0.518,1,1,-99,-0.099
27,"xotask","easy","easy",0.668,-1,1,-99,-0.099
27,"xotask","easy","easy",0.452,1,1,-99,-0.099
27,"xotask","easy","easy",0.501,1,1,-99,-0.099
27,"xotask","easy","easy",0.435,1,1,-99,-0.099
27,"xotask","easy","easy",0.584,-1,1,-99,-0.099
27,"xotask","easy","easy",0.485,1,1,-99,-0.099
27,"xotask","easy","easy",0.819,1,1,-99,-0.099
27,"xotask","easy","easy",0.602,-1,1,-99,-0.099
27,"xotask","easy","easy",0.601,-1,1,-99,-0.099
27,"xotask","easy","easy",0.82,-1,1,-99,-0.099
27,"xotask","easy","easy",0.552,-1,1,-99,-0.099
27,"xotask","easy","easy",0.468,-1,1,-99,-0.099
27,"xotask","easy","easy",0.552,-1,1,-99,-0.099
27,"dotcolour","average","average",5.572,-1,1,-99,-0.099
27,"dotcolour","average","average",0.618,1,1,-99,-0.099
27,"dotcolour","average","average",0.585,1,1,-99,-0.099
27,"dotcolour","average","average",0.603,-1,1,-99,-0.099
27,"dotcolour","average","average",0.785,-1,0,-99,-0.099
27,"dotcolour","average","average",0.669,-1,1,-99,-0.099
27,"dotcolour","average","average",1.185,-1,0,-99,-0.099
27,"dotcolour","average","average",0.568,1,1,-99,-0.099
27,"dotcolour","average","average",0.585,1,1,-99,-0.099
27,"dotcolour","average","average",0.585,-1,1,-99,-0.099
27,"dotcolour","average","average",0.468,-1,1,-99,-0.099
27,"dotcolour","average","average",0.468,-1,0,-99,-0.099
27,"dotcolour","average","average",0.469,1,1,-99,-0.099
27,"dotcolour","average","average",0.502,-1,1,-99,-0.099
27,"dotcolour","average","average",0.501,-1,1,-99,-0.099
27,"dotcolour","average","average",0.451,-1,1,-99,-0.099
27,"dotcolour","average","average",0.602,-1,1,-99,-0.099
27,"dotcolour","average","average",0.585,-1,1,-99,-0.099
27,"dotcolour","average","average",0.734,1,1,-99,-0.099
27,"dotcolour","average","average",0.536,1,0,-99,-0.099
27,"dotcolour","average","average",0.902,1,1,-99,-0.099
27,"dotcolour","average","average",0.985,-1,0,-99,-0.099
27,"dotcolour","average","average",0.501,-1,0,-99,-0.099
27,"dotcolour","average","average",0.634,-1,1,-99,-0.099
27,"dotcolour","average","average",0.935,-1,0,-99,-0.099
27,"dotcolour","average","average",0.853,1,1,-99,-0.099
27,"dotcolour","average","average",0.885,-1,1,-99,-0.099
27,"dotcolour","average","average",0.652,-1,1,-99,-0.099
27,"dotcolour","average","average",0.552,-1,1,-99,-0.099
27,"dotcolour","average","average",0.717,-1,1,-99,-0.099
27,"dotcolour","average","average",0.569,-1,0,-99,-0.099
27,"dotcolour","average","average",0.886,1,1,-99,-0.099
27,"dotcolour","average","average",0.735,1,1,-99,-0.099
27,"dotcolour","average","average",0.685,1,1,-99,-0.099
27,"dotcolour","average","average",0.568,-1,0,-99,-0.099
27,"dotcolour","average","average",0.836,-1,1,-99,-0.099
27,"dotcolour","average","average",0.936,-1,0,-99,-0.099
27,"dotcolour","average","average",0.652,-1,1,-99,-0.099
27,"dotcolour","average","average",0.636,-1,1,-99,-0.099
27,"dotcolour","average","average",0.569,-1,1,-99,-0.099
27,"dotcolour","average","average",0.551,-1,1,-99,-0.099
27,"dotcolour","average","average",0.702,1,1,-99,-0.099
27,"dotcolour","average","average",0.735,-1,1,-99,-0.099
27,"dotcolour","average","average",0.535,-1,1,-99,-0.099
27,"dotcolour","average","average",1.169,-1,0,-99,-0.099
27,"dotcolour","average","average",0.536,-1,1,-99,-0.099
27,"dotcolour","average","average",1.086,1,1,-99,-0.099
27,"dotcolour","average","average",0.569,-1,0,-99,-0.099
27,"dotcolour","average","average",0.618,-1,1,-99,-0.099
27,"dotcolour","average","average",0.668,1,1,-99,-0.099
27,"dotcolour","average","average",0.586,-1,1,-99,-0.099
27,"dotcolour","average","average",1.019,-1,0,-99,-0.099
27,"dotcolour","average","average",0.585,-1,1,-99,-0.099
27,"dotcolour","average","average",0.551,-1,1,-99,-0.099
27,"dotcolour","average","average",0.819,1,1,-99,-0.099
27,"dotcolour","average","average",0.586,-1,1,-99,-0.099
27,"dotcolour","average","average",0.785,-1,1,-99,-0.099
27,"dotcolour","average","average",0.602,-1,0,-99,-0.099
27,"dotcolour","average","average",0.569,-1,0,-99,-0.099
27,"dotcolour","average","average",0.569,-1,1,-99,-0.099
27,"dotcolour","average","average",0.602,-1,1,-99,-0.099
27,"dotcolour","average","average",0.852,1,1,-99,-0.099
27,"dotcolour","average","average",0.469,-1,1,-99,-0.099
27,"dotcolour","average","average",0.869,1,1,-99,-0.099
27,"dotcolour","average","average",0.669,1,1,-99,-0.099
27,"dotcolour","average","average",0.786,1,1,-99,-0.099
27,"dotcolour","average","average",0.569,-1,1,-99,-0.099
27,"dotcolour","average","average",0.818,-1,1,-99,-0.099
27,"dotcolour","average","average",0.569,-1,1,-99,-0.099
27,"dotcolour","average","average",0.818,-1,0,-99,-0.099
27,"dotcolour","average","average",0.703,1,1,-99,-0.099
27,"dotcolour","average","average",0.619,1,1,-99,-0.099
27,"dotcolour","average","average",1.67,-1,1,-99,-0.099
27,"dotcolour","average","average",0.97,1,1,-99,-0.099
27,"dotcolour","average","average",0.601,1,1,-99,-0.099
27,"dotcolour","average","average",0.685,-1,1,-99,-0.099
27,"dotcolour","average","average",0.668,-1,0,-99,-0.099
27,"dotcolour","average","average",0.617,1,1,-99,-0.099
27,"dotcolour","average","average",0.652,1,1,-99,-0.099
27,"dotcolour","average","average",0.902,1,1,-99,-0.099
27,"dotcolour","average","average",0.669,-1,1,-99,-0.099
27,"dotcolour","average","average",0.618,1,1,-99,-0.099
27,"dotcolour","average","average",0.568,-1,1,-99,-0.099
27,"dotcolour","average","average",0.668,1,1,-99,-0.099
27,"dotcolour","average","average",0.668,1,1,-99,-0.099
27,"dotcolour","average","average",0.618,-1,1,-99,-0.099
27,"dotcolour","average","average",0.802,-1,1,-99,-0.099
27,"dotcolour","average","average",0.785,1,1,-99,-0.099
27,"dotcolour","average","average",0.584,-1,1,-99,-0.099
27,"dotcolour","average","average",0.803,-1,1,-99,-0.099
27,"dotcolour","average","average",0.753,1,1,-99,-0.099
27,"dotcolour","average","average",1.236,-1,1,-99,-0.099
27,"dotcolour","average","average",0.619,-1,1,-99,-0.099
27,"dotcolour","average","average",1.053,-1,0,-99,-0.099
27,"dotcolour","average","average",0.535,-1,1,-99,-0.099
27,"dotcolour","average","average",0.435,-1,1,-99,-0.099
27,"dotcolour","average","average",1.286,1,1,-99,-0.099
27,"dotcolour","average","average",0.535,-1,1,-99,-0.099
27,"dotcolour","average","average",0.468,-1,1,-99,-0.099
27,"dotcolour","average","average",0.652,-1,1,-99,-0.099
27,"dotcolour","average","average",0.552,-1,1,-99,-0.099
27,"dotcolour","average","average",0.685,1,0,-99,-0.099
27,"dotcolour","average","average",0.719,-1,1,-99,-0.099
27,"dotcolour","average","average",0.918,1,1,-99,-0.099
27,"dotcolour","average","average",0.535,-1,1,-99,-0.099
27,"dotcolour","average","average",0.819,1,1,-99,-0.099
27,"dotcolour","average","average",0.451,-1,0,-99,-0.099
27,"dotcolour","average","average",0.602,-1,1,-99,-0.099
27,"dotcolour","average","average",1.919,-1,0,-99,-0.099
27,"dotcolour","average","average",0.484,-1,1,-99,-0.099
27,"dotcolour","average","average",0.535,-1,1,-99,-0.099
27,"dotcolour","average","average",0.567,1,1,-99,-0.099
27,"dotcolour","average","average",0.635,-1,0,-99,-0.099
27,"dotcolour","average","average",0.902,-1,0,-99,-0.099
27,"dotcolour","average","average",0.902,1,1,-99,-0.099
27,"dotcolour","average","average",0.585,-1,1,-99,-0.099
27,"dotcolour","average","average",0.601,-1,1,-99,-0.099
27,"dotcolour","average","average",0.702,1,1,-99,-0.099
27,"dotcolour","average","average",0.886,1,1,-99,-0.099
27,"dotcolour","average","average",1.235,-1,0,-99,-0.099
27,"dotnumber","hard","hard",1.219,1,0,-99,-0.099
27,"dotnumber","hard","hard",1.018,1,0,-99,-0.099
27,"dotnumber","hard","hard",0.784,1,1,-99,-0.099
27,"dotnumber","hard","hard",0.835,1,1,-99,-0.099
27,"dotnumber","hard","hard",0.785,1,1,-99,-0.099
27,"dotnumber","hard","hard",0.702,-1,1,-99,-0.099
27,"dotnumber","hard","hard",0.534,1,1,-99,-0.099
27,"dotnumber","hard","hard",0.651,-1,1,-99,-0.099
27,"dotnumber","hard","hard",0.518,1,1,-99,-0.099
27,"dotnumber","hard","hard",0.568,-1,1,-99,-0.099
27,"dotnumber","hard","hard",0.486,1,1,-99,-0.099
27,"dotnumber","hard","hard",0.519,1,0,-99,-0.099
27,"dotnumber","hard","hard",0.669,1,0,-99,-0.099
27,"dotnumber","hard","hard",0.702,1,0,-99,-0.099
27,"dotnumber","hard","hard",0.768,-1,1,-99,-0.099
27,"dotnumber","hard","hard",0.585,1,1,-99,-0.099
27,"dotnumber","hard","hard",0.602,1,1,-99,-0.099
27,"dotnumber","hard","hard",0.752,-1,0,-99,-0.099
27,"dotnumber","hard","hard",0.601,1,0,-99,-0.099
27,"dotnumber","hard","hard",0.702,1,0,-99,-0.099
27,"dotnumber","hard","hard",1.319,1,1,-99,-0.099
27,"dotnumber","hard","hard",1.119,1,1,-99,-0.099
27,"dotnumber","hard","hard",0.469,1,0,-99,-0.099
27,"dotnumber","hard","hard",0.635,1,1,-99,-0.099
27,"dotnumber","hard","hard",0.935,-1,1,-99,-0.099
27,"dotnumber","hard","hard",0.502,1,1,-99,-0.099
27,"dotnumber","hard","hard",1.084,-1,1,-99,-0.099
27,"dotnumber","hard","hard",0.903,-1,0,-99,-0.099
27,"dotnumber","hard","hard",0.452,1,0,-99,-0.099
27,"dotnumber","hard","hard",0.635,1,1,-99,-0.099
27,"dotnumber","hard","hard",0.601,-1,1,-99,-0.099
27,"dotnumber","hard","hard",0.435,1,1,-99,-0.099
27,"dotnumber","hard","hard",0.601,-1,1,-99,-0.099
27,"dotnumber","hard","hard",0.518,-1,1,-99,-0.099
27,"dotnumber","hard","hard",0.585,1,1,-99,-0.099
27,"dotnumber","hard","hard",0.402,-1,1,-99,-0.099
27,"dotnumber","hard","hard",0.485,1,1,-99,-0.099
27,"dotnumber","hard","hard",0.651,-1,1,-99,-0.099
27,"dotnumber","hard","hard",0.418,1,1,-99,-0.099
27,"dotnumber","hard","hard",0.535,-1,0,-99,-0.099
27,"dotnumber","hard","hard",1.452,1,1,-99,-0.099
27,"dotnumber","hard","hard",1.285,1,1,-99,-0.099
27,"dotnumber","hard","hard",0.534,1,1,-99,-0.099
27,"dotnumber","hard","hard",0.435,-1,1,-99,-0.099
27,"dotnumber","hard","hard",0.652,-1,0,-99,-0.099
27,"dotnumber","hard","hard",0.469,1,0,-99,-0.099
27,"dotnumber","hard","hard",0.585,1,0,-99,-0.099
27,"dotnumber","hard","hard",0.501,-1,1,-99,-0.099
27,"dotnumber","hard","hard",0.902,1,0,-99,-0.099
27,"dotnumber","hard","hard",0.502,-1,1,-99,-0.099
27,"dotnumber","hard","hard",0.584,1,0,-99,-0.099
27,"dotnumber","hard","hard",0.718,1,1,-99,-0.099
27,"dotnumber","hard","hard",0.569,1,1,-99,-0.099
27,"dotnumber","hard","hard",0.585,1,1,-99,-0.099
27,"dotnumber","hard","hard",0.701,-1,0,-99,-0.099
27,"dotnumber","hard","hard",0.719,1,1,-99,-0.099
27,"dotnumber","hard","hard",2.303,1,0,-99,-0.099
27,"dotnumber","hard","hard",0.535,-1,1,-99,-0.099
27,"dotnumber","hard","hard",0.467,1,0,-99,-0.099
27,"dotnumber","hard","hard",0.569,1,1,-99,-0.099
27,"dotnumber","hard","hard",0.468,1,1,-99,-0.099
27,"dotnumber","hard","hard",0.568,1,0,-99,-0.099
27,"dotnumber","hard","hard",0.718,1,0,-99,-0.099
27,"dotnumber","hard","hard",1.035,-1,0,-99,-0.099
27,"dotnumber","hard","hard",0.468,-1,0,-99,-0.099
27,"dotnumber","hard","hard",1.003,-1,0,-99,-0.099
27,"dotnumber","hard","hard",0.518,-1,1,-99,-0.099
27,"dotnumber","hard","hard",0.568,1,1,-99,-0.099
27,"dotnumber","hard","hard",0.719,1,1,-99,-0.099
27,"dotnumber","hard","hard",0.585,1,0,-99,-0.099
27,"dotnumber","hard","hard",0.5,-1,1,-99,-0.099
27,"dotnumber","hard","hard",0.501,1,0,-99,-0.099
27,"dotnumber","hard","hard",0.853,-1,0,-99,-0.099
27,"dotnumber","hard","hard",0.535,-1,0,-99,-0.099
27,"dotnumber","hard","hard",0.419,-1,1,-99,-0.099
27,"dotnumber","hard","hard",0.418,1,1,-99,-0.099
27,"dotnumber","hard","hard",0.618,-1,0,-99,-0.099
27,"dotnumber","hard","hard",1.069,-1,0,-99,-0.099
27,"dotnumber","hard","hard",0.553,-1,1,-99,-0.099
27,"dotnumber","hard","hard",0.919,1,0,-99,-0.099
27,"dotnumber","hard","hard",0.534,1,1,-99,-0.099
27,"dotnumber","hard","hard",0.552,1,1,-99,-0.099
27,"dotnumber","hard","hard",0.486,1,0,-99,-0.099
27,"dotnumber","hard","hard",0.602,-1,1,-99,-0.099
27,"dotnumber","hard","hard",0.634,1,0,-99,-0.099
27,"dotnumber","hard","hard",0.402,1,0,-99,-0.099
27,"dotnumber","hard","hard",0.584,-1,1,-99,-0.099
27,"dotnumber","hard","hard",0.468,1,0,-99,-0.099
27,"dotnumber","hard","hard",0.652,1,0,-99,-0.099
27,"dotnumber","hard","hard",0.552,1,1,-99,-0.099
27,"dotnumber","hard","hard",0.451,1,0,-99,-0.099
27,"dotnumber","hard","hard",1.119,1,1,-99,-0.099
27,"dotnumber","hard","hard",0.552,-1,1,-99,-0.099
27,"dotnumber","hard","hard",0.484,1,1,-99,-0.099
27,"dotnumber","hard","hard",0.702,1,1,-99,-0.099
27,"dotnumber","hard","hard",0.635,-1,0,-99,-0.099
27,"dotnumber","hard","hard",0.535,-1,0,-99,-0.099
27,"dotnumber","hard","hard",0.485,-1,1,-99,-0.099
27,"dotnumber","hard","hard",0.735,-1,1,-99,-0.099
27,"dotnumber","hard","hard",0.935,-1,1,-99,-0.099
27,"dotnumber","hard","hard",1.403,1,1,-99,-0.099
27,"dotnumber","hard","hard",0.768,-1,1,-99,-0.099
27,"dotnumber","hard","hard",0.7,-1,1,-99,-0.099
27,"dotnumber","hard","hard",0.518,1,1,-99,-0.099
27,"dotnumber","hard","hard",0.685,-1,1,-99,-0.099
27,"dotnumber","hard","hard",0.451,1,0,-99,-0.099
27,"dotnumber","hard","hard",0.601,1,1,-99,-0.099
27,"dotnumber","hard","hard",0.418,1,1,-99,-0.099
27,"dotnumber","hard","hard",0.534,1,1,-99,-0.099
27,"dotnumber","hard","hard",0.551,-1,0,-99,-0.099
27,"dotnumber","hard","hard",0.468,1,0,-99,-0.099
27,"dotnumber","hard","hard",0.468,1,0,-99,-0.099
27,"dotnumber","hard","hard",0.685,1,1,-99,-0.099
27,"dotnumber","hard","hard",0.502,-1,1,-99,-0.099
27,"dotnumber","hard","hard",0.502,-1,1,-99,-0.099
27,"dotnumber","hard","hard",0.718,-1,0,-99,-0.099
27,"dotnumber","hard","hard",0.352,1,1,-99,-0.099
27,"dotnumber","hard","hard",0.485,1,1,-99,-0.099
27,"dotnumber","hard","hard",0.502,-1,1,-99,-0.099
27,"dotnumber","hard","hard",0.485,1,1,-99,-0.099
28,"dotcolour","average","average",0.918,1,0,-99,-0.099
28,"dotcolour","average","average",0.669,-1,1,-99,-0.099
28,"dotcolour","average","average",0.819,1,1,-99,-0.099
28,"dotcolour","average","average",0.568,1,1,-99,-0.099
28,"dotcolour","average","average",0.585,-1,1,-99,-0.099
28,"dotcolour","average","average",0.802,-1,1,-99,-0.099
28,"dotcolour","average","average",0.735,1,1,-99,-0.099
28,"dotcolour","average","average",0.935,-1,1,-99,-0.099
28,"dotcolour","average","average",0.802,1,1,-99,-0.099
28,"dotcolour","average","average",0.736,1,1,-99,-0.099
28,"dotcolour","average","average",0.635,-1,1,-99,-0.099
28,"dotcolour","average","average",0.585,-1,1,-99,-0.099
28,"dotcolour","average","average",0.567,1,1,-99,-0.099
28,"dotcolour","average","average",0.769,-1,1,-99,-0.099
28,"dotcolour","average","average",0.517,1,1,-99,-0.099
28,"dotcolour","average","average",0.602,1,1,-99,-0.099
28,"dotcolour","average","average",0.435,-1,1,-99,-0.099
28,"dotcolour","average","average",0.402,-1,1,-99,-0.099
28,"dotcolour","average","average",0.552,1,1,-99,-0.099
28,"dotcolour","average","average",0.601,1,1,-99,-0.099
28,"dotcolour","average","average",0.502,1,1,-99,-0.099
28,"dotcolour","average","average",0.501,-1,1,-99,-0.099
28,"dotcolour","average","average",0.502,1,1,-99,-0.099
28,"dotcolour","average","average",0.435,-1,1,-99,-0.099
28,"dotcolour","average","average",0.819,1,0,-99,-0.099
28,"dotcolour","average","average",0.435,1,1,-99,-0.099
28,"dotcolour","average","average",0.451,-1,1,-99,-0.099
28,"dotcolour","average","average",0.434,-1,0,-99,-0.099
28,"dotcolour","average","average",0.619,1,1,-99,-0.099
28,"dotcolour","average","average",0.602,-1,1,-99,-0.099
28,"dotcolour","average","average",0.534,1,1,-99,-0.099
28,"dotcolour","average","average",0.635,1,1,-99,-0.099
28,"dotcolour","average","average",0.519,-1,1,-99,-0.099
28,"dotcolour","average","average",0.602,-1,1,-99,-0.099
28,"dotcolour","average","average",0.501,1,1,-99,-0.099
28,"dotcolour","average","average",0.617,1,1,-99,-0.099
28,"dotcolour","average","average",0.501,-1,1,-99,-0.099
28,"dotcolour","average","average",0.651,-1,1,-99,-0.099
28,"dotcolour","average","average",0.584,1,1,-99,-0.099
28,"dotcolour","average","average",0.601,1,1,-99,-0.099
28,"dotcolour","average","average",1.086,-1,0,-99,-0.099
28,"dotcolour","average","average",0.968,-1,1,-99,-0.099
28,"dotcolour","average","average",0.519,-1,1,-99,-0.099
28,"dotcolour","average","average",0.603,1,1,-99,-0.099
28,"dotcolour","average","average",0.852,-1,1,-99,-0.099
28,"dotcolour","average","average",0.618,-1,1,-99,-0.099
28,"dotcolour","average","average",0.585,1,1,-99,-0.099
28,"dotcolour","average","average",0.535,-1,1,-99,-0.099
28,"dotcolour","average","average",1.219,1,1,-99,-0.099
28,"dotcolour","average","average",0.484,-1,1,-99,-0.099
28,"dotcolour","average","average",0.552,1,1,-99,-0.099
28,"dotcolour","average","average",0.552,1,1,-99,-0.099
28,"dotcolour","average","average",0.434,-1,1,-99,-0.099
28,"dotcolour","average","average",0.985,-1,1,-99,-0.099
28,"dotcolour","average","average",0.502,-1,1,-99,-0.099
28,"dotcolour","average","average",0.567,1,1,-99,-0.099
28,"dotcolour","average","average",0.552,-1,1,-99,-0.099
28,"dotcolour","average","average",0.535,1,1,-99,-0.099
28,"dotcolour","average","average",0.518,1,1,-99,-0.099
28,"dotcolour","average","average",0.502,-1,1,-99,-0.099
28,"dotcolour","average","average",0.519,1,1,-99,-0.099
28,"dotcolour","average","average",0.485,1,1,-99,-0.099
28,"dotcolour","average","average",0.519,-1,1,-99,-0.099
28,"dotcolour","average","average",0.568,1,1,-99,-0.099
28,"dotcolour","average","average",0.485,-1,1,-99,-0.099
28,"dotcolour","average","average",0.502,1,1,-99,-0.099
28,"dotcolour","average","average",0.518,-1,1,-99,-0.099
28,"dotcolour","average","average",0.752,1,1,-99,-0.099
28,"dotcolour","average","average",0.486,-1,1,-99,-0.099
28,"dotcolour","average","average",0.868,1,0,-99,-0.099
28,"dotcolour","average","average",0.468,-1,1,-99,-0.099
28,"dotcolour","average","average",0.518,1,1,-99,-0.099
28,"dotcolour","average","average",0.802,1,1,-99,-0.099
28,"dotcolour","average","average",0.885,-1,1,-99,-0.099
28,"dotcolour","average","average",0.468,1,1,-99,-0.099
28,"dotcolour","average","average",0.536,-1,1,-99,-0.099
28,"dotcolour","average","average",0.551,1,1,-99,-0.099
28,"dotcolour","average","average",0.752,-1,1,-99,-0.099
28,"dotcolour","average","average",0.518,1,1,-99,-0.099
28,"dotcolour","average","average",0.435,1,1,-99,-0.099
28,"dotcolour","average","average",0.517,-1,1,-99,-0.099
28,"dotcolour","average","average",0.551,1,1,-99,-0.099
28,"dotcolour","average","average",0.518,1,1,-99,-0.099
28,"dotcolour","average","average",0.502,-1,1,-99,-0.099
28,"dotcolour","average","average",0.818,-1,1,-99,-0.099
28,"dotcolour","average","average",0.552,-1,1,-99,-0.099
28,"dotcolour","average","average",0.552,1,1,-99,-0.099
28,"dotcolour","average","average",0.668,1,1,-99,-0.099
28,"dotcolour","average","average",0.635,-1,1,-99,-0.099
28,"dotcolour","average","average",0.951,-1,1,-99,-0.099
28,"dotcolour","average","average",0.551,1,1,-99,-0.099
28,"dotcolour","average","average",0.702,1,1,-99,-0.099
28,"dotcolour","average","average",0.569,-1,1,-99,-0.099
28,"dotcolour","average","average",0.552,1,1,-99,-0.099
28,"dotcolour","average","average",0.535,-1,1,-99,-0.099
28,"dotcolour","average","average",0.452,-1,1,-99,-0.099
28,"dotcolour","average","average",0.602,1,1,-99,-0.099
28,"dotcolour","average","average",0.484,-1,1,-99,-0.099
28,"dotcolour","average","average",0.602,1,1,-99,-0.099
28,"dotcolour","average","average",0.735,1,1,-99,-0.099
28,"dotcolour","average","average",0.485,1,1,-99,-0.099
28,"dotcolour","average","average",0.885,-1,1,-99,-0.099
28,"dotcolour","average","average",0.569,-1,1,-99,-0.099
28,"dotcolour","average","average",0.751,-1,1,-99,-0.099
28,"dotcolour","average","average",1.051,-1,1,-99,-0.099
28,"dotcolour","average","average",0.534,1,1,-99,-0.099
28,"dotcolour","average","average",0.585,-1,1,-99,-0.099
28,"dotcolour","average","average",0.785,-1,1,-99,-0.099
28,"dotcolour","average","average",0.669,1,1,-99,-0.099
28,"dotcolour","average","average",0.519,-1,1,-99,-0.099
28,"dotcolour","average","average",0.535,-1,1,-99,-0.099
28,"dotcolour","average","average",0.552,1,1,-99,-0.099
28,"dotcolour","average","average",0.819,-1,1,-99,-0.099
28,"dotcolour","average","average",0.568,1,1,-99,-0.099
28,"dotcolour","average","average",0.518,1,1,-99,-0.099
28,"dotcolour","average","average",0.552,-1,1,-99,-0.099
28,"dotcolour","average","average",0.536,1,1,-99,-0.099
28,"dotcolour","average","average",0.552,1,1,-99,-0.099
28,"dotcolour","average","average",0.569,-1,1,-99,-0.099
28,"dotcolour","average","average",0.468,1,1,-99,-0.099
28,"dotnumber","hard","hard",2.771,-1,0,-99,-0.099
28,"dotnumber","hard","hard",1.302,1,0,-99,-0.099
28,"dotnumber","hard","hard",0.835,-1,0,-99,-0.099
28,"dotnumber","hard","hard",1.67,-1,1,-99,-0.099
28,"dotnumber","hard","hard",0.667,1,1,-99,-0.099
28,"dotnumber","hard","hard",0.685,1,0,-99,-0.099
28,"dotnumber","hard","hard",0.601,-1,1,-99,-0.099
28,"dotnumber","hard","hard",0.886,-1,1,-99,-0.099
28,"dotnumber","hard","hard",0.602,1,1,-99,-0.099
28,"dotnumber","hard","hard",1.119,-1,1,-99,-0.099
28,"dotnumber","hard","hard",1.485,-1,0,-99,-0.099
28,"dotnumber","hard","hard",0.702,1,0,-99,-0.099
28,"dotnumber","hard","hard",0.636,1,1,-99,-0.099
28,"dotnumber","hard","hard",0.669,-1,1,-99,-0.099
28,"dotnumber","hard","hard",0.902,-1,1,-99,-0.099
28,"dotnumber","hard","hard",0.852,1,0,-99,-0.099
28,"dotnumber","hard","hard",0.951,-1,1,-99,-0.099
28,"dotnumber","hard","hard",0.635,-1,1,-99,-0.099
28,"dotnumber","hard","hard",0.585,1,1,-99,-0.099
28,"dotnumber","hard","hard",0.718,-1,0,-99,-0.099
28,"dotnumber","hard","hard",0.635,1,1,-99,-0.099
28,"dotnumber","hard","hard",0.652,1,1,-99,-0.099
28,"dotnumber","hard","hard",0.735,-1,0,-99,-0.099
28,"dotnumber","hard","hard",0.601,1,1,-99,-0.099
28,"dotnumber","hard","hard",0.702,1,0,-99,-0.099
28,"dotnumber","hard","hard",1.418,1,0,-99,-0.099
28,"dotnumber","hard","hard",0.702,-1,1,-99,-0.099
28,"dotnumber","hard","hard",0.768,1,1,-99,-0.099
28,"dotnumber","hard","hard",0.735,1,1,-99,-0.099
28,"dotnumber","hard","hard",0.785,1,1,-99,-0.099
28,"dotnumber","hard","hard",0.751,1,0,-99,-0.099
28,"dotnumber","hard","hard",0.769,-1,0,-99,-0.099
28,"dotnumber","hard","hard",0.569,-1,0,-99,-0.099
28,"dotnumber","hard","hard",0.635,1,0,-99,-0.099
28,"dotnumber","hard","hard",0.635,1,1,-99,-0.099
28,"dotnumber","hard","hard",0.584,-1,0,-99,-0.099
28,"dotnumber","hard","hard",0.585,1,1,-99,-0.099
28,"dotnumber","hard","hard",1.185,-1,1,-99,-0.099
28,"dotnumber","hard","hard",0.702,1,0,-99,-0.099
28,"dotnumber","hard","hard",0.601,-1,1,-99,-0.099
28,"dotnumber","hard","hard",0.569,1,1,-99,-0.099
28,"dotnumber","hard","hard",0.685,-1,1,-99,-0.099
28,"dotnumber","hard","hard",0.701,-1,1,-99,-0.099
28,"dotnumber","hard","hard",0.585,1,1,-99,-0.099
28,"dotnumber","hard","hard",0.585,-1,1,-99,-0.099
28,"dotnumber","hard","hard",0.619,1,1,-99,-0.099
28,"dotnumber","hard","hard",0.569,-1,0,-99,-0.099
28,"dotnumber","hard","hard",0.703,-1,1,-99,-0.099
28,"dotnumber","hard","hard",0.685,1,0,-99,-0.099
28,"dotnumber","hard","hard",0.635,-1,0,-99,-0.099
28,"dotnumber","hard","hard",0.619,-1,0,-99,-0.099
28,"dotnumber","hard","hard",0.618,1,0,-99,-0.099
28,"dotnumber","hard","hard",0.985,-1,1,-99,-0.099
28,"dotnumber","hard","hard",0.769,-1,0,-99,-0.099
28,"dotnumber","hard","hard",0.719,1,1,-99,-0.099
28,"dotnumber","hard","hard",1.036,1,1,-99,-0.099
28,"dotnumber","hard","hard",0.568,-1,0,-99,-0.099
28,"dotnumber","hard","hard",0.535,-1,1,-99,-0.099
28,"dotnumber","hard","hard",0.552,1,1,-99,-0.099
28,"dotnumber","hard","hard",0.636,1,1,-99,-0.099
28,"dotnumber","hard","hard",0.569,-1,1,-99,-0.099
28,"dotnumber","hard","hard",0.518,1,0,-99,-0.099
28,"dotnumber","hard","hard",0.584,-1,1,-99,-0.099
28,"dotnumber","hard","hard",0.684,-1,0,-99,-0.099
28,"dotnumber","hard","hard",1.051,1,0,-99,-0.099
28,"dotnumber","hard","hard",0.585,-1,0,-99,-0.099
28,"dotnumber","hard","hard",0.502,1,1,-99,-0.099
28,"dotnumber","hard","hard",0.585,-1,0,-99,-0.099
28,"dotnumber","hard","hard",0.752,1,0,-99,-0.099
28,"dotnumber","hard","hard",0.718,1,0,-99,-0.099
28,"dotnumber","hard","hard",0.602,1,0,-99,-0.099
28,"dotnumber","hard","hard",0.635,1,0,-99,-0.099
28,"dotnumber","hard","hard",2.104,-1,1,-99,-0.099
28,"dotnumber","hard","hard",0.869,-1,0,-99,-0.099
28,"dotnumber","hard","hard",0.602,-1,0,-99,-0.099
28,"dotnumber","hard","hard",0.686,-1,0,-99,-0.099
28,"dotnumber","hard","hard",0.535,1,1,-99,-0.099
28,"dotnumber","hard","hard",0.585,1,0,-99,-0.099
28,"dotnumber","hard","hard",0.552,1,0,-99,-0.099
28,"dotnumber","hard","hard",0.602,-1,0,-99,-0.099
28,"dotnumber","hard","hard",0.502,1,1,-99,-0.099
28,"dotnumber","hard","hard",1.335,-1,1,-99,-0.099
28,"dotnumber","hard","hard",0.618,1,1,-99,-0.099
28,"dotnumber","hard","hard",0.953,-1,1,-99,-0.099
28,"dotnumber","hard","hard",0.685,1,0,-99,-0.099
28,"dotnumber","hard","hard",0.602,-1,1,-99,-0.099
28,"dotnumber","hard","hard",0.618,1,0,-99,-0.099
28,"dotnumber","hard","hard",0.602,1,0,-99,-0.099
28,"dotnumber","hard","hard",0.819,-1,1,-99,-0.099
28,"dotnumber","hard","hard",0.585,-1,0,-99,-0.099
28,"dotnumber","hard","hard",0.886,-1,0,-99,-0.099
28,"dotnumber","hard","hard",0.568,-1,0,-99,-0.099
28,"dotnumber","hard","hard",0.719,1,1,-99,-0.099
28,"dotnumber","hard","hard",0.702,-1,0,-99,-0.099
28,"dotnumber","hard","hard",0.685,-1,1,-99,-0.099
28,"dotnumber","hard","hard",0.652,1,0,-99,-0.099
28,"dotnumber","hard","hard",1.085,-1,0,-99,-0.099
28,"dotnumber","hard","hard",0.669,-1,0,-99,-0.099
28,"dotnumber","hard","hard",0.818,1,1,-99,-0.099
28,"dotnumber","hard","hard",0.601,1,1,-99,-0.099
28,"dotnumber","hard","hard",0.735,-1,1,-99,-0.099
28,"dotnumber","hard","hard",0.735,1,1,-99,-0.099
28,"dotnumber","hard","hard",0.668,1,1,-99,-0.099
28,"dotnumber","hard","hard",0.601,-1,0,-99,-0.099
28,"dotnumber","hard","hard",0.552,1,0,-99,-0.099
28,"dotnumber","hard","hard",0.586,1,1,-99,-0.099
28,"dotnumber","hard","hard",0.568,-1,1,-99,-0.099
28,"dotnumber","hard","hard",0.485,-1,0,-99,-0.099
28,"dotnumber","hard","hard",0.435,-1,1,-99,-0.099
28,"dotnumber","hard","hard",0.535,-1,1,-99,-0.099
28,"dotnumber","hard","hard",0.685,-1,1,-99,-0.099
28,"dotnumber","hard","hard",0.669,-1,0,-99,-0.099
28,"dotnumber","hard","hard",0.418,1,0,-99,-0.099
28,"dotnumber","hard","hard",0.752,1,0,-99,-0.099
28,"dotnumber","hard","hard",0.653,1,0,-99,-0.099
28,"dotnumber","hard","hard",1.436,1,1,-99,-0.099
28,"dotnumber","hard","hard",0.535,-1,0,-99,-0.099
28,"dotnumber","hard","hard",0.902,-1,1,-99,-0.099
28,"dotnumber","hard","hard",0.802,-1,1,-99,-0.099
28,"dotnumber","hard","hard",1.019,1,0,-99,-0.099
28,"xotask","easy","easy",1.185,1,1,-99,-0.099
28,"xotask","easy","easy",0.669,1,1,-99,-0.099
28,"xotask","easy","easy",1.853,1,1,-99,-0.099
28,"xotask","easy","easy",0.702,-1,1,-99,-0.099
28,"xotask","easy","easy",0.551,1,1,-99,-0.099
28,"xotask","easy","easy",0.569,-1,1,-99,-0.099
28,"xotask","easy","easy",0.801,-1,1,-99,-0.099
28,"xotask","easy","easy",0.685,-1,1,-99,-0.099
28,"xotask","easy","easy",0.584,-1,1,-99,-0.099
28,"xotask","easy","easy",0.518,1,1,-99,-0.099
28,"xotask","easy","easy",0.552,1,1,-99,-0.099
28,"xotask","easy","easy",0.552,1,1,-99,-0.099
28,"xotask","easy","easy",0.535,-1,1,-99,-0.099
28,"xotask","easy","easy",0.685,-1,1,-99,-0.099
28,"xotask","easy","easy",0.668,-1,1,-99,-0.099
28,"xotask","easy","easy",0.568,1,1,-99,-0.099
28,"xotask","easy","easy",0.552,-1,1,-99,-0.099
28,"xotask","easy","easy",0.551,-1,1,-99,-0.099
28,"xotask","easy","easy",0.518,-1,1,-99,-0.099
28,"xotask","easy","easy",0.671,1,1,-99,-0.099
28,"xotask","easy","easy",0.519,-1,1,-99,-0.099
28,"xotask","easy","easy",0.434,1,1,-99,-0.099
28,"xotask","easy","easy",0.468,1,1,-99,-0.099
28,"xotask","easy","easy",0.435,1,1,-99,-0.099
28,"xotask","easy","easy",0.769,-1,1,-99,-0.099
28,"xotask","easy","easy",0.502,1,1,-99,-0.099
28,"xotask","easy","easy",0.518,-1,1,-99,-0.099
28,"xotask","easy","easy",0.503,-1,1,-99,-0.099
28,"xotask","easy","easy",0.434,1,1,-99,-0.099
28,"xotask","easy","easy",0.385,1,1,-99,-0.099
28,"xotask","easy","easy",0.418,1,1,-99,-0.099
28,"xotask","easy","easy",0.367,1,1,-99,-0.099
28,"xotask","easy","easy",0.551,1,1,-99,-0.099
28,"xotask","easy","easy",0.452,1,1,-99,-0.099
28,"xotask","easy","easy",0.468,-1,1,-99,-0.099
28,"xotask","easy","easy",0.467,-1,1,-99,-0.099
28,"xotask","easy","easy",0.401,-1,1,-99,-0.099
28,"xotask","easy","easy",0.452,1,1,-99,-0.099
28,"xotask","easy","easy",0.435,-1,1,-99,-0.099
28,"xotask","easy","easy",0.467,-1,1,-99,-0.099
28,"xotask","easy","easy",0.385,-1,1,-99,-0.099
28,"xotask","easy","easy",0.468,1,1,-99,-0.099
28,"xotask","easy","easy",0.452,-1,1,-99,-0.099
28,"xotask","easy","easy",0.384,1,1,-99,-0.099
28,"xotask","easy","easy",0.402,-1,1,-99,-0.099
28,"xotask","easy","easy",0.351,1,1,-99,-0.099
28,"xotask","easy","easy",0.451,1,1,-99,-0.099
28,"xotask","easy","easy",0.402,-1,1,-99,-0.099
28,"xotask","easy","easy",0.918,1,1,-99,-0.099
28,"xotask","easy","easy",0.484,1,1,-99,-0.099
28,"xotask","easy","easy",0.434,-1,1,-99,-0.099
28,"xotask","easy","easy",0.419,1,1,-99,-0.099
28,"xotask","easy","easy",0.418,1,1,-99,-0.099
28,"xotask","easy","easy",0.418,1,1,-99,-0.099
28,"xotask","easy","easy",0.453,1,1,-99,-0.099
28,"xotask","easy","easy",0.451,1,0,-99,-0.099
28,"xotask","easy","easy",0.569,-1,1,-99,-0.099
28,"xotask","easy","easy",0.569,1,1,-99,-0.099
28,"xotask","easy","easy",0.485,1,1,-99,-0.099
28,"xotask","easy","easy",0.452,1,1,-99,-0.099
28,"xotask","easy","easy",0.468,1,1,-99,-0.099
28,"xotask","easy","easy",0.402,-1,1,-99,-0.099
28,"xotask","easy","easy",0.434,-1,1,-99,-0.099
28,"xotask","easy","easy",0.435,-1,1,-99,-0.099
28,"xotask","easy","easy",0.419,-1,1,-99,-0.099
28,"xotask","easy","easy",0.452,-1,1,-99,-0.099
28,"xotask","easy","easy",0.435,-1,1,-99,-0.099
28,"xotask","easy","easy",0.534,1,1,-99,-0.099
28,"xotask","easy","easy",0.468,-1,1,-99,-0.099
28,"xotask","easy","easy",0.418,-1,1,-99,-0.099
28,"xotask","easy","easy",0.484,1,1,-99,-0.099
28,"xotask","easy","easy",0.419,-1,1,-99,-0.099
28,"xotask","easy","easy",0.884,1,1,-99,-0.099
28,"xotask","easy","easy",0.436,-1,1,-99,-0.099
28,"xotask","easy","easy",0.551,1,1,-99,-0.099
28,"xotask","easy","easy",1.653,1,1,-99,-0.099
28,"xotask","easy","easy",0.568,-1,1,-99,-0.099
28,"xotask","easy","easy",0.669,-1,1,-99,-0.099
28,"xotask","easy","easy",0.501,1,1,-99,-0.099
28,"xotask","easy","easy",0.484,1,1,-99,-0.099
28,"xotask","easy","easy",0.385,1,1,-99,-0.099
28,"xotask","easy","easy",0.384,1,1,-99,-0.099
28,"xotask","easy","easy",0.368,1,0,-99,-0.099
28,"xotask","easy","easy",0.535,1,1,-99,-0.099
28,"xotask","easy","easy",0.468,-1,1,-99,-0.099
28,"xotask","easy","easy",0.552,-1,1,-99,-0.099
28,"xotask","easy","easy",1.435,1,1,-99,-0.099
28,"xotask","easy","easy",0.518,1,1,-99,-0.099
28,"xotask","easy","easy",0.451,-1,1,-99,-0.099
28,"xotask","easy","easy",0.551,-1,1,-99,-0.099
28,"xotask","easy","easy",0.451,-1,1,-99,-0.099
28,"xotask","easy","easy",0.436,-1,1,-99,-0.099
28,"xotask","easy","easy",0.719,-1,1,-99,-0.099
28,"xotask","easy","easy",0.401,-1,1,-99,-0.099
28,"xotask","easy","easy",0.468,1,1,-99,-0.099
28,"xotask","easy","easy",0.502,1,1,-99,-0.099
28,"xotask","easy","easy",0.702,-1,1,-99,-0.099
28,"xotask","easy","easy",0.418,-1,1,-99,-0.099
28,"xotask","easy","easy",0.453,1,1,-99,-0.099
28,"xotask","easy","easy",0.435,-1,1,-99,-0.099
28,"xotask","easy","easy",0.969,1,1,-99,-0.099
28,"xotask","easy","easy",1.002,-1,1,-99,-0.099
28,"xotask","easy","easy",0.568,1,1,-99,-0.099
28,"xotask","easy","easy",0.484,1,1,-99,-0.099
28,"xotask","easy","easy",0.552,-1,1,-99,-0.099
28,"xotask","easy","easy",0.435,-1,1,-99,-0.099
28,"xotask","easy","easy",0.452,-1,1,-99,-0.099
28,"xotask","easy","easy",0.502,1,1,-99,-0.099
28,"xotask","easy","easy",0.485,-1,1,-99,-0.099
28,"xotask","easy","easy",0.451,-1,1,-99,-0.099
28,"xotask","easy","easy",0.435,-1,1,-99,-0.099
28,"xotask","easy","easy",0.802,-1,1,-99,-0.099
28,"xotask","easy","easy",0.484,1,1,-99,-0.099
28,"xotask","easy","easy",0.602,-1,1,-99,-0.099
28,"xotask","easy","easy",0.419,1,1,-99,-0.099
28,"xotask","easy","easy",0.502,1,1,-99,-0.099
28,"xotask","easy","easy",0.45,1,1,-99,-0.099
28,"xotask","easy","easy",0.418,1,1,-99,-0.099
28,"xotask","easy","easy",0.535,1,1,-99,-0.099
28,"xotask","easy","easy",0.651,1,1,-99,-0.099
29,"dotnumber","hard","hard",0.652,1,1,-99,-0.099
29,"dotnumber","hard","hard",0.969,1,0,-99,-0.099
29,"dotnumber","hard","hard",1.186,-1,0,-99,-0.099
29,"dotnumber","hard","hard",0.718,1,1,-99,-0.099
29,"dotnumber","hard","hard",0.818,1,0,-99,-0.099
29,"dotnumber","hard","hard",0.853,1,1,-99,-0.099
29,"dotnumber","hard","hard",0.751,1,1,-99,-0.099
29,"dotnumber","hard","hard",0.935,-1,1,-99,-0.099
29,"dotnumber","hard","hard",0.618,1,1,-99,-0.099
29,"dotnumber","hard","hard",0.985,-1,1,-99,-0.099
29,"dotnumber","hard","hard",0.852,1,1,-99,-0.099
29,"dotnumber","hard","hard",0.817,-1,0,-99,-0.099
29,"dotnumber","hard","hard",0.669,-1,1,-99,-0.099
29,"dotnumber","hard","hard",0.735,-1,1,-99,-0.099
29,"dotnumber","hard","hard",0.902,1,0,-99,-0.099
29,"dotnumber","hard","hard",0.802,-1,1,-99,-0.099
29,"dotnumber","hard","hard",0.735,1,0,-99,-0.099
29,"dotnumber","hard","hard",0.769,1,0,-99,-0.099
29,"dotnumber","hard","hard",0.868,1,1,-99,-0.099
29,"dotnumber","hard","hard",0.902,1,0,-99,-0.099
29,"dotnumber","hard","hard",0.784,1,1,-99,-0.099
29,"dotnumber","hard","hard",1.068,1,0,-99,-0.099
29,"dotnumber","hard","hard",1.018,-1,0,-99,-0.099
29,"dotnumber","hard","hard",0.802,1,1,-99,-0.099
29,"dotnumber","hard","hard",1.369,1,1,-99,-0.099
29,"dotnumber","hard","hard",1.036,-1,1,-99,-0.099
29,"dotnumber","hard","hard",0.802,1,0,-99,-0.099
29,"dotnumber","hard","hard",0.817,1,1,-99,-0.099
29,"dotnumber","hard","hard",0.818,1,1,-99,-0.099
29,"dotnumber","hard","hard",1.002,-1,1,-99,-0.099
29,"dotnumber","hard","hard",0.918,1,1,-99,-0.099
29,"dotnumber","hard","hard",1.235,1,0,-99,-0.099
29,"dotnumber","hard","hard",0.902,1,0,-99,-0.099
29,"dotnumber","hard","hard",1.002,1,1,-99,-0.099
29,"dotnumber","hard","hard",0.818,1,1,-99,-0.099
29,"dotnumber","hard","hard",1.135,-1,1,-99,-0.099
29,"dotnumber","hard","hard",1.336,-1,1,-99,-0.099
29,"dotnumber","hard","hard",1.336,1,0,-99,-0.099
29,"dotnumber","hard","hard",0.768,1,1,-99,-0.099
29,"dotnumber","hard","hard",1.003,1,1,-99,-0.099
29,"dotnumber","hard","hard",0.936,1,0,-99,-0.099
29,"dotnumber","hard","hard",0.851,1,0,-99,-0.099
29,"dotnumber","hard","hard",0.901,1,1,-99,-0.099
29,"dotnumber","hard","hard",0.918,1,0,-99,-0.099
29,"dotnumber","hard","hard",0.719,1,1,-99,-0.099
29,"dotnumber","hard","hard",0.886,1,0,-99,-0.099
29,"dotnumber","hard","hard",0.802,1,1,-99,-0.099
29,"dotnumber","hard","hard",0.735,1,1,-99,-0.099
29,"dotnumber","hard","hard",0.885,-1,0,-99,-0.099
29,"dotnumber","hard","hard",0.952,1,1,-99,-0.099
29,"dotnumber","hard","hard",0.802,1,1,-99,-0.099
29,"dotnumber","hard","hard",0.769,1,0,-99,-0.099
29,"dotnumber","hard","hard",1.103,-1,1,-99,-0.099
29,"dotnumber","hard","hard",0.936,1,0,-99,-0.099
29,"dotnumber","hard","hard",0.735,1,1,-99,-0.099
29,"dotnumber","hard","hard",0.818,1,0,-99,-0.099
29,"dotnumber","hard","hard",1.135,1,0,-99,-0.099
29,"dotnumber","hard","hard",0.835,1,0,-99,-0.099
29,"dotnumber","hard","hard",1.052,-1,0,-99,-0.099
29,"dotnumber","hard","hard",1.153,1,1,-99,-0.099
29,"dotnumber","hard","hard",0.851,-1,1,-99,-0.099
29,"dotnumber","hard","hard",1.036,1,1,-99,-0.099
29,"dotnumber","hard","hard",0.919,-1,1,-99,-0.099
29,"dotnumber","hard","hard",1.019,1,1,-99,-0.099
29,"dotnumber","hard","hard",1.103,1,0,-99,-0.099
29,"dotnumber","hard","hard",1.419,1,0,-99,-0.099
29,"dotnumber","hard","hard",1.436,-1,0,-99,-0.099
29,"dotnumber","hard","hard",1.168,1,1,-99,-0.099
29,"dotnumber","hard","hard",0.869,1,0,-99,-0.099
29,"dotnumber","hard","hard",0.818,1,0,-99,-0.099
29,"dotnumber","hard","hard",0.886,-1,0,-99,-0.099
29,"dotnumber","hard","hard",1.169,1,1,-99,-0.099
29,"dotnumber","hard","hard",0.802,1,0,-99,-0.099
29,"dotnumber","hard","hard",0.652,1,1,-99,-0.099
29,"dotnumber","hard","hard",0.835,-1,0,-99,-0.099
29,"dotnumber","hard","hard",2.587,-1,1,-99,-0.099
29,"dotnumber","hard","hard",1.436,1,0,-99,-0.099
29,"dotnumber","hard","hard",0.718,-1,1,-99,-0.099
29,"dotnumber","hard","hard",1.035,1,1,-99,-0.099
29,"dotnumber","hard","hard",1.219,1,0,-99,-0.099
29,"dotnumber","hard","hard",0.768,-1,1,-99,-0.099
29,"dotnumber","hard","hard",1.185,1,0,-99,-0.099
29,"dotnumber","hard","hard",0.969,1,0,-99,-0.099
29,"dotnumber","hard","hard",0.935,1,1,-99,-0.099
29,"dotnumber","hard","hard",0.936,1,1,-99,-0.099
29,"dotnumber","hard","hard",2.369,1,1,-99,-0.099
29,"dotnumber","hard","hard",1.135,1,0,-99,-0.099
29,"dotnumber","hard","hard",1.168,-1,0,-99,-0.099
29,"dotnumber","hard","hard",0.802,-1,0,-99,-0.099
29,"dotnumber","hard","hard",0.736,1,0,-99,-0.099
29,"dotnumber","hard","hard",1.018,1,1,-99,-0.099
29,"dotnumber","hard","hard",0.769,1,1,-99,-0.099
29,"dotnumber","hard","hard",1.252,1,0,-99,-0.099
29,"dotnumber","hard","hard",0.785,1,1,-99,-0.099
29,"dotnumber","hard","hard",0.835,-1,0,-99,-0.099
29,"dotnumber","hard","hard",0.919,-1,1,-99,-0.099
29,"dotnumber","hard","hard",1.303,1,1,-99,-0.099
29,"dotnumber","hard","hard",0.601,-1,1,-99,-0.099
29,"dotnumber","hard","hard",0.686,-1,1,-99,-0.099
29,"dotnumber","hard","hard",0.785,1,1,-99,-0.099
29,"dotnumber","hard","hard",0.768,-1,1,-99,-0.099
29,"dotnumber","hard","hard",0.701,1,0,-99,-0.099
29,"dotnumber","hard","hard",0.702,-1,0,-99,-0.099
29,"dotnumber","hard","hard",0.818,1,0,-99,-0.099
29,"dotnumber","hard","hard",0.702,-1,0,-99,-0.099
29,"dotnumber","hard","hard",1.135,1,1,-99,-0.099
29,"dotnumber","hard","hard",0.936,-1,1,-99,-0.099
29,"dotnumber","hard","hard",0.684,-1,1,-99,-0.099
29,"dotnumber","hard","hard",0.918,-1,0,-99,-0.099
29,"dotnumber","hard","hard",0.669,1,1,-99,-0.099
29,"dotnumber","hard","hard",0.785,-1,1,-99,-0.099
29,"dotnumber","hard","hard",0.719,1,1,-99,-0.099
29,"dotnumber","hard","hard",0.802,-1,1,-99,-0.099
29,"dotnumber","hard","hard",0.884,1,1,-99,-0.099
29,"dotnumber","hard","hard",0.701,-1,1,-99,-0.099
29,"dotnumber","hard","hard",0.651,1,0,-99,-0.099
29,"dotnumber","hard","hard",0.735,-1,1,-99,-0.099
29,"dotnumber","hard","hard",0.652,1,1,-99,-0.099
29,"dotnumber","hard","hard",0.652,1,1,-99,-0.099
29,"dotnumber","hard","hard",0.685,-1,0,-99,-0.099
29,"xotask","easy","easy",7.074,-1,0,-99,-0.099
29,"xotask","easy","easy",2.47,-1,1,-99,-0.099
29,"xotask","easy","easy",0.719,1,1,-99,-0.099
29,"xotask","easy","easy",0.752,1,1,-99,-0.099
29,"xotask","easy","easy",1.251,1,1,-99,-0.099
29,"xotask","easy","easy",1.152,1,1,-99,-0.099
29,"xotask","easy","easy",0.751,1,1,-99,-0.099
29,"xotask","easy","easy",0.569,-1,1,-99,-0.099
29,"xotask","easy","easy",0.685,-1,1,-99,-0.099
29,"xotask","easy","easy",1.503,-1,0,-99,-0.099
29,"xotask","easy","easy",0.702,-1,1,-99,-0.099
29,"xotask","easy","easy",1.419,-1,1,-99,-0.099
29,"xotask","easy","easy",0.852,-1,1,-99,-0.099
29,"xotask","easy","easy",0.619,1,0,-99,-0.099
29,"xotask","easy","easy",0.818,-1,0,-99,-0.099
29,"xotask","easy","easy",1.053,-1,1,-99,-0.099
29,"xotask","easy","easy",0.751,-1,1,-99,-0.099
29,"xotask","easy","easy",0.668,-1,1,-99,-0.099
29,"xotask","easy","easy",0.986,-1,1,-99,-0.099
29,"xotask","easy","easy",0.635,1,1,-99,-0.099
29,"xotask","easy","easy",0.786,1,1,-99,-0.099
29,"xotask","easy","easy",0.651,1,1,-99,-0.099
29,"xotask","easy","easy",0.635,-1,1,-99,-0.099
29,"xotask","easy","easy",0.701,1,1,-99,-0.099
29,"xotask","easy","easy",0.718,1,1,-99,-0.099
29,"xotask","easy","easy",0.668,1,1,-99,-0.099
29,"xotask","easy","easy",0.567,1,1,-99,-0.099
29,"xotask","easy","easy",0.768,1,1,-99,-0.099
29,"xotask","easy","easy",0.601,-1,1,-99,-0.099
29,"xotask","easy","easy",0.535,-1,1,-99,-0.099
29,"xotask","easy","easy",0.585,1,1,-99,-0.099
29,"xotask","easy","easy",0.552,1,1,-99,-0.099
29,"xotask","easy","easy",0.485,1,1,-99,-0.099
29,"xotask","easy","easy",0.785,-1,1,-99,-0.099
29,"xotask","easy","easy",0.751,-1,1,-99,-0.099
29,"xotask","easy","easy",0.719,-1,1,-99,-0.099
29,"xotask","easy","easy",0.968,-1,0,-99,-0.099
29,"xotask","easy","easy",0.719,-1,1,-99,-0.099
29,"xotask","easy","easy",0.768,1,1,-99,-0.099
29,"xotask","easy","easy",0.902,-1,1,-99,-0.099
29,"xotask","easy","easy",0.669,-1,1,-99,-0.099
29,"xotask","easy","easy",0.651,-1,1,-99,-0.099
29,"xotask","easy","easy",0.918,-1,0,-99,-0.099
29,"xotask","easy","easy",0.601,-1,1,-99,-0.099
29,"xotask","easy","easy",0.902,-1,1,-99,-0.099
29,"xotask","easy","easy",0.718,-1,1,-99,-0.099
29,"xotask","easy","easy",0.601,1,1,-99,-0.099
29,"xotask","easy","easy",0.619,1,1,-99,-0.099
29,"xotask","easy","easy",0.702,-1,1,-99,-0.099
29,"xotask","easy","easy",0.568,-1,1,-99,-0.099
29,"xotask","easy","easy",0.636,1,1,-99,-0.099
29,"xotask","easy","easy",0.685,-1,1,-99,-0.099
29,"xotask","easy","easy",0.786,1,1,-99,-0.099
29,"xotask","easy","easy",0.584,1,1,-99,-0.099
29,"xotask","easy","easy",1.252,-1,0,-99,-0.099
29,"xotask","easy","easy",0.684,-1,1,-99,-0.099
29,"xotask","easy","easy",1.353,1,1,-99,-0.099
29,"xotask","easy","easy",0.585,-1,1,-99,-0.099
29,"xotask","easy","easy",0.669,-1,1,-99,-0.099
29,"xotask","easy","easy",0.619,1,1,-99,-0.099
29,"xotask","easy","easy",0.684,-1,1,-99,-0.099
29,"xotask","easy","easy",0.752,-1,1,-99,-0.099
29,"xotask","easy","easy",0.686,-1,1,-99,-0.099
29,"xotask","easy","easy",0.669,1,1,-99,-0.099
29,"xotask","easy","easy",0.735,1,1,-99,-0.099
29,"xotask","easy","easy",0.785,1,1,-99,-0.099
29,"xotask","easy","easy",0.785,1,1,-99,-0.099
29,"xotask","easy","easy",0.701,-1,1,-99,-0.099
29,"xotask","easy","easy",0.568,1,1,-99,-0.099
29,"xotask","easy","easy",0.518,1,1,-99,-0.099
29,"xotask","easy","easy",0.584,-1,1,-99,-0.099
29,"xotask","easy","easy",0.617,-1,1,-99,-0.099
29,"xotask","easy","easy",0.902,1,1,-99,-0.099
29,"xotask","easy","easy",0.535,-1,1,-99,-0.099
29,"xotask","easy","easy",0.601,-1,1,-99,-0.099
29,"xotask","easy","easy",0.618,1,1,-99,-0.099
29,"xotask","easy","easy",0.936,1,1,-99,-0.099
29,"xotask","easy","easy",0.635,-1,1,-99,-0.099
29,"xotask","easy","easy",0.919,-1,1,-99,-0.099
29,"xotask","easy","easy",0.686,-1,1,-99,-0.099
29,"xotask","easy","easy",0.552,1,1,-99,-0.099
29,"xotask","easy","easy",0.653,-1,1,-99,-0.099
29,"xotask","easy","easy",0.751,-1,1,-99,-0.099
29,"xotask","easy","easy",0.652,1,1,-99,-0.099
29,"xotask","easy","easy",0.719,1,1,-99,-0.099
29,"xotask","easy","easy",0.634,1,1,-99,-0.099
29,"xotask","easy","easy",0.619,1,1,-99,-0.099
29,"xotask","easy","easy",0.534,1,1,-99,-0.099
29,"xotask","easy","easy",0.435,1,1,-99,-0.099
29,"xotask","easy","easy",0.736,-1,1,-99,-0.099
29,"xotask","easy","easy",0.602,-1,0,-99,-0.099
29,"xotask","easy","easy",0.768,-1,1,-99,-0.099
29,"xotask","easy","easy",0.619,1,1,-99,-0.099
29,"xotask","easy","easy",0.752,-1,1,-99,-0.099
29,"xotask","easy","easy",0.602,-1,1,-99,-0.099
29,"xotask","easy","easy",0.703,-1,1,-99,-0.099
29,"xotask","easy","easy",0.802,1,1,-99,-0.099
29,"xotask","easy","easy",0.751,1,1,-99,-0.099
29,"xotask","easy","easy",0.584,-1,1,-99,-0.099
29,"xotask","easy","easy",0.535,-1,1,-99,-0.099
29,"xotask","easy","easy",0.634,1,1,-99,-0.099
29,"xotask","easy","easy",0.585,-1,1,-99,-0.099
29,"xotask","easy","easy",0.652,1,1,-99,-0.099
29,"xotask","easy","easy",0.568,1,1,-99,-0.099
29,"xotask","easy","easy",0.501,1,1,-99,-0.099
29,"xotask","easy","easy",0.702,1,1,-99,-0.099
29,"xotask","easy","easy",0.702,1,1,-99,-0.099
29,"xotask","easy","easy",0.751,-1,1,-99,-0.099
29,"xotask","easy","easy",0.668,1,1,-99,-0.099
29,"xotask","easy","easy",0.835,-1,1,-99,-0.099
29,"xotask","easy","easy",0.651,-1,1,-99,-0.099
29,"xotask","easy","easy",0.719,-1,1,-99,-0.099
29,"xotask","easy","easy",0.617,-1,1,-99,-0.099
29,"xotask","easy","easy",0.669,-1,1,-99,-0.099
29,"xotask","easy","easy",0.719,-1,0,-99,-0.099
29,"xotask","easy","easy",0.652,-1,1,-99,-0.099
29,"xotask","easy","easy",0.619,-1,1,-99,-0.099
29,"xotask","easy","easy",0.718,-1,1,-99,-0.099
29,"xotask","easy","easy",0.618,1,1,-99,-0.099
29,"xotask","easy","easy",0.768,1,1,-99,-0.099
29,"dotcolour","average","average",1.002,-1,1,-99,-0.099
29,"dotcolour","average","average",1.503,-1,0,-99,-0.099
29,"dotcolour","average","average",1.069,1,1,-99,-0.099
29,"dotcolour","average","average",0.818,-1,0,-99,-0.099
29,"dotcolour","average","average",1.235,1,1,-99,-0.099
29,"dotcolour","average","average",1.437,1,1,-99,-0.099
29,"dotcolour","average","average",0.985,1,1,-99,-0.099
29,"dotcolour","average","average",0.869,-1,1,-99,-0.099
29,"dotcolour","average","average",0.718,-1,1,-99,-0.099
29,"dotcolour","average","average",0.951,1,1,-99,-0.099
29,"dotcolour","average","average",0.819,-1,1,-99,-0.099
29,"dotcolour","average","average",0.801,-1,1,-99,-0.099
29,"dotcolour","average","average",0.685,-1,1,-99,-0.099
29,"dotcolour","average","average",0.769,-1,1,-99,-0.099
29,"dotcolour","average","average",1.301,-1,0,-99,-0.099
29,"dotcolour","average","average",0.785,-1,1,-99,-0.099
29,"dotcolour","average","average",0.802,1,1,-99,-0.099
29,"dotcolour","average","average",0.602,-1,1,-99,-0.099
29,"dotcolour","average","average",1.118,1,1,-99,-0.099
29,"dotcolour","average","average",0.768,-1,1,-99,-0.099
29,"dotcolour","average","average",0.65,-1,1,-99,-0.099
29,"dotcolour","average","average",1.152,1,1,-99,-0.099
29,"dotcolour","average","average",0.97,1,1,-99,-0.099
29,"dotcolour","average","average",1.036,-1,1,-99,-0.099
29,"dotcolour","average","average",1.035,1,1,-99,-0.099
29,"dotcolour","average","average",0.785,1,1,-99,-0.099
29,"dotcolour","average","average",0.718,1,1,-99,-0.099
29,"dotcolour","average","average",1.202,1,1,-99,-0.099
29,"dotcolour","average","average",0.835,-1,0,-99,-0.099
29,"dotcolour","average","average",0.535,-1,1,-99,-0.099
29,"dotcolour","average","average",0.486,-1,1,-99,-0.099
29,"dotcolour","average","average",0.802,-1,0,-99,-0.099
29,"dotcolour","average","average",0.752,1,1,-99,-0.099
29,"dotcolour","average","average",0.651,-1,1,-99,-0.099
29,"dotcolour","average","average",0.552,-1,1,-99,-0.099
29,"dotcolour","average","average",0.769,1,1,-99,-0.099
29,"dotcolour","average","average",0.518,-1,1,-99,-0.099
29,"dotcolour","average","average",0.819,1,1,-99,-0.099
29,"dotcolour","average","average",0.569,-1,1,-99,-0.099
29,"dotcolour","average","average",0.485,-1,1,-99,-0.099
29,"dotcolour","average","average",0.585,-1,1,-99,-0.099
29,"dotcolour","average","average",0.501,-1,1,-99,-0.099
29,"dotcolour","average","average",0.935,1,1,-99,-0.099
29,"dotcolour","average","average",0.702,1,1,-99,-0.099
29,"dotcolour","average","average",0.669,1,1,-99,-0.099
29,"dotcolour","average","average",0.685,-1,1,-99,-0.099
29,"dotcolour","average","average",0.618,-1,1,-99,-0.099
29,"dotcolour","average","average",0.568,-1,1,-99,-0.099
29,"dotcolour","average","average",0.885,1,0,-99,-0.099
29,"dotcolour","average","average",0.668,1,1,-99,-0.099
29,"dotcolour","average","average",0.518,-1,1,-99,-0.099
29,"dotcolour","average","average",0.585,-1,1,-99,-0.099
29,"dotcolour","average","average",0.586,-1,1,-99,-0.099
29,"dotcolour","average","average",0.935,-1,1,-99,-0.099
29,"dotcolour","average","average",0.836,1,1,-99,-0.099
29,"dotcolour","average","average",1.101,1,1,-99,-0.099
29,"dotcolour","average","average",0.952,1,1,-99,-0.099
29,"dotcolour","average","average",0.602,-1,0,-99,-0.099
29,"dotcolour","average","average",0.668,1,1,-99,-0.099
29,"dotcolour","average","average",0.752,1,1,-99,-0.099
29,"dotcolour","average","average",0.668,-1,1,-99,-0.099
29,"dotcolour","average","average",1.036,-1,0,-99,-0.099
29,"dotcolour","average","average",0.735,1,1,-99,-0.099
29,"dotcolour","average","average",1.319,-1,1,-99,-0.099
29,"dotcolour","average","average",0.769,1,1,-99,-0.099
29,"dotcolour","average","average",0.718,1,1,-99,-0.099
29,"dotcolour","average","average",0.618,-1,1,-99,-0.099
29,"dotcolour","average","average",0.768,-1,1,-99,-0.099
29,"dotcolour","average","average",0.652,1,1,-99,-0.099
29,"dotcolour","average","average",0.419,-1,1,-99,-0.099
29,"dotcolour","average","average",0.635,-1,1,-99,-0.099
29,"dotcolour","average","average",0.718,-1,1,-99,-0.099
29,"dotcolour","average","average",0.801,-1,1,-99,-0.099
29,"dotcolour","average","average",1.368,1,1,-99,-0.099
29,"dotcolour","average","average",0.752,1,1,-99,-0.099
29,"dotcolour","average","average",0.534,-1,1,-99,-0.099
29,"dotcolour","average","average",0.72,-1,1,-99,-0.099
29,"dotcolour","average","average",0.668,1,1,-99,-0.099
29,"dotcolour","average","average",0.586,-1,1,-99,-0.099
29,"dotcolour","average","average",0.736,-1,1,-99,-0.099
29,"dotcolour","average","average",0.768,1,1,-99,-0.099
29,"dotcolour","average","average",0.451,-1,1,-99,-0.099
29,"dotcolour","average","average",0.517,-1,1,-99,-0.099
29,"dotcolour","average","average",0.502,-1,1,-99,-0.099
29,"dotcolour","average","average",0.684,1,1,-99,-0.099
29,"dotcolour","average","average",0.684,-1,0,-99,-0.099
29,"dotcolour","average","average",0.736,-1,0,-99,-0.099
29,"dotcolour","average","average",0.535,-1,1,-99,-0.099
29,"dotcolour","average","average",0.485,-1,1,-99,-0.099
29,"dotcolour","average","average",0.585,-1,1,-99,-0.099
29,"dotcolour","average","average",1.102,1,1,-99,-0.099
29,"dotcolour","average","average",0.668,1,1,-99,-0.099
29,"dotcolour","average","average",0.686,1,1,-99,-0.099
29,"dotcolour","average","average",0.719,-1,1,-99,-0.099
29,"dotcolour","average","average",0.685,1,1,-99,-0.099
29,"dotcolour","average","average",1.235,-1,0,-99,-0.099
29,"dotcolour","average","average",0.852,1,0,-99,-0.099
29,"dotcolour","average","average",0.953,1,1,-99,-0.099
29,"dotcolour","average","average",0.619,1,1,-99,-0.099
29,"dotcolour","average","average",0.685,-1,1,-99,-0.099
29,"dotcolour","average","average",0.535,-1,1,-99,-0.099
29,"dotcolour","average","average",0.668,-1,1,-99,-0.099
29,"dotcolour","average","average",0.685,1,1,-99,-0.099
29,"dotcolour","average","average",0.618,-1,1,-99,-0.099
29,"dotcolour","average","average",1.568,1,1,-99,-0.099
29,"dotcolour","average","average",0.468,-1,1,-99,-0.099
29,"dotcolour","average","average",0.701,-1,0,-99,-0.099
29,"dotcolour","average","average",0.735,1,1,-99,-0.099
29,"dotcolour","average","average",0.868,1,1,-99,-0.099
29,"dotcolour","average","average",0.835,1,1,-99,-0.099
29,"dotcolour","average","average",0.637,-1,1,-99,-0.099
29,"dotcolour","average","average",0.652,1,1,-99,-0.099
29,"dotcolour","average","average",0.885,-1,0,-99,-0.099
29,"dotcolour","average","average",0.667,-1,1,-99,-0.099
29,"dotcolour","average","average",0.435,-1,1,-99,-0.099
29,"dotcolour","average","average",0.452,-1,1,-99,-0.099
29,"dotcolour","average","average",0.485,-1,1,-99,-0.099
29,"dotcolour","average","average",0.669,1,1,-99,-0.099
29,"dotcolour","average","average",0.735,1,1,-99,-0.099
29,"dotcolour","average","average",0.702,-1,1,-99,-0.099
30,"xotask","hard","hard",1.436,1,0,-99,-0.099
30,"xotask","hard","hard",1.335,1,1,-99,-0.099
30,"xotask","hard","hard",0.784,-1,1,-99,-0.099
30,"xotask","hard","hard",1.036,1,0,-99,-0.099
30,"xotask","hard","hard",1.019,-1,1,-99,-0.099
30,"xotask","hard","hard",0.835,-1,1,-99,-0.099
30,"xotask","hard","hard",0.819,1,1,-99,-0.099
30,"xotask","hard","hard",0.852,-1,0,-99,-0.099
30,"xotask","hard","hard",0.853,1,1,-99,-0.099
30,"xotask","hard","hard",0.769,1,1,-99,-0.099
30,"xotask","hard","hard",0.819,-1,1,-99,-0.099
30,"xotask","hard","hard",1.386,1,1,-99,-0.099
30,"xotask","hard","hard",0.985,-1,1,-99,-0.099
30,"xotask","hard","hard",0.651,-1,1,-99,-0.099
30,"xotask","hard","hard",0.585,-1,0,-99,-0.099
30,"xotask","hard","hard",0.718,1,0,-99,-0.099
30,"xotask","hard","hard",0.518,-1,0,-99,-0.099
30,"xotask","hard","hard",0.769,1,1,-99,-0.099
30,"xotask","hard","hard",0.802,1,1,-99,-0.099
30,"xotask","hard","hard",1.252,-1,1,-99,-0.099
30,"xotask","hard","hard",1.202,1,0,-99,-0.099
30,"xotask","hard","hard",1.101,1,1,-99,-0.099
30,"xotask","hard","hard",0.918,-1,1,-99,-0.099
30,"xotask","hard","hard",1.569,1,1,-99,-0.099
30,"xotask","hard","hard",1.152,1,1,-99,-0.099
30,"xotask","hard","hard",0.685,-1,1,-99,-0.099
30,"xotask","hard","hard",0.585,1,1,-99,-0.099
30,"xotask","hard","hard",0.668,-1,1,-99,-0.099
30,"xotask","hard","hard",0.468,-1,1,-99,-0.099
30,"xotask","hard","hard",0.752,-1,0,-99,-0.099
30,"xotask","hard","hard",0.618,-1,0,-99,-0.099
30,"xotask","hard","hard",0.768,1,1,-99,-0.099
30,"xotask","hard","hard",0.451,-1,1,-99,-0.099
30,"xotask","hard","hard",0.468,1,0,-99,-0.099
30,"xotask","hard","hard",0.568,1,0,-99,-0.099
30,"xotask","hard","hard",0.768,-1,1,-99,-0.099
30,"xotask","hard","hard",0.651,1,0,-99,-0.099
30,"xotask","hard","hard",0.719,-1,0,-99,-0.099
30,"xotask","hard","hard",0.735,-1,0,-99,-0.099
30,"xotask","hard","hard",0.635,1,1,-99,-0.099
30,"xotask","hard","hard",0.752,-1,1,-99,-0.099
30,"xotask","hard","hard",0.618,1,1,-99,-0.099
30,"xotask","hard","hard",0.718,-1,1,-99,-0.099
30,"xotask","hard","hard",0.651,-1,1,-99,-0.099
30,"xotask","hard","hard",0.585,-1,0,-99,-0.099
30,"xotask","hard","hard",0.686,-1,0,-99,-0.099
30,"xotask","hard","hard",1.818,1,1,-99,-0.099
30,"xotask","hard","hard",0.785,-1,1,-99,-0.099
30,"xotask","hard","hard",2.321,1,0,-99,-0.099
30,"xotask","hard","hard",0.969,1,0,-99,-0.099
30,"xotask","hard","hard",1.269,-1,1,-99,-0.099
30,"xotask","hard","hard",0.852,1,1,-99,-0.099
30,"xotask","hard","hard",1.703,-1,1,-99,-0.099
30,"xotask","hard","hard",0.969,-1,0,-99,-0.099
30,"xotask","hard","hard",0.701,-1,1,-99,-0.099
30,"xotask","hard","hard",0.969,1,0,-99,-0.099
30,"xotask","hard","hard",1.036,-1,0,-99,-0.099
30,"xotask","hard","hard",0.785,-1,1,-99,-0.099
30,"xotask","hard","hard",0.735,-1,1,-99,-0.099
30,"xotask","hard","hard",1.085,1,1,-99,-0.099
30,"xotask","hard","hard",0.801,1,1,-99,-0.099
30,"xotask","hard","hard",1.135,1,1,-99,-0.099
30,"xotask","hard","hard",0.869,-1,1,-99,-0.099
30,"xotask","hard","hard",0.902,-1,0,-99,-0.099
30,"xotask","hard","hard",0.903,-1,1,-99,-0.099
30,"xotask","hard","hard",1.352,-1,1,-99,-0.099
30,"xotask","hard","hard",0.968,-1,0,-99,-0.099
30,"xotask","hard","hard",0.669,1,1,-99,-0.099
30,"xotask","hard","hard",0.686,-1,0,-99,-0.099
30,"xotask","hard","hard",0.718,-1,1,-99,-0.099
30,"xotask","hard","hard",0.585,-1,0,-99,-0.099
30,"xotask","hard","hard",0.668,1,1,-99,-0.099
30,"xotask","hard","hard",1.253,-1,0,-99,-0.099
30,"xotask","hard","hard",0.702,1,1,-99,-0.099
30,"xotask","hard","hard",0.769,-1,1,-99,-0.099
30,"xotask","hard","hard",0.718,-1,0,-99,-0.099
30,"xotask","hard","hard",0.918,1,1,-99,-0.099
30,"xotask","hard","hard",0.918,-1,1,-99,-0.099
30,"xotask","hard","hard",0.736,1,1,-99,-0.099
30,"xotask","hard","hard",0.652,-1,1,-99,-0.099
30,"xotask","hard","hard",0.719,-1,1,-99,-0.099
30,"xotask","hard","hard",2.253,-1,1,-99,-0.099
30,"xotask","hard","hard",0.785,-1,1,-99,-0.099
30,"xotask","hard","hard",0.669,-1,1,-99,-0.099
30,"xotask","hard","hard",0.618,1,1,-99,-0.099
30,"xotask","hard","hard",0.686,-1,0,-99,-0.099
30,"xotask","hard","hard",0.751,1,1,-99,-0.099
30,"xotask","hard","hard",0.667,-1,0,-99,-0.099
30,"xotask","hard","hard",0.651,1,0,-99,-0.099
30,"xotask","hard","hard",0.753,-1,1,-99,-0.099
30,"xotask","hard","hard",0.669,1,0,-99,-0.099
30,"xotask","hard","hard",0.852,-1,1,-99,-0.099
30,"xotask","hard","hard",1.503,1,1,-99,-0.099
30,"xotask","hard","hard",1.269,1,1,-99,-0.099
30,"xotask","hard","hard",0.919,-1,1,-99,-0.099
30,"xotask","hard","hard",0.735,1,1,-99,-0.099
30,"xotask","hard","hard",0.835,1,1,-99,-0.099
30,"xotask","hard","hard",0.785,1,0,-99,-0.099
30,"xotask","hard","hard",0.635,-1,1,-99,-0.099
30,"xotask","hard","hard",0.668,-1,1,-99,-0.099
30,"xotask","hard","hard",0.952,-1,0,-99,-0.099
30,"xotask","hard","hard",0.802,-1,1,-99,-0.099
30,"xotask","hard","hard",0.935,-1,0,-99,-0.099
30,"xotask","hard","hard",0.668,-1,1,-99,-0.099
30,"xotask","hard","hard",0.952,-1,0,-99,-0.099
30,"xotask","hard","hard",0.884,1,1,-99,-0.099
30,"xotask","hard","hard",1.153,1,1,-99,-0.099
30,"xotask","hard","hard",0.918,-1,1,-99,-0.099
30,"xotask","hard","hard",0.636,-1,1,-99,-0.099
30,"xotask","hard","hard",0.702,-1,0,-99,-0.099
30,"xotask","hard","hard",0.652,-1,1,-99,-0.099
30,"xotask","hard","hard",0.936,-1,1,-99,-0.099
30,"xotask","hard","hard",0.818,-1,1,-99,-0.099
30,"xotask","hard","hard",1.085,1,1,-99,-0.099
30,"xotask","hard","hard",1.469,-1,0,-99,-0.099
30,"xotask","hard","hard",0.736,-1,1,-99,-0.099
30,"xotask","hard","hard",0.734,1,1,-99,-0.099
30,"xotask","hard","hard",0.868,-1,0,-99,-0.099
30,"xotask","hard","hard",1.186,1,1,-99,-0.099
30,"xotask","hard","hard",0.919,-1,1,-99,-0.099
30,"dotcolour","easy","easy",1.002,1,1,-99,-0.099
30,"dotcolour","easy","easy",0.452,-1,1,-99,-0.099
30,"dotcolour","easy","easy",0.585,-1,1,-99,-0.099
30,"dotcolour","easy","easy",0.451,-1,1,-99,-0.099
30,"dotcolour","easy","easy",0.367,-1,1,-99,-0.099
30,"dotcolour","easy","easy",0.369,1,1,-99,-0.099
30,"dotcolour","easy","easy",0.301,-1,1,-99,-0.099
30,"dotcolour","easy","easy",0.501,-1,1,-99,-0.099
30,"dotcolour","easy","easy",0.318,-1,1,-99,-0.099
30,"dotcolour","easy","easy",0.585,1,1,-99,-0.099
30,"dotcolour","easy","easy",0.669,1,1,-99,-0.099
30,"dotcolour","easy","easy",0.502,-1,1,-99,-0.099
30,"dotcolour","easy","easy",0.419,1,1,-99,-0.099
30,"dotcolour","easy","easy",0.418,1,1,-99,-0.099
30,"dotcolour","easy","easy",0.384,1,1,-99,-0.099
30,"dotcolour","easy","easy",0.352,1,1,-99,-0.099
30,"dotcolour","easy","easy",0.451,-1,1,-99,-0.099
30,"dotcolour","easy","easy",0.402,1,1,-99,-0.099
30,"dotcolour","easy","easy",0.568,-1,1,-99,-0.099
30,"dotcolour","easy","easy",0.418,-1,1,-99,-0.099
30,"dotcolour","easy","easy",0.418,-1,1,-99,-0.099
30,"dotcolour","easy","easy",0.602,1,1,-99,-0.099
30,"dotcolour","easy","easy",0.468,1,1,-99,-0.099
30,"dotcolour","easy","easy",0.385,1,1,-99,-0.099
30,"dotcolour","easy","easy",0.702,1,1,-99,-0.099
30,"dotcolour","easy","easy",0.486,1,1,-99,-0.099
30,"dotcolour","easy","easy",0.536,-1,0,-99,-0.099
30,"dotcolour","easy","easy",0.435,1,1,-99,-0.099
30,"dotcolour","easy","easy",0.385,-1,1,-99,-0.099
30,"dotcolour","easy","easy",0.403,1,1,-99,-0.099
30,"dotcolour","easy","easy",0.485,-1,1,-99,-0.099
30,"dotcolour","easy","easy",0.468,-1,1,-99,-0.099
30,"dotcolour","easy","easy",0.351,-1,1,-99,-0.099
30,"dotcolour","easy","easy",0.402,-1,1,-99,-0.099
30,"dotcolour","easy","easy",0.335,-1,1,-99,-0.099
30,"dotcolour","easy","easy",0.333,-1,1,-99,-0.099
30,"dotcolour","easy","easy",0.668,1,1,-99,-0.099
30,"dotcolour","easy","easy",0.585,1,1,-99,-0.099
30,"dotcolour","easy","easy",0.568,1,1,-99,-0.099
30,"dotcolour","easy","easy",0.402,1,1,-99,-0.099
30,"dotcolour","easy","easy",0.401,1,0,-99,-0.099
30,"dotcolour","easy","easy",0.418,-1,1,-99,-0.099
30,"dotcolour","easy","easy",0.568,-1,1,-99,-0.099
30,"dotcolour","easy","easy",0.518,-1,0,-99,-0.099
30,"dotcolour","easy","easy",0.519,1,1,-99,-0.099
30,"dotcolour","easy","easy",0.568,-1,1,-99,-0.099
30,"dotcolour","easy","easy",0.65,-1,1,-99,-0.099
30,"dotcolour","easy","easy",0.501,1,1,-99,-0.099
30,"dotcolour","easy","easy",0.568,1,1,-99,-0.099
30,"dotcolour","easy","easy",0.385,-1,1,-99,-0.099
30,"dotcolour","easy","easy",0.418,1,1,-99,-0.099
30,"dotcolour","easy","easy",0.402,1,1,-99,-0.099
30,"dotcolour","easy","easy",0.434,-1,1,-99,-0.099
30,"dotcolour","easy","easy",0.369,1,1,-99,-0.099
30,"dotcolour","easy","easy",0.385,-1,1,-99,-0.099
30,"dotcolour","easy","easy",0.401,1,1,-99,-0.099
30,"dotcolour","easy","easy",0.352,1,0,-99,-0.099
30,"dotcolour","easy","easy",0.502,-1,1,-99,-0.099
30,"dotcolour","easy","easy",0.451,1,1,-99,-0.099
30,"dotcolour","easy","easy",0.335,-1,1,-99,-0.099
30,"dotcolour","easy","easy",0.402,-1,1,-99,-0.099
30,"dotcolour","easy","easy",0.418,-1,1,-99,-0.099
30,"dotcolour","easy","easy",0.385,-1,1,-99,-0.099
30,"dotcolour","easy","easy",0.935,1,1,-99,-0.099
30,"dotcolour","easy","easy",0.518,1,1,-99,-0.099
30,"dotcolour","easy","easy",0.468,1,1,-99,-0.099
30,"dotcolour","easy","easy",0.784,-1,1,-99,-0.099
30,"dotcolour","easy","easy",0.518,-1,1,-99,-0.099
30,"dotcolour","easy","easy",0.635,1,1,-99,-0.099
30,"dotcolour","easy","easy",1.42,1,1,-99,-0.099
30,"dotcolour","easy","easy",0.552,-1,1,-99,-0.099
30,"dotcolour","easy","easy",0.435,1,1,-99,-0.099
30,"dotcolour","easy","easy",0.602,-1,1,-99,-0.099
30,"dotcolour","easy","easy",0.352,-1,1,-99,-0.099
30,"dotcolour","easy","easy",0.385,1,0,-99,-0.099
30,"dotcolour","easy","easy",0.502,1,1,-99,-0.099
30,"dotcolour","easy","easy",0.551,-1,1,-99,-0.099
30,"dotcolour","easy","easy",0.634,1,1,-99,-0.099
30,"dotcolour","easy","easy",0.402,1,1,-99,-0.099
30,"dotcolour","easy","easy",0.452,-1,1,-99,-0.099
30,"dotcolour","easy","easy",0.518,-1,1,-99,-0.099
30,"dotcolour","easy","easy",0.619,1,1,-99,-0.099
30,"dotcolour","easy","easy",0.502,1,1,-99,-0.099
30,"dotcolour","easy","easy",0.552,-1,1,-99,-0.099
30,"dotcolour","easy","easy",0.435,1,0,-99,-0.099
30,"dotcolour","easy","easy",0.636,-1,1,-99,-0.099
30,"dotcolour","easy","easy",0.586,1,1,-99,-0.099
30,"dotcolour","easy","easy",0.701,-1,1,-99,-0.099
30,"dotcolour","easy","easy",0.701,1,1,-99,-0.099
30,"dotcolour","easy","easy",0.567,-1,1,-99,-0.099
30,"dotcolour","easy","easy",0.602,1,1,-99,-0.099
30,"dotcolour","easy","easy",0.585,1,1,-99,-0.099
30,"dotcolour","easy","easy",0.518,1,1,-99,-0.099
30,"dotcolour","easy","easy",0.551,-1,1,-99,-0.099
30,"dotcolour","easy","easy",0.401,-1,0,-99,-0.099
30,"dotcolour","easy","easy",0.518,1,1,-99,-0.099
30,"dotcolour","easy","easy",0.652,-1,1,-99,-0.099
30,"dotcolour","easy","easy",0.636,-1,1,-99,-0.099
30,"dotcolour","easy","easy",0.301,-1,1,-99,-0.099
30,"dotcolour","easy","easy",0.301,-1,1,-99,-0.099
30,"dotcolour","easy","easy",0.251,1,1,-99,-0.099
30,"dotcolour","easy","easy",0.318,1,1,-99,-0.099
30,"dotcolour","easy","easy",0.451,-1,1,-99,-0.099
30,"dotcolour","easy","easy",0.352,-1,1,-99,-0.099
30,"dotcolour","easy","easy",0.486,-1,1,-99,-0.099
30,"dotcolour","easy","easy",0.335,-1,1,-99,-0.099
30,"dotcolour","easy","easy",0.518,1,1,-99,-0.099
30,"dotcolour","easy","easy",0.468,1,1,-99,-0.099
30,"dotcolour","easy","easy",0.602,-1,0,-99,-0.099
30,"dotcolour","easy","easy",0.619,-1,1,-99,-0.099
30,"dotcolour","easy","easy",0.351,-1,0,-99,-0.099
30,"dotcolour","easy","easy",0.402,1,1,-99,-0.099
30,"dotcolour","easy","easy",0.351,1,1,-99,-0.099
30,"dotcolour","easy","easy",0.351,1,1,-99,-0.099
30,"dotcolour","easy","easy",0.352,1,1,-99,-0.099
30,"dotcolour","easy","easy",0.367,1,1,-99,-0.099
30,"dotcolour","easy","easy",0.468,-1,1,-99,-0.099
30,"dotcolour","easy","easy",0.668,1,1,-99,-0.099
30,"dotcolour","easy","easy",0.467,-1,1,-99,-0.099
30,"dotcolour","easy","easy",0.502,-1,1,-99,-0.099
30,"dotnumber","average","average",0.668,1,1,-99,-0.099
30,"dotnumber","average","average",0.652,1,1,-99,-0.099
30,"dotnumber","average","average",0.651,-1,0,-99,-0.099
30,"dotnumber","average","average",0.869,1,1,-99,-0.099
30,"dotnumber","average","average",0.719,1,0,-99,-0.099
30,"dotnumber","average","average",0.902,-1,0,-99,-0.099
30,"dotnumber","average","average",0.968,1,1,-99,-0.099
30,"dotnumber","average","average",0.636,-1,1,-99,-0.099
30,"dotnumber","average","average",0.768,1,0,-99,-0.099
30,"dotnumber","average","average",0.702,-1,1,-99,-0.099
30,"dotnumber","average","average",0.636,-1,1,-99,-0.099
30,"dotnumber","average","average",0.952,1,1,-99,-0.099
30,"dotnumber","average","average",0.718,1,1,-99,-0.099
30,"dotnumber","average","average",0.652,-1,0,-99,-0.099
30,"dotnumber","average","average",0.836,1,0,-99,-0.099
30,"dotnumber","average","average",0.584,-1,1,-99,-0.099
30,"dotnumber","average","average",0.469,-1,1,-99,-0.099
30,"dotnumber","average","average",0.651,1,0,-99,-0.099
30,"dotnumber","average","average",0.786,-1,0,-99,-0.099
30,"dotnumber","average","average",0.485,-1,0,-99,-0.099
30,"dotnumber","average","average",0.702,1,1,-99,-0.099
30,"dotnumber","average","average",0.618,-1,1,-99,-0.099
30,"dotnumber","average","average",1.136,-1,1,-99,-0.099
30,"dotnumber","average","average",0.768,1,0,-99,-0.099
30,"dotnumber","average","average",1.169,-1,1,-99,-0.099
30,"dotnumber","average","average",0.668,-1,0,-99,-0.099
30,"dotnumber","average","average",0.618,-1,1,-99,-0.099
30,"dotnumber","average","average",0.734,1,1,-99,-0.099
30,"dotnumber","average","average",0.617,1,1,-99,-0.099
30,"dotnumber","average","average",0.718,-1,1,-99,-0.099
30,"dotnumber","average","average",0.702,1,1,-99,-0.099
30,"dotnumber","average","average",0.585,1,1,-99,-0.099
30,"dotnumber","average","average",0.735,1,1,-99,-0.099
30,"dotnumber","average","average",0.652,1,1,-99,-0.099
30,"dotnumber","average","average",0.703,-1,1,-99,-0.099
30,"dotnumber","average","average",0.701,1,1,-99,-0.099
30,"dotnumber","average","average",0.735,-1,1,-99,-0.099
30,"dotnumber","average","average",0.652,-1,1,-99,-0.099
30,"dotnumber","average","average",0.551,1,0,-99,-0.099
30,"dotnumber","average","average",0.418,1,1,-99,-0.099
30,"dotnumber","average","average",0.802,1,0,-99,-0.099
30,"dotnumber","average","average",0.502,1,1,-99,-0.099
30,"dotnumber","average","average",0.534,-1,1,-99,-0.099
30,"dotnumber","average","average",0.552,-1,1,-99,-0.099
30,"dotnumber","average","average",0.502,-1,1,-99,-0.099
30,"dotnumber","average","average",1.453,-1,1,-99,-0.099
30,"dotnumber","average","average",0.652,1,1,-99,-0.099
30,"dotnumber","average","average",0.536,1,1,-99,-0.099
30,"dotnumber","average","average",1.286,-1,1,-99,-0.099
30,"dotnumber","average","average",0.752,-1,0,-99,-0.099
30,"dotnumber","average","average",0.635,-1,1,-99,-0.099
30,"dotnumber","average","average",0.634,1,1,-99,-0.099
30,"dotnumber","average","average",0.702,-1,1,-99,-0.099
30,"dotnumber","average","average",0.618,1,0,-99,-0.099
30,"dotnumber","average","average",0.634,-1,1,-99,-0.099
30,"dotnumber","average","average",0.667,1,0,-99,-0.099
30,"dotnumber","average","average",0.685,-1,0,-99,-0.099
30,"dotnumber","average","average",0.718,1,1,-99,-0.099
30,"dotnumber","average","average",0.618,-1,1,-99,-0.099
30,"dotnumber","average","average",0.702,1,1,-99,-0.099
30,"dotnumber","average","average",0.601,1,1,-99,-0.099
30,"dotnumber","average","average",0.702,-1,1,-99,-0.099
30,"dotnumber","average","average",0.601,1,1,-99,-0.099
30,"dotnumber","average","average",0.785,1,0,-99,-0.099
30,"dotnumber","average","average",0.684,-1,0,-99,-0.099
30,"dotnumber","average","average",0.502,-1,1,-99,-0.099
30,"dotnumber","average","average",0.602,1,1,-99,-0.099
30,"dotnumber","average","average",0.502,1,1,-99,-0.099
30,"dotnumber","average","average",0.635,-1,1,-99,-0.099
30,"dotnumber","average","average",0.719,1,1,-99,-0.099
30,"dotnumber","average","average",0.652,-1,1,-99,-0.099
30,"dotnumber","average","average",0.669,-1,0,-99,-0.099
30,"dotnumber","average","average",0.535,-1,1,-99,-0.099
30,"dotnumber","average","average",0.585,-1,1,-99,-0.099
30,"dotnumber","average","average",0.585,1,1,-99,-0.099
30,"dotnumber","average","average",0.502,-1,1,-99,-0.099
30,"dotnumber","average","average",0.468,-1,1,-99,-0.099
30,"dotnumber","average","average",0.552,1,1,-99,-0.099
30,"dotnumber","average","average",0.435,-1,1,-99,-0.099
30,"dotnumber","average","average",0.635,-1,1,-99,-0.099
30,"dotnumber","average","average",0.618,1,1,-99,-0.099
30,"dotnumber","average","average",0.851,1,1,-99,-0.099
30,"dotnumber","average","average",0.518,-1,1,-99,-0.099
30,"dotnumber","average","average",0.518,1,0,-99,-0.099
30,"dotnumber","average","average",0.502,-1,0,-99,-0.099
30,"dotnumber","average","average",0.468,-1,1,-99,-0.099
30,"dotnumber","average","average",0.651,-1,0,-99,-0.099
30,"dotnumber","average","average",0.886,1,1,-99,-0.099
30,"dotnumber","average","average",0.485,1,1,-99,-0.099
30,"dotnumber","average","average",0.569,-1,1,-99,-0.099
30,"dotnumber","average","average",0.585,1,1,-99,-0.099
30,"dotnumber","average","average",0.485,1,1,-99,-0.099
30,"dotnumber","average","average",0.452,1,1,-99,-0.099
30,"dotnumber","average","average",0.485,1,1,-99,-0.099
30,"dotnumber","average","average",0.551,-1,1,-99,-0.099
30,"dotnumber","average","average",0.301,-1,1,-99,-0.099
30,"dotnumber","average","average",0.702,-1,0,-99,-0.099
30,"dotnumber","average","average",0.434,-1,0,-99,-0.099
30,"dotnumber","average","average",0.467,1,0,-99,-0.099
30,"dotnumber","average","average",0.684,1,1,-99,-0.099
30,"dotnumber","average","average",0.568,-1,0,-99,-0.099
30,"dotnumber","average","average",0.568,1,1,-99,-0.099
30,"dotnumber","average","average",0.751,1,1,-99,-0.099
30,"dotnumber","average","average",0.803,1,0,-99,-0.099
30,"dotnumber","average","average",0.602,-1,0,-99,-0.099
30,"dotnumber","average","average",0.603,1,0,-99,-0.099
30,"dotnumber","average","average",0.619,-1,1,-99,-0.099
30,"dotnumber","average","average",0.618,-1,1,-99,-0.099
30,"dotnumber","average","average",0.836,1,1,-99,-0.099
30,"dotnumber","average","average",0.568,-1,1,-99,-0.099
30,"dotnumber","average","average",0.618,1,1,-99,-0.099
30,"dotnumber","average","average",0.602,1,0,-99,-0.099
30,"dotnumber","average","average",0.636,1,1,-99,-0.099
30,"dotnumber","average","average",0.652,-1,1,-99,-0.099
30,"dotnumber","average","average",0.652,-1,1,-99,-0.099
30,"dotnumber","average","average",0.535,-1,1,-99,-0.099
30,"dotnumber","average","average",0.752,1,1,-99,-0.099
30,"dotnumber","average","average",0.585,-1,1,-99,-0.099
30,"dotnumber","average","average",0.702,1,1,-99,-0.099
30,"dotnumber","average","average",0.668,-1,1,-99,-0.099
31,"dotcolour","easy","easy",1.903,1,0,-99,-0.099
31,"dotcolour","easy","easy",0.702,-1,1,-99,-0.099
31,"dotcolour","easy","easy",0.668,-1,1,-99,-0.099
31,"dotcolour","easy","easy",1.369,1,0,-99,-0.099
31,"dotcolour","easy","easy",0.602,1,1,-99,-0.099
31,"dotcolour","easy","easy",0.652,1,1,-99,-0.099
31,"dotcolour","easy","easy",0.552,-1,1,-99,-0.099
31,"dotcolour","easy","easy",0.686,-1,1,-99,-0.099
31,"dotcolour","easy","easy",0.518,-1,1,-99,-0.099
31,"dotcolour","easy","easy",0.602,1,1,-99,-0.099
31,"dotcolour","easy","easy",0.601,1,1,-99,-0.099
31,"dotcolour","easy","easy",0.468,1,1,-99,-0.099
31,"dotcolour","easy","easy",0.485,-1,1,-99,-0.099
31,"dotcolour","easy","easy",0.485,-1,1,-99,-0.099
31,"dotcolour","easy","easy",0.584,1,1,-99,-0.099
31,"dotcolour","easy","easy",0.519,1,1,-99,-0.099
31,"dotcolour","easy","easy",0.535,1,1,-99,-0.099
31,"dotcolour","easy","easy",0.534,1,1,-99,-0.099
31,"dotcolour","easy","easy",0.569,1,1,-99,-0.099
31,"dotcolour","easy","easy",0.501,1,1,-99,-0.099
31,"dotcolour","easy","easy",0.418,-1,1,-99,-0.099
31,"dotcolour","easy","easy",0.485,-1,1,-99,-0.099
31,"dotcolour","easy","easy",0.618,1,1,-99,-0.099
31,"dotcolour","easy","easy",0.534,-1,1,-99,-0.099
31,"dotcolour","easy","easy",0.868,-1,1,-99,-0.099
31,"dotcolour","easy","easy",0.585,-1,1,-99,-0.099
31,"dotcolour","easy","easy",0.468,1,1,-99,-0.099
31,"dotcolour","easy","easy",0.384,-1,1,-99,-0.099
31,"dotcolour","easy","easy",0.669,1,1,-99,-0.099
31,"dotcolour","easy","easy",0.652,1,1,-99,-0.099
31,"dotcolour","easy","easy",0.452,-1,1,-99,-0.099
31,"dotcolour","easy","easy",0.568,1,1,-99,-0.099
31,"dotcolour","easy","easy",0.736,1,1,-99,-0.099
31,"dotcolour","easy","easy",0.586,1,1,-99,-0.099
31,"dotcolour","easy","easy",0.652,1,1,-99,-0.099
31,"dotcolour","easy","easy",0.552,1,1,-99,-0.099
31,"dotcolour","easy","easy",0.651,-1,1,-99,-0.099
31,"dotcolour","easy","easy",0.851,-1,1,-99,-0.099
31,"dotcolour","easy","easy",0.651,1,1,-99,-0.099
31,"dotcolour","easy","easy",0.55,-1,1,-99,-0.099
31,"dotcolour","easy","easy",0.636,-1,1,-99,-0.099
31,"dotcolour","easy","easy",0.768,-1,1,-99,-0.099
31,"dotcolour","easy","easy",0.819,1,1,-99,-0.099
31,"dotcolour","easy","easy",0.485,-1,1,-99,-0.099
31,"dotcolour","easy","easy",0.735,-1,1,-99,-0.099
31,"dotcolour","easy","easy",0.852,1,1,-99,-0.099
31,"dotcolour","easy","easy",0.801,1,1,-99,-0.099
31,"dotcolour","easy","easy",0.719,-1,1,-99,-0.099
31,"dotcolour","easy","easy",1.32,1,1,-99,-0.099
31,"dotcolour","easy","easy",0.568,-1,1,-99,-0.099
31,"dotcolour","easy","easy",0.635,-1,1,-99,-0.099
31,"dotcolour","easy","easy",0.601,1,1,-99,-0.099
31,"dotcolour","easy","easy",0.668,1,1,-99,-0.099
31,"dotcolour","easy","easy",0.701,1,1,-99,-0.099
31,"dotcolour","easy","easy",0.685,1,1,-99,-0.099
31,"dotcolour","easy","easy",0.519,1,1,-99,-0.099
31,"dotcolour","easy","easy",0.417,-1,1,-99,-0.099
31,"dotcolour","easy","easy",0.401,-1,1,-99,-0.099
31,"dotcolour","easy","easy",0.485,1,1,-99,-0.099
31,"dotcolour","easy","easy",0.568,1,1,-99,-0.099
31,"dotcolour","easy","easy",0.484,-1,1,-99,-0.099
31,"dotcolour","easy","easy",0.568,-1,1,-99,-0.099
31,"dotcolour","easy","easy",0.435,-1,1,-99,-0.099
31,"dotcolour","easy","easy",0.451,-1,1,-99,-0.099
31,"dotcolour","easy","easy",0.551,1,1,-99,-0.099
31,"dotcolour","easy","easy",0.652,-1,1,-99,-0.099
31,"dotcolour","easy","easy",0.535,-1,1,-99,-0.099
31,"dotcolour","easy","easy",0.536,1,1,-99,-0.099
31,"dotcolour","easy","easy",0.519,1,1,-99,-0.099
31,"dotcolour","easy","easy",0.551,1,1,-99,-0.099
31,"dotcolour","easy","easy",0.385,-1,1,-99,-0.099
31,"dotcolour","easy","easy",0.451,-1,1,-99,-0.099
31,"dotcolour","easy","easy",0.601,-1,1,-99,-0.099
31,"dotcolour","easy","easy",0.552,1,1,-99,-0.099
31,"dotcolour","easy","easy",0.668,-1,1,-99,-0.099
31,"dotcolour","easy","easy",0.535,1,1,-99,-0.099
31,"dotcolour","easy","easy",0.718,1,1,-99,-0.099
31,"dotcolour","easy","easy",0.786,-1,1,-99,-0.099
31,"dotcolour","easy","easy",0.568,1,1,-99,-0.099
31,"dotcolour","easy","easy",0.569,-1,1,-99,-0.099
31,"dotcolour","easy","easy",0.802,-1,1,-99,-0.099
31,"dotcolour","easy","easy",0.468,1,1,-99,-0.099
31,"dotcolour","easy","easy",0.668,1,1,-99,-0.099
31,"dotcolour","easy","easy",0.602,-1,1,-99,-0.099
31,"dotcolour","easy","easy",0.618,-1,1,-99,-0.099
31,"dotcolour","easy","easy",0.669,1,1,-99,-0.099
31,"dotcolour","easy","easy",0.768,-1,1,-99,-0.099
31,"dotcolour","easy","easy",0.569,-1,1,-99,-0.099
31,"dotcolour","easy","easy",0.452,1,1,-99,-0.099
31,"dotcolour","easy","easy",0.635,-1,1,-99,-0.099
31,"dotcolour","easy","easy",0.618,1,1,-99,-0.099
31,"dotcolour","easy","easy",0.452,-1,1,-99,-0.099
31,"dotcolour","easy","easy",0.501,1,1,-99,-0.099
31,"dotcolour","easy","easy",0.753,-1,1,-99,-0.099
31,"dotcolour","easy","easy",0.452,1,1,-99,-0.099
31,"dotcolour","easy","easy",0.535,1,1,-99,-0.099
31,"dotcolour","easy","easy",0.636,-1,1,-99,-0.099
31,"dotcolour","easy","easy",0.402,1,1,-99,-0.099
31,"dotcolour","easy","easy",0.569,1,1,-99,-0.099
31,"dotcolour","easy","easy",0.451,1,1,-99,-0.099
31,"dotcolour","easy","easy",0.535,-1,1,-99,-0.099
31,"dotcolour","easy","easy",0.501,1,1,-99,-0.099
31,"dotcolour","easy","easy",0.601,1,1,-99,-0.099
31,"dotcolour","easy","easy",0.652,1,1,-99,-0.099
31,"dotcolour","easy","easy",0.701,1,1,-99,-0.099
31,"dotcolour","easy","easy",0.768,1,1,-99,-0.099
31,"dotcolour","easy","easy",0.517,-1,1,-99,-0.099
31,"dotcolour","easy","easy",0.835,1,1,-99,-0.099
31,"dotcolour","easy","easy",0.635,-1,1,-99,-0.099
31,"dotcolour","easy","easy",0.601,-1,1,-99,-0.099
31,"dotcolour","easy","easy",0.753,1,1,-99,-0.099
31,"dotcolour","easy","easy",0.836,-1,1,-99,-0.099
31,"dotcolour","easy","easy",0.653,-1,1,-99,-0.099
31,"dotcolour","easy","easy",0.635,-1,1,-99,-0.099
31,"dotcolour","easy","easy",0.568,1,1,-99,-0.099
31,"dotcolour","easy","easy",0.637,-1,1,-99,-0.099
31,"dotcolour","easy","easy",0.585,-1,1,-99,-0.099
31,"dotcolour","easy","easy",0.452,-1,1,-99,-0.099
31,"dotcolour","easy","easy",0.452,-1,1,-99,-0.099
31,"dotcolour","easy","easy",0.417,1,1,-99,-0.099
31,"dotnumber","average","average",1.919,-1,1,-99,-0.099
31,"dotnumber","average","average",0.602,1,1,-99,-0.099
31,"dotnumber","average","average",0.701,-1,1,-99,-0.099
31,"dotnumber","average","average",0.602,1,1,-99,-0.099
31,"dotnumber","average","average",0.719,1,1,-99,-0.099
31,"dotnumber","average","average",0.635,-1,1,-99,-0.099
31,"dotnumber","average","average",0.569,1,1,-99,-0.099
31,"dotnumber","average","average",0.552,1,1,-99,-0.099
31,"dotnumber","average","average",1.186,1,0,-99,-0.099
31,"dotnumber","average","average",0.769,1,1,-99,-0.099
31,"dotnumber","average","average",1.318,-1,1,-99,-0.099
31,"dotnumber","average","average",0.652,-1,1,-99,-0.099
31,"dotnumber","average","average",0.601,1,1,-99,-0.099
31,"dotnumber","average","average",1.334,-1,1,-99,-0.099
31,"dotnumber","average","average",0.668,-1,1,-99,-0.099
31,"dotnumber","average","average",0.635,-1,1,-99,-0.099
31,"dotnumber","average","average",0.651,1,0,-99,-0.099
31,"dotnumber","average","average",0.602,1,1,-99,-0.099
31,"dotnumber","average","average",0.585,1,1,-99,-0.099
31,"dotnumber","average","average",0.701,1,1,-99,-0.099
31,"dotnumber","average","average",0.552,1,1,-99,-0.099
31,"dotnumber","average","average",0.685,-1,1,-99,-0.099
31,"dotnumber","average","average",0.735,-1,1,-99,-0.099
31,"dotnumber","average","average",1.302,1,1,-99,-0.099
31,"dotnumber","average","average",0.468,1,1,-99,-0.099
31,"dotnumber","average","average",0.551,1,1,-99,-0.099
31,"dotnumber","average","average",0.551,-1,1,-99,-0.099
31,"dotnumber","average","average",0.519,1,1,-99,-0.099
31,"dotnumber","average","average",0.785,-1,1,-99,-0.099
31,"dotnumber","average","average",0.569,1,1,-99,-0.099
31,"dotnumber","average","average",0.652,1,1,-99,-0.099
31,"dotnumber","average","average",0.686,-1,1,-99,-0.099
31,"dotnumber","average","average",0.768,-1,1,-99,-0.099
31,"dotnumber","average","average",1.152,-1,1,-99,-0.099
31,"dotnumber","average","average",0.452,1,1,-99,-0.099
31,"dotnumber","average","average",0.584,-1,1,-99,-0.099
31,"dotnumber","average","average",0.602,-1,1,-99,-0.099
31,"dotnumber","average","average",0.735,-1,0,-99,-0.099
31,"dotnumber","average","average",0.568,1,1,-99,-0.099
31,"dotnumber","average","average",0.552,1,1,-99,-0.099
31,"dotnumber","average","average",1.92,1,0,-99,-0.099
31,"dotnumber","average","average",0.569,-1,1,-99,-0.099
31,"dotnumber","average","average",0.635,-1,1,-99,-0.099
31,"dotnumber","average","average",0.551,-1,1,-99,-0.099
31,"dotnumber","average","average",0.534,-1,1,-99,-0.099
31,"dotnumber","average","average",0.785,1,1,-99,-0.099
31,"dotnumber","average","average",0.584,-1,0,-99,-0.099
31,"dotnumber","average","average",0.751,1,1,-99,-0.099
31,"dotnumber","average","average",0.535,-1,1,-99,-0.099
31,"dotnumber","average","average",0.568,-1,0,-99,-0.099
31,"dotnumber","average","average",0.435,-1,1,-99,-0.099
31,"dotnumber","average","average",0.451,1,1,-99,-0.099
31,"dotnumber","average","average",0.802,1,1,-99,-0.099
31,"dotnumber","average","average",0.502,-1,1,-99,-0.099
31,"dotnumber","average","average",0.636,1,1,-99,-0.099
31,"dotnumber","average","average",0.884,1,1,-99,-0.099
31,"dotnumber","average","average",0.685,-1,0,-99,-0.099
31,"dotnumber","average","average",0.536,-1,1,-99,-0.099
31,"dotnumber","average","average",0.687,-1,1,-99,-0.099
31,"dotnumber","average","average",0.518,-1,1,-99,-0.099
31,"dotnumber","average","average",0.569,1,1,-99,-0.099
31,"dotnumber","average","average",0.484,-1,1,-99,-0.099
31,"dotnumber","average","average",0.619,-1,1,-99,-0.099
31,"dotnumber","average","average",0.719,1,0,-99,-0.099
31,"dotnumber","average","average",0.534,-1,1,-99,-0.099
31,"dotnumber","average","average",0.551,-1,0,-99,-0.099
31,"dotnumber","average","average",0.569,-1,1,-99,-0.099
31,"dotnumber","average","average",0.62,1,0,-99,-0.099
31,"dotnumber","average","average",0.752,1,1,-99,-0.099
31,"dotnumber","average","average",0.435,1,1,-99,-0.099
31,"dotnumber","average","average",0.584,1,1,-99,-0.099
31,"dotnumber","average","average",0.568,1,1,-99,-0.099
31,"dotnumber","average","average",0.735,-1,1,-99,-0.099
31,"dotnumber","average","average",0.585,1,1,-99,-0.099
31,"dotnumber","average","average",0.684,-1,1,-99,-0.099
31,"dotnumber","average","average",0.918,-1,1,-99,-0.099
31,"dotnumber","average","average",0.952,1,1,-99,-0.099
31,"dotnumber","average","average",0.768,1,1,-99,-0.099
31,"dotnumber","average","average",0.802,1,1,-99,-0.099
31,"dotnumber","average","average",0.852,-1,1,-99,-0.099
31,"dotnumber","average","average",0.835,1,1,-99,-0.099
31,"dotnumber","average","average",0.685,1,1,-99,-0.099
31,"dotnumber","average","average",1.153,-1,0,-99,-0.099
31,"dotnumber","average","average",0.619,-1,1,-99,-0.099
31,"dotnumber","average","average",0.802,-1,1,-99,-0.099
31,"dotnumber","average","average",0.685,1,0,-99,-0.099
31,"dotnumber","average","average",0.652,1,1,-99,-0.099
31,"dotnumber","average","average",0.618,1,1,-99,-0.099
31,"dotnumber","average","average",0.636,-1,1,-99,-0.099
31,"dotnumber","average","average",0.685,-1,1,-99,-0.099
31,"dotnumber","average","average",0.602,1,1,-99,-0.099
31,"dotnumber","average","average",0.618,-1,0,-99,-0.099
31,"dotnumber","average","average",0.835,1,0,-99,-0.099
31,"dotnumber","average","average",0.552,1,1,-99,-0.099
31,"dotnumber","average","average",0.852,-1,1,-99,-0.099
31,"dotnumber","average","average",0.718,-1,1,-99,-0.099
31,"dotnumber","average","average",0.652,1,0,-99,-0.099
31,"dotnumber","average","average",0.568,1,1,-99,-0.099
31,"dotnumber","average","average",0.752,1,1,-99,-0.099
31,"dotnumber","average","average",0.802,-1,0,-99,-0.099
31,"dotnumber","average","average",0.601,-1,1,-99,-0.099
31,"dotnumber","average","average",0.617,-1,0,-99,-0.099
31,"dotnumber","average","average",0.501,-1,1,-99,-0.099
31,"dotnumber","average","average",0.718,1,1,-99,-0.099
31,"dotnumber","average","average",0.752,-1,0,-99,-0.099
31,"dotnumber","average","average",0.702,1,1,-99,-0.099
31,"dotnumber","average","average",0.801,-1,1,-99,-0.099
31,"dotnumber","average","average",0.636,-1,1,-99,-0.099
31,"dotnumber","average","average",1.803,1,1,-99,-0.099
31,"dotnumber","average","average",0.835,1,1,-99,-0.099
31,"dotnumber","average","average",0.501,-1,1,-99,-0.099
31,"dotnumber","average","average",0.519,-1,1,-99,-0.099
31,"dotnumber","average","average",0.618,1,1,-99,-0.099
31,"dotnumber","average","average",0.785,-1,1,-99,-0.099
31,"dotnumber","average","average",0.619,1,1,-99,-0.099
31,"dotnumber","average","average",0.902,-1,1,-99,-0.099
31,"dotnumber","average","average",0.635,-1,1,-99,-0.099
31,"dotnumber","average","average",0.717,1,1,-99,-0.099
31,"dotnumber","average","average",0.501,-1,1,-99,-0.099
31,"dotnumber","average","average",0.451,-1,1,-99,-0.099
31,"xotask","hard","hard",1.586,1,0,-99,-0.099
31,"xotask","hard","hard",0.818,-1,1,-99,-0.099
31,"xotask","hard","hard",0.919,-1,0,-99,-0.099
31,"xotask","hard","hard",0.751,-1,1,-99,-0.099
31,"xotask","hard","hard",0.753,1,1,-99,-0.099
31,"xotask","hard","hard",0.87,-1,1,-99,-0.099
31,"xotask","hard","hard",1.286,1,1,-99,-0.099
31,"xotask","hard","hard",0.702,1,1,-99,-0.099
31,"xotask","hard","hard",0.986,-1,1,-99,-0.099
31,"xotask","hard","hard",0.886,-1,0,-99,-0.099
31,"xotask","hard","hard",0.835,-1,1,-99,-0.099
31,"xotask","hard","hard",0.869,1,0,-99,-0.099
31,"xotask","hard","hard",0.735,-1,1,-99,-0.099
31,"xotask","hard","hard",0.803,-1,0,-99,-0.099
31,"xotask","hard","hard",0.718,1,1,-99,-0.099
31,"xotask","hard","hard",0.954,-1,1,-99,-0.099
31,"xotask","hard","hard",0.919,1,1,-99,-0.099
31,"xotask","hard","hard",0.835,-1,1,-99,-0.099
31,"xotask","hard","hard",0.717,1,0,-99,-0.099
31,"xotask","hard","hard",0.885,-1,1,-99,-0.099
31,"xotask","hard","hard",1.136,1,1,-99,-0.099
31,"xotask","hard","hard",1.002,-1,0,-99,-0.099
31,"xotask","hard","hard",0.819,-1,0,-99,-0.099
31,"xotask","hard","hard",1.92,-1,0,-99,-0.099
31,"xotask","hard","hard",0.853,-1,0,-99,-0.099
31,"xotask","hard","hard",1.169,-1,0,-99,-0.099
31,"xotask","hard","hard",0.834,1,1,-99,-0.099
31,"xotask","hard","hard",1.085,1,1,-99,-0.099
31,"xotask","hard","hard",0.836,1,1,-99,-0.099
31,"xotask","hard","hard",0.802,-1,0,-99,-0.099
31,"xotask","hard","hard",0.852,-1,1,-99,-0.099
31,"xotask","hard","hard",1.169,1,1,-99,-0.099
31,"xotask","hard","hard",1.903,1,0,-99,-0.099
31,"xotask","hard","hard",1.821,-1,1,-99,-0.099
31,"xotask","hard","hard",1.085,-1,1,-99,-0.099
31,"xotask","hard","hard",1.102,1,0,-99,-0.099
31,"xotask","hard","hard",0.734,-1,1,-99,-0.099
31,"xotask","hard","hard",1.202,-1,1,-99,-0.099
31,"xotask","hard","hard",1.086,-1,0,-99,-0.099
31,"xotask","hard","hard",0.753,-1,1,-99,-0.099
31,"xotask","hard","hard",0.768,-1,1,-99,-0.099
31,"xotask","hard","hard",0.701,1,1,-99,-0.099
31,"xotask","hard","hard",0.735,-1,1,-99,-0.099
31,"xotask","hard","hard",0.835,-1,0,-99,-0.099
31,"xotask","hard","hard",0.651,-1,0,-99,-0.099
31,"xotask","hard","hard",0.969,1,1,-99,-0.099
31,"xotask","hard","hard",0.618,-1,1,-99,-0.099
31,"xotask","hard","hard",0.65,-1,1,-99,-0.099
31,"xotask","hard","hard",1.019,1,0,-99,-0.099
31,"xotask","hard","hard",0.818,1,1,-99,-0.099
31,"xotask","hard","hard",1.102,-1,1,-99,-0.099
31,"xotask","hard","hard",1.469,-1,0,-99,-0.099
31,"xotask","hard","hard",0.968,-1,0,-99,-0.099
31,"xotask","hard","hard",0.785,-1,0,-99,-0.099
31,"xotask","hard","hard",0.651,-1,1,-99,-0.099
31,"xotask","hard","hard",0.785,1,1,-99,-0.099
31,"xotask","hard","hard",0.985,-1,1,-99,-0.099
31,"xotask","hard","hard",0.852,1,1,-99,-0.099
31,"xotask","hard","hard",1.118,-1,1,-99,-0.099
31,"xotask","hard","hard",0.801,1,0,-99,-0.099
31,"xotask","hard","hard",0.719,-1,1,-99,-0.099
31,"xotask","hard","hard",1.152,-1,0,-99,-0.099
31,"xotask","hard","hard",0.902,1,0,-99,-0.099
31,"xotask","hard","hard",0.685,-1,1,-99,-0.099
31,"xotask","hard","hard",0.802,-1,0,-99,-0.099
31,"xotask","hard","hard",0.652,-1,1,-99,-0.099
31,"xotask","hard","hard",0.585,-1,1,-99,-0.099
31,"xotask","hard","hard",0.534,-1,1,-99,-0.099
31,"xotask","hard","hard",0.502,-1,0,-99,-0.099
31,"xotask","hard","hard",0.819,-1,0,-99,-0.099
31,"xotask","hard","hard",0.702,-1,0,-99,-0.099
31,"xotask","hard","hard",0.753,1,1,-99,-0.099
31,"xotask","hard","hard",1.937,1,1,-99,-0.099
31,"xotask","hard","hard",0.968,1,1,-99,-0.099
31,"xotask","hard","hard",0.635,-1,0,-99,-0.099
31,"xotask","hard","hard",0.585,-1,1,-99,-0.099
31,"xotask","hard","hard",1.536,-1,0,-99,-0.099
31,"xotask","hard","hard",1.17,-1,0,-99,-0.099
31,"xotask","hard","hard",0.802,-1,1,-99,-0.099
31,"xotask","hard","hard",0.434,1,1,-99,-0.099
31,"xotask","hard","hard",1.119,-1,1,-99,-0.099
31,"xotask","hard","hard",0.721,-1,1,-99,-0.099
31,"xotask","hard","hard",0.719,1,1,-99,-0.099
31,"xotask","hard","hard",1.519,-1,0,-99,-0.099
31,"xotask","hard","hard",0.903,-1,1,-99,-0.099
31,"xotask","hard","hard",0.685,1,0,-99,-0.099
31,"xotask","hard","hard",1.485,1,1,-99,-0.099
31,"xotask","hard","hard",0.652,1,1,-99,-0.099
31,"xotask","hard","hard",0.551,1,0,-99,-0.099
31,"xotask","hard","hard",2.12,-1,1,-99,-0.099
31,"xotask","hard","hard",0.717,-1,1,-99,-0.099
31,"xotask","hard","hard",0.584,-1,1,-99,-0.099
31,"xotask","hard","hard",0.618,1,1,-99,-0.099
31,"xotask","hard","hard",0.784,-1,1,-99,-0.099
31,"xotask","hard","hard",0.669,-1,1,-99,-0.099
31,"xotask","hard","hard",1.286,-1,0,-99,-0.099
31,"xotask","hard","hard",0.668,-1,1,-99,-0.099
31,"xotask","hard","hard",1.036,1,0,-99,-0.099
31,"xotask","hard","hard",0.903,-1,0,-99,-0.099
31,"xotask","hard","hard",0.685,1,1,-99,-0.099
31,"xotask","hard","hard",0.885,-1,0,-99,-0.099
31,"xotask","hard","hard",0.719,1,1,-99,-0.099
31,"xotask","hard","hard",0.919,-1,0,-99,-0.099
31,"xotask","hard","hard",0.701,-1,1,-99,-0.099
31,"xotask","hard","hard",0.702,1,1,-99,-0.099
31,"xotask","hard","hard",0.635,-1,1,-99,-0.099
31,"xotask","hard","hard",0.702,1,0,-99,-0.099
31,"xotask","hard","hard",0.718,-1,0,-99,-0.099
31,"xotask","hard","hard",1.602,-1,0,-99,-0.099
31,"xotask","hard","hard",0.669,-1,1,-99,-0.099
31,"xotask","hard","hard",1.018,1,0,-99,-0.099
31,"xotask","hard","hard",0.651,-1,1,-99,-0.099
31,"xotask","hard","hard",0.618,-1,1,-99,-0.099
31,"xotask","hard","hard",0.485,1,1,-99,-0.099
31,"xotask","hard","hard",0.668,1,1,-99,-0.099
31,"xotask","hard","hard",0.735,1,0,-99,-0.099
31,"xotask","hard","hard",0.552,1,1,-99,-0.099
31,"xotask","hard","hard",0.652,-1,1,-99,-0.099
31,"xotask","hard","hard",0.702,-1,0,-99,-0.099
31,"xotask","hard","hard",0.518,-1,1,-99,-0.099
33,"xotask","average","average",6.657,1,1,-99,-0.099
33,"xotask","average","average",2.971,1,0,-99,-0.099
33,"xotask","average","average",1.118,-1,1,-99,-0.099
33,"xotask","average","average",1.236,-1,1,-99,-0.099
33,"xotask","average","average",1.085,-1,1,-99,-0.099
33,"xotask","average","average",0.852,1,1,-99,-0.099
33,"xotask","average","average",1.385,1,1,-99,-0.099
33,"xotask","average","average",1.902,-1,1,-99,-0.099
33,"xotask","average","average",1.202,-1,1,-99,-0.099
33,"xotask","average","average",0.803,1,1,-99,-0.099
33,"xotask","average","average",0.819,-1,1,-99,-0.099
33,"xotask","average","average",0.835,-1,1,-99,-0.099
33,"xotask","average","average",0.852,-1,0,-99,-0.099
33,"xotask","average","average",0.869,1,1,-99,-0.099
33,"xotask","average","average",1.235,-1,0,-99,-0.099
33,"xotask","average","average",0.836,-1,1,-99,-0.099
33,"xotask","average","average",0.803,1,1,-99,-0.099
33,"xotask","average","average",0.818,-1,1,-99,-0.099
33,"xotask","average","average",0.785,1,1,-99,-0.099
33,"xotask","average","average",1.47,1,0,-99,-0.099
33,"xotask","average","average",0.736,-1,1,-99,-0.099
33,"xotask","average","average",1.019,1,1,-99,-0.099
33,"xotask","average","average",1.018,1,1,-99,-0.099
33,"xotask","average","average",1.236,-1,0,-99,-0.099
33,"xotask","average","average",1.035,-1,1,-99,-0.099
33,"xotask","average","average",0.868,1,1,-99,-0.099
33,"xotask","average","average",0.836,-1,1,-99,-0.099
33,"xotask","average","average",0.869,-1,1,-99,-0.099
33,"xotask","average","average",0.802,-1,1,-99,-0.099
33,"xotask","average","average",1.018,1,1,-99,-0.099
33,"xotask","average","average",0.868,1,1,-99,-0.099
33,"xotask","average","average",0.935,1,1,-99,-0.099
33,"xotask","average","average",0.986,1,1,-99,-0.099
33,"xotask","average","average",0.886,1,1,-99,-0.099
33,"xotask","average","average",0.869,1,1,-99,-0.099
33,"xotask","average","average",0.868,-1,1,-99,-0.099
33,"xotask","average","average",1.336,-1,1,-99,-0.099
33,"xotask","average","average",0.768,1,1,-99,-0.099
33,"xotask","average","average",0.902,1,0,-99,-0.099
33,"xotask","average","average",0.719,1,1,-99,-0.099
33,"xotask","average","average",0.635,-1,1,-99,-0.099
33,"xotask","average","average",0.852,1,1,-99,-0.099
33,"xotask","average","average",0.785,1,0,-99,-0.099
33,"xotask","average","average",0.802,1,1,-99,-0.099
33,"xotask","average","average",0.952,1,0,-99,-0.099
33,"xotask","average","average",0.869,1,0,-99,-0.099
33,"xotask","average","average",0.819,-1,1,-99,-0.099
33,"xotask","average","average",0.885,-1,0,-99,-0.099
33,"xotask","average","average",1.369,-1,0,-99,-0.099
33,"xotask","average","average",0.735,-1,1,-99,-0.099
33,"xotask","average","average",0.752,1,1,-99,-0.099
33,"xotask","average","average",0.719,1,1,-99,-0.099
33,"xotask","average","average",0.935,1,1,-99,-0.099
33,"xotask","average","average",0.918,-1,0,-99,-0.099
33,"xotask","average","average",0.586,-1,1,-99,-0.099
33,"xotask","average","average",0.685,1,1,-99,-0.099
33,"xotask","average","average",0.652,-1,1,-99,-0.099
33,"xotask","average","average",0.636,1,1,-99,-0.099
33,"xotask","average","average",0.685,-1,1,-99,-0.099
33,"xotask","average","average",0.752,-1,1,-99,-0.099
33,"xotask","average","average",0.718,-1,1,-99,-0.099
33,"xotask","average","average",0.651,-1,1,-99,-0.099
33,"xotask","average","average",0.919,1,1,-99,-0.099
33,"xotask","average","average",0.768,-1,1,-99,-0.099
33,"xotask","average","average",1.202,1,1,-99,-0.099
33,"xotask","average","average",0.934,-1,1,-99,-0.099
33,"xotask","average","average",0.652,-1,1,-99,-0.099
33,"xotask","average","average",0.734,1,1,-99,-0.099
33,"xotask","average","average",1.119,-1,0,-99,-0.099
33,"xotask","average","average",0.819,-1,1,-99,-0.099
33,"xotask","average","average",0.753,1,1,-99,-0.099
33,"xotask","average","average",0.784,-1,1,-99,-0.099
33,"xotask","average","average",0.903,1,1,-99,-0.099
33,"xotask","average","average",0.967,-1,1,-99,-0.099
33,"xotask","average","average",0.803,-1,1,-99,-0.099
33,"xotask","average","average",0.852,-1,1,-99,-0.099
33,"xotask","average","average",0.635,-1,0,-99,-0.099
33,"xotask","average","average",0.635,-1,1,-99,-0.099
33,"xotask","average","average",1.036,1,0,-99,-0.099
33,"xotask","average","average",0.736,-1,1,-99,-0.099
33,"xotask","average","average",0.851,1,1,-99,-0.099
33,"xotask","average","average",0.936,1,0,-99,-0.099
33,"xotask","average","average",0.852,1,1,-99,-0.099
33,"xotask","average","average",0.702,-1,1,-99,-0.099
33,"xotask","average","average",0.718,1,1,-99,-0.099
33,"xotask","average","average",0.901,-1,1,-99,-0.099
33,"xotask","average","average",0.786,1,1,-99,-0.099
33,"xotask","average","average",0.935,1,1,-99,-0.099
33,"xotask","average","average",0.903,1,1,-99,-0.099
33,"xotask","average","average",0.77,-1,1,-99,-0.099
33,"xotask","average","average",0.636,1,1,-99,-0.099
33,"xotask","average","average",0.869,1,1,-99,-0.099
33,"xotask","average","average",0.869,-1,1,-99,-0.099
33,"xotask","average","average",0.685,1,1,-99,-0.099
33,"xotask","average","average",0.885,1,1,-99,-0.099
33,"xotask","average","average",0.934,-1,1,-99,-0.099
33,"xotask","average","average",0.852,1,0,-99,-0.099
33,"xotask","average","average",0.786,-1,0,-99,-0.099
33,"xotask","average","average",0.786,1,1,-99,-0.099
33,"xotask","average","average",0.918,1,1,-99,-0.099
33,"xotask","average","average",0.635,-1,1,-99,-0.099
33,"xotask","average","average",0.684,-1,1,-99,-0.099
33,"xotask","average","average",0.818,-1,0,-99,-0.099
33,"xotask","average","average",0.785,1,0,-99,-0.099
33,"xotask","average","average",0.652,-1,1,-99,-0.099
33,"xotask","average","average",0.768,1,1,-99,-0.099
33,"xotask","average","average",0.819,1,1,-99,-0.099
33,"xotask","average","average",0.718,-1,1,-99,-0.099
33,"xotask","average","average",1.27,-1,1,-99,-0.099
33,"xotask","average","average",0.785,1,1,-99,-0.099
33,"xotask","average","average",0.551,1,1,-99,-0.099
33,"xotask","average","average",0.751,-1,0,-99,-0.099
33,"xotask","average","average",0.717,-1,1,-99,-0.099
33,"xotask","average","average",0.518,-1,1,-99,-0.099
33,"xotask","average","average",0.802,1,1,-99,-0.099
33,"xotask","average","average",0.685,-1,1,-99,-0.099
33,"xotask","average","average",0.82,1,1,-99,-0.099
33,"xotask","average","average",0.735,-1,1,-99,-0.099
33,"xotask","average","average",0.818,1,1,-99,-0.099
33,"xotask","average","average",1.035,-1,1,-99,-0.099
33,"dotcolour","hard","hard",0.851,1,1,-99,-0.099
33,"dotcolour","hard","hard",0.651,-1,0,-99,-0.099
33,"dotcolour","hard","hard",0.752,1,1,-99,-0.099
33,"dotcolour","hard","hard",1.102,1,0,-99,-0.099
33,"dotcolour","hard","hard",0.802,1,1,-99,-0.099
33,"dotcolour","hard","hard",0.801,-1,1,-99,-0.099
33,"dotcolour","hard","hard",0.718,1,1,-99,-0.099
33,"dotcolour","hard","hard",1.019,1,0,-99,-0.099
33,"dotcolour","hard","hard",0.786,-1,0,-99,-0.099
33,"dotcolour","hard","hard",0.617,1,0,-99,-0.099
33,"dotcolour","hard","hard",0.667,1,1,-99,-0.099
33,"dotcolour","hard","hard",0.819,-1,1,-99,-0.099
33,"dotcolour","hard","hard",0.951,-1,1,-99,-0.099
33,"dotcolour","hard","hard",0.869,-1,1,-99,-0.099
33,"dotcolour","hard","hard",0.752,1,0,-99,-0.099
33,"dotcolour","hard","hard",1.269,-1,0,-99,-0.099
33,"dotcolour","hard","hard",0.768,1,0,-99,-0.099
33,"dotcolour","hard","hard",0.835,-1,1,-99,-0.099
33,"dotcolour","hard","hard",0.918,1,1,-99,-0.099
33,"dotcolour","hard","hard",0.819,-1,1,-99,-0.099
33,"dotcolour","hard","hard",1.236,-1,0,-99,-0.099
33,"dotcolour","hard","hard",0.752,1,1,-99,-0.099
33,"dotcolour","hard","hard",0.935,1,1,-99,-0.099
33,"dotcolour","hard","hard",0.885,-1,1,-99,-0.099
33,"dotcolour","hard","hard",1.02,-1,0,-99,-0.099
33,"dotcolour","hard","hard",1.119,-1,0,-99,-0.099
33,"dotcolour","hard","hard",0.785,1,0,-99,-0.099
33,"dotcolour","hard","hard",0.752,1,0,-99,-0.099
33,"dotcolour","hard","hard",1.035,-1,1,-99,-0.099
33,"dotcolour","hard","hard",0.818,1,1,-99,-0.099
33,"dotcolour","hard","hard",0.852,-1,0,-99,-0.099
33,"dotcolour","hard","hard",0.901,1,1,-99,-0.099
33,"dotcolour","hard","hard",1.253,1,1,-99,-0.099
33,"dotcolour","hard","hard",0.802,-1,1,-99,-0.099
33,"dotcolour","hard","hard",0.751,-1,1,-99,-0.099
33,"dotcolour","hard","hard",1.002,-1,0,-99,-0.099
33,"dotcolour","hard","hard",0.801,1,0,-99,-0.099
33,"dotcolour","hard","hard",0.818,-1,1,-99,-0.099
33,"dotcolour","hard","hard",0.852,-1,1,-99,-0.099
33,"dotcolour","hard","hard",0.968,-1,0,-99,-0.099
33,"dotcolour","hard","hard",1.352,1,1,-99,-0.099
33,"dotcolour","hard","hard",0.803,-1,0,-99,-0.099
33,"dotcolour","hard","hard",1.104,-1,1,-99,-0.099
33,"dotcolour","hard","hard",4.155,1,0,-99,-0.099
33,"dotcolour","hard","hard",1.019,-1,1,-99,-0.099
33,"dotcolour","hard","hard",0.701,-1,0,-99,-0.099
33,"dotcolour","hard","hard",0.702,-1,1,-99,-0.099
33,"dotcolour","hard","hard",0.669,1,1,-99,-0.099
33,"dotcolour","hard","hard",0.819,1,1,-99,-0.099
33,"dotcolour","hard","hard",0.767,-1,1,-99,-0.099
33,"dotcolour","hard","hard",0.951,1,1,-99,-0.099
33,"dotcolour","hard","hard",0.767,1,1,-99,-0.099
33,"dotcolour","hard","hard",0.785,1,0,-99,-0.099
33,"dotcolour","hard","hard",0.752,1,0,-99,-0.099
33,"dotcolour","hard","hard",0.651,-1,1,-99,-0.099
33,"dotcolour","hard","hard",0.802,1,1,-99,-0.099
33,"dotcolour","hard","hard",0.685,1,0,-99,-0.099
33,"dotcolour","hard","hard",0.734,-1,1,-99,-0.099
33,"dotcolour","hard","hard",0.752,1,0,-99,-0.099
33,"dotcolour","hard","hard",0.768,-1,1,-99,-0.099
33,"dotcolour","hard","hard",0.703,1,1,-99,-0.099
33,"dotcolour","hard","hard",0.884,-1,0,-99,-0.099
33,"dotcolour","hard","hard",0.701,1,1,-99,-0.099
33,"dotcolour","hard","hard",1.069,1,1,-99,-0.099
33,"dotcolour","hard","hard",0.902,1,1,-99,-0.099
33,"dotcolour","hard","hard",0.668,1,0,-99,-0.099
33,"dotcolour","hard","hard",0.951,-1,1,-99,-0.099
33,"dotcolour","hard","hard",1.052,1,1,-99,-0.099
33,"dotcolour","hard","hard",0.736,-1,1,-99,-0.099
33,"dotcolour","hard","hard",0.719,1,1,-99,-0.099
33,"dotcolour","hard","hard",0.702,1,0,-99,-0.099
33,"dotcolour","hard","hard",0.918,-1,0,-99,-0.099
33,"dotcolour","hard","hard",0.902,1,0,-99,-0.099
33,"dotcolour","hard","hard",0.868,1,1,-99,-0.099
33,"dotcolour","hard","hard",0.936,1,0,-99,-0.099
33,"dotcolour","hard","hard",1.002,-1,0,-99,-0.099
33,"dotcolour","hard","hard",0.868,-1,1,-99,-0.099
33,"dotcolour","hard","hard",0.719,-1,1,-99,-0.099
33,"dotcolour","hard","hard",0.753,1,1,-99,-0.099
33,"dotcolour","hard","hard",0.935,-1,1,-99,-0.099
33,"dotcolour","hard","hard",5.489,-1,1,-99,-0.099
33,"dotcolour","hard","hard",2.737,1,0,-99,-0.099
33,"dotcolour","hard","hard",0.752,1,1,-99,-0.099
33,"dotcolour","hard","hard",0.701,1,1,-99,-0.099
33,"dotcolour","hard","hard",0.736,1,1,-99,-0.099
33,"dotcolour","hard","hard",0.617,1,1,-99,-0.099
33,"dotcolour","hard","hard",0.686,1,1,-99,-0.099
33,"dotcolour","hard","hard",0.835,-1,1,-99,-0.099
33,"dotcolour","hard","hard",0.569,1,0,-99,-0.099
33,"dotcolour","hard","hard",0.719,1,1,-99,-0.099
33,"dotcolour","hard","hard",0.969,1,1,-99,-0.099
33,"dotcolour","hard","hard",0.903,1,0,-99,-0.099
33,"dotcolour","hard","hard",1.602,1,0,-99,-0.099
33,"dotcolour","hard","hard",0.652,1,1,-99,-0.099
33,"dotcolour","hard","hard",0.819,1,0,-99,-0.099
33,"dotcolour","hard","hard",0.785,1,1,-99,-0.099
33,"dotcolour","hard","hard",0.902,-1,1,-99,-0.099
33,"dotcolour","hard","hard",0.619,-1,0,-99,-0.099
33,"dotcolour","hard","hard",0.685,-1,0,-99,-0.099
33,"dotcolour","hard","hard",0.585,1,1,-99,-0.099
33,"dotcolour","hard","hard",0.585,1,1,-99,-0.099
33,"dotcolour","hard","hard",1.002,1,0,-99,-0.099
33,"dotcolour","hard","hard",0.786,1,1,-99,-0.099
33,"dotcolour","hard","hard",0.735,-1,1,-99,-0.099
33,"dotcolour","hard","hard",0.552,1,1,-99,-0.099
33,"dotcolour","hard","hard",2.72,1,0,-99,-0.099
33,"dotcolour","hard","hard",0.702,1,0,-99,-0.099
33,"dotcolour","hard","hard",0.918,1,1,-99,-0.099
33,"dotcolour","hard","hard",0.968,1,0,-99,-0.099
33,"dotcolour","hard","hard",0.735,1,0,-99,-0.099
33,"dotcolour","hard","hard",1.286,1,1,-99,-0.099
33,"dotcolour","hard","hard",0.785,1,1,-99,-0.099
33,"dotcolour","hard","hard",1.018,-1,1,-99,-0.099
33,"dotcolour","hard","hard",0.936,-1,1,-99,-0.099
33,"dotcolour","hard","hard",0.736,1,1,-99,-0.099
33,"dotcolour","hard","hard",0.802,1,1,-99,-0.099
33,"dotcolour","hard","hard",0.769,1,1,-99,-0.099
33,"dotcolour","hard","hard",0.602,1,0,-99,-0.099
33,"dotcolour","hard","hard",0.651,1,0,-99,-0.099
33,"dotcolour","hard","hard",0.803,-1,1,-99,-0.099
33,"dotnumber","easy","easy",0.652,1,1,-99,-0.099
33,"dotnumber","easy","easy",0.653,-1,1,-99,-0.099
33,"dotnumber","easy","easy",0.686,-1,1,-99,-0.099
33,"dotnumber","easy","easy",0.584,1,1,-99,-0.099
33,"dotnumber","easy","easy",0.535,-1,1,-99,-0.099
33,"dotnumber","easy","easy",0.669,1,0,-99,-0.099
33,"dotnumber","easy","easy",0.568,1,1,-99,-0.099
33,"dotnumber","easy","easy",0.551,1,1,-99,-0.099
33,"dotnumber","easy","easy",0.568,1,1,-99,-0.099
33,"dotnumber","easy","easy",0.652,-1,1,-99,-0.099
33,"dotnumber","easy","easy",0.603,1,1,-99,-0.099
33,"dotnumber","easy","easy",0.585,1,1,-99,-0.099
33,"dotnumber","easy","easy",0.635,-1,1,-99,-0.099
33,"dotnumber","easy","easy",0.552,1,1,-99,-0.099
33,"dotnumber","easy","easy",0.518,-1,1,-99,-0.099
33,"dotnumber","easy","easy",0.784,-1,1,-99,-0.099
33,"dotnumber","easy","easy",0.585,1,0,-99,-0.099
33,"dotnumber","easy","easy",0.451,-1,1,-99,-0.099
33,"dotnumber","easy","easy",0.569,-1,1,-99,-0.099
33,"dotnumber","easy","easy",0.485,-1,1,-99,-0.099
33,"dotnumber","easy","easy",0.401,1,1,-99,-0.099
33,"dotnumber","easy","easy",0.518,1,1,-99,-0.099
33,"dotnumber","easy","easy",0.485,1,1,-99,-0.099
33,"dotnumber","easy","easy",0.502,1,1,-99,-0.099
33,"dotnumber","easy","easy",0.635,1,1,-99,-0.099
33,"dotnumber","easy","easy",0.551,-1,1,-99,-0.099
33,"dotnumber","easy","easy",0.686,-1,1,-99,-0.099
33,"dotnumber","easy","easy",0.652,-1,1,-99,-0.099
33,"dotnumber","easy","easy",0.552,-1,1,-99,-0.099
33,"dotnumber","easy","easy",0.535,1,0,-99,-0.099
33,"dotnumber","easy","easy",0.551,1,0,-99,-0.099
33,"dotnumber","easy","easy",0.953,-1,1,-99,-0.099
33,"dotnumber","easy","easy",0.503,1,1,-99,-0.099
33,"dotnumber","easy","easy",0.635,1,1,-99,-0.099
33,"dotnumber","easy","easy",0.467,1,1,-99,-0.099
33,"dotnumber","easy","easy",0.702,1,0,-99,-0.099
33,"dotnumber","easy","easy",0.602,-1,1,-99,-0.099
33,"dotnumber","easy","easy",0.635,1,1,-99,-0.099
33,"dotnumber","easy","easy",0.535,1,1,-99,-0.099
33,"dotnumber","easy","easy",0.433,1,1,-99,-0.099
33,"dotnumber","easy","easy",0.568,1,1,-99,-0.099
33,"dotnumber","easy","easy",0.686,-1,1,-99,-0.099
33,"dotnumber","easy","easy",0.501,1,1,-99,-0.099
33,"dotnumber","easy","easy",0.636,1,0,-99,-0.099
33,"dotnumber","easy","easy",0.518,1,1,-99,-0.099
33,"dotnumber","easy","easy",0.502,1,1,-99,-0.099
33,"dotnumber","easy","easy",0.501,1,1,-99,-0.099
33,"dotnumber","easy","easy",0.568,-1,1,-99,-0.099
33,"dotnumber","easy","easy",0.635,-1,1,-99,-0.099
33,"dotnumber","easy","easy",0.736,-1,1,-99,-0.099
33,"dotnumber","easy","easy",0.484,-1,1,-99,-0.099
33,"dotnumber","easy","easy",0.535,1,0,-99,-0.099
33,"dotnumber","easy","easy",0.435,-1,1,-99,-0.099
33,"dotnumber","easy","easy",0.684,-1,1,-99,-0.099
33,"dotnumber","easy","easy",0.435,-1,1,-99,-0.099
33,"dotnumber","easy","easy",0.418,1,1,-99,-0.099
33,"dotnumber","easy","easy",0.484,1,1,-99,-0.099
33,"dotnumber","easy","easy",0.518,1,1,-99,-0.099
33,"dotnumber","easy","easy",0.586,1,1,-99,-0.099
33,"dotnumber","easy","easy",1.269,1,1,-99,-0.099
33,"dotnumber","easy","easy",0.552,1,1,-99,-0.099
33,"dotnumber","easy","easy",0.852,-1,1,-99,-0.099
33,"dotnumber","easy","easy",0.535,1,1,-99,-0.099
33,"dotnumber","easy","easy",0.568,1,1,-99,-0.099
33,"dotnumber","easy","easy",0.702,-1,1,-99,-0.099
33,"dotnumber","easy","easy",0.602,1,1,-99,-0.099
33,"dotnumber","easy","easy",1.119,-1,1,-99,-0.099
33,"dotnumber","easy","easy",0.701,-1,1,-99,-0.099
33,"dotnumber","easy","easy",0.551,1,1,-99,-0.099
33,"dotnumber","easy","easy",0.669,-1,1,-99,-0.099
33,"dotnumber","easy","easy",0.552,1,1,-99,-0.099
33,"dotnumber","easy","easy",0.485,1,1,-99,-0.099
33,"dotnumber","easy","easy",0.934,-1,1,-99,-0.099
33,"dotnumber","easy","easy",0.952,-1,1,-99,-0.099
33,"dotnumber","easy","easy",0.584,1,1,-99,-0.099
33,"dotnumber","easy","easy",0.535,-1,1,-99,-0.099
33,"dotnumber","easy","easy",0.452,1,1,-99,-0.099
33,"dotnumber","easy","easy",0.518,1,1,-99,-0.099
33,"dotnumber","easy","easy",0.652,-1,1,-99,-0.099
33,"dotnumber","easy","easy",0.651,-1,1,-99,-0.099
33,"dotnumber","easy","easy",0.552,1,1,-99,-0.099
33,"dotnumber","easy","easy",0.535,-1,1,-99,-0.099
33,"dotnumber","easy","easy",0.551,1,1,-99,-0.099
33,"dotnumber","easy","easy",0.752,-1,0,-99,-0.099
33,"dotnumber","easy","easy",0.869,1,0,-99,-0.099
33,"dotnumber","easy","easy",0.635,-1,1,-99,-0.099
33,"dotnumber","easy","easy",0.468,1,1,-99,-0.099
33,"dotnumber","easy","easy",0.485,1,1,-99,-0.099
33,"dotnumber","easy","easy",0.585,-1,1,-99,-0.099
33,"dotnumber","easy","easy",0.484,1,1,-99,-0.099
33,"dotnumber","easy","easy",0.702,-1,1,-99,-0.099
33,"dotnumber","easy","easy",0.536,-1,1,-99,-0.099
33,"dotnumber","easy","easy",0.685,-1,1,-99,-0.099
33,"dotnumber","easy","easy",0.601,1,1,-99,-0.099
33,"dotnumber","easy","easy",0.451,1,1,-99,-0.099
33,"dotnumber","easy","easy",0.617,1,1,-99,-0.099
33,"dotnumber","easy","easy",0.519,1,1,-99,-0.099
33,"dotnumber","easy","easy",0.618,1,0,-99,-0.099
33,"dotnumber","easy","easy",0.485,1,1,-99,-0.099
33,"dotnumber","easy","easy",0.619,-1,0,-99,-0.099
33,"dotnumber","easy","easy",0.535,1,1,-99,-0.099
33,"dotnumber","easy","easy",0.651,1,1,-99,-0.099
33,"dotnumber","easy","easy",0.469,1,1,-99,-0.099
33,"dotnumber","easy","easy",0.619,-1,1,-99,-0.099
33,"dotnumber","easy","easy",0.468,1,1,-99,-0.099
33,"dotnumber","easy","easy",0.602,1,1,-99,-0.099
33,"dotnumber","easy","easy",0.502,-1,1,-99,-0.099
33,"dotnumber","easy","easy",0.484,-1,1,-99,-0.099
33,"dotnumber","easy","easy",0.502,-1,1,-99,-0.099
33,"dotnumber","easy","easy",0.569,1,1,-99,-0.099
33,"dotnumber","easy","easy",0.518,-1,1,-99,-0.099
33,"dotnumber","easy","easy",0.603,-1,1,-99,-0.099
33,"dotnumber","easy","easy",0.636,-1,1,-99,-0.099
33,"dotnumber","easy","easy",0.602,1,1,-99,-0.099
33,"dotnumber","easy","easy",0.568,-1,1,-99,-0.099
33,"dotnumber","easy","easy",0.601,1,1,-99,-0.099
33,"dotnumber","easy","easy",0.535,-1,1,-99,-0.099
33,"dotnumber","easy","easy",0.517,-1,1,-99,-0.099
33,"dotnumber","easy","easy",0.701,1,0,-99,-0.099
33,"dotnumber","easy","easy",0.567,1,1,-99,-0.099
34,"dotcolour","hard","hard",1.468,-1,1,-99,-0.099
34,"dotcolour","hard","hard",1.719,1,0,-99,-0.099
34,"dotcolour","hard","hard",1.301,-1,1,-99,-0.099
34,"dotcolour","hard","hard",1.535,-1,0,-99,-0.099
34,"dotcolour","hard","hard",1.335,1,0,-99,-0.099
34,"dotcolour","hard","hard",1.302,1,0,-99,-0.099
34,"dotcolour","hard","hard",1.084,1,1,-99,-0.099
34,"dotcolour","hard","hard",0.884,1,1,-99,-0.099
34,"dotcolour","hard","hard",1.101,1,0,-99,-0.099
34,"dotcolour","hard","hard",0.985,1,1,-99,-0.099
34,"dotcolour","hard","hard",1.035,1,0,-99,-0.099
34,"dotcolour","hard","hard",1.302,1,1,-99,-0.099
34,"dotcolour","hard","hard",1.535,1,1,-99,-0.099
34,"dotcolour","hard","hard",0.834,1,1,-99,-0.099
34,"dotcolour","hard","hard",0.935,1,1,-99,-0.099
34,"dotcolour","hard","hard",0.884,1,1,-99,-0.099
34,"dotcolour","hard","hard",0.768,1,0,-99,-0.099
34,"dotcolour","hard","hard",0.902,1,0,-99,-0.099
34,"dotcolour","hard","hard",0.918,1,1,-99,-0.099
34,"dotcolour","hard","hard",0.918,1,0,-99,-0.099
34,"dotcolour","hard","hard",0.835,1,0,-99,-0.099
34,"dotcolour","hard","hard",0.968,1,1,-99,-0.099
34,"dotcolour","hard","hard",0.918,1,1,-99,-0.099
34,"dotcolour","hard","hard",0.851,1,0,-99,-0.099
34,"dotcolour","hard","hard",1.401,1,0,-99,-0.099
34,"dotcolour","hard","hard",0.901,1,1,-99,-0.099
34,"dotcolour","hard","hard",0.951,1,0,-99,-0.099
34,"dotcolour","hard","hard",0.701,1,1,-99,-0.099
34,"dotcolour","hard","hard",0.818,1,0,-99,-0.099
34,"dotcolour","hard","hard",1.051,1,0,-99,-0.099
34,"dotcolour","hard","hard",0.968,1,1,-99,-0.099
34,"dotcolour","hard","hard",0.818,1,1,-99,-0.099
34,"dotcolour","hard","hard",0.818,1,1,-99,-0.099
34,"dotcolour","hard","hard",0.884,1,1,-99,-0.099
34,"dotcolour","hard","hard",1.085,1,0,-99,-0.099
34,"dotcolour","hard","hard",1.002,1,0,-99,-0.099
34,"dotcolour","hard","hard",0.951,1,1,-99,-0.099
34,"dotcolour","hard","hard",1.068,1,1,-99,-0.099
34,"dotcolour","hard","hard",1.118,-1,1,-99,-0.099
34,"dotcolour","hard","hard",0.784,1,1,-99,-0.099
34,"dotcolour","hard","hard",0.901,-1,1,-99,-0.099
34,"dotcolour","hard","hard",0.734,1,1,-99,-0.099
34,"dotcolour","hard","hard",0.901,1,0,-99,-0.099
34,"dotcolour","hard","hard",0.884,1,1,-99,-0.099
34,"dotcolour","hard","hard",0.635,1,1,-99,-0.099
34,"dotcolour","hard","hard",0.818,-1,1,-99,-0.099
34,"dotcolour","hard","hard",0.935,1,0,-99,-0.099
34,"dotcolour","hard","hard",0.901,-1,1,-99,-0.099
34,"dotcolour","hard","hard",1.001,1,1,-99,-0.099
34,"dotcolour","hard","hard",0.968,1,1,-99,-0.099
34,"dotcolour","hard","hard",0.718,1,1,-99,-0.099
34,"dotcolour","hard","hard",0.901,1,0,-99,-0.099
34,"dotcolour","hard","hard",0.835,-1,1,-99,-0.099
34,"dotcolour","hard","hard",1.168,1,1,-99,-0.099
34,"dotcolour","hard","hard",0.768,1,0,-99,-0.099
34,"dotcolour","hard","hard",0.751,-1,1,-99,-0.099
34,"dotcolour","hard","hard",0.718,1,0,-99,-0.099
34,"dotcolour","hard","hard",0.801,1,1,-99,-0.099
34,"dotcolour","hard","hard",0.667,1,1,-99,-0.099
34,"dotcolour","hard","hard",0.717,-1,1,-99,-0.099
34,"dotcolour","hard","hard",0.734,1,0,-99,-0.099
34,"dotcolour","hard","hard",0.901,1,1,-99,-0.099
34,"dotcolour","hard","hard",0.752,-1,1,-99,-0.099
34,"dotcolour","hard","hard",0.902,-1,1,-99,-0.099
34,"dotcolour","hard","hard",0.801,1,1,-99,-0.099
34,"dotcolour","hard","hard",0.903,1,1,-99,-0.099
34,"dotcolour","hard","hard",0.684,1,0,-99,-0.099
34,"dotcolour","hard","hard",0.751,1,0,-99,-0.099
34,"dotcolour","hard","hard",0.651,1,1,-99,-0.099
34,"dotcolour","hard","hard",0.801,1,1,-99,-0.099
34,"dotcolour","hard","hard",0.534,1,1,-99,-0.099
34,"dotcolour","hard","hard",0.868,-1,1,-99,-0.099
34,"dotcolour","hard","hard",1.235,1,1,-99,-0.099
34,"dotcolour","hard","hard",0.968,1,0,-99,-0.099
34,"dotcolour","hard","hard",1.252,1,1,-99,-0.099
34,"dotcolour","hard","hard",0.818,-1,1,-99,-0.099
34,"dotcolour","hard","hard",0.751,1,1,-99,-0.099
34,"dotcolour","hard","hard",0.751,-1,1,-99,-0.099
34,"dotcolour","hard","hard",0.768,1,1,-99,-0.099
34,"dotcolour","hard","hard",1.001,-1,1,-99,-0.099
34,"dotcolour","hard","hard",1.185,1,1,-99,-0.099
34,"dotcolour","hard","hard",0.785,-1,1,-99,-0.099
34,"dotcolour","hard","hard",1.352,1,0,-99,-0.099
34,"dotcolour","hard","hard",0.784,1,1,-99,-0.099
34,"dotcolour","hard","hard",0.951,1,1,-99,-0.099
34,"dotcolour","hard","hard",0.785,-1,1,-99,-0.099
34,"dotcolour","hard","hard",0.918,1,0,-99,-0.099
34,"dotcolour","hard","hard",1.451,-1,1,-99,-0.099
34,"dotcolour","hard","hard",1.318,1,1,-99,-0.099
34,"dotcolour","hard","hard",0.785,1,1,-99,-0.099
34,"dotcolour","hard","hard",0.851,-1,1,-99,-0.099
34,"dotcolour","hard","hard",1.302,1,0,-99,-0.099
34,"dotcolour","hard","hard",0.885,1,1,-99,-0.099
34,"dotcolour","hard","hard",0.785,1,1,-99,-0.099
34,"dotcolour","hard","hard",1.001,-1,0,-99,-0.099
34,"dotcolour","hard","hard",0.968,1,0,-99,-0.099
34,"dotcolour","hard","hard",1.135,1,1,-99,-0.099
34,"dotcolour","hard","hard",1.017,-1,1,-99,-0.099
34,"dotcolour","hard","hard",0.618,1,1,-99,-0.099
34,"dotcolour","hard","hard",0.684,1,0,-99,-0.099
34,"dotcolour","hard","hard",0.651,1,1,-99,-0.099
34,"dotcolour","hard","hard",0.767,-1,1,-99,-0.099
34,"dotcolour","hard","hard",1.035,1,0,-99,-0.099
34,"dotcolour","hard","hard",1.118,-1,1,-99,-0.099
34,"dotcolour","hard","hard",0.752,1,1,-99,-0.099
34,"dotcolour","hard","hard",1.952,1,0,-99,-0.099
34,"dotcolour","hard","hard",0.701,1,1,-99,-0.099
34,"dotcolour","hard","hard",0.651,1,1,-99,-0.099
34,"dotcolour","hard","hard",0.735,-1,0,-99,-0.099
34,"dotcolour","hard","hard",0.735,1,1,-99,-0.099
34,"dotcolour","hard","hard",0.735,1,0,-99,-0.099
34,"dotcolour","hard","hard",0.935,-1,0,-99,-0.099
34,"dotcolour","hard","hard",0.818,1,0,-99,-0.099
34,"dotcolour","hard","hard",0.684,1,1,-99,-0.099
34,"dotcolour","hard","hard",0.684,1,1,-99,-0.099
34,"dotcolour","hard","hard",0.585,1,0,-99,-0.099
34,"dotcolour","hard","hard",1.084,-1,0,-99,-0.099
34,"dotcolour","hard","hard",0.717,1,0,-99,-0.099
34,"dotcolour","hard","hard",1.051,-1,1,-99,-0.099
34,"dotcolour","hard","hard",0.669,1,0,-99,-0.099
34,"dotnumber","easy","easy",0.986,1,1,-99,-0.099
34,"dotnumber","easy","easy",0.784,-1,1,-99,-0.099
34,"dotnumber","easy","easy",0.736,1,1,-99,-0.099
34,"dotnumber","easy","easy",0.902,-1,1,-99,-0.099
34,"dotnumber","easy","easy",0.685,-1,1,-99,-0.099
34,"dotnumber","easy","easy",0.734,1,1,-99,-0.099
34,"dotnumber","easy","easy",0.869,-1,1,-99,-0.099
34,"dotnumber","easy","easy",0.769,-1,1,-99,-0.099
34,"dotnumber","easy","easy",0.703,-1,1,-99,-0.099
34,"dotnumber","easy","easy",0.701,1,1,-99,-0.099
34,"dotnumber","easy","easy",0.751,1,0,-99,-0.099
34,"dotnumber","easy","easy",0.919,1,0,-99,-0.099
34,"dotnumber","easy","easy",0.619,1,1,-99,-0.099
34,"dotnumber","easy","easy",0.686,1,1,-99,-0.099
34,"dotnumber","easy","easy",0.669,-1,1,-99,-0.099
34,"dotnumber","easy","easy",0.669,1,1,-99,-0.099
34,"dotnumber","easy","easy",0.635,1,1,-99,-0.099
34,"dotnumber","easy","easy",0.669,1,1,-99,-0.099
34,"dotnumber","easy","easy",0.836,1,0,-99,-0.099
34,"dotnumber","easy","easy",0.651,1,1,-99,-0.099
34,"dotnumber","easy","easy",0.768,-1,1,-99,-0.099
34,"dotnumber","easy","easy",0.718,1,0,-99,-0.099
34,"dotnumber","easy","easy",0.785,1,1,-99,-0.099
34,"dotnumber","easy","easy",0.652,1,1,-99,-0.099
34,"dotnumber","easy","easy",0.752,1,1,-99,-0.099
34,"dotnumber","easy","easy",0.702,1,0,-99,-0.099
34,"dotnumber","easy","easy",0.619,1,1,-99,-0.099
34,"dotnumber","easy","easy",0.552,1,0,-99,-0.099
34,"dotnumber","easy","easy",0.552,1,1,-99,-0.099
34,"dotnumber","easy","easy",0.518,1,1,-99,-0.099
34,"dotnumber","easy","easy",0.586,1,1,-99,-0.099
34,"dotnumber","easy","easy",0.702,-1,1,-99,-0.099
34,"dotnumber","easy","easy",0.734,-1,1,-99,-0.099
34,"dotnumber","easy","easy",0.785,-1,1,-99,-0.099
34,"dotnumber","easy","easy",0.701,1,1,-99,-0.099
34,"dotnumber","easy","easy",0.535,-1,1,-99,-0.099
34,"dotnumber","easy","easy",0.535,1,1,-99,-0.099
34,"dotnumber","easy","easy",0.651,-1,1,-99,-0.099
34,"dotnumber","easy","easy",0.835,1,1,-99,-0.099
34,"dotnumber","easy","easy",0.734,1,1,-99,-0.099
34,"dotnumber","easy","easy",0.651,-1,1,-99,-0.099
34,"dotnumber","easy","easy",0.685,-1,1,-99,-0.099
34,"dotnumber","easy","easy",0.735,-1,1,-99,-0.099
34,"dotnumber","easy","easy",0.685,-1,1,-99,-0.099
34,"dotnumber","easy","easy",0.835,1,1,-99,-0.099
34,"dotnumber","easy","easy",0.734,-1,1,-99,-0.099
34,"dotnumber","easy","easy",0.736,1,1,-99,-0.099
34,"dotnumber","easy","easy",0.617,1,1,-99,-0.099
34,"dotnumber","easy","easy",0.718,-1,1,-99,-0.099
34,"dotnumber","easy","easy",0.435,-1,1,-99,-0.099
34,"dotnumber","easy","easy",0.519,-1,0,-99,-0.099
34,"dotnumber","easy","easy",0.585,-1,1,-99,-0.099
34,"dotnumber","easy","easy",0.818,1,0,-99,-0.099
34,"dotnumber","easy","easy",0.685,-1,1,-99,-0.099
34,"dotnumber","easy","easy",0.618,1,1,-99,-0.099
34,"dotnumber","easy","easy",0.668,1,1,-99,-0.099
34,"dotnumber","easy","easy",0.536,1,1,-99,-0.099
34,"dotnumber","easy","easy",0.468,1,1,-99,-0.099
34,"dotnumber","easy","easy",0.784,1,0,-99,-0.099
34,"dotnumber","easy","easy",0.668,1,1,-99,-0.099
34,"dotnumber","easy","easy",0.551,1,1,-99,-0.099
34,"dotnumber","easy","easy",0.768,-1,1,-99,-0.099
34,"dotnumber","easy","easy",0.851,-1,1,-99,-0.099
34,"dotnumber","easy","easy",0.752,1,1,-99,-0.099
34,"dotnumber","easy","easy",0.684,-1,1,-99,-0.099
34,"dotnumber","easy","easy",0.684,-1,1,-99,-0.099
34,"dotnumber","easy","easy",0.767,1,1,-99,-0.099
34,"dotnumber","easy","easy",0.585,1,1,-99,-0.099
34,"dotnumber","easy","easy",0.618,1,1,-99,-0.099
34,"dotnumber","easy","easy",0.484,1,1,-99,-0.099
34,"dotnumber","easy","easy",0.653,-1,1,-99,-0.099
34,"dotnumber","easy","easy",0.801,-1,1,-99,-0.099
34,"dotnumber","easy","easy",0.601,1,1,-99,-0.099
34,"dotnumber","easy","easy",0.701,-1,1,-99,-0.099
34,"dotnumber","easy","easy",0.735,-1,1,-99,-0.099
34,"dotnumber","easy","easy",0.902,-1,1,-99,-0.099
34,"dotnumber","easy","easy",0.653,-1,1,-99,-0.099
34,"dotnumber","easy","easy",0.552,1,1,-99,-0.099
34,"dotnumber","easy","easy",0.652,1,1,-99,-0.099
34,"dotnumber","easy","easy",0.686,-1,1,-99,-0.099
34,"dotnumber","easy","easy",0.736,-1,1,-99,-0.099
34,"dotnumber","easy","easy",0.701,-1,1,-99,-0.099
34,"dotnumber","easy","easy",0.651,1,1,-99,-0.099
34,"dotnumber","easy","easy",0.851,-1,1,-99,-0.099
34,"dotnumber","easy","easy",1.119,-1,1,-99,-0.099
34,"dotnumber","easy","easy",0.685,1,1,-99,-0.099
34,"dotnumber","easy","easy",0.701,-1,1,-99,-0.099
34,"dotnumber","easy","easy",0.635,-1,1,-99,-0.099
34,"dotnumber","easy","easy",0.684,1,1,-99,-0.099
34,"dotnumber","easy","easy",0.568,1,1,-99,-0.099
34,"dotnumber","easy","easy",0.552,1,1,-99,-0.099
34,"dotnumber","easy","easy",0.902,-1,1,-99,-0.099
34,"dotnumber","easy","easy",0.519,1,1,-99,-0.099
34,"dotnumber","easy","easy",0.702,1,1,-99,-0.099
34,"dotnumber","easy","easy",0.752,1,1,-99,-0.099
34,"dotnumber","easy","easy",0.501,1,1,-99,-0.099
34,"dotnumber","easy","easy",0.835,-1,1,-99,-0.099
34,"dotnumber","easy","easy",0.752,1,0,-99,-0.099
34,"dotnumber","easy","easy",0.835,-1,1,-99,-0.099
34,"dotnumber","easy","easy",0.653,1,1,-99,-0.099
34,"dotnumber","easy","easy",0.602,1,1,-99,-0.099
34,"dotnumber","easy","easy",0.685,-1,1,-99,-0.099
34,"dotnumber","easy","easy",0.586,1,1,-99,-0.099
34,"dotnumber","easy","easy",0.602,1,1,-99,-0.099
34,"dotnumber","easy","easy",0.902,1,1,-99,-0.099
34,"dotnumber","easy","easy",0.751,-1,1,-99,-0.099
34,"dotnumber","easy","easy",0.536,-1,1,-99,-0.099
34,"dotnumber","easy","easy",0.585,-1,1,-99,-0.099
34,"dotnumber","easy","easy",0.602,1,1,-99,-0.099
34,"dotnumber","easy","easy",0.451,1,1,-99,-0.099
34,"dotnumber","easy","easy",0.768,-1,1,-99,-0.099
34,"dotnumber","easy","easy",0.584,1,1,-99,-0.099
34,"dotnumber","easy","easy",0.686,-1,1,-99,-0.099
34,"dotnumber","easy","easy",0.602,1,1,-99,-0.099
34,"dotnumber","easy","easy",0.517,1,1,-99,-0.099
34,"dotnumber","easy","easy",0.786,-1,1,-99,-0.099
34,"dotnumber","easy","easy",0.669,-1,1,-99,-0.099
34,"dotnumber","easy","easy",0.618,-1,1,-99,-0.099
34,"dotnumber","easy","easy",0.635,1,1,-99,-0.099
34,"dotnumber","easy","easy",0.569,1,1,-99,-0.099
34,"xotask","average","average",1.069,-1,1,-99,-0.099
34,"xotask","average","average",0.685,-1,1,-99,-0.099
34,"xotask","average","average",0.652,1,1,-99,-0.099
34,"xotask","average","average",0.634,1,1,-99,-0.099
34,"xotask","average","average",0.884,-1,0,-99,-0.099
34,"xotask","average","average",0.685,1,1,-99,-0.099
34,"xotask","average","average",0.652,1,1,-99,-0.099
34,"xotask","average","average",0.768,-1,1,-99,-0.099
34,"xotask","average","average",0.619,1,1,-99,-0.099
34,"xotask","average","average",0.585,1,1,-99,-0.099
34,"xotask","average","average",0.852,1,1,-99,-0.099
34,"xotask","average","average",0.685,1,0,-99,-0.099
34,"xotask","average","average",0.735,-1,1,-99,-0.099
34,"xotask","average","average",1.219,1,0,-99,-0.099
34,"xotask","average","average",1.234,1,0,-99,-0.099
34,"xotask","average","average",0.569,1,1,-99,-0.099
34,"xotask","average","average",0.669,-1,1,-99,-0.099
34,"xotask","average","average",0.601,-1,1,-99,-0.099
34,"xotask","average","average",0.735,1,0,-99,-0.099
34,"xotask","average","average",0.585,1,0,-99,-0.099
34,"xotask","average","average",0.785,1,1,-99,-0.099
34,"xotask","average","average",0.719,-1,0,-99,-0.099
34,"xotask","average","average",0.468,1,1,-99,-0.099
34,"xotask","average","average",3.587,-1,1,-99,-0.099
34,"xotask","average","average",1.286,-1,0,-99,-0.099
34,"xotask","average","average",0.601,1,1,-99,-0.099
34,"xotask","average","average",0.802,-1,1,-99,-0.099
34,"xotask","average","average",0.902,1,0,-99,-0.099
34,"xotask","average","average",0.734,1,1,-99,-0.099
34,"xotask","average","average",1.186,1,1,-99,-0.099
34,"xotask","average","average",0.801,-1,1,-99,-0.099
34,"xotask","average","average",0.885,-1,1,-99,-0.099
34,"xotask","average","average",1.002,1,0,-99,-0.099
34,"xotask","average","average",0.667,-1,1,-99,-0.099
34,"xotask","average","average",0.784,-1,1,-99,-0.099
34,"xotask","average","average",0.618,-1,1,-99,-0.099
34,"xotask","average","average",0.735,-1,0,-99,-0.099
34,"xotask","average","average",0.552,1,1,-99,-0.099
34,"xotask","average","average",0.902,-1,1,-99,-0.099
34,"xotask","average","average",0.569,1,0,-99,-0.099
34,"xotask","average","average",0.786,1,1,-99,-0.099
34,"xotask","average","average",0.619,1,1,-99,-0.099
34,"xotask","average","average",1.719,1,0,-99,-0.099
34,"xotask","average","average",0.952,-1,0,-99,-0.099
34,"xotask","average","average",0.719,-1,1,-99,-0.099
34,"xotask","average","average",0.837,-1,0,-99,-0.099
34,"xotask","average","average",0.768,1,1,-99,-0.099
34,"xotask","average","average",0.985,-1,0,-99,-0.099
34,"xotask","average","average",2.236,-1,1,-99,-0.099
34,"xotask","average","average",0.984,-1,1,-99,-0.099
34,"xotask","average","average",0.701,1,1,-99,-0.099
34,"xotask","average","average",0.668,-1,1,-99,-0.099
34,"xotask","average","average",0.635,1,1,-99,-0.099
34,"xotask","average","average",0.652,1,1,-99,-0.099
34,"xotask","average","average",0.919,-1,1,-99,-0.099
34,"xotask","average","average",0.635,-1,1,-99,-0.099
34,"xotask","average","average",1.336,1,1,-99,-0.099
34,"xotask","average","average",0.752,1,1,-99,-0.099
34,"xotask","average","average",0.719,1,0,-99,-0.099
34,"xotask","average","average",0.635,-1,1,-99,-0.099
34,"xotask","average","average",0.752,-1,1,-99,-0.099
34,"xotask","average","average",0.884,-1,1,-99,-0.099
34,"xotask","average","average",0.618,1,1,-99,-0.099
34,"xotask","average","average",0.852,1,1,-99,-0.099
34,"xotask","average","average",0.751,-1,1,-99,-0.099
34,"xotask","average","average",1.085,1,1,-99,-0.099
34,"xotask","average","average",0.785,1,1,-99,-0.099
34,"xotask","average","average",0.635,-1,1,-99,-0.099
34,"xotask","average","average",0.685,1,1,-99,-0.099
34,"xotask","average","average",0.902,-1,1,-99,-0.099
34,"xotask","average","average",0.684,1,1,-99,-0.099
34,"xotask","average","average",0.719,1,1,-99,-0.099
34,"xotask","average","average",0.935,-1,1,-99,-0.099
34,"xotask","average","average",0.552,1,1,-99,-0.099
34,"xotask","average","average",0.701,-1,1,-99,-0.099
34,"xotask","average","average",0.651,-1,0,-99,-0.099
34,"xotask","average","average",0.701,1,1,-99,-0.099
34,"xotask","average","average",1.068,-1,0,-99,-0.099
34,"xotask","average","average",0.786,-1,1,-99,-0.099
34,"xotask","average","average",0.552,1,1,-99,-0.099
34,"xotask","average","average",0.853,1,1,-99,-0.099
34,"xotask","average","average",0.784,-1,0,-99,-0.099
34,"xotask","average","average",0.685,-1,1,-99,-0.099
34,"xotask","average","average",0.718,-1,1,-99,-0.099
34,"xotask","average","average",0.701,-1,0,-99,-0.099
34,"xotask","average","average",1.018,-1,1,-99,-0.099
34,"xotask","average","average",0.902,1,1,-99,-0.099
34,"xotask","average","average",0.701,-1,1,-99,-0.099
34,"xotask","average","average",0.568,-1,1,-99,-0.099
34,"xotask","average","average",0.652,-1,1,-99,-0.099
34,"xotask","average","average",0.669,-1,1,-99,-0.099
34,"xotask","average","average",0.652,-1,1,-99,-0.099
34,"xotask","average","average",0.686,-1,0,-99,-0.099
34,"xotask","average","average",0.551,-1,1,-99,-0.099
34,"xotask","average","average",0.669,1,1,-99,-0.099
34,"xotask","average","average",0.585,1,1,-99,-0.099
34,"xotask","average","average",0.902,1,1,-99,-0.099
34,"xotask","average","average",0.719,1,1,-99,-0.099
34,"xotask","average","average",0.518,-1,1,-99,-0.099
34,"xotask","average","average",0.635,1,1,-99,-0.099
34,"xotask","average","average",0.869,-1,0,-99,-0.099
34,"xotask","average","average",0.702,-1,1,-99,-0.099
34,"xotask","average","average",0.569,1,0,-99,-0.099
34,"xotask","average","average",0.885,-1,1,-99,-0.099
34,"xotask","average","average",0.685,-1,1,-99,-0.099
34,"xotask","average","average",0.634,1,0,-99,-0.099
34,"xotask","average","average",0.786,-1,1,-99,-0.099
34,"xotask","average","average",0.636,-1,1,-99,-0.099
34,"xotask","average","average",0.584,1,1,-99,-0.099
34,"xotask","average","average",0.635,-1,1,-99,-0.099
34,"xotask","average","average",0.819,-1,0,-99,-0.099
34,"xotask","average","average",0.652,1,1,-99,-0.099
34,"xotask","average","average",0.634,1,1,-99,-0.099
34,"xotask","average","average",1.102,-1,1,-99,-0.099
34,"xotask","average","average",0.718,1,1,-99,-0.099
34,"xotask","average","average",0.635,1,1,-99,-0.099
34,"xotask","average","average",0.703,-1,1,-99,-0.099
34,"xotask","average","average",0.602,1,1,-99,-0.099
34,"xotask","average","average",0.719,-1,1,-99,-0.099
34,"xotask","average","average",0.684,-1,0,-99,-0.099
35,"dotnumber","easy","easy",2.019,1,1,-99,-0.099
35,"dotnumber","easy","easy",0.834,-1,1,-99,-0.099
35,"dotnumber","easy","easy",0.868,1,1,-99,-0.099
35,"dotnumber","easy","easy",1.102,1,1,-99,-0.099
35,"dotnumber","easy","easy",1.435,-1,1,-99,-0.099
35,"dotnumber","easy","easy",0.685,-1,1,-99,-0.099
35,"dotnumber","easy","easy",1.703,-1,1,-99,-0.099
35,"dotnumber","easy","easy",0.985,1,0,-99,-0.099
35,"dotnumber","easy","easy",0.752,1,1,-99,-0.099
35,"dotnumber","easy","easy",0.802,1,1,-99,-0.099
35,"dotnumber","easy","easy",0.969,1,1,-99,-0.099
35,"dotnumber","easy","easy",0.569,-1,1,-99,-0.099
35,"dotnumber","easy","easy",0.602,-1,1,-99,-0.099
35,"dotnumber","easy","easy",0.702,1,1,-99,-0.099
35,"dotnumber","easy","easy",0.668,1,1,-99,-0.099
35,"dotnumber","easy","easy",0.667,-1,1,-99,-0.099
35,"dotnumber","easy","easy",0.719,-1,1,-99,-0.099
35,"dotnumber","easy","easy",0.701,1,1,-99,-0.099
35,"dotnumber","easy","easy",0.702,-1,1,-99,-0.099
35,"dotnumber","easy","easy",1.586,1,0,-99,-0.099
35,"dotnumber","easy","easy",0.634,1,1,-99,-0.099
35,"dotnumber","easy","easy",1.051,1,1,-99,-0.099
35,"dotnumber","easy","easy",0.668,-1,1,-99,-0.099
35,"dotnumber","easy","easy",0.536,1,1,-99,-0.099
35,"dotnumber","easy","easy",0.852,-1,1,-99,-0.099
35,"dotnumber","easy","easy",1.686,1,0,-99,-0.099
35,"dotnumber","easy","easy",0.602,1,1,-99,-0.099
35,"dotnumber","easy","easy",0.651,-1,1,-99,-0.099
35,"dotnumber","easy","easy",0.602,1,1,-99,-0.099
35,"dotnumber","easy","easy",0.601,1,1,-99,-0.099
35,"dotnumber","easy","easy",0.718,1,1,-99,-0.099
35,"dotnumber","easy","easy",0.786,1,1,-99,-0.099
35,"dotnumber","easy","easy",0.619,-1,1,-99,-0.099
35,"dotnumber","easy","easy",0.685,1,1,-99,-0.099
35,"dotnumber","easy","easy",0.585,-1,1,-99,-0.099
35,"dotnumber","easy","easy",1.102,-1,1,-99,-0.099
35,"dotnumber","easy","easy",0.652,-1,1,-99,-0.099
35,"dotnumber","easy","easy",0.718,-1,1,-99,-0.099
35,"dotnumber","easy","easy",0.852,1,1,-99,-0.099
35,"dotnumber","easy","easy",0.552,-1,1,-99,-0.099
35,"dotnumber","easy","easy",0.467,1,1,-99,-0.099
35,"dotnumber","easy","easy",0.618,-1,1,-99,-0.099
35,"dotnumber","easy","easy",1.437,-1,1,-99,-0.099
35,"dotnumber","easy","easy",0.768,1,1,-99,-0.099
35,"dotnumber","easy","easy",0.901,-1,1,-99,-0.099
35,"dotnumber","easy","easy",0.751,1,1,-99,-0.099
35,"dotnumber","easy","easy",1.136,-1,0,-99,-0.099
35,"dotnumber","easy","easy",0.685,1,1,-99,-0.099
35,"dotnumber","easy","easy",0.752,1,1,-99,-0.099
35,"dotnumber","easy","easy",1.002,1,1,-99,-0.099
35,"dotnumber","easy","easy",0.551,-1,1,-99,-0.099
35,"dotnumber","easy","easy",0.519,-1,1,-99,-0.099
35,"dotnumber","easy","easy",0.502,-1,1,-99,-0.099
35,"dotnumber","easy","easy",0.768,1,1,-99,-0.099
35,"dotnumber","easy","easy",0.918,1,1,-99,-0.099
35,"dotnumber","easy","easy",0.602,-1,0,-99,-0.099
35,"dotnumber","easy","easy",0.751,-1,0,-99,-0.099
35,"dotnumber","easy","easy",0.535,1,1,-99,-0.099
35,"dotnumber","easy","easy",0.519,-1,1,-99,-0.099
35,"dotnumber","easy","easy",0.568,-1,1,-99,-0.099
35,"dotnumber","easy","easy",0.519,-1,1,-99,-0.099
35,"dotnumber","easy","easy",0.652,1,1,-99,-0.099
35,"dotnumber","easy","easy",0.519,1,1,-99,-0.099
35,"dotnumber","easy","easy",1.053,1,1,-99,-0.099
35,"dotnumber","easy","easy",0.785,1,1,-99,-0.099
35,"dotnumber","easy","easy",0.668,1,1,-99,-0.099
35,"dotnumber","easy","easy",1.436,1,0,-99,-0.099
35,"dotnumber","easy","easy",0.518,-1,1,-99,-0.099
35,"dotnumber","easy","easy",0.585,-1,1,-99,-0.099
35,"dotnumber","easy","easy",0.535,-1,1,-99,-0.099
35,"dotnumber","easy","easy",0.985,-1,1,-99,-0.099
35,"dotnumber","easy","easy",0.535,-1,1,-99,-0.099
35,"dotnumber","easy","easy",0.802,1,1,-99,-0.099
35,"dotnumber","easy","easy",0.702,1,1,-99,-0.099
35,"dotnumber","easy","easy",0.585,-1,1,-99,-0.099
35,"dotnumber","easy","easy",0.602,-1,1,-99,-0.099
35,"dotnumber","easy","easy",0.485,-1,1,-99,-0.099
35,"dotnumber","easy","easy",0.652,1,1,-99,-0.099
35,"dotnumber","easy","easy",0.986,-1,0,-99,-0.099
35,"dotnumber","easy","easy",0.502,1,1,-99,-0.099
35,"dotnumber","easy","easy",0.785,1,1,-99,-0.099
35,"dotnumber","easy","easy",0.435,-1,0,-99,-0.099
35,"dotnumber","easy","easy",0.518,-1,1,-99,-0.099
35,"dotnumber","easy","easy",0.519,-1,1,-99,-0.099
35,"dotnumber","easy","easy",0.735,-1,1,-99,-0.099
35,"dotnumber","easy","easy",0.485,1,1,-99,-0.099
35,"dotnumber","easy","easy",0.501,-1,1,-99,-0.099
35,"dotnumber","easy","easy",0.452,1,1,-99,-0.099
35,"dotnumber","easy","easy",0.535,-1,1,-99,-0.099
35,"dotnumber","easy","easy",0.518,-1,1,-99,-0.099
35,"dotnumber","easy","easy",0.668,-1,1,-99,-0.099
35,"dotnumber","easy","easy",0.819,-1,0,-99,-0.099
35,"dotnumber","easy","easy",0.501,1,1,-99,-0.099
35,"dotnumber","easy","easy",0.603,-1,1,-99,-0.099
35,"dotnumber","easy","easy",0.585,-1,1,-99,-0.099
35,"dotnumber","easy","easy",0.552,1,1,-99,-0.099
35,"dotnumber","easy","easy",0.585,1,1,-99,-0.099
35,"dotnumber","easy","easy",0.802,1,1,-99,-0.099
35,"dotnumber","easy","easy",0.635,-1,1,-99,-0.099
35,"dotnumber","easy","easy",0.602,-1,1,-99,-0.099
35,"dotnumber","easy","easy",0.617,-1,1,-99,-0.099
35,"dotnumber","easy","easy",0.717,1,1,-99,-0.099
35,"dotnumber","easy","easy",0.818,1,1,-99,-0.099
35,"dotnumber","easy","easy",0.502,-1,1,-99,-0.099
35,"dotnumber","easy","easy",0.486,-1,1,-99,-0.099
35,"dotnumber","easy","easy",0.702,1,1,-99,-0.099
35,"dotnumber","easy","easy",0.551,1,1,-99,-0.099
35,"dotnumber","easy","easy",0.553,1,1,-99,-0.099
35,"dotnumber","easy","easy",0.385,-1,1,-99,-0.099
35,"dotnumber","easy","easy",0.551,1,1,-99,-0.099
35,"dotnumber","easy","easy",0.452,-1,1,-99,-0.099
35,"dotnumber","easy","easy",0.517,-1,1,-99,-0.099
35,"dotnumber","easy","easy",0.651,1,1,-99,-0.099
35,"dotnumber","easy","easy",0.552,-1,1,-99,-0.099
35,"dotnumber","easy","easy",0.502,-1,1,-99,-0.099
35,"dotnumber","easy","easy",0.586,1,1,-99,-0.099
35,"dotnumber","easy","easy",0.501,-1,1,-99,-0.099
35,"dotnumber","easy","easy",0.451,1,1,-99,-0.099
35,"dotnumber","easy","easy",0.435,1,1,-99,-0.099
35,"dotnumber","easy","easy",0.568,-1,1,-99,-0.099
35,"xotask","average","average",1.152,-1,0,-99,-0.099
35,"xotask","average","average",0.735,1,1,-99,-0.099
35,"xotask","average","average",0.92,-1,1,-99,-0.099
35,"xotask","average","average",1.769,-1,0,-99,-0.099
35,"xotask","average","average",0.636,1,1,-99,-0.099
35,"xotask","average","average",0.952,1,1,-99,-0.099
35,"xotask","average","average",0.751,-1,1,-99,-0.099
35,"xotask","average","average",0.902,1,1,-99,-0.099
35,"xotask","average","average",0.719,1,1,-99,-0.099
35,"xotask","average","average",1.018,-1,1,-99,-0.099
35,"xotask","average","average",0.835,1,1,-99,-0.099
35,"xotask","average","average",1.284,-1,0,-99,-0.099
35,"xotask","average","average",0.667,-1,1,-99,-0.099
35,"xotask","average","average",0.684,-1,1,-99,-0.099
35,"xotask","average","average",0.619,-1,1,-99,-0.099
35,"xotask","average","average",0.635,-1,1,-99,-0.099
35,"xotask","average","average",1.235,-1,1,-99,-0.099
35,"xotask","average","average",0.751,-1,0,-99,-0.099
35,"xotask","average","average",0.584,-1,1,-99,-0.099
35,"xotask","average","average",0.668,1,1,-99,-0.099
35,"xotask","average","average",0.567,-1,1,-99,-0.099
35,"xotask","average","average",0.568,-1,1,-99,-0.099
35,"xotask","average","average",0.719,1,1,-99,-0.099
35,"xotask","average","average",0.568,-1,1,-99,-0.099
35,"xotask","average","average",1.67,-1,1,-99,-0.099
35,"xotask","average","average",0.601,1,0,-99,-0.099
35,"xotask","average","average",0.668,-1,1,-99,-0.099
35,"xotask","average","average",0.685,-1,1,-99,-0.099
35,"xotask","average","average",0.834,-1,0,-99,-0.099
35,"xotask","average","average",0.735,1,1,-99,-0.099
35,"xotask","average","average",0.868,1,1,-99,-0.099
35,"xotask","average","average",0.619,-1,1,-99,-0.099
35,"xotask","average","average",0.634,-1,1,-99,-0.099
35,"xotask","average","average",0.452,-1,0,-99,-0.099
35,"xotask","average","average",0.484,1,1,-99,-0.099
35,"xotask","average","average",0.685,-1,0,-99,-0.099
35,"xotask","average","average",0.785,-1,1,-99,-0.099
35,"xotask","average","average",0.685,-1,1,-99,-0.099
35,"xotask","average","average",0.484,-1,1,-99,-0.099
35,"xotask","average","average",0.568,-1,1,-99,-0.099
35,"xotask","average","average",0.585,1,1,-99,-0.099
35,"xotask","average","average",0.685,1,1,-99,-0.099
35,"xotask","average","average",0.485,1,1,-99,-0.099
35,"xotask","average","average",0.552,1,1,-99,-0.099
35,"xotask","average","average",0.952,-1,1,-99,-0.099
35,"xotask","average","average",0.585,-1,0,-99,-0.099
35,"xotask","average","average",1.686,-1,1,-99,-0.099
35,"xotask","average","average",0.551,1,1,-99,-0.099
35,"xotask","average","average",1.62,-1,0,-99,-0.099
35,"xotask","average","average",0.969,-1,1,-99,-0.099
35,"xotask","average","average",1.202,1,1,-99,-0.099
35,"xotask","average","average",0.701,-1,1,-99,-0.099
35,"xotask","average","average",0.552,-1,1,-99,-0.099
35,"xotask","average","average",0.469,1,1,-99,-0.099
35,"xotask","average","average",0.719,-1,1,-99,-0.099
35,"xotask","average","average",0.601,-1,0,-99,-0.099
35,"xotask","average","average",0.519,-1,1,-99,-0.099
35,"xotask","average","average",0.551,-1,1,-99,-0.099
35,"xotask","average","average",0.485,-1,1,-99,-0.099
35,"xotask","average","average",0.652,1,1,-99,-0.099
35,"xotask","average","average",0.434,1,1,-99,-0.099
35,"xotask","average","average",0.635,-1,1,-99,-0.099
35,"xotask","average","average",0.702,1,1,-99,-0.099
35,"xotask","average","average",0.518,-1,1,-99,-0.099
35,"xotask","average","average",0.401,1,1,-99,-0.099
35,"xotask","average","average",1.403,1,1,-99,-0.099
35,"xotask","average","average",0.919,-1,1,-99,-0.099
35,"xotask","average","average",0.718,-1,0,-99,-0.099
35,"xotask","average","average",0.584,-1,1,-99,-0.099
35,"xotask","average","average",0.669,1,1,-99,-0.099
35,"xotask","average","average",0.636,1,1,-99,-0.099
35,"xotask","average","average",0.518,-1,1,-99,-0.099
35,"xotask","average","average",0.836,-1,1,-99,-0.099
35,"xotask","average","average",0.635,-1,1,-99,-0.099
35,"xotask","average","average",0.535,1,1,-99,-0.099
35,"xotask","average","average",0.518,1,1,-99,-0.099
35,"xotask","average","average",0.718,-1,1,-99,-0.099
35,"xotask","average","average",1.002,-1,0,-99,-0.099
35,"xotask","average","average",0.702,-1,1,-99,-0.099
35,"xotask","average","average",0.518,1,1,-99,-0.099
35,"xotask","average","average",0.519,1,1,-99,-0.099
35,"xotask","average","average",0.718,1,0,-99,-0.099
35,"xotask","average","average",0.668,1,1,-99,-0.099
35,"xotask","average","average",0.735,-1,1,-99,-0.099
35,"xotask","average","average",0.802,-1,1,-99,-0.099
35,"xotask","average","average",0.585,1,1,-99,-0.099
35,"xotask","average","average",0.769,-1,1,-99,-0.099
35,"xotask","average","average",0.602,1,1,-99,-0.099
35,"xotask","average","average",0.669,-1,1,-99,-0.099
35,"xotask","average","average",0.652,1,1,-99,-0.099
35,"xotask","average","average",0.585,1,1,-99,-0.099
35,"xotask","average","average",0.535,1,1,-99,-0.099
35,"xotask","average","average",0.635,-1,1,-99,-0.099
35,"xotask","average","average",0.651,-1,0,-99,-0.099
35,"xotask","average","average",0.752,-1,1,-99,-0.099
35,"xotask","average","average",1.286,-1,1,-99,-0.099
35,"xotask","average","average",0.869,-1,0,-99,-0.099
35,"xotask","average","average",0.718,-1,1,-99,-0.099
35,"xotask","average","average",0.735,1,1,-99,-0.099
35,"xotask","average","average",0.803,1,1,-99,-0.099
35,"xotask","average","average",1.052,-1,0,-99,-0.099
35,"xotask","average","average",0.718,-1,1,-99,-0.099
35,"xotask","average","average",0.734,-1,1,-99,-0.099
35,"xotask","average","average",1.787,1,1,-99,-0.099
35,"xotask","average","average",0.835,1,1,-99,-0.099
35,"xotask","average","average",0.768,1,1,-99,-0.099
35,"xotask","average","average",0.552,-1,1,-99,-0.099
35,"xotask","average","average",0.685,-1,1,-99,-0.099
35,"xotask","average","average",0.684,-1,1,-99,-0.099
35,"xotask","average","average",0.452,1,1,-99,-0.099
35,"xotask","average","average",0.535,1,1,-99,-0.099
35,"xotask","average","average",0.452,-1,1,-99,-0.099
35,"xotask","average","average",0.618,-1,1,-99,-0.099
35,"xotask","average","average",0.418,1,1,-99,-0.099
35,"xotask","average","average",0.535,-1,1,-99,-0.099
35,"xotask","average","average",0.417,1,0,-99,-0.099
35,"xotask","average","average",0.485,1,1,-99,-0.099
35,"xotask","average","average",0.585,-1,0,-99,-0.099
35,"xotask","average","average",0.469,-1,1,-99,-0.099
35,"xotask","average","average",0.635,-1,1,-99,-0.099
35,"dotcolour","hard","hard",0.886,-1,1,-99,-0.099
35,"dotcolour","hard","hard",1.186,-1,0,-99,-0.099
35,"dotcolour","hard","hard",0.584,1,1,-99,-0.099
35,"dotcolour","hard","hard",1.27,-1,1,-99,-0.099
35,"dotcolour","hard","hard",0.768,-1,1,-99,-0.099
35,"dotcolour","hard","hard",0.951,-1,1,-99,-0.099
35,"dotcolour","hard","hard",0.652,-1,1,-99,-0.099
35,"dotcolour","hard","hard",0.851,1,0,-99,-0.099
35,"dotcolour","hard","hard",0.719,-1,0,-99,-0.099
35,"dotcolour","hard","hard",0.685,1,1,-99,-0.099
35,"dotcolour","hard","hard",1.002,-1,1,-99,-0.099
35,"dotcolour","hard","hard",1.185,1,1,-99,-0.099
35,"dotcolour","hard","hard",0.868,-1,1,-99,-0.099
35,"dotcolour","hard","hard",0.819,1,1,-99,-0.099
35,"dotcolour","hard","hard",0.852,1,1,-99,-0.099
35,"dotcolour","hard","hard",0.652,-1,0,-99,-0.099
35,"dotcolour","hard","hard",0.719,1,1,-99,-0.099
35,"dotcolour","hard","hard",0.769,-1,1,-99,-0.099
35,"dotcolour","hard","hard",1.152,1,0,-99,-0.099
35,"dotcolour","hard","hard",0.951,-1,0,-99,-0.099
35,"dotcolour","hard","hard",0.802,1,1,-99,-0.099
35,"dotcolour","hard","hard",1.068,-1,1,-99,-0.099
35,"dotcolour","hard","hard",0.753,1,1,-99,-0.099
35,"dotcolour","hard","hard",0.669,1,0,-99,-0.099
35,"dotcolour","hard","hard",0.685,1,1,-99,-0.099
35,"dotcolour","hard","hard",0.969,-1,0,-99,-0.099
35,"dotcolour","hard","hard",0.785,1,0,-99,-0.099
35,"dotcolour","hard","hard",1.036,-1,0,-99,-0.099
35,"dotcolour","hard","hard",0.936,1,1,-99,-0.099
35,"dotcolour","hard","hard",0.685,1,1,-99,-0.099
35,"dotcolour","hard","hard",0.736,-1,1,-99,-0.099
35,"dotcolour","hard","hard",1.802,1,0,-99,-0.099
35,"dotcolour","hard","hard",0.901,-1,1,-99,-0.099
35,"dotcolour","hard","hard",0.886,-1,1,-99,-0.099
35,"dotcolour","hard","hard",0.635,1,1,-99,-0.099
35,"dotcolour","hard","hard",0.834,1,1,-99,-0.099
35,"dotcolour","hard","hard",0.735,-1,1,-99,-0.099
35,"dotcolour","hard","hard",0.634,1,1,-99,-0.099
35,"dotcolour","hard","hard",0.753,1,1,-99,-0.099
35,"dotcolour","hard","hard",0.702,-1,1,-99,-0.099
35,"dotcolour","hard","hard",0.869,-1,1,-99,-0.099
35,"dotcolour","hard","hard",0.769,-1,1,-99,-0.099
35,"dotcolour","hard","hard",0.718,1,1,-99,-0.099
35,"dotcolour","hard","hard",0.835,1,0,-99,-0.099
35,"dotcolour","hard","hard",1.003,-1,0,-99,-0.099
35,"dotcolour","hard","hard",0.869,-1,1,-99,-0.099
35,"dotcolour","hard","hard",0.619,1,0,-99,-0.099
35,"dotcolour","hard","hard",0.836,-1,0,-99,-0.099
35,"dotcolour","hard","hard",0.668,1,1,-99,-0.099
35,"dotcolour","hard","hard",1.119,-1,1,-99,-0.099
35,"dotcolour","hard","hard",2.102,-1,1,-99,-0.099
35,"dotcolour","hard","hard",0.701,1,0,-99,-0.099
35,"dotcolour","hard","hard",0.668,-1,1,-99,-0.099
35,"dotcolour","hard","hard",0.635,1,1,-99,-0.099
35,"dotcolour","hard","hard",0.753,1,1,-99,-0.099
35,"dotcolour","hard","hard",0.818,1,1,-99,-0.099
35,"dotcolour","hard","hard",1.319,-1,0,-99,-0.099
35,"dotcolour","hard","hard",1.27,-1,1,-99,-0.099
35,"dotcolour","hard","hard",1.303,-1,0,-99,-0.099
35,"dotcolour","hard","hard",0.785,1,1,-99,-0.099
35,"dotcolour","hard","hard",0.635,-1,1,-99,-0.099
35,"dotcolour","hard","hard",1.57,-1,0,-99,-0.099
35,"dotcolour","hard","hard",0.718,1,0,-99,-0.099
35,"dotcolour","hard","hard",0.667,1,0,-99,-0.099
35,"dotcolour","hard","hard",0.802,1,0,-99,-0.099
35,"dotcolour","hard","hard",0.719,-1,1,-99,-0.099
35,"dotcolour","hard","hard",1.086,-1,1,-99,-0.099
35,"dotcolour","hard","hard",0.467,1,1,-99,-0.099
35,"dotcolour","hard","hard",0.518,1,1,-99,-0.099
35,"dotcolour","hard","hard",0.684,1,1,-99,-0.099
35,"dotcolour","hard","hard",0.552,1,0,-99,-0.099
35,"dotcolour","hard","hard",1.152,-1,0,-99,-0.099
35,"dotcolour","hard","hard",1.019,-1,0,-99,-0.099
35,"dotcolour","hard","hard",0.685,1,1,-99,-0.099
35,"dotcolour","hard","hard",0.585,1,1,-99,-0.099
35,"dotcolour","hard","hard",0.751,1,1,-99,-0.099
35,"dotcolour","hard","hard",0.786,-1,1,-99,-0.099
35,"dotcolour","hard","hard",0.485,-1,1,-99,-0.099
35,"dotcolour","hard","hard",0.601,-1,1,-99,-0.099
35,"dotcolour","hard","hard",0.569,-1,1,-99,-0.099
35,"dotcolour","hard","hard",0.752,1,1,-99,-0.099
35,"dotcolour","hard","hard",0.618,1,1,-99,-0.099
35,"dotcolour","hard","hard",0.485,-1,1,-99,-0.099
35,"dotcolour","hard","hard",0.634,1,0,-99,-0.099
35,"dotcolour","hard","hard",0.65,1,1,-99,-0.099
35,"dotcolour","hard","hard",0.651,-1,1,-99,-0.099
35,"dotcolour","hard","hard",0.752,1,0,-99,-0.099
35,"dotcolour","hard","hard",0.651,1,0,-99,-0.099
35,"dotcolour","hard","hard",0.685,1,1,-99,-0.099
35,"dotcolour","hard","hard",0.884,1,1,-99,-0.099
35,"dotcolour","hard","hard",0.536,1,0,-99,-0.099
35,"dotcolour","hard","hard",0.518,1,1,-99,-0.099
35,"dotcolour","hard","hard",0.754,1,1,-99,-0.099
35,"dotcolour","hard","hard",0.668,1,0,-99,-0.099
35,"dotcolour","hard","hard",0.635,1,1,-99,-0.099
35,"dotcolour","hard","hard",0.919,-1,1,-99,-0.099
35,"dotcolour","hard","hard",0.819,1,0,-99,-0.099
35,"dotcolour","hard","hard",0.568,1,0,-99,-0.099
35,"dotcolour","hard","hard",0.502,1,1,-99,-0.099
35,"dotcolour","hard","hard",1.052,1,0,-99,-0.099
35,"dotcolour","hard","hard",0.769,1,1,-99,-0.099
35,"dotcolour","hard","hard",0.885,1,1,-99,-0.099
35,"dotcolour","hard","hard",1.236,1,1,-99,-0.099
35,"dotcolour","hard","hard",0.653,-1,1,-99,-0.099
35,"dotcolour","hard","hard",1.336,-1,1,-99,-0.099
35,"dotcolour","hard","hard",1.185,1,1,-99,-0.099
35,"dotcolour","hard","hard",0.752,-1,0,-99,-0.099
35,"dotcolour","hard","hard",0.835,1,1,-99,-0.099
35,"dotcolour","hard","hard",0.785,1,0,-99,-0.099
35,"dotcolour","hard","hard",0.569,-1,1,-99,-0.099
35,"dotcolour","hard","hard",0.518,1,1,-99,-0.099
35,"dotcolour","hard","hard",0.684,-1,1,-99,-0.099
35,"dotcolour","hard","hard",0.652,1,0,-99,-0.099
35,"dotcolour","hard","hard",0.719,-1,1,-99,-0.099
35,"dotcolour","hard","hard",0.602,1,1,-99,-0.099
35,"dotcolour","hard","hard",0.669,1,1,-99,-0.099
35,"dotcolour","hard","hard",0.652,-1,0,-99,-0.099
35,"dotcolour","hard","hard",0.885,-1,1,-99,-0.099
35,"dotcolour","hard","hard",0.802,1,1,-99,-0.099
35,"dotcolour","hard","hard",0.634,-1,1,-99,-0.099
36,"xotask","easy","easy",3.003,1,1,-99,-0.099
36,"xotask","easy","easy",1.636,1,1,-99,-0.099
36,"xotask","easy","easy",1.168,-1,1,-99,-0.099
36,"xotask","easy","easy",0.735,1,1,-99,-0.099
36,"xotask","easy","easy",0.868,-1,1,-99,-0.099
36,"xotask","easy","easy",0.785,-1,1,-99,-0.099
36,"xotask","easy","easy",0.735,1,1,-99,-0.099
36,"xotask","easy","easy",0.618,1,1,-99,-0.099
36,"xotask","easy","easy",0.768,-1,1,-99,-0.099
36,"xotask","easy","easy",0.852,-1,1,-99,-0.099
36,"xotask","easy","easy",0.919,-1,1,-99,-0.099
36,"xotask","easy","easy",1.168,1,1,-99,-0.099
36,"xotask","easy","easy",3.955,-1,1,-99,-0.099
36,"xotask","easy","easy",0.702,-1,1,-99,-0.099
36,"xotask","easy","easy",0.535,1,1,-99,-0.099
36,"xotask","easy","easy",0.551,1,1,-99,-0.099
36,"xotask","easy","easy",0.601,-1,1,-99,-0.099
36,"xotask","easy","easy",0.735,1,1,-99,-0.099
36,"xotask","easy","easy",0.634,1,1,-99,-0.099
36,"xotask","easy","easy",0.701,-1,1,-99,-0.099
36,"xotask","easy","easy",0.602,-1,1,-99,-0.099
36,"xotask","easy","easy",0.784,1,1,-99,-0.099
36,"xotask","easy","easy",1.835,-1,1,-99,-0.099
36,"xotask","easy","easy",1.553,1,1,-99,-0.099
36,"xotask","easy","easy",1.035,-1,1,-99,-0.099
36,"xotask","easy","easy",0.635,-1,1,-99,-0.099
36,"xotask","easy","easy",0.651,-1,1,-99,-0.099
36,"xotask","easy","easy",0.585,1,1,-99,-0.099
36,"xotask","easy","easy",0.518,1,1,-99,-0.099
36,"xotask","easy","easy",0.918,1,1,-99,-0.099
36,"xotask","easy","easy",0.568,1,1,-99,-0.099
36,"xotask","easy","easy",0.601,1,1,-99,-0.099
36,"xotask","easy","easy",0.718,-1,1,-99,-0.099
36,"xotask","easy","easy",0.651,1,1,-99,-0.099
36,"xotask","easy","easy",0.652,-1,1,-99,-0.099
36,"xotask","easy","easy",0.602,-1,1,-99,-0.099
36,"xotask","easy","easy",0.567,1,1,-99,-0.099
36,"xotask","easy","easy",0.585,1,1,-99,-0.099
36,"xotask","easy","easy",2.002,-1,1,-99,-0.099
36,"xotask","easy","easy",0.619,-1,1,-99,-0.099
36,"xotask","easy","easy",0.868,-1,0,-99,-0.099
36,"xotask","easy","easy",0.534,-1,1,-99,-0.099
36,"xotask","easy","easy",0.786,-1,0,-99,-0.099
36,"xotask","easy","easy",1.753,1,1,-99,-0.099
36,"xotask","easy","easy",0.601,-1,1,-99,-0.099
36,"xotask","easy","easy",0.618,-1,1,-99,-0.099
36,"xotask","easy","easy",0.736,1,1,-99,-0.099
36,"xotask","easy","easy",0.618,-1,1,-99,-0.099
36,"xotask","easy","easy",0.901,-1,1,-99,-0.099
36,"xotask","easy","easy",0.552,-1,1,-99,-0.099
36,"xotask","easy","easy",0.669,1,1,-99,-0.099
36,"xotask","easy","easy",0.568,-1,1,-99,-0.099
36,"xotask","easy","easy",0.601,-1,1,-99,-0.099
36,"xotask","easy","easy",0.618,-1,1,-99,-0.099
36,"xotask","easy","easy",0.584,-1,1,-99,-0.099
36,"xotask","easy","easy",0.751,1,1,-99,-0.099
36,"xotask","easy","easy",0.784,1,1,-99,-0.099
36,"xotask","easy","easy",1.351,1,1,-99,-0.099
36,"xotask","easy","easy",0.535,1,1,-99,-0.099
36,"xotask","easy","easy",0.652,-1,1,-99,-0.099
36,"xotask","easy","easy",0.985,1,1,-99,-0.099
36,"xotask","easy","easy",0.819,1,1,-99,-0.099
36,"xotask","easy","easy",0.936,1,1,-99,-0.099
36,"xotask","easy","easy",0.851,-1,1,-99,-0.099
36,"xotask","easy","easy",0.735,1,1,-99,-0.099
36,"xotask","easy","easy",0.668,1,1,-99,-0.099
36,"xotask","easy","easy",0.469,1,1,-99,-0.099
36,"xotask","easy","easy",0.651,-1,1,-99,-0.099
36,"xotask","easy","easy",0.619,1,1,-99,-0.099
36,"xotask","easy","easy",0.668,-1,1,-99,-0.099
36,"xotask","easy","easy",0.635,-1,1,-99,-0.099
36,"xotask","easy","easy",0.751,-1,1,-99,-0.099
36,"xotask","easy","easy",1.903,-1,0,-99,-0.099
36,"xotask","easy","easy",0.551,1,1,-99,-0.099
36,"xotask","easy","easy",1.837,-1,1,-99,-0.099
36,"xotask","easy","easy",0.785,-1,1,-99,-0.099
36,"xotask","easy","easy",0.651,1,1,-99,-0.099
36,"xotask","easy","easy",0.768,-1,1,-99,-0.099
36,"xotask","easy","easy",0.584,-1,1,-99,-0.099
36,"xotask","easy","easy",0.551,1,1,-99,-0.099
36,"xotask","easy","easy",0.752,-1,1,-99,-0.099
36,"xotask","easy","easy",0.868,1,1,-99,-0.099
36,"xotask","easy","easy",1.468,-1,1,-99,-0.099
36,"xotask","easy","easy",0.5,-1,1,-99,-0.099
36,"xotask","easy","easy",0.869,1,0,-99,-0.099
36,"xotask","easy","easy",0.601,1,1,-99,-0.099
36,"xotask","easy","easy",0.568,1,1,-99,-0.099
36,"xotask","easy","easy",0.552,1,1,-99,-0.099
36,"xotask","easy","easy",0.651,-1,1,-99,-0.099
36,"xotask","easy","easy",0.452,1,1,-99,-0.099
36,"xotask","easy","easy",0.702,-1,1,-99,-0.099
36,"xotask","easy","easy",0.585,1,1,-99,-0.099
36,"xotask","easy","easy",0.468,-1,1,-99,-0.099
36,"xotask","easy","easy",0.601,1,1,-99,-0.099
36,"xotask","easy","easy",0.568,1,1,-99,-0.099
36,"xotask","easy","easy",1.502,-1,1,-99,-0.099
36,"xotask","easy","easy",0.735,-1,1,-99,-0.099
36,"xotask","easy","easy",0.635,1,1,-99,-0.099
36,"xotask","easy","easy",0.634,1,1,-99,-0.099
36,"xotask","easy","easy",0.618,1,1,-99,-0.099
36,"xotask","easy","easy",0.601,-1,1,-99,-0.099
36,"xotask","easy","easy",1.169,-1,1,-99,-0.099
36,"xotask","easy","easy",0.468,1,1,-99,-0.099
36,"xotask","easy","easy",0.718,-1,1,-99,-0.099
36,"xotask","easy","easy",1.152,1,1,-99,-0.099
36,"xotask","easy","easy",0.769,1,1,-99,-0.099
36,"xotask","easy","easy",0.535,1,1,-99,-0.099
36,"xotask","easy","easy",0.752,-1,1,-99,-0.099
36,"xotask","easy","easy",0.368,1,1,-99,-0.099
36,"xotask","easy","easy",0.602,-1,1,-99,-0.099
36,"xotask","easy","easy",0.718,-1,1,-99,-0.099
36,"xotask","easy","easy",0.618,1,1,-99,-0.099
36,"xotask","easy","easy",0.768,-1,1,-99,-0.099
36,"xotask","easy","easy",0.669,-1,1,-99,-0.099
36,"xotask","easy","easy",1.402,-1,0,-99,-0.099
36,"xotask","easy","easy",0.651,-1,1,-99,-0.099
36,"xotask","easy","easy",0.785,-1,1,-99,-0.099
36,"xotask","easy","easy",0.551,1,1,-99,-0.099
36,"xotask","easy","easy",0.551,1,1,-99,-0.099
36,"xotask","easy","easy",0.519,-1,1,-99,-0.099
36,"dotcolour","average","average",1.503,1,1,-99,-0.099
36,"dotcolour","average","average",0.568,1,1,-99,-0.099
36,"dotcolour","average","average",0.718,1,1,-99,-0.099
36,"dotcolour","average","average",0.784,1,0,-99,-0.099
36,"dotcolour","average","average",0.618,1,1,-99,-0.099
36,"dotcolour","average","average",0.635,1,0,-99,-0.099
36,"dotcolour","average","average",0.567,1,1,-99,-0.099
36,"dotcolour","average","average",0.668,-1,1,-99,-0.099
36,"dotcolour","average","average",0.551,1,0,-99,-0.099
36,"dotcolour","average","average",0.602,1,1,-99,-0.099
36,"dotcolour","average","average",0.769,1,1,-99,-0.099
36,"dotcolour","average","average",0.719,-1,1,-99,-0.099
36,"dotcolour","average","average",0.568,1,1,-99,-0.099
36,"dotcolour","average","average",0.552,1,1,-99,-0.099
36,"dotcolour","average","average",0.951,-1,1,-99,-0.099
36,"dotcolour","average","average",0.519,1,1,-99,-0.099
36,"dotcolour","average","average",0.502,-1,1,-99,-0.099
36,"dotcolour","average","average",0.568,-1,1,-99,-0.099
36,"dotcolour","average","average",0.384,-1,1,-99,-0.099
36,"dotcolour","average","average",0.535,1,1,-99,-0.099
36,"dotcolour","average","average",0.784,-1,1,-99,-0.099
36,"dotcolour","average","average",0.668,1,0,-99,-0.099
36,"dotcolour","average","average",0.785,-1,0,-99,-0.099
36,"dotcolour","average","average",0.785,-1,1,-99,-0.099
36,"dotcolour","average","average",1.035,1,0,-99,-0.099
36,"dotcolour","average","average",0.685,1,1,-99,-0.099
36,"dotcolour","average","average",0.568,-1,1,-99,-0.099
36,"dotcolour","average","average",0.568,-1,1,-99,-0.099
36,"dotcolour","average","average",0.584,1,1,-99,-0.099
36,"dotcolour","average","average",0.585,1,1,-99,-0.099
36,"dotcolour","average","average",0.668,-1,1,-99,-0.099
36,"dotcolour","average","average",0.619,1,1,-99,-0.099
36,"dotcolour","average","average",0.752,1,1,-99,-0.099
36,"dotcolour","average","average",1.169,-1,1,-99,-0.099
36,"dotcolour","average","average",0.902,-1,1,-99,-0.099
36,"dotcolour","average","average",1.151,-1,0,-99,-0.099
36,"dotcolour","average","average",0.601,1,1,-99,-0.099
36,"dotcolour","average","average",1.118,-1,1,-99,-0.099
36,"dotcolour","average","average",0.519,-1,1,-99,-0.099
36,"dotcolour","average","average",0.518,1,1,-99,-0.099
36,"dotcolour","average","average",0.734,-1,1,-99,-0.099
36,"dotcolour","average","average",0.568,1,1,-99,-0.099
36,"dotcolour","average","average",0.701,-1,1,-99,-0.099
36,"dotcolour","average","average",0.384,1,1,-99,-0.099
36,"dotcolour","average","average",0.351,1,1,-99,-0.099
36,"dotcolour","average","average",0.851,-1,1,-99,-0.099
36,"dotcolour","average","average",1.085,1,1,-99,-0.099
36,"dotcolour","average","average",0.584,-1,1,-99,-0.099
36,"dotcolour","average","average",0.601,1,1,-99,-0.099
36,"dotcolour","average","average",0.335,-1,0,-99,-0.099
36,"dotcolour","average","average",0.651,-1,1,-99,-0.099
36,"dotcolour","average","average",0.401,1,1,-99,-0.099
36,"dotcolour","average","average",1.186,1,1,-99,-0.099
36,"dotcolour","average","average",0.552,-1,1,-99,-0.099
36,"dotcolour","average","average",0.535,1,1,-99,-0.099
36,"dotcolour","average","average",0.535,1,1,-99,-0.099
36,"dotcolour","average","average",0.651,1,1,-99,-0.099
36,"dotcolour","average","average",0.467,1,1,-99,-0.099
36,"dotcolour","average","average",0.835,-1,1,-99,-0.099
36,"dotcolour","average","average",0.718,1,1,-99,-0.099
36,"dotcolour","average","average",1.969,-1,1,-99,-0.099
36,"dotcolour","average","average",0.701,-1,1,-99,-0.099
36,"dotcolour","average","average",0.986,-1,1,-99,-0.099
36,"dotcolour","average","average",1.218,-1,1,-99,-0.099
36,"dotcolour","average","average",0.719,-1,1,-99,-0.099
36,"dotcolour","average","average",0.719,1,1,-99,-0.099
36,"dotcolour","average","average",0.686,-1,1,-99,-0.099
36,"dotcolour","average","average",1.085,1,0,-99,-0.099
36,"dotcolour","average","average",0.735,1,0,-99,-0.099
36,"dotcolour","average","average",0.718,-1,1,-99,-0.099
36,"dotcolour","average","average",1.001,1,1,-99,-0.099
36,"dotcolour","average","average",0.669,1,1,-99,-0.099
36,"dotcolour","average","average",0.735,1,0,-99,-0.099
36,"dotcolour","average","average",1.052,-1,1,-99,-0.099
36,"dotcolour","average","average",0.902,1,0,-99,-0.099
36,"dotcolour","average","average",0.652,1,1,-99,-0.099
36,"dotcolour","average","average",0.719,1,1,-99,-0.099
36,"dotcolour","average","average",0.635,-1,1,-99,-0.099
36,"dotcolour","average","average",0.819,1,1,-99,-0.099
36,"dotcolour","average","average",0.768,-1,1,-99,-0.099
36,"dotcolour","average","average",0.518,1,1,-99,-0.099
36,"dotcolour","average","average",0.551,1,1,-99,-0.099
36,"dotcolour","average","average",0.818,-1,1,-99,-0.099
36,"dotcolour","average","average",1.336,1,0,-99,-0.099
36,"dotcolour","average","average",0.851,1,0,-99,-0.099
36,"dotcolour","average","average",0.852,1,1,-99,-0.099
36,"dotcolour","average","average",0.435,1,0,-99,-0.099
36,"dotcolour","average","average",0.652,1,1,-99,-0.099
36,"dotcolour","average","average",0.501,-1,1,-99,-0.099
36,"dotcolour","average","average",0.618,1,1,-99,-0.099
36,"dotcolour","average","average",0.418,-1,0,-99,-0.099
36,"dotcolour","average","average",0.868,-1,1,-99,-0.099
36,"dotcolour","average","average",0.618,1,1,-99,-0.099
36,"dotcolour","average","average",0.585,1,1,-99,-0.099
36,"dotcolour","average","average",0.518,1,1,-99,-0.099
36,"dotcolour","average","average",0.568,-1,1,-99,-0.099
36,"dotcolour","average","average",1.936,1,0,-99,-0.099
36,"dotcolour","average","average",0.551,1,1,-99,-0.099
36,"dotcolour","average","average",0.502,1,1,-99,-0.099
36,"dotcolour","average","average",0.535,-1,1,-99,-0.099
36,"dotcolour","average","average",0.418,1,1,-99,-0.099
36,"dotcolour","average","average",0.818,-1,1,-99,-0.099
36,"dotcolour","average","average",0.535,1,1,-99,-0.099
36,"dotcolour","average","average",1.018,-1,1,-99,-0.099
36,"dotcolour","average","average",0.818,1,1,-99,-0.099
36,"dotcolour","average","average",0.736,1,0,-99,-0.099
36,"dotcolour","average","average",0.818,-1,1,-99,-0.099
36,"dotcolour","average","average",0.651,-1,1,-99,-0.099
36,"dotcolour","average","average",0.618,1,1,-99,-0.099
36,"dotcolour","average","average",0.585,1,1,-99,-0.099
36,"dotcolour","average","average",0.651,-1,1,-99,-0.099
36,"dotcolour","average","average",0.618,1,1,-99,-0.099
36,"dotcolour","average","average",0.668,1,1,-99,-0.099
36,"dotcolour","average","average",0.935,1,1,-99,-0.099
36,"dotcolour","average","average",0.685,1,1,-99,-0.099
36,"dotcolour","average","average",0.601,-1,1,-99,-0.099
36,"dotcolour","average","average",0.585,1,0,-99,-0.099
36,"dotcolour","average","average",0.569,1,1,-99,-0.099
36,"dotcolour","average","average",0.651,-1,1,-99,-0.099
36,"dotcolour","average","average",0.368,1,0,-99,-0.099
36,"dotnumber","hard","hard",0.718,1,0,-99,-0.099
36,"dotnumber","hard","hard",1.603,-1,1,-99,-0.099
36,"dotnumber","hard","hard",0.568,1,1,-99,-0.099
36,"dotnumber","hard","hard",0.501,1,1,-99,-0.099
36,"dotnumber","hard","hard",0.452,1,0,-99,-0.099
36,"dotnumber","hard","hard",0.668,-1,1,-99,-0.099
36,"dotnumber","hard","hard",0.635,1,1,-99,-0.099
36,"dotnumber","hard","hard",0.501,1,0,-99,-0.099
36,"dotnumber","hard","hard",0.785,-1,1,-99,-0.099
36,"dotnumber","hard","hard",0.685,1,1,-99,-0.099
36,"dotnumber","hard","hard",1.369,1,1,-99,-0.099
36,"dotnumber","hard","hard",0.619,-1,0,-99,-0.099
36,"dotnumber","hard","hard",0.586,-1,1,-99,-0.099
36,"dotnumber","hard","hard",0.484,1,0,-99,-0.099
36,"dotnumber","hard","hard",0.585,-1,0,-99,-0.099
36,"dotnumber","hard","hard",0.552,-1,0,-99,-0.099
36,"dotnumber","hard","hard",0.601,1,0,-99,-0.099
36,"dotnumber","hard","hard",0.501,1,1,-99,-0.099
36,"dotnumber","hard","hard",0.968,-1,0,-99,-0.099
36,"dotnumber","hard","hard",0.518,1,0,-99,-0.099
36,"dotnumber","hard","hard",1.186,-1,1,-99,-0.099
36,"dotnumber","hard","hard",0.335,1,1,-99,-0.099
36,"dotnumber","hard","hard",0.785,-1,1,-99,-0.099
36,"dotnumber","hard","hard",1.319,1,1,-99,-0.099
36,"dotnumber","hard","hard",0.602,-1,1,-99,-0.099
36,"dotnumber","hard","hard",1.169,1,1,-99,-0.099
36,"dotnumber","hard","hard",0.485,-1,0,-99,-0.099
36,"dotnumber","hard","hard",0.417,-1,0,-99,-0.099
36,"dotnumber","hard","hard",0.484,1,1,-99,-0.099
36,"dotnumber","hard","hard",0.551,-1,1,-99,-0.099
36,"dotnumber","hard","hard",0.551,1,0,-99,-0.099
36,"dotnumber","hard","hard",0.834,-1,1,-99,-0.099
36,"dotnumber","hard","hard",0.385,1,1,-99,-0.099
36,"dotnumber","hard","hard",0.402,1,1,-99,-0.099
36,"dotnumber","hard","hard",0.301,1,1,-99,-0.099
36,"dotnumber","hard","hard",0.369,1,0,-99,-0.099
36,"dotnumber","hard","hard",0.485,1,1,-99,-0.099
36,"dotnumber","hard","hard",0.902,-1,1,-99,-0.099
36,"dotnumber","hard","hard",0.635,-1,1,-99,-0.099
36,"dotnumber","hard","hard",0.718,1,0,-99,-0.099
36,"dotnumber","hard","hard",0.618,-1,0,-99,-0.099
36,"dotnumber","hard","hard",0.285,1,1,-99,-0.099
36,"dotnumber","hard","hard",0.385,-1,1,-99,-0.099
36,"dotnumber","hard","hard",0.618,-1,1,-99,-0.099
36,"dotnumber","hard","hard",0.452,1,0,-99,-0.099
36,"dotnumber","hard","hard",0.903,1,0,-99,-0.099
36,"dotnumber","hard","hard",0.485,-1,0,-99,-0.099
36,"dotnumber","hard","hard",0.452,1,1,-99,-0.099
36,"dotnumber","hard","hard",0.702,1,0,-99,-0.099
36,"dotnumber","hard","hard",0.485,-1,1,-99,-0.099
36,"dotnumber","hard","hard",0.335,1,1,-99,-0.099
36,"dotnumber","hard","hard",1.169,-1,0,-99,-0.099
36,"dotnumber","hard","hard",0.519,1,1,-99,-0.099
36,"dotnumber","hard","hard",0.517,1,1,-99,-0.099
36,"dotnumber","hard","hard",0.636,1,1,-99,-0.099
36,"dotnumber","hard","hard",0.502,-1,1,-99,-0.099
36,"dotnumber","hard","hard",0.552,-1,1,-99,-0.099
36,"dotnumber","hard","hard",0.418,1,1,-99,-0.099
36,"dotnumber","hard","hard",0.918,1,1,-99,-0.099
36,"dotnumber","hard","hard",0.551,1,0,-99,-0.099
36,"dotnumber","hard","hard",3.153,-1,0,-99,-0.099
36,"dotnumber","hard","hard",0.585,-1,1,-99,-0.099
36,"dotnumber","hard","hard",0.552,1,0,-99,-0.099
36,"dotnumber","hard","hard",0.585,1,1,-99,-0.099
36,"dotnumber","hard","hard",0.568,-1,1,-99,-0.099
36,"dotnumber","hard","hard",0.869,-1,1,-99,-0.099
36,"dotnumber","hard","hard",0.702,-1,1,-99,-0.099
36,"dotnumber","hard","hard",0.702,1,1,-99,-0.099
36,"dotnumber","hard","hard",0.502,1,1,-99,-0.099
36,"dotnumber","hard","hard",0.668,1,1,-99,-0.099
36,"dotnumber","hard","hard",0.551,-1,1,-99,-0.099
36,"dotnumber","hard","hard",1.469,-1,1,-99,-0.099
36,"dotnumber","hard","hard",0.518,-1,1,-99,-0.099
36,"dotnumber","hard","hard",0.585,-1,0,-99,-0.099
36,"dotnumber","hard","hard",0.852,-1,1,-99,-0.099
36,"dotnumber","hard","hard",0.468,-1,0,-99,-0.099
36,"dotnumber","hard","hard",0.485,1,0,-99,-0.099
36,"dotnumber","hard","hard",0.652,-1,1,-99,-0.099
36,"dotnumber","hard","hard",0.535,1,0,-99,-0.099
36,"dotnumber","hard","hard",1.035,1,0,-99,-0.099
36,"dotnumber","hard","hard",0.552,-1,1,-99,-0.099
36,"dotnumber","hard","hard",0.335,1,0,-99,-0.099
36,"dotnumber","hard","hard",0.302,1,1,-99,-0.099
36,"dotnumber","hard","hard",0.351,1,1,-99,-0.099
36,"dotnumber","hard","hard",0.618,-1,0,-99,-0.099
36,"dotnumber","hard","hard",0.367,1,0,-99,-0.099
36,"dotnumber","hard","hard",0.402,1,0,-99,-0.099
36,"dotnumber","hard","hard",0.601,-1,0,-99,-0.099
36,"dotnumber","hard","hard",0.35,1,1,-99,-0.099
36,"dotnumber","hard","hard",0.585,1,1,-99,-0.099
36,"dotnumber","hard","hard",1.086,1,1,-99,-0.099
36,"dotnumber","hard","hard",0.734,1,1,-99,-0.099
36,"dotnumber","hard","hard",1.302,-1,1,-99,-0.099
36,"dotnumber","hard","hard",0.435,1,0,-99,-0.099
36,"dotnumber","hard","hard",0.535,-1,0,-99,-0.099
36,"dotnumber","hard","hard",0.919,1,1,-99,-0.099
36,"dotnumber","hard","hard",1.503,-1,1,-99,-0.099
36,"dotnumber","hard","hard",0.285,1,0,-99,-0.099
36,"dotnumber","hard","hard",0.685,-1,1,-99,-0.099
36,"dotnumber","hard","hard",0.535,-1,0,-99,-0.099
36,"dotnumber","hard","hard",0.334,1,1,-99,-0.099
36,"dotnumber","hard","hard",0.302,1,1,-99,-0.099
36,"dotnumber","hard","hard",0.735,1,1,-99,-0.099
36,"dotnumber","hard","hard",0.434,1,0,-99,-0.099
36,"dotnumber","hard","hard",1.251,1,0,-99,-0.099
36,"dotnumber","hard","hard",1.502,1,0,-99,-0.099
36,"dotnumber","hard","hard",0.568,-1,0,-99,-0.099
36,"dotnumber","hard","hard",0.519,-1,0,-99,-0.099
36,"dotnumber","hard","hard",0.418,1,0,-99,-0.099
36,"dotnumber","hard","hard",0.485,-1,1,-99,-0.099
36,"dotnumber","hard","hard",0.952,-1,0,-99,-0.099
36,"dotnumber","hard","hard",0.635,-1,0,-99,-0.099
36,"dotnumber","hard","hard",0.668,1,1,-99,-0.099
36,"dotnumber","hard","hard",0.569,-1,0,-99,-0.099
36,"dotnumber","hard","hard",0.869,-1,1,-99,-0.099
36,"dotnumber","hard","hard",0.601,-1,0,-99,-0.099
36,"dotnumber","hard","hard",0.569,1,0,-99,-0.099
36,"dotnumber","hard","hard",0.568,1,0,-99,-0.099
36,"dotnumber","hard","hard",0.718,-1,1,-99,-0.099
36,"dotnumber","hard","hard",0.736,-1,0,-99,-0.099
37,"dotcolour","average","average",1.936,1,1,-99,-0.099
37,"dotcolour","average","average",1.57,1,1,-99,-0.099
37,"dotcolour","average","average",0.686,-1,1,-99,-0.099
37,"dotcolour","average","average",0.669,1,1,-99,-0.099
37,"dotcolour","average","average",0.836,1,1,-99,-0.099
37,"dotcolour","average","average",1.018,1,1,-99,-0.099
37,"dotcolour","average","average",0.785,1,1,-99,-0.099
37,"dotcolour","average","average",0.669,-1,1,-99,-0.099
37,"dotcolour","average","average",0.868,-1,1,-99,-0.099
37,"dotcolour","average","average",1.386,-1,1,-99,-0.099
37,"dotcolour","average","average",0.619,1,1,-99,-0.099
37,"dotcolour","average","average",0.702,-1,1,-99,-0.099
37,"dotcolour","average","average",0.768,1,1,-99,-0.099
37,"dotcolour","average","average",0.835,1,1,-99,-0.099
37,"dotcolour","average","average",0.602,-1,1,-99,-0.099
37,"dotcolour","average","average",1.019,-1,1,-99,-0.099
37,"dotcolour","average","average",0.517,1,1,-99,-0.099
37,"dotcolour","average","average",1.602,1,1,-99,-0.099
37,"dotcolour","average","average",0.502,-1,1,-99,-0.099
37,"dotcolour","average","average",0.535,-1,1,-99,-0.099
37,"dotcolour","average","average",0.452,1,1,-99,-0.099
37,"dotcolour","average","average",0.486,-1,1,-99,-0.099
37,"dotcolour","average","average",0.634,1,0,-99,-0.099
37,"dotcolour","average","average",0.634,-1,1,-99,-0.099
37,"dotcolour","average","average",1.152,-1,1,-99,-0.099
37,"dotcolour","average","average",0.701,1,1,-99,-0.099
37,"dotcolour","average","average",0.801,-1,1,-99,-0.099
37,"dotcolour","average","average",0.702,-1,1,-99,-0.099
37,"dotcolour","average","average",1.887,1,1,-99,-0.099
37,"dotcolour","average","average",0.635,-1,1,-99,-0.099
37,"dotcolour","average","average",0.518,1,1,-99,-0.099
37,"dotcolour","average","average",0.769,-1,1,-99,-0.099
37,"dotcolour","average","average",0.752,-1,1,-99,-0.099
37,"dotcolour","average","average",0.618,-1,1,-99,-0.099
37,"dotcolour","average","average",0.886,-1,0,-99,-0.099
37,"dotcolour","average","average",0.685,-1,0,-99,-0.099
37,"dotcolour","average","average",0.969,1,1,-99,-0.099
37,"dotcolour","average","average",0.669,-1,1,-99,-0.099
37,"dotcolour","average","average",0.718,-1,1,-99,-0.099
37,"dotcolour","average","average",0.602,1,1,-99,-0.099
37,"dotcolour","average","average",0.585,-1,0,-99,-0.099
37,"dotcolour","average","average",0.618,1,1,-99,-0.099
37,"dotcolour","average","average",0.569,-1,0,-99,-0.099
37,"dotcolour","average","average",0.567,-1,1,-99,-0.099
37,"dotcolour","average","average",0.534,-1,0,-99,-0.099
37,"dotcolour","average","average",0.601,-1,1,-99,-0.099
37,"dotcolour","average","average",0.585,-1,1,-99,-0.099
37,"dotcolour","average","average",0.435,1,1,-99,-0.099
37,"dotcolour","average","average",0.902,-1,1,-99,-0.099
37,"dotcolour","average","average",0.651,-1,1,-99,-0.099
37,"dotcolour","average","average",0.469,-1,1,-99,-0.099
37,"dotcolour","average","average",0.618,1,1,-99,-0.099
37,"dotcolour","average","average",0.736,1,1,-99,-0.099
37,"dotcolour","average","average",0.686,-1,1,-99,-0.099
37,"dotcolour","average","average",0.602,-1,0,-99,-0.099
37,"dotcolour","average","average",0.885,-1,1,-99,-0.099
37,"dotcolour","average","average",0.819,-1,0,-99,-0.099
37,"dotcolour","average","average",1.019,-1,1,-99,-0.099
37,"dotcolour","average","average",0.535,1,1,-99,-0.099
37,"dotcolour","average","average",0.769,-1,1,-99,-0.099
37,"dotcolour","average","average",1.352,1,1,-99,-0.099
37,"dotcolour","average","average",0.634,1,1,-99,-0.099
37,"dotcolour","average","average",0.635,1,0,-99,-0.099
37,"dotcolour","average","average",0.619,1,1,-99,-0.099
37,"dotcolour","average","average",0.569,1,1,-99,-0.099
37,"dotcolour","average","average",0.585,-1,1,-99,-0.099
37,"dotcolour","average","average",0.402,1,1,-99,-0.099
37,"dotcolour","average","average",0.569,-1,1,-99,-0.099
37,"dotcolour","average","average",0.368,1,1,-99,-0.099
37,"dotcolour","average","average",0.284,-1,0,-99,-0.099
37,"dotcolour","average","average",0.701,-1,1,-99,-0.099
37,"dotcolour","average","average",0.517,-1,1,-99,-0.099
37,"dotcolour","average","average",0.651,-1,1,-99,-0.099
37,"dotcolour","average","average",0.569,1,1,-99,-0.099
37,"dotcolour","average","average",0.418,1,0,-99,-0.099
37,"dotcolour","average","average",0.7,1,1,-99,-0.099
37,"dotcolour","average","average",0.535,1,1,-99,-0.099
37,"dotcolour","average","average",0.551,1,1,-99,-0.099
37,"dotcolour","average","average",0.501,1,1,-99,-0.099
37,"dotcolour","average","average",0.569,1,0,-99,-0.099
37,"dotcolour","average","average",0.569,-1,1,-99,-0.099
37,"dotcolour","average","average",0.568,1,1,-99,-0.099
37,"dotcolour","average","average",0.737,1,1,-99,-0.099
37,"dotcolour","average","average",0.619,1,0,-99,-0.099
37,"dotcolour","average","average",0.435,1,1,-99,-0.099
37,"dotcolour","average","average",0.552,-1,0,-99,-0.099
37,"dotcolour","average","average",0.884,1,0,-99,-0.099
37,"dotcolour","average","average",0.518,1,1,-99,-0.099
37,"dotcolour","average","average",0.568,1,1,-99,-0.099
37,"dotcolour","average","average",0.534,1,0,-99,-0.099
37,"dotcolour","average","average",0.668,1,0,-99,-0.099
37,"dotcolour","average","average",0.685,1,0,-99,-0.099
37,"dotcolour","average","average",0.568,1,0,-99,-0.099
37,"dotcolour","average","average",0.451,1,1,-99,-0.099
37,"dotcolour","average","average",0.568,1,0,-99,-0.099
37,"dotcolour","average","average",0.585,1,0,-99,-0.099
37,"dotcolour","average","average",0.785,1,1,-99,-0.099
37,"dotcolour","average","average",0.634,1,1,-99,-0.099
37,"dotcolour","average","average",0.552,1,0,-99,-0.099
37,"dotcolour","average","average",0.985,-1,1,-99,-0.099
37,"dotcolour","average","average",0.551,1,1,-99,-0.099
37,"dotcolour","average","average",0.435,1,1,-99,-0.099
37,"dotcolour","average","average",0.601,-1,1,-99,-0.099
37,"dotcolour","average","average",0.819,-1,1,-99,-0.099
37,"dotcolour","average","average",0.618,-1,1,-99,-0.099
37,"dotcolour","average","average",0.769,-1,0,-99,-0.099
37,"dotcolour","average","average",0.701,1,1,-99,-0.099
37,"dotcolour","average","average",0.802,1,1,-99,-0.099
37,"dotcolour","average","average",0.618,1,1,-99,-0.099
37,"dotcolour","average","average",0.519,-1,1,-99,-0.099
37,"dotcolour","average","average",0.686,1,1,-99,-0.099
37,"dotcolour","average","average",0.752,1,1,-99,-0.099
37,"dotcolour","average","average",0.652,-1,1,-99,-0.099
37,"dotcolour","average","average",0.502,-1,1,-99,-0.099
37,"dotcolour","average","average",0.435,-1,1,-99,-0.099
37,"dotcolour","average","average",0.401,-1,1,-99,-0.099
37,"dotcolour","average","average",0.501,-1,1,-99,-0.099
37,"dotcolour","average","average",0.635,1,1,-99,-0.099
37,"dotcolour","average","average",0.602,-1,1,-99,-0.099
37,"dotcolour","average","average",0.635,1,1,-99,-0.099
37,"dotnumber","hard","hard",0.985,1,0,-99,-0.099
37,"dotnumber","hard","hard",0.618,-1,1,-99,-0.099
37,"dotnumber","hard","hard",0.568,1,1,-99,-0.099
37,"dotnumber","hard","hard",0.585,1,1,-99,-0.099
37,"dotnumber","hard","hard",0.401,1,0,-99,-0.099
37,"dotnumber","hard","hard",0.635,1,0,-99,-0.099
37,"dotnumber","hard","hard",0.468,1,0,-99,-0.099
37,"dotnumber","hard","hard",0.634,-1,1,-99,-0.099
37,"dotnumber","hard","hard",1.018,-1,0,-99,-0.099
37,"dotnumber","hard","hard",0.486,-1,0,-99,-0.099
37,"dotnumber","hard","hard",0.535,1,0,-99,-0.099
37,"dotnumber","hard","hard",0.702,-1,0,-99,-0.099
37,"dotnumber","hard","hard",0.401,1,0,-99,-0.099
37,"dotnumber","hard","hard",0.369,1,1,-99,-0.099
37,"dotnumber","hard","hard",0.385,1,0,-99,-0.099
37,"dotnumber","hard","hard",0.418,1,0,-99,-0.099
37,"dotnumber","hard","hard",1.101,-1,0,-99,-0.099
37,"dotnumber","hard","hard",0.335,1,0,-99,-0.099
37,"dotnumber","hard","hard",0.369,1,1,-99,-0.099
37,"dotnumber","hard","hard",0.25,1,1,-99,-0.099
37,"dotnumber","hard","hard",0.369,1,1,-99,-0.099
37,"dotnumber","hard","hard",0.335,-1,0,-99,-0.099
37,"dotnumber","hard","hard",0.352,1,1,-99,-0.099
37,"dotnumber","hard","hard",0.401,-1,1,-99,-0.099
37,"dotnumber","hard","hard",0.535,-1,1,-99,-0.099
37,"dotnumber","hard","hard",0.451,-1,1,-99,-0.099
37,"dotnumber","hard","hard",0.285,-1,1,-99,-0.099
37,"dotnumber","hard","hard",0.268,1,1,-99,-0.099
37,"dotnumber","hard","hard",0.484,-1,0,-99,-0.099
37,"dotnumber","hard","hard",0.268,1,1,-99,-0.099
37,"dotnumber","hard","hard",0.268,-1,0,-99,-0.099
37,"dotnumber","hard","hard",0.235,1,1,-99,-0.099
37,"dotnumber","hard","hard",0.285,-1,1,-99,-0.099
37,"dotnumber","hard","hard",0.318,1,0,-99,-0.099
37,"dotnumber","hard","hard",0.198,-1,1,-99,-0.099
37,"dotnumber","hard","hard",0.334,1,0,-99,-0.099
37,"dotnumber","hard","hard",0.351,-1,1,-99,-0.099
37,"dotnumber","hard","hard",0.188,1,1,-99,-0.099
37,"dotnumber","hard","hard",0.159,-1,0,-99,-0.099
37,"dotnumber","hard","hard",0.368,1,1,-99,-0.099
37,"dotnumber","hard","hard",0.268,-1,1,-99,-0.099
37,"dotnumber","hard","hard",0.251,1,0,-99,-0.099
37,"dotnumber","hard","hard",0.368,-1,0,-99,-0.099
37,"dotnumber","hard","hard",0.285,-1,1,-99,-0.099
37,"dotnumber","hard","hard",0.251,1,1,-99,-0.099
37,"dotnumber","hard","hard",0.217,-1,0,-99,-0.099
37,"dotnumber","hard","hard",0.217,1,1,-99,-0.099
37,"dotnumber","hard","hard",0.352,-1,1,-99,-0.099
37,"dotnumber","hard","hard",0.552,1,1,-99,-0.099
37,"dotnumber","hard","hard",0.501,-1,0,-99,-0.099
37,"dotnumber","hard","hard",0.386,1,0,-99,-0.099
37,"dotnumber","hard","hard",0.351,1,0,-99,-0.099
37,"dotnumber","hard","hard",0.318,1,0,-99,-0.099
37,"dotnumber","hard","hard",0.518,1,1,-99,-0.099
37,"dotnumber","hard","hard",0.368,1,0,-99,-0.099
37,"dotnumber","hard","hard",0.285,1,1,-99,-0.099
37,"dotnumber","hard","hard",0.302,1,1,-99,-0.099
37,"dotnumber","hard","hard",0.153,1,0,-99,-0.099
37,"dotnumber","hard","hard",0.351,-1,0,-99,-0.099
37,"dotnumber","hard","hard",2.486,1,1,-99,-0.099
37,"dotnumber","hard","hard",0.419,-1,1,-99,-0.099
37,"dotnumber","hard","hard",0.452,-1,0,-99,-0.099
37,"dotnumber","hard","hard",0.385,1,0,-99,-0.099
37,"dotnumber","hard","hard",0.484,-1,0,-99,-0.099
37,"dotnumber","hard","hard",0.334,1,0,-99,-0.099
37,"dotnumber","hard","hard",0.536,-1,1,-99,-0.099
37,"dotnumber","hard","hard",0.318,1,0,-99,-0.099
37,"dotnumber","hard","hard",0.319,-1,0,-99,-0.099
37,"dotnumber","hard","hard",0.234,1,0,-99,-0.099
37,"dotnumber","hard","hard",0.385,-1,0,-99,-0.099
37,"dotnumber","hard","hard",0.25,1,0,-99,-0.099
37,"dotnumber","hard","hard",0.318,1,1,-99,-0.099
37,"dotnumber","hard","hard",0.434,1,0,-99,-0.099
37,"dotnumber","hard","hard",0.834,-1,1,-99,-0.099
37,"dotnumber","hard","hard",0.234,1,1,-99,-0.099
37,"dotnumber","hard","hard",0.301,1,0,-99,-0.099
37,"dotnumber","hard","hard",0.951,-1,1,-99,-0.099
37,"dotnumber","hard","hard",0.336,1,0,-99,-0.099
37,"dotnumber","hard","hard",0.188,1,1,-99,-0.099
37,"dotnumber","hard","hard",0.144,1,1,-99,-0.099
37,"dotnumber","hard","hard",0.302,1,1,-99,-0.099
37,"dotnumber","hard","hard",0.234,1,1,-99,-0.099
37,"dotnumber","hard","hard",0.318,-1,0,-99,-0.099
37,"dotnumber","hard","hard",0.17,1,0,-99,-0.099
37,"dotnumber","hard","hard",0.385,-1,1,-99,-0.099
37,"dotnumber","hard","hard",0.751,1,1,-99,-0.099
37,"dotnumber","hard","hard",0.651,-1,1,-99,-0.099
37,"dotnumber","hard","hard",0.769,-1,1,-99,-0.099
37,"dotnumber","hard","hard",0.601,-1,1,-99,-0.099
37,"dotnumber","hard","hard",0.419,1,1,-99,-0.099
37,"dotnumber","hard","hard",0.451,1,0,-99,-0.099
37,"dotnumber","hard","hard",0.619,1,0,-99,-0.099
37,"dotnumber","hard","hard",0.251,1,1,-99,-0.099
37,"dotnumber","hard","hard",0.385,-1,0,-99,-0.099
37,"dotnumber","hard","hard",0.401,1,1,-99,-0.099
37,"dotnumber","hard","hard",0.519,-1,0,-99,-0.099
37,"dotnumber","hard","hard",0.485,1,1,-99,-0.099
37,"dotnumber","hard","hard",0.268,-1,1,-99,-0.099
37,"dotnumber","hard","hard",0.285,1,1,-99,-0.099
37,"dotnumber","hard","hard",0.195,-1,1,-99,-0.099
37,"dotnumber","hard","hard",0.669,1,1,-99,-0.099
37,"dotnumber","hard","hard",0.352,1,0,-99,-0.099
37,"dotnumber","hard","hard",0.017,1,1,-99,-0.099
37,"dotnumber","hard","hard",0.284,-1,0,-99,-0.099
37,"dotnumber","hard","hard",0.369,1,1,-99,-0.099
37,"dotnumber","hard","hard",0.734,1,1,-99,-0.099
37,"dotnumber","hard","hard",0.468,-1,1,-99,-0.099
37,"dotnumber","hard","hard",0.435,-1,1,-99,-0.099
37,"dotnumber","hard","hard",0.301,1,0,-99,-0.099
37,"dotnumber","hard","hard",0.384,1,1,-99,-0.099
37,"dotnumber","hard","hard",0.317,1,0,-99,-0.099
37,"dotnumber","hard","hard",0.268,1,1,-99,-0.099
37,"dotnumber","hard","hard",0.384,1,0,-99,-0.099
37,"dotnumber","hard","hard",0.419,1,0,-99,-0.099
37,"dotnumber","hard","hard",0.186,1,1,-99,-0.099
37,"dotnumber","hard","hard",0.285,1,1,-99,-0.099
37,"dotnumber","hard","hard",0.157,1,0,-99,-0.099
37,"dotnumber","hard","hard",0.096,1,0,-99,-0.099
37,"dotnumber","hard","hard",1.419,-1,1,-99,-0.099
37,"dotnumber","hard","hard",1.069,-1,0,-99,-0.099
37,"xotask","easy","easy",1.085,1,1,-99,-0.099
37,"xotask","easy","easy",0.835,-1,1,-99,-0.099
37,"xotask","easy","easy",0.651,-1,1,-99,-0.099
37,"xotask","easy","easy",0.503,1,1,-99,-0.099
37,"xotask","easy","easy",0.451,-1,1,-99,-0.099
37,"xotask","easy","easy",0.368,1,1,-99,-0.099
37,"xotask","easy","easy",0.485,-1,1,-99,-0.099
37,"xotask","easy","easy",0.485,-1,1,-99,-0.099
37,"xotask","easy","easy",0.418,1,1,-99,-0.099
37,"xotask","easy","easy",0.617,-1,1,-99,-0.099
37,"xotask","easy","easy",0.685,-1,1,-99,-0.099
37,"xotask","easy","easy",0.418,-1,1,-99,-0.099
37,"xotask","easy","easy",0.468,-1,1,-99,-0.099
37,"xotask","easy","easy",0.518,-1,1,-99,-0.099
37,"xotask","easy","easy",0.601,1,1,-99,-0.099
37,"xotask","easy","easy",0.468,-1,1,-99,-0.099
37,"xotask","easy","easy",0.467,1,1,-99,-0.099
37,"xotask","easy","easy",0.402,1,1,-99,-0.099
37,"xotask","easy","easy",0.435,-1,0,-99,-0.099
37,"xotask","easy","easy",0.568,1,1,-99,-0.099
37,"xotask","easy","easy",0.485,1,1,-99,-0.099
37,"xotask","easy","easy",1.585,1,1,-99,-0.099
37,"xotask","easy","easy",0.567,1,1,-99,-0.099
37,"xotask","easy","easy",0.435,-1,1,-99,-0.099
37,"xotask","easy","easy",0.886,1,1,-99,-0.099
37,"xotask","easy","easy",0.384,1,1,-99,-0.099
37,"xotask","easy","easy",0.402,1,1,-99,-0.099
37,"xotask","easy","easy",0.535,-1,1,-99,-0.099
37,"xotask","easy","easy",0.768,1,1,-99,-0.099
37,"xotask","easy","easy",0.769,-1,1,-99,-0.099
37,"xotask","easy","easy",0.418,-1,1,-99,-0.099
37,"xotask","easy","easy",0.419,-1,1,-99,-0.099
37,"xotask","easy","easy",0.401,-1,0,-99,-0.099
37,"xotask","easy","easy",0.585,1,1,-99,-0.099
37,"xotask","easy","easy",0.87,-1,1,-99,-0.099
37,"xotask","easy","easy",0.585,-1,1,-99,-0.099
37,"xotask","easy","easy",0.519,-1,1,-99,-0.099
37,"xotask","easy","easy",0.335,1,1,-99,-0.099
37,"xotask","easy","easy",0.535,1,0,-99,-0.099
37,"xotask","easy","easy",0.334,-1,1,-99,-0.099
37,"xotask","easy","easy",0.786,1,1,-99,-0.099
37,"xotask","easy","easy",0.55,-1,1,-99,-0.099
37,"xotask","easy","easy",0.918,-1,1,-99,-0.099
37,"xotask","easy","easy",0.534,-1,0,-99,-0.099
37,"xotask","easy","easy",0.652,1,1,-99,-0.099
37,"xotask","easy","easy",0.767,-1,1,-99,-0.099
37,"xotask","easy","easy",0.451,1,1,-99,-0.099
37,"xotask","easy","easy",0.569,1,1,-99,-0.099
37,"xotask","easy","easy",0.886,-1,1,-99,-0.099
37,"xotask","easy","easy",0.134,1,1,-99,-0.099
37,"xotask","easy","easy",0.484,1,1,-99,-0.099
37,"xotask","easy","easy",0.436,-1,1,-99,-0.099
37,"xotask","easy","easy",0.419,1,1,-99,-0.099
37,"xotask","easy","easy",0.402,-1,1,-99,-0.099
37,"xotask","easy","easy",0.234,1,1,-99,-0.099
37,"xotask","easy","easy",0.418,1,1,-99,-0.099
37,"xotask","easy","easy",0.502,1,1,-99,-0.099
37,"xotask","easy","easy",0.368,1,1,-99,-0.099
37,"xotask","easy","easy",0.451,-1,1,-99,-0.099
37,"xotask","easy","easy",0.535,-1,1,-99,-0.099
37,"xotask","easy","easy",0.436,-1,1,-99,-0.099
37,"xotask","easy","easy",0.535,-1,0,-99,-0.099
37,"xotask","easy","easy",0.602,1,1,-99,-0.099
37,"xotask","easy","easy",0.518,-1,1,-99,-0.099
37,"xotask","easy","easy",0.434,1,1,-99,-0.099
37,"xotask","easy","easy",0.568,-1,1,-99,-0.099
37,"xotask","easy","easy",0.401,1,0,-99,-0.099
37,"xotask","easy","easy",0.718,-1,1,-99,-0.099
37,"xotask","easy","easy",0.484,-1,1,-99,-0.099
37,"xotask","easy","easy",0.552,1,1,-99,-0.099
37,"xotask","easy","easy",0.634,-1,1,-99,-0.099
37,"xotask","easy","easy",0.568,1,1,-99,-0.099
37,"xotask","easy","easy",0.568,1,1,-99,-0.099
37,"xotask","easy","easy",0.401,1,1,-99,-0.099
37,"xotask","easy","easy",0.147,1,0,-99,-0.099
37,"xotask","easy","easy",0.318,-1,0,-99,-0.099
37,"xotask","easy","easy",0.485,-1,1,-99,-0.099
37,"xotask","easy","easy",0.668,1,1,-99,-0.099
37,"xotask","easy","easy",0.535,1,0,-99,-0.099
37,"xotask","easy","easy",0.435,-1,1,-99,-0.099
37,"xotask","easy","easy",0.653,1,1,-99,-0.099
37,"xotask","easy","easy",0.902,-1,1,-99,-0.099
37,"xotask","easy","easy",0.535,1,1,-99,-0.099
37,"xotask","easy","easy",0.752,-1,1,-99,-0.099
37,"xotask","easy","easy",0.485,-1,1,-99,-0.099
37,"xotask","easy","easy",0.535,1,1,-99,-0.099
37,"xotask","easy","easy",0.618,-1,1,-99,-0.099
37,"xotask","easy","easy",0.751,-1,1,-99,-0.099
37,"xotask","easy","easy",0.551,1,1,-99,-0.099
37,"xotask","easy","easy",0.736,1,1,-99,-0.099
37,"xotask","easy","easy",0.686,1,1,-99,-0.099
37,"xotask","easy","easy",0.635,-1,1,-99,-0.099
37,"xotask","easy","easy",0.634,1,1,-99,-0.099
37,"xotask","easy","easy",0.801,1,1,-99,-0.099
37,"xotask","easy","easy",0.786,-1,1,-99,-0.099
37,"xotask","easy","easy",0.585,-1,1,-99,-0.099
37,"xotask","easy","easy",1.068,-1,1,-99,-0.099
37,"xotask","easy","easy",0.569,1,1,-99,-0.099
37,"xotask","easy","easy",0.536,1,1,-99,-0.099
37,"xotask","easy","easy",0.502,-1,1,-99,-0.099
37,"xotask","easy","easy",0.602,1,1,-99,-0.099
37,"xotask","easy","easy",0.502,-1,1,-99,-0.099
37,"xotask","easy","easy",0.418,1,1,-99,-0.099
37,"xotask","easy","easy",0.518,1,1,-99,-0.099
37,"xotask","easy","easy",0.534,1,1,-99,-0.099
37,"xotask","easy","easy",0.419,1,1,-99,-0.099
37,"xotask","easy","easy",0.518,-1,1,-99,-0.099
37,"xotask","easy","easy",0.468,1,1,-99,-0.099
37,"xotask","easy","easy",0.419,1,1,-99,-0.099
37,"xotask","easy","easy",0.435,1,1,-99,-0.099
37,"xotask","easy","easy",0.483,1,1,-99,-0.099
37,"xotask","easy","easy",0.519,1,1,-99,-0.099
37,"xotask","easy","easy",0.534,-1,1,-99,-0.099
37,"xotask","easy","easy",0.635,-1,1,-99,-0.099
37,"xotask","easy","easy",0.652,-1,1,-99,-0.099
37,"xotask","easy","easy",0.502,-1,1,-99,-0.099
37,"xotask","easy","easy",0.668,-1,1,-99,-0.099
37,"xotask","easy","easy",0.501,-1,1,-99,-0.099
37,"xotask","easy","easy",0.368,-1,1,-99,-0.099
37,"xotask","easy","easy",0.401,-1,1,-99,-0.099
38,"dotnumber","hard","hard",2.069,1,0,-99,-0.099
38,"dotnumber","hard","hard",1.285,-1,1,-99,-0.099
38,"dotnumber","hard","hard",0.801,-1,0,-99,-0.099
38,"dotnumber","hard","hard",1.786,-1,1,-99,-0.099
38,"dotnumber","hard","hard",0.918,-1,1,-99,-0.099
38,"dotnumber","hard","hard",1.485,1,0,-99,-0.099
38,"dotnumber","hard","hard",1.452,-1,1,-99,-0.099
38,"dotnumber","hard","hard",2.17,1,1,-99,-0.099
38,"dotnumber","hard","hard",1.018,-1,1,-99,-0.099
38,"dotnumber","hard","hard",1.819,-1,1,-99,-0.099
38,"dotnumber","hard","hard",0.768,1,1,-99,-0.099
38,"dotnumber","hard","hard",2.019,1,1,-99,-0.099
38,"dotnumber","hard","hard",0.985,-1,0,-99,-0.099
38,"dotnumber","hard","hard",1.585,1,0,-99,-0.099
38,"dotnumber","hard","hard",1.086,-1,0,-99,-0.099
38,"dotnumber","hard","hard",0.685,1,1,-99,-0.099
38,"dotnumber","hard","hard",0.668,-1,1,-99,-0.099
38,"dotnumber","hard","hard",0.818,-1,1,-99,-0.099
38,"dotnumber","hard","hard",1.001,-1,1,-99,-0.099
38,"dotnumber","hard","hard",2.687,-1,0,-99,-0.099
38,"dotnumber","hard","hard",1.002,-1,0,-99,-0.099
38,"dotnumber","hard","hard",0.785,-1,0,-99,-0.099
38,"dotnumber","hard","hard",0.818,1,1,-99,-0.099
38,"dotnumber","hard","hard",1.001,1,1,-99,-0.099
38,"dotnumber","hard","hard",1.018,-1,1,-99,-0.099
38,"dotnumber","hard","hard",0.751,-1,0,-99,-0.099
38,"dotnumber","hard","hard",1.653,-1,1,-99,-0.099
38,"dotnumber","hard","hard",2.053,-1,1,-99,-0.099
38,"dotnumber","hard","hard",1.302,1,1,-99,-0.099
38,"dotnumber","hard","hard",1.218,1,0,-99,-0.099
38,"dotnumber","hard","hard",1.602,-1,1,-99,-0.099
38,"dotnumber","hard","hard",1.185,1,1,-99,-0.099
38,"dotnumber","hard","hard",0.885,1,1,-99,-0.099
38,"dotnumber","hard","hard",0.82,1,1,-99,-0.099
38,"dotnumber","hard","hard",0.918,-1,0,-99,-0.099
38,"dotnumber","hard","hard",0.752,1,0,-99,-0.099
38,"dotnumber","hard","hard",1.369,1,1,-99,-0.099
38,"dotnumber","hard","hard",1.134,1,1,-99,-0.099
38,"dotnumber","hard","hard",0.735,-1,1,-99,-0.099
38,"dotnumber","hard","hard",2.12,1,0,-99,-0.099
38,"dotnumber","hard","hard",0.768,-1,1,-99,-0.099
38,"dotnumber","hard","hard",0.785,1,1,-99,-0.099
38,"dotnumber","hard","hard",3.454,1,0,-99,-0.099
38,"dotnumber","hard","hard",0.719,-1,1,-99,-0.099
38,"dotnumber","hard","hard",0.785,1,1,-99,-0.099
38,"dotnumber","hard","hard",1.519,-1,1,-99,-0.099
38,"dotnumber","hard","hard",0.718,1,1,-99,-0.099
38,"dotnumber","hard","hard",1.702,-1,0,-99,-0.099
38,"dotnumber","hard","hard",0.85,-1,1,-99,-0.099
38,"dotnumber","hard","hard",0.835,1,0,-99,-0.099
38,"dotnumber","hard","hard",0.852,1,0,-99,-0.099
38,"dotnumber","hard","hard",0.685,-1,1,-99,-0.099
38,"dotnumber","hard","hard",0.869,1,0,-99,-0.099
38,"dotnumber","hard","hard",0.769,-1,0,-99,-0.099
38,"dotnumber","hard","hard",0.751,-1,1,-99,-0.099
38,"dotnumber","hard","hard",0.834,-1,0,-99,-0.099
38,"dotnumber","hard","hard",1.469,1,1,-99,-0.099
38,"dotnumber","hard","hard",1.253,1,1,-99,-0.099
38,"dotnumber","hard","hard",0.852,1,0,-99,-0.099
38,"dotnumber","hard","hard",1.035,1,0,-99,-0.099
38,"dotnumber","hard","hard",0.768,-1,1,-99,-0.099
38,"dotnumber","hard","hard",0.918,1,0,-99,-0.099
38,"dotnumber","hard","hard",1.168,1,1,-99,-0.099
38,"dotnumber","hard","hard",1.085,-1,0,-99,-0.099
38,"dotnumber","hard","hard",1.202,1,0,-99,-0.099
38,"dotnumber","hard","hard",0.934,-1,1,-99,-0.099
38,"dotnumber","hard","hard",1.369,-1,0,-99,-0.099
38,"dotnumber","hard","hard",0.868,1,1,-99,-0.099
38,"dotnumber","hard","hard",0.918,-1,0,-99,-0.099
38,"dotnumber","hard","hard",0.919,-1,0,-99,-0.099
38,"dotnumber","hard","hard",1.168,-1,0,-99,-0.099
38,"dotnumber","hard","hard",0.92,1,1,-99,-0.099
38,"dotnumber","hard","hard",0.853,-1,0,-99,-0.099
38,"dotnumber","hard","hard",1.153,-1,0,-99,-0.099
38,"dotnumber","hard","hard",0.935,-1,1,-99,-0.099
38,"dotnumber","hard","hard",1.603,1,1,-99,-0.099
38,"dotnumber","hard","hard",0.918,-1,1,-99,-0.099
38,"dotnumber","hard","hard",0.834,-1,1,-99,-0.099
38,"dotnumber","hard","hard",0.819,-1,1,-99,-0.099
38,"dotnumber","hard","hard",1.252,1,1,-99,-0.099
38,"dotnumber","hard","hard",1.47,-1,0,-99,-0.099
38,"dotnumber","hard","hard",1.22,-1,1,-99,-0.099
38,"dotnumber","hard","hard",0.936,1,1,-99,-0.099
38,"dotnumber","hard","hard",0.803,-1,1,-99,-0.099
38,"dotnumber","hard","hard",0.768,-1,0,-99,-0.099
38,"dotnumber","hard","hard",1.219,-1,0,-99,-0.099
38,"dotnumber","hard","hard",1.369,1,0,-99,-0.099
38,"dotnumber","hard","hard",0.868,1,0,-99,-0.099
38,"dotnumber","hard","hard",0.886,-1,1,-99,-0.099
38,"dotnumber","hard","hard",1.169,1,1,-99,-0.099
38,"dotnumber","hard","hard",2.302,-1,1,-99,-0.099
38,"dotnumber","hard","hard",0.969,1,1,-99,-0.099
38,"dotnumber","hard","hard",0.619,-1,0,-99,-0.099
38,"dotnumber","hard","hard",0.768,-1,1,-99,-0.099
38,"dotnumber","hard","hard",1.003,1,1,-99,-0.099
38,"dotnumber","hard","hard",0.919,-1,1,-99,-0.099
38,"dotnumber","hard","hard",0.818,-1,0,-99,-0.099
38,"dotnumber","hard","hard",1.352,1,1,-99,-0.099
38,"dotnumber","hard","hard",0.784,1,0,-99,-0.099
38,"dotnumber","hard","hard",0.718,-1,0,-99,-0.099
38,"dotnumber","hard","hard",1.018,1,1,-99,-0.099
38,"dotnumber","hard","hard",1.236,-1,0,-99,-0.099
38,"dotnumber","hard","hard",0.853,-1,1,-99,-0.099
38,"dotnumber","hard","hard",0.636,-1,1,-99,-0.099
38,"dotnumber","hard","hard",0.768,-1,1,-99,-0.099
38,"dotnumber","hard","hard",0.918,1,1,-99,-0.099
38,"dotnumber","hard","hard",1.235,-1,0,-99,-0.099
38,"dotnumber","hard","hard",0.869,1,0,-99,-0.099
38,"dotnumber","hard","hard",0.867,1,1,-99,-0.099
38,"dotnumber","hard","hard",0.718,-1,1,-99,-0.099
38,"dotnumber","hard","hard",0.818,-1,1,-99,-0.099
38,"dotnumber","hard","hard",0.635,1,1,-99,-0.099
38,"dotnumber","hard","hard",0.802,1,0,-99,-0.099
38,"dotnumber","hard","hard",0.735,-1,1,-99,-0.099
38,"dotnumber","hard","hard",0.701,-1,0,-99,-0.099
38,"dotnumber","hard","hard",0.769,-1,1,-99,-0.099
38,"dotnumber","hard","hard",0.668,-1,0,-99,-0.099
38,"dotnumber","hard","hard",0.819,-1,0,-99,-0.099
38,"dotnumber","hard","hard",0.635,-1,1,-99,-0.099
38,"dotnumber","hard","hard",0.652,-1,1,-99,-0.099
38,"xotask","easy","easy",1.903,-1,1,-99,-0.099
38,"xotask","easy","easy",0.952,1,0,-99,-0.099
38,"xotask","easy","easy",0.969,1,1,-99,-0.099
38,"xotask","easy","easy",0.985,1,1,-99,-0.099
38,"xotask","easy","easy",0.751,1,1,-99,-0.099
38,"xotask","easy","easy",0.602,1,1,-99,-0.099
38,"xotask","easy","easy",0.685,1,1,-99,-0.099
38,"xotask","easy","easy",0.768,-1,1,-99,-0.099
38,"xotask","easy","easy",0.836,1,1,-99,-0.099
38,"xotask","easy","easy",0.969,-1,1,-99,-0.099
38,"xotask","easy","easy",0.752,-1,1,-99,-0.099
38,"xotask","easy","easy",0.768,1,1,-99,-0.099
38,"xotask","easy","easy",1.501,1,1,-99,-0.099
38,"xotask","easy","easy",0.686,1,1,-99,-0.099
38,"xotask","easy","easy",0.651,-1,1,-99,-0.099
38,"xotask","easy","easy",0.902,-1,1,-99,-0.099
38,"xotask","easy","easy",0.718,1,1,-99,-0.099
38,"xotask","easy","easy",0.851,-1,1,-99,-0.099
38,"xotask","easy","easy",0.935,-1,1,-99,-0.099
38,"xotask","easy","easy",0.735,-1,1,-99,-0.099
38,"xotask","easy","easy",0.718,1,1,-99,-0.099
38,"xotask","easy","easy",0.651,-1,1,-99,-0.099
38,"xotask","easy","easy",0.568,1,1,-99,-0.099
38,"xotask","easy","easy",0.368,-1,1,-99,-0.099
38,"xotask","easy","easy",4.272,-1,0,-99,-0.099
38,"xotask","easy","easy",1.002,1,1,-99,-0.099
38,"xotask","easy","easy",0.701,-1,1,-99,-0.099
38,"xotask","easy","easy",0.852,-1,1,-99,-0.099
38,"xotask","easy","easy",1.119,1,1,-99,-0.099
38,"xotask","easy","easy",0.752,-1,1,-99,-0.099
38,"xotask","easy","easy",0.419,1,1,-99,-0.099
38,"xotask","easy","easy",0.418,1,1,-99,-0.099
38,"xotask","easy","easy",0.552,-1,1,-99,-0.099
38,"xotask","easy","easy",0.485,1,1,-99,-0.099
38,"xotask","easy","easy",0.652,-1,1,-99,-0.099
38,"xotask","easy","easy",0.418,1,1,-99,-0.099
38,"xotask","easy","easy",0.536,-1,1,-99,-0.099
38,"xotask","easy","easy",0.518,-1,1,-99,-0.099
38,"xotask","easy","easy",0.284,-1,0,-99,-0.099
38,"xotask","easy","easy",0.567,1,1,-99,-0.099
38,"xotask","easy","easy",0.619,-1,1,-99,-0.099
38,"xotask","easy","easy",0.602,1,1,-99,-0.099
38,"xotask","easy","easy",0.534,1,1,-99,-0.099
38,"xotask","easy","easy",0.568,-1,1,-99,-0.099
38,"xotask","easy","easy",0.518,1,0,-99,-0.099
38,"xotask","easy","easy",1.069,-1,1,-99,-0.099
38,"xotask","easy","easy",1.086,1,1,-99,-0.099
38,"xotask","easy","easy",0.868,-1,1,-99,-0.099
38,"xotask","easy","easy",1.519,-1,1,-99,-0.099
38,"xotask","easy","easy",0.869,1,1,-99,-0.099
38,"xotask","easy","easy",0.769,-1,1,-99,-0.099
38,"xotask","easy","easy",0.619,-1,1,-99,-0.099
38,"xotask","easy","easy",0.535,-1,1,-99,-0.099
38,"xotask","easy","easy",0.501,1,1,-99,-0.099
38,"xotask","easy","easy",0.651,-1,1,-99,-0.099
38,"xotask","easy","easy",0.651,-1,1,-99,-0.099
38,"xotask","easy","easy",0.535,1,1,-99,-0.099
38,"xotask","easy","easy",0.518,1,1,-99,-0.099
38,"xotask","easy","easy",0.634,1,1,-99,-0.099
38,"xotask","easy","easy",0.769,-1,1,-99,-0.099
38,"xotask","easy","easy",1.453,-1,1,-99,-0.099
38,"xotask","easy","easy",0.551,1,1,-99,-0.099
38,"xotask","easy","easy",1.253,1,1,-99,-0.099
38,"xotask","easy","easy",0.619,1,1,-99,-0.099
38,"xotask","easy","easy",0.819,-1,1,-99,-0.099
38,"xotask","easy","easy",0.568,1,1,-99,-0.099
38,"xotask","easy","easy",0.835,1,1,-99,-0.099
38,"xotask","easy","easy",0.635,-1,1,-99,-0.099
38,"xotask","easy","easy",0.519,1,1,-99,-0.099
38,"xotask","easy","easy",0.517,-1,1,-99,-0.099
38,"xotask","easy","easy",0.434,1,1,-99,-0.099
38,"xotask","easy","easy",0.385,-1,1,-99,-0.099
38,"xotask","easy","easy",1.352,1,1,-99,-0.099
38,"xotask","easy","easy",0.485,1,1,-99,-0.099
38,"xotask","easy","easy",0.518,-1,1,-99,-0.099
38,"xotask","easy","easy",0.501,1,1,-99,-0.099
38,"xotask","easy","easy",0.468,1,1,-99,-0.099
38,"xotask","easy","easy",0.352,1,1,-99,-0.099
38,"xotask","easy","easy",0.485,1,1,-99,-0.099
38,"xotask","easy","easy",0.618,-1,1,-99,-0.099
38,"xotask","easy","easy",1.336,-1,1,-99,-0.099
38,"xotask","easy","easy",0.885,-1,1,-99,-0.099
38,"xotask","easy","easy",0.667,1,1,-99,-0.099
38,"xotask","easy","easy",0.535,1,1,-99,-0.099
38,"xotask","easy","easy",0.535,-1,1,-99,-0.099
38,"xotask","easy","easy",0.751,-1,1,-99,-0.099
38,"xotask","easy","easy",0.867,-1,0,-99,-0.099
38,"xotask","easy","easy",0.918,-1,1,-99,-0.099
38,"xotask","easy","easy",0.702,-1,1,-99,-0.099
38,"xotask","easy","easy",0.502,-1,1,-99,-0.099
38,"xotask","easy","easy",0.668,1,1,-99,-0.099
38,"xotask","easy","easy",0.502,-1,1,-99,-0.099
38,"xotask","easy","easy",0.552,1,1,-99,-0.099
38,"xotask","easy","easy",1.252,-1,1,-99,-0.099
38,"xotask","easy","easy",0.385,1,1,-99,-0.099
38,"xotask","easy","easy",0.719,-1,1,-99,-0.099
38,"xotask","easy","easy",0.952,1,1,-99,-0.099
38,"xotask","easy","easy",0.634,-1,1,-99,-0.099
38,"xotask","easy","easy",0.701,1,1,-99,-0.099
38,"xotask","easy","easy",0.484,-1,1,-99,-0.099
38,"xotask","easy","easy",0.634,1,1,-99,-0.099
38,"xotask","easy","easy",0.752,-1,1,-99,-0.099
38,"xotask","easy","easy",0.669,1,1,-99,-0.099
38,"xotask","easy","easy",0.635,-1,1,-99,-0.099
38,"xotask","easy","easy",0.718,-1,1,-99,-0.099
38,"xotask","easy","easy",0.519,-1,1,-99,-0.099
38,"xotask","easy","easy",0.601,1,1,-99,-0.099
38,"xotask","easy","easy",0.534,-1,1,-99,-0.099
38,"xotask","easy","easy",0.652,1,1,-99,-0.099
38,"xotask","easy","easy",0.602,-1,1,-99,-0.099
38,"xotask","easy","easy",0.519,1,1,-99,-0.099
38,"xotask","easy","easy",0.417,1,1,-99,-0.099
38,"xotask","easy","easy",0.485,-1,1,-99,-0.099
38,"xotask","easy","easy",0.518,1,1,-99,-0.099
38,"xotask","easy","easy",0.634,-1,1,-99,-0.099
38,"xotask","easy","easy",0.519,-1,1,-99,-0.099
38,"xotask","easy","easy",0.484,-1,0,-99,-0.099
38,"xotask","easy","easy",0.534,1,1,-99,-0.099
38,"xotask","easy","easy",0.669,1,1,-99,-0.099
38,"xotask","easy","easy",1.019,-1,1,-99,-0.099
38,"dotcolour","average","average",0.92,-1,1,-99,-0.099
38,"dotcolour","average","average",0.651,1,1,-99,-0.099
38,"dotcolour","average","average",0.385,-1,1,-99,-0.099
38,"dotcolour","average","average",0.468,-1,1,-99,-0.099
38,"dotcolour","average","average",0.401,-1,0,-99,-0.099
38,"dotcolour","average","average",0.635,-1,1,-99,-0.099
38,"dotcolour","average","average",0.684,-1,1,-99,-0.099
38,"dotcolour","average","average",0.485,-1,1,-99,-0.099
38,"dotcolour","average","average",0.384,-1,1,-99,-0.099
38,"dotcolour","average","average",0.786,-1,1,-99,-0.099
38,"dotcolour","average","average",0.869,1,0,-99,-0.099
38,"dotcolour","average","average",0.603,1,1,-99,-0.099
38,"dotcolour","average","average",0.618,-1,1,-99,-0.099
38,"dotcolour","average","average",0.551,1,1,-99,-0.099
38,"dotcolour","average","average",0.635,1,1,-99,-0.099
38,"dotcolour","average","average",0.568,1,1,-99,-0.099
38,"dotcolour","average","average",0.552,1,1,-99,-0.099
38,"dotcolour","average","average",0.751,-1,1,-99,-0.099
38,"dotcolour","average","average",1.285,-1,1,-99,-0.099
38,"dotcolour","average","average",0.952,1,1,-99,-0.099
38,"dotcolour","average","average",0.635,1,1,-99,-0.099
38,"dotcolour","average","average",0.869,-1,0,-99,-0.099
38,"dotcolour","average","average",0.468,1,1,-99,-0.099
38,"dotcolour","average","average",0.702,1,1,-99,-0.099
38,"dotcolour","average","average",0.735,-1,0,-99,-0.099
38,"dotcolour","average","average",0.669,-1,1,-99,-0.099
38,"dotcolour","average","average",0.484,-1,1,-99,-0.099
38,"dotcolour","average","average",0.368,-1,1,-99,-0.099
38,"dotcolour","average","average",0.601,1,1,-99,-0.099
38,"dotcolour","average","average",0.668,-1,1,-99,-0.099
38,"dotcolour","average","average",0.401,-1,0,-99,-0.099
38,"dotcolour","average","average",0.584,1,1,-99,-0.099
38,"dotcolour","average","average",0.651,1,1,-99,-0.099
38,"dotcolour","average","average",0.484,-1,1,-99,-0.099
38,"dotcolour","average","average",0.601,-1,1,-99,-0.099
38,"dotcolour","average","average",0.485,1,1,-99,-0.099
38,"dotcolour","average","average",0.701,1,0,-99,-0.099
38,"dotcolour","average","average",0.634,1,0,-99,-0.099
38,"dotcolour","average","average",0.668,1,0,-99,-0.099
38,"dotcolour","average","average",0.452,1,1,-99,-0.099
38,"dotcolour","average","average",0.335,1,1,-99,-0.099
38,"dotcolour","average","average",0.319,1,0,-99,-0.099
38,"dotcolour","average","average",0.351,-1,1,-99,-0.099
38,"dotcolour","average","average",0.669,-1,1,-99,-0.099
38,"dotcolour","average","average",0.301,-1,0,-99,-0.099
38,"dotcolour","average","average",0.735,-1,0,-99,-0.099
38,"dotcolour","average","average",1.235,1,1,-99,-0.099
38,"dotcolour","average","average",0.568,1,1,-99,-0.099
38,"dotcolour","average","average",1.42,-1,1,-99,-0.099
38,"dotcolour","average","average",0.669,-1,1,-99,-0.099
38,"dotcolour","average","average",0.902,-1,1,-99,-0.099
38,"dotcolour","average","average",0.619,1,1,-99,-0.099
38,"dotcolour","average","average",0.685,1,1,-99,-0.099
38,"dotcolour","average","average",0.935,-1,1,-99,-0.099
38,"dotcolour","average","average",0.485,-1,1,-99,-0.099
38,"dotcolour","average","average",0.618,1,1,-99,-0.099
38,"dotcolour","average","average",0.552,1,1,-99,-0.099
38,"dotcolour","average","average",0.568,1,0,-99,-0.099
38,"dotcolour","average","average",0.752,-1,0,-99,-0.099
38,"dotcolour","average","average",0.635,1,1,-99,-0.099
38,"dotcolour","average","average",0.635,1,1,-99,-0.099
38,"dotcolour","average","average",0.635,1,0,-99,-0.099
38,"dotcolour","average","average",0.502,1,0,-99,-0.099
38,"dotcolour","average","average",0.5,1,1,-99,-0.099
38,"dotcolour","average","average",0.735,-1,1,-99,-0.099
38,"dotcolour","average","average",0.768,-1,1,-99,-0.099
38,"dotcolour","average","average",0.684,-1,1,-99,-0.099
38,"dotcolour","average","average",0.552,1,1,-99,-0.099
38,"dotcolour","average","average",0.501,1,1,-99,-0.099
38,"dotcolour","average","average",0.518,1,1,-99,-0.099
38,"dotcolour","average","average",0.484,1,0,-99,-0.099
38,"dotcolour","average","average",0.802,1,1,-99,-0.099
38,"dotcolour","average","average",0.485,1,1,-99,-0.099
38,"dotcolour","average","average",0.584,1,1,-99,-0.099
38,"dotcolour","average","average",0.635,-1,1,-99,-0.099
38,"dotcolour","average","average",0.585,-1,0,-99,-0.099
38,"dotcolour","average","average",0.668,-1,1,-99,-0.099
38,"dotcolour","average","average",0.468,1,1,-99,-0.099
38,"dotcolour","average","average",0.635,1,1,-99,-0.099
38,"dotcolour","average","average",0.568,-1,1,-99,-0.099
38,"dotcolour","average","average",0.702,-1,0,-99,-0.099
38,"dotcolour","average","average",0.736,-1,1,-99,-0.099
38,"dotcolour","average","average",0.735,1,0,-99,-0.099
38,"dotcolour","average","average",0.635,1,0,-99,-0.099
38,"dotcolour","average","average",0.585,-1,1,-99,-0.099
38,"dotcolour","average","average",0.619,1,1,-99,-0.099
38,"dotcolour","average","average",0.669,1,1,-99,-0.099
38,"dotcolour","average","average",0.768,1,0,-99,-0.099
38,"dotcolour","average","average",0.586,1,1,-99,-0.099
38,"dotcolour","average","average",0.585,1,1,-99,-0.099
38,"dotcolour","average","average",0.768,1,0,-99,-0.099
38,"dotcolour","average","average",0.552,1,1,-99,-0.099
38,"dotcolour","average","average",0.668,1,0,-99,-0.099
38,"dotcolour","average","average",0.652,1,1,-99,-0.099
38,"dotcolour","average","average",0.768,-1,1,-99,-0.099
38,"dotcolour","average","average",1.353,-1,1,-99,-0.099
38,"dotcolour","average","average",0.702,1,1,-99,-0.099
38,"dotcolour","average","average",0.55,1,1,-99,-0.099
38,"dotcolour","average","average",0.385,1,1,-99,-0.099
38,"dotcolour","average","average",0.334,1,1,-99,-0.099
38,"dotcolour","average","average",0.518,1,1,-99,-0.099
38,"dotcolour","average","average",0.468,1,0,-99,-0.099
38,"dotcolour","average","average",0.501,-1,1,-99,-0.099
38,"dotcolour","average","average",0.552,1,1,-99,-0.099
38,"dotcolour","average","average",0.536,1,1,-99,-0.099
38,"dotcolour","average","average",0.401,1,1,-99,-0.099
38,"dotcolour","average","average",0.267,1,1,-99,-0.099
38,"dotcolour","average","average",0.401,1,1,-99,-0.099
38,"dotcolour","average","average",0.469,1,1,-99,-0.099
38,"dotcolour","average","average",0.669,-1,1,-99,-0.099
38,"dotcolour","average","average",0.501,-1,1,-99,-0.099
38,"dotcolour","average","average",0.384,-1,1,-99,-0.099
38,"dotcolour","average","average",0.585,1,1,-99,-0.099
38,"dotcolour","average","average",0.885,-1,1,-99,-0.099
38,"dotcolour","average","average",0.568,-1,1,-99,-0.099
38,"dotcolour","average","average",0.651,1,0,-99,-0.099
38,"dotcolour","average","average",0.601,-1,1,-99,-0.099
38,"dotcolour","average","average",1.202,1,0,-99,-0.099
38,"dotcolour","average","average",1.019,-1,1,-99,-0.099
38,"dotcolour","average","average",0.719,1,0,-99,-0.099
39,"xotask","hard","hard",2.305,-1,1,-99,-0.099
39,"xotask","hard","hard",1.119,1,1,-99,-0.099
39,"xotask","hard","hard",0.918,-1,1,-99,-0.099
39,"xotask","hard","hard",0.969,-1,1,-99,-0.099
39,"xotask","hard","hard",1.07,1,0,-99,-0.099
39,"xotask","hard","hard",1.185,1,0,-99,-0.099
39,"xotask","hard","hard",0.985,1,1,-99,-0.099
39,"xotask","hard","hard",0.836,-1,0,-99,-0.099
39,"xotask","hard","hard",1.052,1,0,-99,-0.099
39,"xotask","hard","hard",1.086,-1,1,-99,-0.099
39,"xotask","hard","hard",1.137,-1,1,-99,-0.099
39,"xotask","hard","hard",0.885,1,1,-99,-0.099
39,"xotask","hard","hard",0.819,-1,0,-99,-0.099
39,"xotask","hard","hard",0.952,1,1,-99,-0.099
39,"xotask","hard","hard",1.036,1,1,-99,-0.099
39,"xotask","hard","hard",1.118,1,1,-99,-0.099
39,"xotask","hard","hard",0.919,1,1,-99,-0.099
39,"xotask","hard","hard",0.868,1,1,-99,-0.099
39,"xotask","hard","hard",0.768,-1,0,-99,-0.099
39,"xotask","hard","hard",0.769,1,1,-99,-0.099
39,"xotask","hard","hard",0.935,-1,1,-99,-0.099
39,"xotask","hard","hard",1.268,-1,1,-99,-0.099
39,"xotask","hard","hard",0.936,1,0,-99,-0.099
39,"xotask","hard","hard",1.185,-1,1,-99,-0.099
39,"xotask","hard","hard",1.186,-1,1,-99,-0.099
39,"xotask","hard","hard",1.102,1,1,-99,-0.099
39,"xotask","hard","hard",0.985,-1,0,-99,-0.099
39,"xotask","hard","hard",1.052,1,1,-99,-0.099
39,"xotask","hard","hard",0.868,1,1,-99,-0.099
39,"xotask","hard","hard",1.235,-1,1,-99,-0.099
39,"xotask","hard","hard",0.919,-1,1,-99,-0.099
39,"xotask","hard","hard",0.768,-1,1,-99,-0.099
39,"xotask","hard","hard",1.318,1,0,-99,-0.099
39,"xotask","hard","hard",0.669,-1,0,-99,-0.099
39,"xotask","hard","hard",0.802,1,0,-99,-0.099
39,"xotask","hard","hard",0.768,-1,1,-99,-0.099
39,"xotask","hard","hard",0.769,-1,1,-99,-0.099
39,"xotask","hard","hard",1.452,1,1,-99,-0.099
39,"xotask","hard","hard",0.919,1,1,-99,-0.099
39,"xotask","hard","hard",0.719,-1,0,-99,-0.099
39,"xotask","hard","hard",2.236,1,0,-99,-0.099
39,"xotask","hard","hard",1.001,1,1,-99,-0.099
39,"xotask","hard","hard",0.769,-1,1,-99,-0.099
39,"xotask","hard","hard",0.885,1,0,-99,-0.099
39,"xotask","hard","hard",1.335,-1,0,-99,-0.099
39,"xotask","hard","hard",0.869,1,0,-99,-0.099
39,"xotask","hard","hard",0.952,-1,0,-99,-0.099
39,"xotask","hard","hard",0.802,1,1,-99,-0.099
39,"xotask","hard","hard",2.72,1,1,-99,-0.099
39,"xotask","hard","hard",0.969,1,1,-99,-0.099
39,"xotask","hard","hard",1.02,-1,0,-99,-0.099
39,"xotask","hard","hard",0.951,1,0,-99,-0.099
39,"xotask","hard","hard",1.118,-1,1,-99,-0.099
39,"xotask","hard","hard",0.901,1,1,-99,-0.099
39,"xotask","hard","hard",1.569,1,0,-99,-0.099
39,"xotask","hard","hard",0.785,-1,1,-99,-0.099
39,"xotask","hard","hard",0.801,1,1,-99,-0.099
39,"xotask","hard","hard",0.718,-1,0,-99,-0.099
39,"xotask","hard","hard",1.553,1,1,-99,-0.099
39,"xotask","hard","hard",0.801,1,1,-99,-0.099
39,"xotask","hard","hard",1.136,1,0,-99,-0.099
39,"xotask","hard","hard",0.751,1,1,-99,-0.099
39,"xotask","hard","hard",0.768,1,1,-99,-0.099
39,"xotask","hard","hard",0.651,-1,1,-99,-0.099
39,"xotask","hard","hard",0.635,-1,1,-99,-0.099
39,"xotask","hard","hard",0.735,-1,1,-99,-0.099
39,"xotask","hard","hard",0.684,-1,1,-99,-0.099
39,"xotask","hard","hard",0.618,-1,0,-99,-0.099
39,"xotask","hard","hard",0.686,-1,0,-99,-0.099
39,"xotask","hard","hard",0.686,-1,1,-99,-0.099
39,"xotask","hard","hard",0.685,-1,1,-99,-0.099
39,"xotask","hard","hard",0.701,-1,1,-99,-0.099
39,"xotask","hard","hard",1.736,1,1,-99,-0.099
39,"xotask","hard","hard",1.819,-1,1,-99,-0.099
39,"xotask","hard","hard",0.969,-1,0,-99,-0.099
39,"xotask","hard","hard",0.718,-1,1,-99,-0.099
39,"xotask","hard","hard",0.901,1,1,-99,-0.099
39,"xotask","hard","hard",0.702,-1,1,-99,-0.099
39,"xotask","hard","hard",0.785,1,0,-99,-0.099
39,"xotask","hard","hard",0.819,1,1,-99,-0.099
39,"xotask","hard","hard",0.751,-1,0,-99,-0.099
39,"xotask","hard","hard",0.7,-1,1,-99,-0.099
39,"xotask","hard","hard",0.719,1,1,-99,-0.099
39,"xotask","hard","hard",0.652,1,1,-99,-0.099
39,"xotask","hard","hard",0.784,1,1,-99,-0.099
39,"xotask","hard","hard",0.634,1,1,-99,-0.099
39,"xotask","hard","hard",0.802,-1,1,-99,-0.099
39,"xotask","hard","hard",0.601,-1,1,-99,-0.099
39,"xotask","hard","hard",0.569,1,0,-99,-0.099
39,"xotask","hard","hard",0.668,1,1,-99,-0.099
39,"xotask","hard","hard",0.736,1,0,-99,-0.099
39,"xotask","hard","hard",0.752,-1,0,-99,-0.099
39,"xotask","hard","hard",0.651,1,0,-99,-0.099
39,"xotask","hard","hard",0.652,1,1,-99,-0.099
39,"xotask","hard","hard",0.885,-1,1,-99,-0.099
39,"xotask","hard","hard",0.668,1,0,-99,-0.099
39,"xotask","hard","hard",0.819,1,0,-99,-0.099
39,"xotask","hard","hard",0.684,-1,1,-99,-0.099
39,"xotask","hard","hard",0.685,1,0,-99,-0.099
39,"xotask","hard","hard",2.019,1,1,-99,-0.099
39,"xotask","hard","hard",0.918,1,0,-99,-0.099
39,"xotask","hard","hard",1.119,-1,1,-99,-0.099
39,"xotask","hard","hard",0.685,1,1,-99,-0.099
39,"xotask","hard","hard",1.135,1,0,-99,-0.099
39,"xotask","hard","hard",0.735,1,0,-99,-0.099
39,"xotask","hard","hard",1.552,1,0,-99,-0.099
39,"xotask","hard","hard",0.835,-1,1,-99,-0.099
39,"xotask","hard","hard",0.685,-1,1,-99,-0.099
39,"xotask","hard","hard",0.835,1,1,-99,-0.099
39,"xotask","hard","hard",0.668,1,1,-99,-0.099
39,"xotask","hard","hard",0.618,1,1,-99,-0.099
39,"xotask","hard","hard",0.684,1,0,-99,-0.099
39,"xotask","hard","hard",1.086,1,1,-99,-0.099
39,"xotask","hard","hard",0.669,1,1,-99,-0.099
39,"xotask","hard","hard",1.235,1,1,-99,-0.099
39,"xotask","hard","hard",0.685,1,1,-99,-0.099
39,"xotask","hard","hard",0.719,-1,1,-99,-0.099
39,"xotask","hard","hard",1.185,1,1,-99,-0.099
39,"xotask","hard","hard",1.118,1,1,-99,-0.099
39,"xotask","hard","hard",0.701,1,1,-99,-0.099
39,"dotcolour","easy","easy",1.052,-1,1,-99,-0.099
39,"dotcolour","easy","easy",0.651,1,1,-99,-0.099
39,"dotcolour","easy","easy",0.602,-1,1,-99,-0.099
39,"dotcolour","easy","easy",0.734,-1,1,-99,-0.099
39,"dotcolour","easy","easy",0.518,1,1,-99,-0.099
39,"dotcolour","easy","easy",0.517,-1,1,-99,-0.099
39,"dotcolour","easy","easy",0.534,-1,1,-99,-0.099
39,"dotcolour","easy","easy",0.451,1,1,-99,-0.099
39,"dotcolour","easy","easy",0.534,1,1,-99,-0.099
39,"dotcolour","easy","easy",0.435,-1,1,-99,-0.099
39,"dotcolour","easy","easy",0.484,-1,1,-99,-0.099
39,"dotcolour","easy","easy",0.468,-1,1,-99,-0.099
39,"dotcolour","easy","easy",0.469,-1,1,-99,-0.099
39,"dotcolour","easy","easy",0.418,-1,1,-99,-0.099
39,"dotcolour","easy","easy",0.468,-1,1,-99,-0.099
39,"dotcolour","easy","easy",0.568,1,1,-99,-0.099
39,"dotcolour","easy","easy",0.502,1,1,-99,-0.099
39,"dotcolour","easy","easy",0.418,1,1,-99,-0.099
39,"dotcolour","easy","easy",0.419,1,1,-99,-0.099
39,"dotcolour","easy","easy",0.401,1,1,-99,-0.099
39,"dotcolour","easy","easy",0.452,1,1,-99,-0.099
39,"dotcolour","easy","easy",0.417,1,1,-99,-0.099
39,"dotcolour","easy","easy",0.603,-1,1,-99,-0.099
39,"dotcolour","easy","easy",0.435,1,1,-99,-0.099
39,"dotcolour","easy","easy",0.552,1,1,-99,-0.099
39,"dotcolour","easy","easy",0.401,-1,1,-99,-0.099
39,"dotcolour","easy","easy",0.452,-1,1,-99,-0.099
39,"dotcolour","easy","easy",0.585,1,1,-99,-0.099
39,"dotcolour","easy","easy",0.518,-1,1,-99,-0.099
39,"dotcolour","easy","easy",0.502,1,1,-99,-0.099
39,"dotcolour","easy","easy",0.518,1,1,-99,-0.099
39,"dotcolour","easy","easy",0.402,-1,1,-99,-0.099
39,"dotcolour","easy","easy",0.484,-1,1,-99,-0.099
39,"dotcolour","easy","easy",0.401,-1,1,-99,-0.099
39,"dotcolour","easy","easy",0.435,1,1,-99,-0.099
39,"dotcolour","easy","easy",0.402,-1,1,-99,-0.099
39,"dotcolour","easy","easy",0.368,1,1,-99,-0.099
39,"dotcolour","easy","easy",1.235,-1,0,-99,-0.099
39,"dotcolour","easy","easy",0.635,1,1,-99,-0.099
39,"dotcolour","easy","easy",0.468,-1,1,-99,-0.099
39,"dotcolour","easy","easy",0.419,-1,1,-99,-0.099
39,"dotcolour","easy","easy",0.452,-1,1,-99,-0.099
39,"dotcolour","easy","easy",0.451,1,1,-99,-0.099
39,"dotcolour","easy","easy",0.569,1,1,-99,-0.099
39,"dotcolour","easy","easy",0.434,-1,1,-99,-0.099
39,"dotcolour","easy","easy",0.435,-1,1,-99,-0.099
39,"dotcolour","easy","easy",0.434,1,1,-99,-0.099
39,"dotcolour","easy","easy",0.502,1,1,-99,-0.099
39,"dotcolour","easy","easy",0.601,1,1,-99,-0.099
39,"dotcolour","easy","easy",0.535,-1,1,-99,-0.099
39,"dotcolour","easy","easy",0.401,1,1,-99,-0.099
39,"dotcolour","easy","easy",0.468,-1,1,-99,-0.099
39,"dotcolour","easy","easy",0.385,1,1,-99,-0.099
39,"dotcolour","easy","easy",0.484,-1,1,-99,-0.099
39,"dotcolour","easy","easy",0.418,-1,1,-99,-0.099
39,"dotcolour","easy","easy",0.501,1,1,-99,-0.099
39,"dotcolour","easy","easy",0.452,1,1,-99,-0.099
39,"dotcolour","easy","easy",0.502,-1,1,-99,-0.099
39,"dotcolour","easy","easy",0.4,-1,1,-99,-0.099
39,"dotcolour","easy","easy",0.568,-1,1,-99,-0.099
39,"dotcolour","easy","easy",0.451,-1,1,-99,-0.099
39,"dotcolour","easy","easy",0.469,1,1,-99,-0.099
39,"dotcolour","easy","easy",0.434,1,1,-99,-0.099
39,"dotcolour","easy","easy",0.469,-1,1,-99,-0.099
39,"dotcolour","easy","easy",0.434,-1,1,-99,-0.099
39,"dotcolour","easy","easy",0.668,1,1,-99,-0.099
39,"dotcolour","easy","easy",0.451,-1,0,-99,-0.099
39,"dotcolour","easy","easy",0.585,-1,1,-99,-0.099
39,"dotcolour","easy","easy",0.418,1,1,-99,-0.099
39,"dotcolour","easy","easy",0.45,-1,1,-99,-0.099
39,"dotcolour","easy","easy",0.452,1,1,-99,-0.099
39,"dotcolour","easy","easy",0.635,1,1,-99,-0.099
39,"dotcolour","easy","easy",0.852,-1,1,-99,-0.099
39,"dotcolour","easy","easy",0.501,-1,1,-99,-0.099
39,"dotcolour","easy","easy",0.601,1,1,-99,-0.099
39,"dotcolour","easy","easy",0.568,1,1,-99,-0.099
39,"dotcolour","easy","easy",0.468,-1,1,-99,-0.099
39,"dotcolour","easy","easy",0.501,-1,1,-99,-0.099
39,"dotcolour","easy","easy",0.934,1,1,-99,-0.099
39,"dotcolour","easy","easy",0.736,-1,1,-99,-0.099
39,"dotcolour","easy","easy",0.535,-1,1,-99,-0.099
39,"dotcolour","easy","easy",0.619,1,1,-99,-0.099
39,"dotcolour","easy","easy",0.535,1,1,-99,-0.099
39,"dotcolour","easy","easy",0.602,1,1,-99,-0.099
39,"dotcolour","easy","easy",0.585,-1,1,-99,-0.099
39,"dotcolour","easy","easy",0.551,1,1,-99,-0.099
39,"dotcolour","easy","easy",0.535,-1,1,-99,-0.099
39,"dotcolour","easy","easy",0.519,-1,1,-99,-0.099
39,"dotcolour","easy","easy",0.468,-1,1,-99,-0.099
39,"dotcolour","easy","easy",0.418,1,1,-99,-0.099
39,"dotcolour","easy","easy",0.435,1,1,-99,-0.099
39,"dotcolour","easy","easy",0.487,-1,1,-99,-0.099
39,"dotcolour","easy","easy",0.452,1,1,-99,-0.099
39,"dotcolour","easy","easy",0.467,-1,1,-99,-0.099
39,"dotcolour","easy","easy",0.418,1,1,-99,-0.099
39,"dotcolour","easy","easy",0.618,1,1,-99,-0.099
39,"dotcolour","easy","easy",0.686,-1,1,-99,-0.099
39,"dotcolour","easy","easy",0.502,-1,1,-99,-0.099
39,"dotcolour","easy","easy",0.535,1,1,-99,-0.099
39,"dotcolour","easy","easy",0.518,1,1,-99,-0.099
39,"dotcolour","easy","easy",0.551,1,1,-99,-0.099
39,"dotcolour","easy","easy",0.418,1,1,-99,-0.099
39,"dotcolour","easy","easy",0.468,1,1,-99,-0.099
39,"dotcolour","easy","easy",0.501,-1,1,-99,-0.099
39,"dotcolour","easy","easy",1.035,1,1,-99,-0.099
39,"dotcolour","easy","easy",0.519,-1,1,-99,-0.099
39,"dotcolour","easy","easy",0.501,-1,1,-99,-0.099
39,"dotcolour","easy","easy",0.468,-1,1,-99,-0.099
39,"dotcolour","easy","easy",0.435,-1,1,-99,-0.099
39,"dotcolour","easy","easy",0.435,-1,1,-99,-0.099
39,"dotcolour","easy","easy",0.469,1,1,-99,-0.099
39,"dotcolour","easy","easy",0.501,-1,1,-99,-0.099
39,"dotcolour","easy","easy",0.452,1,1,-99,-0.099
39,"dotcolour","easy","easy",0.434,-1,1,-99,-0.099
39,"dotcolour","easy","easy",0.651,1,1,-99,-0.099
39,"dotcolour","easy","easy",0.518,1,1,-99,-0.099
39,"dotcolour","easy","easy",0.452,1,1,-99,-0.099
39,"dotcolour","easy","easy",0.452,-1,1,-99,-0.099
39,"dotcolour","easy","easy",0.434,1,1,-99,-0.099
39,"dotcolour","easy","easy",0.501,-1,1,-99,-0.099
39,"dotnumber","average","average",1.019,-1,1,-99,-0.099
39,"dotnumber","average","average",0.735,1,1,-99,-0.099
39,"dotnumber","average","average",0.752,-1,1,-99,-0.099
39,"dotnumber","average","average",0.618,-1,1,-99,-0.099
39,"dotnumber","average","average",0.585,1,1,-99,-0.099
39,"dotnumber","average","average",0.618,1,1,-99,-0.099
39,"dotnumber","average","average",0.635,-1,1,-99,-0.099
39,"dotnumber","average","average",0.653,1,1,-99,-0.099
39,"dotnumber","average","average",1.204,-1,1,-99,-0.099
39,"dotnumber","average","average",0.786,-1,1,-99,-0.099
39,"dotnumber","average","average",0.619,1,1,-99,-0.099
39,"dotnumber","average","average",0.703,1,1,-99,-0.099
39,"dotnumber","average","average",0.852,1,0,-99,-0.099
39,"dotnumber","average","average",0.669,-1,1,-99,-0.099
39,"dotnumber","average","average",0.702,1,1,-99,-0.099
39,"dotnumber","average","average",1.018,-1,0,-99,-0.099
39,"dotnumber","average","average",0.718,-1,1,-99,-0.099
39,"dotnumber","average","average",0.635,1,1,-99,-0.099
39,"dotnumber","average","average",0.584,-1,1,-99,-0.099
39,"dotnumber","average","average",0.685,-1,1,-99,-0.099
39,"dotnumber","average","average",0.685,1,1,-99,-0.099
39,"dotnumber","average","average",0.601,1,1,-99,-0.099
39,"dotnumber","average","average",0.685,1,1,-99,-0.099
39,"dotnumber","average","average",0.702,-1,1,-99,-0.099
39,"dotnumber","average","average",0.869,1,1,-99,-0.099
39,"dotnumber","average","average",0.668,-1,1,-99,-0.099
39,"dotnumber","average","average",1.568,1,0,-99,-0.099
39,"dotnumber","average","average",1.152,1,1,-99,-0.099
39,"dotnumber","average","average",1.17,1,0,-99,-0.099
39,"dotnumber","average","average",0.735,1,0,-99,-0.099
39,"dotnumber","average","average",0.652,1,1,-99,-0.099
39,"dotnumber","average","average",0.668,1,1,-99,-0.099
39,"dotnumber","average","average",0.569,-1,1,-99,-0.099
39,"dotnumber","average","average",0.634,1,1,-99,-0.099
39,"dotnumber","average","average",0.752,-1,1,-99,-0.099
39,"dotnumber","average","average",1.67,-1,1,-99,-0.099
39,"dotnumber","average","average",0.584,1,1,-99,-0.099
39,"dotnumber","average","average",0.753,-1,1,-99,-0.099
39,"dotnumber","average","average",0.602,1,1,-99,-0.099
39,"dotnumber","average","average",0.868,-1,0,-99,-0.099
39,"dotnumber","average","average",0.668,-1,0,-99,-0.099
39,"dotnumber","average","average",0.485,-1,1,-99,-0.099
39,"dotnumber","average","average",0.769,-1,1,-99,-0.099
39,"dotnumber","average","average",0.519,1,1,-99,-0.099
39,"dotnumber","average","average",0.668,1,1,-99,-0.099
39,"dotnumber","average","average",0.501,1,1,-99,-0.099
39,"dotnumber","average","average",0.502,1,0,-99,-0.099
39,"dotnumber","average","average",0.568,-1,1,-99,-0.099
39,"dotnumber","average","average",0.686,-1,1,-99,-0.099
39,"dotnumber","average","average",0.568,1,1,-99,-0.099
39,"dotnumber","average","average",0.686,1,1,-99,-0.099
39,"dotnumber","average","average",0.601,1,1,-99,-0.099
39,"dotnumber","average","average",1.403,-1,1,-99,-0.099
39,"dotnumber","average","average",0.634,1,1,-99,-0.099
39,"dotnumber","average","average",0.717,-1,0,-99,-0.099
39,"dotnumber","average","average",1.303,1,0,-99,-0.099
39,"dotnumber","average","average",0.619,-1,1,-99,-0.099
39,"dotnumber","average","average",0.634,-1,1,-99,-0.099
39,"dotnumber","average","average",0.686,1,1,-99,-0.099
39,"dotnumber","average","average",0.87,1,1,-99,-0.099
39,"dotnumber","average","average",0.619,-1,1,-99,-0.099
39,"dotnumber","average","average",0.718,1,1,-99,-0.099
39,"dotnumber","average","average",0.568,1,1,-99,-0.099
39,"dotnumber","average","average",0.535,-1,1,-99,-0.099
39,"dotnumber","average","average",0.568,-1,1,-99,-0.099
39,"dotnumber","average","average",0.619,-1,1,-99,-0.099
39,"dotnumber","average","average",0.501,-1,1,-99,-0.099
39,"dotnumber","average","average",0.502,-1,1,-99,-0.099
39,"dotnumber","average","average",1.135,1,1,-99,-0.099
39,"dotnumber","average","average",0.668,1,1,-99,-0.099
39,"dotnumber","average","average",0.485,-1,1,-99,-0.099
39,"dotnumber","average","average",1.485,1,1,-99,-0.099
39,"dotnumber","average","average",0.835,1,1,-99,-0.099
39,"dotnumber","average","average",0.551,1,1,-99,-0.099
39,"dotnumber","average","average",0.502,-1,1,-99,-0.099
39,"dotnumber","average","average",0.501,1,1,-99,-0.099
39,"dotnumber","average","average",0.535,-1,1,-99,-0.099
39,"dotnumber","average","average",0.701,-1,1,-99,-0.099
39,"dotnumber","average","average",0.502,-1,1,-99,-0.099
39,"dotnumber","average","average",0.519,-1,1,-99,-0.099
39,"dotnumber","average","average",0.452,1,1,-99,-0.099
39,"dotnumber","average","average",0.602,1,0,-99,-0.099
39,"dotnumber","average","average",0.885,-1,0,-99,-0.099
39,"dotnumber","average","average",0.535,-1,0,-99,-0.099
39,"dotnumber","average","average",0.951,-1,0,-99,-0.099
39,"dotnumber","average","average",0.552,1,1,-99,-0.099
39,"dotnumber","average","average",0.801,-1,1,-99,-0.099
39,"dotnumber","average","average",0.435,1,0,-99,-0.099
39,"dotnumber","average","average",0.601,-1,1,-99,-0.099
39,"dotnumber","average","average",0.485,-1,1,-99,-0.099
39,"dotnumber","average","average",0.619,-1,1,-99,-0.099
39,"dotnumber","average","average",0.369,1,1,-99,-0.099
39,"dotnumber","average","average",0.535,-1,0,-99,-0.099
39,"dotnumber","average","average",0.401,-1,1,-99,-0.099
39,"dotnumber","average","average",0.434,-1,0,-99,-0.099
39,"dotnumber","average","average",0.568,-1,0,-99,-0.099
39,"dotnumber","average","average",0.518,1,1,-99,-0.099
39,"dotnumber","average","average",0.985,1,1,-99,-0.099
39,"dotnumber","average","average",0.467,-1,1,-99,-0.099
39,"dotnumber","average","average",0.468,-1,1,-99,-0.099
39,"dotnumber","average","average",0.418,1,0,-99,-0.099
39,"dotnumber","average","average",0.451,-1,0,-99,-0.099
39,"dotnumber","average","average",0.768,-1,1,-99,-0.099
39,"dotnumber","average","average",0.752,-1,1,-99,-0.099
39,"dotnumber","average","average",0.535,-1,0,-99,-0.099
39,"dotnumber","average","average",1.603,-1,1,-99,-0.099
39,"dotnumber","average","average",0.502,-1,1,-99,-0.099
39,"dotnumber","average","average",0.485,1,1,-99,-0.099
39,"dotnumber","average","average",0.435,-1,0,-99,-0.099
39,"dotnumber","average","average",0.385,-1,0,-99,-0.099
39,"dotnumber","average","average",0.368,-1,1,-99,-0.099
39,"dotnumber","average","average",0.352,-1,0,-99,-0.099
39,"dotnumber","average","average",0.302,-1,0,-99,-0.099
39,"dotnumber","average","average",0.334,-1,0,-99,-0.099
39,"dotnumber","average","average",0.719,1,1,-99,-0.099
39,"dotnumber","average","average",0.668,1,1,-99,-0.099
39,"dotnumber","average","average",0.535,1,0,-99,-0.099
39,"dotnumber","average","average",0.367,1,0,-99,-0.099
39,"dotnumber","average","average",0.468,-1,1,-99,-0.099
39,"dotnumber","average","average",0.435,-1,1,-99,-0.099
40,"dotcolour","easy","easy",3.055,1,1,-99,-0.099
40,"dotcolour","easy","easy",0.718,1,1,-99,-0.099
40,"dotcolour","easy","easy",0.502,-1,1,-99,-0.099
40,"dotcolour","easy","easy",0.519,1,1,-99,-0.099
40,"dotcolour","easy","easy",0.535,1,1,-99,-0.099
40,"dotcolour","easy","easy",0.452,1,1,-99,-0.099
40,"dotcolour","easy","easy",0.551,-1,1,-99,-0.099
40,"dotcolour","easy","easy",0.618,-1,1,-99,-0.099
40,"dotcolour","easy","easy",0.502,-1,1,-99,-0.099
40,"dotcolour","easy","easy",0.685,-1,1,-99,-0.099
40,"dotcolour","easy","easy",0.469,1,1,-99,-0.099
40,"dotcolour","easy","easy",1.068,-1,1,-99,-0.099
40,"dotcolour","easy","easy",0.736,-1,1,-99,-0.099
40,"dotcolour","easy","easy",0.652,-1,1,-99,-0.099
40,"dotcolour","easy","easy",0.568,-1,1,-99,-0.099
40,"dotcolour","easy","easy",0.651,1,1,-99,-0.099
40,"dotcolour","easy","easy",0.652,-1,1,-99,-0.099
40,"dotcolour","easy","easy",0.652,1,1,-99,-0.099
40,"dotcolour","easy","easy",0.685,1,1,-99,-0.099
40,"dotcolour","easy","easy",0.501,1,1,-99,-0.099
40,"dotcolour","easy","easy",0.518,1,1,-99,-0.099
40,"dotcolour","easy","easy",0.618,1,1,-99,-0.099
40,"dotcolour","easy","easy",0.569,-1,1,-99,-0.099
40,"dotcolour","easy","easy",0.685,-1,1,-99,-0.099
40,"dotcolour","easy","easy",0.769,1,1,-99,-0.099
40,"dotcolour","easy","easy",0.518,1,1,-99,-0.099
40,"dotcolour","easy","easy",0.519,1,1,-99,-0.099
40,"dotcolour","easy","easy",0.501,1,1,-99,-0.099
40,"dotcolour","easy","easy",0.519,-1,1,-99,-0.099
40,"dotcolour","easy","easy",0.685,-1,1,-99,-0.099
40,"dotcolour","easy","easy",0.534,-1,1,-99,-0.099
40,"dotcolour","easy","easy",0.586,1,1,-99,-0.099
40,"dotcolour","easy","easy",0.469,1,1,-99,-0.099
40,"dotcolour","easy","easy",1.219,-1,1,-99,-0.099
40,"dotcolour","easy","easy",0.618,-1,1,-99,-0.099
40,"dotcolour","easy","easy",0.518,1,1,-99,-0.099
40,"dotcolour","easy","easy",0.484,-1,1,-99,-0.099
40,"dotcolour","easy","easy",0.652,-1,1,-99,-0.099
40,"dotcolour","easy","easy",0.435,1,1,-99,-0.099
40,"dotcolour","easy","easy",0.635,-1,1,-99,-0.099
40,"dotcolour","easy","easy",0.668,-1,1,-99,-0.099
40,"dotcolour","easy","easy",0.735,-1,1,-99,-0.099
40,"dotcolour","easy","easy",0.735,-1,1,-99,-0.099
40,"dotcolour","easy","easy",0.569,1,1,-99,-0.099
40,"dotcolour","easy","easy",0.635,1,1,-99,-0.099
40,"dotcolour","easy","easy",0.601,-1,1,-99,-0.099
40,"dotcolour","easy","easy",0.602,1,1,-99,-0.099
40,"dotcolour","easy","easy",0.618,1,1,-99,-0.099
40,"dotcolour","easy","easy",0.802,1,1,-99,-0.099
40,"dotcolour","easy","easy",0.6,-1,1,-99,-0.099
40,"dotcolour","easy","easy",0.468,-1,1,-99,-0.099
40,"dotcolour","easy","easy",0.468,-1,1,-99,-0.099
40,"dotcolour","easy","easy",0.469,1,1,-99,-0.099
40,"dotcolour","easy","easy",0.469,1,1,-99,-0.099
40,"dotcolour","easy","easy",0.469,1,1,-99,-0.099
40,"dotcolour","easy","easy",0.518,-1,1,-99,-0.099
40,"dotcolour","easy","easy",0.485,1,1,-99,-0.099
40,"dotcolour","easy","easy",0.585,1,1,-99,-0.099
40,"dotcolour","easy","easy",0.501,-1,1,-99,-0.099
40,"dotcolour","easy","easy",0.618,-1,1,-99,-0.099
40,"dotcolour","easy","easy",0.735,1,1,-99,-0.099
40,"dotcolour","easy","easy",0.635,1,1,-99,-0.099
40,"dotcolour","easy","easy",0.602,-1,1,-99,-0.099
40,"dotcolour","easy","easy",0.568,-1,1,-99,-0.099
40,"dotcolour","easy","easy",0.501,1,1,-99,-0.099
40,"dotcolour","easy","easy",0.469,1,1,-99,-0.099
40,"dotcolour","easy","easy",0.602,-1,1,-99,-0.099
40,"dotcolour","easy","easy",0.469,1,1,-99,-0.099
40,"dotcolour","easy","easy",0.569,1,1,-99,-0.099
40,"dotcolour","easy","easy",0.535,-1,1,-99,-0.099
40,"dotcolour","easy","easy",0.703,1,0,-99,-0.099
40,"dotcolour","easy","easy",0.569,-1,1,-99,-0.099
40,"dotcolour","easy","easy",2.687,-1,1,-99,-0.099
40,"dotcolour","easy","easy",0.535,1,1,-99,-0.099
40,"dotcolour","easy","easy",0.501,-1,1,-99,-0.099
40,"dotcolour","easy","easy",0.469,1,1,-99,-0.099
40,"dotcolour","easy","easy",0.651,1,1,-99,-0.099
40,"dotcolour","easy","easy",0.484,-1,1,-99,-0.099
40,"dotcolour","easy","easy",0.869,-1,1,-99,-0.099
40,"dotcolour","easy","easy",0.634,-1,1,-99,-0.099
40,"dotcolour","easy","easy",0.602,-1,1,-99,-0.099
40,"dotcolour","easy","easy",0.586,1,1,-99,-0.099
40,"dotcolour","easy","easy",0.802,-1,1,-99,-0.099
40,"dotcolour","easy","easy",0.752,1,1,-99,-0.099
40,"dotcolour","easy","easy",0.669,-1,1,-99,-0.099
40,"dotcolour","easy","easy",0.502,1,1,-99,-0.099
40,"dotcolour","easy","easy",0.669,1,1,-99,-0.099
40,"dotcolour","easy","easy",0.551,1,1,-99,-0.099
40,"dotcolour","easy","easy",0.651,-1,1,-99,-0.099
40,"dotcolour","easy","easy",0.986,1,1,-99,-0.099
40,"dotcolour","easy","easy",0.601,1,1,-99,-0.099
40,"dotcolour","easy","easy",0.635,-1,1,-99,-0.099
40,"dotcolour","easy","easy",0.752,1,1,-99,-0.099
40,"dotcolour","easy","easy",0.652,-1,1,-99,-0.099
40,"dotcolour","easy","easy",0.519,1,1,-99,-0.099
40,"dotcolour","easy","easy",0.468,-1,1,-99,-0.099
40,"dotcolour","easy","easy",1.218,-1,1,-99,-0.099
40,"dotcolour","easy","easy",0.702,-1,1,-99,-0.099
40,"dotcolour","easy","easy",0.368,1,1,-99,-0.099
40,"dotcolour","easy","easy",0.618,-1,1,-99,-0.099
40,"dotcolour","easy","easy",0.402,1,1,-99,-0.099
40,"dotcolour","easy","easy",0.535,1,1,-99,-0.099
40,"dotcolour","easy","easy",0.668,-1,1,-99,-0.099
40,"dotcolour","easy","easy",0.602,1,1,-99,-0.099
40,"dotcolour","easy","easy",0.485,1,1,-99,-0.099
40,"dotcolour","easy","easy",0.452,1,1,-99,-0.099
40,"dotcolour","easy","easy",0.434,1,1,-99,-0.099
40,"dotcolour","easy","easy",0.451,-1,1,-99,-0.099
40,"dotcolour","easy","easy",0.468,1,1,-99,-0.099
40,"dotcolour","easy","easy",0.618,1,1,-99,-0.099
40,"dotcolour","easy","easy",0.685,1,1,-99,-0.099
40,"dotcolour","easy","easy",0.418,-1,1,-99,-0.099
40,"dotcolour","easy","easy",0.718,-1,1,-99,-0.099
40,"dotcolour","easy","easy",1.537,-1,1,-99,-0.099
40,"dotcolour","easy","easy",0.652,-1,1,-99,-0.099
40,"dotcolour","easy","easy",0.635,-1,1,-99,-0.099
40,"dotcolour","easy","easy",0.434,1,1,-99,-0.099
40,"dotcolour","easy","easy",0.486,-1,1,-99,-0.099
40,"dotcolour","easy","easy",0.517,1,1,-99,-0.099
40,"dotcolour","easy","easy",0.551,-1,1,-99,-0.099
40,"dotnumber","average","average",1.269,-1,1,-99,-0.099
40,"dotnumber","average","average",1.152,-1,1,-99,-0.099
40,"dotnumber","average","average",3.003,1,0,-99,-0.099
40,"dotnumber","average","average",1.153,-1,1,-99,-0.099
40,"dotnumber","average","average",0.735,1,1,-99,-0.099
40,"dotnumber","average","average",1.252,1,1,-99,-0.099
40,"dotnumber","average","average",0.718,1,1,-99,-0.099
40,"dotnumber","average","average",1.136,1,1,-99,-0.099
40,"dotnumber","average","average",0.635,1,0,-99,-0.099
40,"dotnumber","average","average",0.901,1,1,-99,-0.099
40,"dotnumber","average","average",0.903,-1,1,-99,-0.099
40,"dotnumber","average","average",1.186,1,0,-99,-0.099
40,"dotnumber","average","average",0.734,-1,1,-99,-0.099
40,"dotnumber","average","average",1.603,-1,0,-99,-0.099
40,"dotnumber","average","average",0.785,1,1,-99,-0.099
40,"dotnumber","average","average",0.818,-1,1,-99,-0.099
40,"dotnumber","average","average",0.736,1,1,-99,-0.099
40,"dotnumber","average","average",1.603,1,1,-99,-0.099
40,"dotnumber","average","average",0.802,1,0,-99,-0.099
40,"dotnumber","average","average",0.952,1,1,-99,-0.099
40,"dotnumber","average","average",1.502,-1,1,-99,-0.099
40,"dotnumber","average","average",1.318,1,0,-99,-0.099
40,"dotnumber","average","average",0.852,-1,0,-99,-0.099
40,"dotnumber","average","average",0.684,1,1,-99,-0.099
40,"dotnumber","average","average",0.852,1,1,-99,-0.099
40,"dotnumber","average","average",0.786,1,1,-99,-0.099
40,"dotnumber","average","average",0.686,-1,1,-99,-0.099
40,"dotnumber","average","average",0.701,1,0,-99,-0.099
40,"dotnumber","average","average",0.552,1,0,-99,-0.099
40,"dotnumber","average","average",0.786,1,0,-99,-0.099
40,"dotnumber","average","average",0.668,-1,1,-99,-0.099
40,"dotnumber","average","average",0.768,-1,1,-99,-0.099
40,"dotnumber","average","average",1.136,1,1,-99,-0.099
40,"dotnumber","average","average",0.668,1,1,-99,-0.099
40,"dotnumber","average","average",0.535,-1,1,-99,-0.099
40,"dotnumber","average","average",0.802,1,0,-99,-0.099
40,"dotnumber","average","average",1.218,-1,0,-99,-0.099
40,"dotnumber","average","average",0.685,-1,1,-99,-0.099
40,"dotnumber","average","average",0.818,1,0,-99,-0.099
40,"dotnumber","average","average",2.07,1,0,-99,-0.099
40,"dotnumber","average","average",0.752,-1,0,-99,-0.099
40,"dotnumber","average","average",0.819,1,1,-99,-0.099
40,"dotnumber","average","average",1.386,-1,0,-99,-0.099
40,"dotnumber","average","average",0.601,1,1,-99,-0.099
40,"dotnumber","average","average",0.485,1,1,-99,-0.099
40,"dotnumber","average","average",0.636,1,1,-99,-0.099
40,"dotnumber","average","average",0.617,-1,1,-99,-0.099
40,"dotnumber","average","average",0.785,1,1,-99,-0.099
40,"dotnumber","average","average",0.869,-1,1,-99,-0.099
40,"dotnumber","average","average",1.119,-1,1,-99,-0.099
40,"dotnumber","average","average",1.97,1,1,-99,-0.099
40,"dotnumber","average","average",0.968,1,0,-99,-0.099
40,"dotnumber","average","average",1.686,-1,1,-99,-0.099
40,"dotnumber","average","average",0.669,1,1,-99,-0.099
40,"dotnumber","average","average",1.319,-1,1,-99,-0.099
40,"dotnumber","average","average",2.236,-1,0,-99,-0.099
40,"dotnumber","average","average",1.235,-1,1,-99,-0.099
40,"dotnumber","average","average",1.102,1,1,-99,-0.099
40,"dotnumber","average","average",1.403,-1,1,-99,-0.099
40,"dotnumber","average","average",1.218,1,1,-99,-0.099
40,"dotnumber","average","average",1.302,-1,1,-99,-0.099
40,"dotnumber","average","average",2.053,-1,1,-99,-0.099
40,"dotnumber","average","average",0.719,1,1,-99,-0.099
40,"dotnumber","average","average",0.751,-1,0,-99,-0.099
40,"dotnumber","average","average",0.918,1,1,-99,-0.099
40,"dotnumber","average","average",2.654,1,0,-99,-0.099
40,"dotnumber","average","average",0.736,-1,1,-99,-0.099
40,"dotnumber","average","average",1.07,-1,0,-99,-0.099
40,"dotnumber","average","average",0.802,-1,1,-99,-0.099
40,"dotnumber","average","average",0.751,-1,0,-99,-0.099
40,"dotnumber","average","average",0.736,1,1,-99,-0.099
40,"dotnumber","average","average",0.852,1,1,-99,-0.099
40,"dotnumber","average","average",1.453,-1,1,-99,-0.099
40,"dotnumber","average","average",0.652,1,1,-99,-0.099
40,"dotnumber","average","average",0.668,1,1,-99,-0.099
40,"dotnumber","average","average",1.086,-1,1,-99,-0.099
40,"dotnumber","average","average",0.618,1,1,-99,-0.099
40,"dotnumber","average","average",0.669,1,1,-99,-0.099
40,"dotnumber","average","average",0.935,-1,1,-99,-0.099
40,"dotnumber","average","average",0.719,-1,1,-99,-0.099
40,"dotnumber","average","average",0.786,1,1,-99,-0.099
40,"dotnumber","average","average",0.569,-1,1,-99,-0.099
40,"dotnumber","average","average",0.687,-1,1,-99,-0.099
40,"dotnumber","average","average",1.052,-1,1,-99,-0.099
40,"dotnumber","average","average",0.568,-1,1,-99,-0.099
40,"dotnumber","average","average",0.735,-1,0,-99,-0.099
40,"dotnumber","average","average",0.585,-1,1,-99,-0.099
40,"dotnumber","average","average",0.701,-1,1,-99,-0.099
40,"dotnumber","average","average",0.851,-1,0,-99,-0.099
40,"dotnumber","average","average",1.068,1,1,-99,-0.099
40,"dotnumber","average","average",0.953,-1,1,-99,-0.099
40,"dotnumber","average","average",1.052,1,1,-99,-0.099
40,"dotnumber","average","average",0.735,1,1,-99,-0.099
40,"dotnumber","average","average",0.618,-1,1,-99,-0.099
40,"dotnumber","average","average",0.652,1,1,-99,-0.099
40,"dotnumber","average","average",0.768,1,1,-99,-0.099
40,"dotnumber","average","average",0.752,1,0,-99,-0.099
40,"dotnumber","average","average",0.502,-1,1,-99,-0.099
40,"dotnumber","average","average",0.635,1,1,-99,-0.099
40,"dotnumber","average","average",0.635,-1,1,-99,-0.099
40,"dotnumber","average","average",0.569,1,1,-99,-0.099
40,"dotnumber","average","average",0.618,1,1,-99,-0.099
40,"dotnumber","average","average",0.719,-1,1,-99,-0.099
40,"dotnumber","average","average",1.47,1,1,-99,-0.099
40,"dotnumber","average","average",0.735,1,1,-99,-0.099
40,"dotnumber","average","average",0.602,-1,0,-99,-0.099
40,"dotnumber","average","average",0.652,-1,1,-99,-0.099
40,"dotnumber","average","average",0.834,1,1,-99,-0.099
40,"dotnumber","average","average",0.768,1,1,-99,-0.099
40,"dotnumber","average","average",0.719,-1,0,-99,-0.099
40,"dotnumber","average","average",0.953,-1,1,-99,-0.099
40,"dotnumber","average","average",0.918,-1,1,-99,-0.099
40,"dotnumber","average","average",0.501,-1,1,-99,-0.099
40,"dotnumber","average","average",0.851,-1,1,-99,-0.099
40,"dotnumber","average","average",0.668,1,1,-99,-0.099
40,"dotnumber","average","average",0.619,-1,1,-99,-0.099
40,"dotnumber","average","average",0.752,-1,0,-99,-0.099
40,"dotnumber","average","average",0.735,-1,1,-99,-0.099
40,"dotnumber","average","average",0.702,1,1,-99,-0.099
40,"dotnumber","average","average",0.618,-1,1,-99,-0.099
40,"xotask","hard","hard",1.619,-1,1,-99,-0.099
40,"xotask","hard","hard",1.168,1,1,-99,-0.099
40,"xotask","hard","hard",1.653,-1,1,-99,-0.099
40,"xotask","hard","hard",1.519,-1,0,-99,-0.099
40,"xotask","hard","hard",1.119,-1,1,-99,-0.099
40,"xotask","hard","hard",1.937,1,0,-99,-0.099
40,"xotask","hard","hard",1.035,-1,1,-99,-0.099
40,"xotask","hard","hard",1.552,-1,1,-99,-0.099
40,"xotask","hard","hard",1.336,1,1,-99,-0.099
40,"xotask","hard","hard",1.236,-1,1,-99,-0.099
40,"xotask","hard","hard",1.336,1,1,-99,-0.099
40,"xotask","hard","hard",1.219,1,1,-99,-0.099
40,"xotask","hard","hard",1.003,1,1,-99,-0.099
40,"xotask","hard","hard",0.969,-1,0,-99,-0.099
40,"xotask","hard","hard",1.119,-1,1,-99,-0.099
40,"xotask","hard","hard",0.902,1,1,-99,-0.099
40,"xotask","hard","hard",0.719,1,0,-99,-0.099
40,"xotask","hard","hard",0.769,-1,0,-99,-0.099
40,"xotask","hard","hard",1.218,-1,1,-99,-0.099
40,"xotask","hard","hard",0.651,1,0,-99,-0.099
40,"xotask","hard","hard",1.235,-1,0,-99,-0.099
40,"xotask","hard","hard",0.534,1,0,-99,-0.099
40,"xotask","hard","hard",0.852,1,1,-99,-0.099
40,"xotask","hard","hard",0.885,-1,0,-99,-0.099
40,"xotask","hard","hard",0.868,-1,1,-99,-0.099
40,"xotask","hard","hard",0.986,-1,1,-99,-0.099
40,"xotask","hard","hard",0.819,-1,0,-99,-0.099
40,"xotask","hard","hard",0.752,1,1,-99,-0.099
40,"xotask","hard","hard",1.853,-1,0,-99,-0.099
40,"xotask","hard","hard",0.952,-1,1,-99,-0.099
40,"xotask","hard","hard",0.953,-1,1,-99,-0.099
40,"xotask","hard","hard",1.752,-1,0,-99,-0.099
40,"xotask","hard","hard",0.803,-1,1,-99,-0.099
40,"xotask","hard","hard",0.802,1,1,-99,-0.099
40,"xotask","hard","hard",1.003,1,1,-99,-0.099
40,"xotask","hard","hard",3.037,1,0,-99,-0.099
40,"xotask","hard","hard",0.634,-1,0,-99,-0.099
40,"xotask","hard","hard",0.953,-1,1,-99,-0.099
40,"xotask","hard","hard",1.103,1,0,-99,-0.099
40,"xotask","hard","hard",0.535,-1,1,-99,-0.099
40,"xotask","hard","hard",1.185,1,1,-99,-0.099
40,"xotask","hard","hard",1.519,1,1,-99,-0.099
40,"xotask","hard","hard",0.719,-1,0,-99,-0.099
40,"xotask","hard","hard",1.103,1,0,-99,-0.099
40,"xotask","hard","hard",0.518,-1,1,-99,-0.099
40,"xotask","hard","hard",0.769,-1,1,-99,-0.099
40,"xotask","hard","hard",0.685,1,1,-99,-0.099
40,"xotask","hard","hard",0.869,1,1,-99,-0.099
40,"xotask","hard","hard",0.953,1,1,-99,-0.099
40,"xotask","hard","hard",0.785,-1,0,-99,-0.099
40,"xotask","hard","hard",0.734,1,0,-99,-0.099
40,"xotask","hard","hard",1.068,-1,0,-99,-0.099
40,"xotask","hard","hard",0.835,-1,0,-99,-0.099
40,"xotask","hard","hard",0.936,1,0,-99,-0.099
40,"xotask","hard","hard",1.252,-1,0,-99,-0.099
40,"xotask","hard","hard",2.002,1,1,-99,-0.099
40,"xotask","hard","hard",0.651,-1,1,-99,-0.099
40,"xotask","hard","hard",0.618,1,0,-99,-0.099
40,"xotask","hard","hard",0.651,-1,1,-99,-0.099
40,"xotask","hard","hard",0.667,-1,1,-99,-0.099
40,"xotask","hard","hard",0.602,1,0,-99,-0.099
40,"xotask","hard","hard",0.751,-1,0,-99,-0.099
40,"xotask","hard","hard",1.002,1,0,-99,-0.099
40,"xotask","hard","hard",0.785,-1,1,-99,-0.099
40,"xotask","hard","hard",0.602,1,1,-99,-0.099
40,"xotask","hard","hard",0.65,-1,1,-99,-0.099
40,"xotask","hard","hard",1.036,1,1,-99,-0.099
40,"xotask","hard","hard",0.719,1,1,-99,-0.099
40,"xotask","hard","hard",0.701,-1,1,-99,-0.099
40,"xotask","hard","hard",0.735,-1,1,-99,-0.099
40,"xotask","hard","hard",0.685,1,1,-99,-0.099
40,"xotask","hard","hard",1.319,-1,0,-99,-0.099
40,"xotask","hard","hard",7.125,-1,0,-99,-0.099
40,"xotask","hard","hard",0.802,1,1,-99,-0.099
40,"xotask","hard","hard",0.736,1,0,-99,-0.099
40,"xotask","hard","hard",0.651,1,1,-99,-0.099
40,"xotask","hard","hard",0.618,1,0,-99,-0.099
40,"xotask","hard","hard",0.752,-1,0,-99,-0.099
40,"xotask","hard","hard",0.651,1,1,-99,-0.099
40,"xotask","hard","hard",0.885,-1,1,-99,-0.099
40,"xotask","hard","hard",0.418,1,0,-99,-0.099
40,"xotask","hard","hard",0.802,1,0,-99,-0.099
40,"xotask","hard","hard",0.535,-1,1,-99,-0.099
40,"xotask","hard","hard",0.568,1,0,-99,-0.099
40,"xotask","hard","hard",1.452,1,0,-99,-0.099
40,"xotask","hard","hard",0.869,-1,0,-99,-0.099
40,"xotask","hard","hard",1.018,1,1,-99,-0.099
40,"xotask","hard","hard",0.819,1,1,-99,-0.099
40,"xotask","hard","hard",0.851,-1,1,-99,-0.099
40,"xotask","hard","hard",0.951,-1,1,-99,-0.099
40,"xotask","hard","hard",0.502,1,1,-99,-0.099
40,"xotask","hard","hard",0.685,1,1,-99,-0.099
40,"xotask","hard","hard",0.769,-1,1,-99,-0.099
40,"xotask","hard","hard",1.052,1,1,-99,-0.099
40,"xotask","hard","hard",0.852,-1,0,-99,-0.099
40,"xotask","hard","hard",1.269,1,0,-99,-0.099
40,"xotask","hard","hard",0.835,-1,1,-99,-0.099
40,"xotask","hard","hard",1.452,1,0,-99,-0.099
40,"xotask","hard","hard",0.969,-1,0,-99,-0.099
40,"xotask","hard","hard",0.868,1,0,-99,-0.099
40,"xotask","hard","hard",0.651,-1,1,-99,-0.099
40,"xotask","hard","hard",0.903,-1,0,-99,-0.099
40,"xotask","hard","hard",0.501,1,0,-99,-0.099
40,"xotask","hard","hard",0.652,-1,0,-99,-0.099
40,"xotask","hard","hard",0.851,-1,0,-99,-0.099
40,"xotask","hard","hard",0.835,-1,1,-99,-0.099
40,"xotask","hard","hard",0.836,-1,0,-99,-0.099
40,"xotask","hard","hard",1.001,1,1,-99,-0.099
40,"xotask","hard","hard",0.852,1,1,-99,-0.099
40,"xotask","hard","hard",0.669,-1,0,-99,-0.099
40,"xotask","hard","hard",0.685,1,1,-99,-0.099
40,"xotask","hard","hard",0.752,1,0,-99,-0.099
40,"xotask","hard","hard",0.567,1,0,-99,-0.099
40,"xotask","hard","hard",0.652,1,0,-99,-0.099
40,"xotask","hard","hard",0.718,1,0,-99,-0.099
40,"xotask","hard","hard",0.567,-1,0,-99,-0.099
40,"xotask","hard","hard",0.635,-1,1,-99,-0.099
40,"xotask","hard","hard",0.667,1,1,-99,-0.099
40,"xotask","hard","hard",0.602,-1,1,-99,-0.099
40,"xotask","hard","hard",1.151,1,1,-99,-0.099
41,"dotnumber","average","average",1.619,1,0,-99,-0.099
41,"dotnumber","average","average",0.902,-1,1,-99,-0.099
41,"dotnumber","average","average",0.803,1,1,-99,-0.099
41,"dotnumber","average","average",1.352,-1,1,-99,-0.099
41,"dotnumber","average","average",0.868,1,0,-99,-0.099
41,"dotnumber","average","average",0.819,-1,0,-99,-0.099
41,"dotnumber","average","average",0.768,-1,0,-99,-0.099
41,"dotnumber","average","average",0.768,-1,1,-99,-0.099
41,"dotnumber","average","average",0.768,-1,1,-99,-0.099
41,"dotnumber","average","average",0.685,1,1,-99,-0.099
41,"dotnumber","average","average",0.685,1,1,-99,-0.099
41,"dotnumber","average","average",0.601,-1,1,-99,-0.099
41,"dotnumber","average","average",0.518,1,1,-99,-0.099
41,"dotnumber","average","average",0.769,1,1,-99,-0.099
41,"dotnumber","average","average",0.601,1,1,-99,-0.099
41,"dotnumber","average","average",0.652,-1,1,-99,-0.099
41,"dotnumber","average","average",0.734,-1,1,-99,-0.099
41,"dotnumber","average","average",0.718,1,1,-99,-0.099
41,"dotnumber","average","average",0.568,1,1,-99,-0.099
41,"dotnumber","average","average",0.685,1,0,-99,-0.099
41,"dotnumber","average","average",0.551,1,0,-99,-0.099
41,"dotnumber","average","average",0.769,-1,1,-99,-0.099
41,"dotnumber","average","average",0.652,1,1,-99,-0.099
41,"dotnumber","average","average",1.252,-1,0,-99,-0.099
41,"dotnumber","average","average",0.735,1,1,-99,-0.099
41,"dotnumber","average","average",0.502,1,1,-99,-0.099
41,"dotnumber","average","average",0.536,1,1,-99,-0.099
41,"dotnumber","average","average",0.984,1,0,-99,-0.099
41,"dotnumber","average","average",1.302,-1,0,-99,-0.099
41,"dotnumber","average","average",1.052,1,0,-99,-0.099
41,"dotnumber","average","average",0.635,-1,0,-99,-0.099
41,"dotnumber","average","average",0.702,1,1,-99,-0.099
41,"dotnumber","average","average",0.585,1,0,-99,-0.099
41,"dotnumber","average","average",0.651,-1,1,-99,-0.099
41,"dotnumber","average","average",0.835,1,1,-99,-0.099
41,"dotnumber","average","average",0.485,1,1,-99,-0.099
41,"dotnumber","average","average",0.585,1,1,-99,-0.099
41,"dotnumber","average","average",0.553,1,1,-99,-0.099
41,"dotnumber","average","average",0.517,1,1,-99,-0.099
41,"dotnumber","average","average",0.668,-1,1,-99,-0.099
41,"dotnumber","average","average",0.535,1,1,-99,-0.099
41,"dotnumber","average","average",0.802,1,0,-99,-0.099
41,"dotnumber","average","average",0.785,1,0,-99,-0.099
41,"dotnumber","average","average",0.585,-1,1,-99,-0.099
41,"dotnumber","average","average",0.802,1,0,-99,-0.099
41,"dotnumber","average","average",1.101,-1,1,-99,-0.099
41,"dotnumber","average","average",0.668,-1,1,-99,-0.099
41,"dotnumber","average","average",0.851,-1,1,-99,-0.099
41,"dotnumber","average","average",0.636,1,1,-99,-0.099
41,"dotnumber","average","average",0.734,1,1,-99,-0.099
41,"dotnumber","average","average",0.752,-1,0,-99,-0.099
41,"dotnumber","average","average",0.702,-1,1,-99,-0.099
41,"dotnumber","average","average",0.736,-1,1,-99,-0.099
41,"dotnumber","average","average",0.768,-1,0,-99,-0.099
41,"dotnumber","average","average",0.885,1,1,-99,-0.099
41,"dotnumber","average","average",1.101,1,0,-99,-0.099
41,"dotnumber","average","average",0.735,-1,1,-99,-0.099
41,"dotnumber","average","average",0.602,1,1,-99,-0.099
41,"dotnumber","average","average",0.652,-1,1,-99,-0.099
41,"dotnumber","average","average",0.602,1,0,-99,-0.099
41,"dotnumber","average","average",0.685,-1,1,-99,-0.099
41,"dotnumber","average","average",0.686,-1,1,-99,-0.099
41,"dotnumber","average","average",0.635,1,1,-99,-0.099
41,"dotnumber","average","average",0.953,-1,0,-99,-0.099
41,"dotnumber","average","average",0.735,-1,1,-99,-0.099
41,"dotnumber","average","average",0.769,1,0,-99,-0.099
41,"dotnumber","average","average",0.602,1,1,-99,-0.099
41,"dotnumber","average","average",0.686,-1,1,-99,-0.099
41,"dotnumber","average","average",0.618,-1,1,-99,-0.099
41,"dotnumber","average","average",0.569,1,1,-99,-0.099
41,"dotnumber","average","average",1.168,-1,0,-99,-0.099
41,"dotnumber","average","average",0.785,1,1,-99,-0.099
41,"dotnumber","average","average",0.902,-1,1,-99,-0.099
41,"dotnumber","average","average",0.634,1,0,-99,-0.099
41,"dotnumber","average","average",0.602,-1,1,-99,-0.099
41,"dotnumber","average","average",1.069,-1,1,-99,-0.099
41,"dotnumber","average","average",0.652,1,1,-99,-0.099
41,"dotnumber","average","average",0.835,1,1,-99,-0.099
41,"dotnumber","average","average",0.635,-1,1,-99,-0.099
41,"dotnumber","average","average",0.602,1,1,-99,-0.099
41,"dotnumber","average","average",0.636,1,1,-99,-0.099
41,"dotnumber","average","average",0.702,-1,1,-99,-0.099
41,"dotnumber","average","average",0.803,-1,1,-99,-0.099
41,"dotnumber","average","average",0.785,-1,1,-99,-0.099
41,"dotnumber","average","average",0.618,1,1,-99,-0.099
41,"dotnumber","average","average",0.685,1,1,-99,-0.099
41,"dotnumber","average","average",0.784,-1,1,-99,-0.099
41,"dotnumber","average","average",0.869,1,0,-99,-0.099
41,"dotnumber","average","average",0.57,1,1,-99,-0.099
41,"dotnumber","average","average",0.703,1,1,-99,-0.099
41,"dotnumber","average","average",0.836,1,0,-99,-0.099
41,"dotnumber","average","average",0.535,1,1,-99,-0.099
41,"dotnumber","average","average",0.636,1,1,-99,-0.099
41,"dotnumber","average","average",0.551,1,1,-99,-0.099
41,"dotnumber","average","average",0.836,-1,1,-99,-0.099
41,"dotnumber","average","average",0.719,1,1,-99,-0.099
41,"dotnumber","average","average",0.803,-1,1,-99,-0.099
41,"dotnumber","average","average",0.534,1,1,-99,-0.099
41,"dotnumber","average","average",0.735,1,0,-99,-0.099
41,"dotnumber","average","average",0.634,1,1,-99,-0.099
41,"dotnumber","average","average",1.085,1,1,-99,-0.099
41,"dotnumber","average","average",0.685,-1,1,-99,-0.099
41,"dotnumber","average","average",0.803,1,0,-99,-0.099
41,"dotnumber","average","average",1.235,-1,0,-99,-0.099
41,"dotnumber","average","average",0.734,-1,1,-99,-0.099
41,"dotnumber","average","average",0.633,1,0,-99,-0.099
41,"dotnumber","average","average",0.552,1,1,-99,-0.099
41,"dotnumber","average","average",0.768,1,0,-99,-0.099
41,"dotnumber","average","average",0.635,-1,1,-99,-0.099
41,"dotnumber","average","average",0.601,1,1,-99,-0.099
41,"dotnumber","average","average",0.651,1,1,-99,-0.099
41,"dotnumber","average","average",0.585,-1,1,-99,-0.099
41,"dotnumber","average","average",0.535,1,1,-99,-0.099
41,"dotnumber","average","average",0.786,-1,1,-99,-0.099
41,"dotnumber","average","average",0.819,-1,1,-99,-0.099
41,"dotnumber","average","average",0.551,1,1,-99,-0.099
41,"dotnumber","average","average",0.568,1,1,-99,-0.099
41,"dotnumber","average","average",0.584,-1,1,-99,-0.099
41,"dotnumber","average","average",0.852,1,1,-99,-0.099
41,"dotnumber","average","average",0.902,1,1,-99,-0.099
41,"xotask","hard","hard",1.636,1,1,-99,-0.099
41,"xotask","hard","hard",0.968,1,1,-99,-0.099
41,"xotask","hard","hard",1.402,1,1,-99,-0.099
41,"xotask","hard","hard",1.135,-1,1,-99,-0.099
41,"xotask","hard","hard",1.469,-1,0,-99,-0.099
41,"xotask","hard","hard",1.636,-1,1,-99,-0.099
41,"xotask","hard","hard",0.636,1,0,-99,-0.099
41,"xotask","hard","hard",0.969,-1,0,-99,-0.099
41,"xotask","hard","hard",0.652,1,0,-99,-0.099
41,"xotask","hard","hard",0.718,-1,0,-99,-0.099
41,"xotask","hard","hard",0.868,-1,1,-99,-0.099
41,"xotask","hard","hard",1.486,1,1,-99,-0.099
41,"xotask","hard","hard",0.785,-1,1,-99,-0.099
41,"xotask","hard","hard",0.868,-1,0,-99,-0.099
41,"xotask","hard","hard",0.569,-1,1,-99,-0.099
41,"xotask","hard","hard",1.035,-1,0,-99,-0.099
41,"xotask","hard","hard",0.735,-1,1,-99,-0.099
41,"xotask","hard","hard",1.386,1,0,-99,-0.099
41,"xotask","hard","hard",0.67,1,1,-99,-0.099
41,"xotask","hard","hard",0.702,-1,1,-99,-0.099
41,"xotask","hard","hard",0.802,-1,1,-99,-0.099
41,"xotask","hard","hard",0.668,1,0,-99,-0.099
41,"xotask","hard","hard",1.252,-1,0,-99,-0.099
41,"xotask","hard","hard",1.136,1,1,-99,-0.099
41,"xotask","hard","hard",0.786,1,0,-99,-0.099
41,"xotask","hard","hard",1.186,-1,1,-99,-0.099
41,"xotask","hard","hard",1.152,1,1,-99,-0.099
41,"xotask","hard","hard",0.702,-1,0,-99,-0.099
41,"xotask","hard","hard",0.918,-1,0,-99,-0.099
41,"xotask","hard","hard",0.618,1,0,-99,-0.099
41,"xotask","hard","hard",0.651,1,0,-99,-0.099
41,"xotask","hard","hard",0.552,1,0,-99,-0.099
41,"xotask","hard","hard",0.651,1,1,-99,-0.099
41,"xotask","hard","hard",0.685,-1,1,-99,-0.099
41,"xotask","hard","hard",1.585,1,1,-99,-0.099
41,"xotask","hard","hard",0.718,-1,1,-99,-0.099
41,"xotask","hard","hard",0.719,-1,0,-99,-0.099
41,"xotask","hard","hard",1.77,1,1,-99,-0.099
41,"xotask","hard","hard",0.669,1,1,-99,-0.099
41,"xotask","hard","hard",0.785,1,1,-99,-0.099
41,"xotask","hard","hard",0.868,-1,1,-99,-0.099
41,"xotask","hard","hard",0.618,1,0,-99,-0.099
41,"xotask","hard","hard",0.836,-1,1,-99,-0.099
41,"xotask","hard","hard",0.703,1,1,-99,-0.099
41,"xotask","hard","hard",1.051,-1,1,-99,-0.099
41,"xotask","hard","hard",2.103,1,1,-99,-0.099
41,"xotask","hard","hard",0.668,1,0,-99,-0.099
41,"xotask","hard","hard",0.768,-1,0,-99,-0.099
41,"xotask","hard","hard",0.802,1,1,-99,-0.099
41,"xotask","hard","hard",0.852,-1,1,-99,-0.099
41,"xotask","hard","hard",0.718,1,0,-99,-0.099
41,"xotask","hard","hard",1.436,-1,0,-99,-0.099
41,"xotask","hard","hard",1.403,1,0,-99,-0.099
41,"xotask","hard","hard",1.502,1,1,-99,-0.099
41,"xotask","hard","hard",0.734,1,0,-99,-0.099
41,"xotask","hard","hard",2.021,1,1,-99,-0.099
41,"xotask","hard","hard",1.436,-1,0,-99,-0.099
41,"xotask","hard","hard",0.501,-1,0,-99,-0.099
41,"xotask","hard","hard",0.868,-1,0,-99,-0.099
41,"xotask","hard","hard",1.318,-1,1,-99,-0.099
41,"xotask","hard","hard",0.501,1,1,-99,-0.099
41,"xotask","hard","hard",0.652,1,0,-99,-0.099
41,"xotask","hard","hard",0.651,1,1,-99,-0.099
41,"xotask","hard","hard",0.802,-1,1,-99,-0.099
41,"xotask","hard","hard",0.668,-1,0,-99,-0.099
41,"xotask","hard","hard",0.667,-1,1,-99,-0.099
41,"xotask","hard","hard",0.801,1,1,-99,-0.099
41,"xotask","hard","hard",0.667,1,0,-99,-0.099
41,"xotask","hard","hard",0.602,1,0,-99,-0.099
41,"xotask","hard","hard",0.885,-1,0,-99,-0.099
41,"xotask","hard","hard",1.185,-1,1,-99,-0.099
41,"xotask","hard","hard",0.919,-1,1,-99,-0.099
41,"xotask","hard","hard",0.885,-1,1,-99,-0.099
41,"xotask","hard","hard",0.601,-1,0,-99,-0.099
41,"xotask","hard","hard",0.802,1,1,-99,-0.099
41,"xotask","hard","hard",0.852,-1,1,-99,-0.099
41,"xotask","hard","hard",1.085,-1,1,-99,-0.099
41,"xotask","hard","hard",0.651,1,0,-99,-0.099
41,"xotask","hard","hard",0.652,-1,0,-99,-0.099
41,"xotask","hard","hard",0.585,1,1,-99,-0.099
41,"xotask","hard","hard",0.635,1,1,-99,-0.099
41,"xotask","hard","hard",0.702,-1,1,-99,-0.099
41,"xotask","hard","hard",0.668,-1,0,-99,-0.099
41,"xotask","hard","hard",0.918,1,1,-99,-0.099
41,"xotask","hard","hard",1.269,1,1,-99,-0.099
41,"xotask","hard","hard",0.785,1,1,-99,-0.099
41,"xotask","hard","hard",1.553,1,1,-99,-0.099
41,"xotask","hard","hard",0.786,-1,1,-99,-0.099
41,"xotask","hard","hard",1.07,1,1,-99,-0.099
41,"xotask","hard","hard",0.819,-1,1,-99,-0.099
41,"xotask","hard","hard",0.651,-1,1,-99,-0.099
41,"xotask","hard","hard",0.586,1,1,-99,-0.099
41,"xotask","hard","hard",0.719,-1,1,-99,-0.099
41,"xotask","hard","hard",0.752,-1,1,-99,-0.099
41,"xotask","hard","hard",0.652,1,0,-99,-0.099
41,"xotask","hard","hard",0.851,1,0,-99,-0.099
41,"xotask","hard","hard",0.901,-1,1,-99,-0.099
41,"xotask","hard","hard",0.652,-1,1,-99,-0.099
41,"xotask","hard","hard",0.518,1,1,-99,-0.099
41,"xotask","hard","hard",0.936,-1,1,-99,-0.099
41,"xotask","hard","hard",1.452,1,0,-99,-0.099
41,"xotask","hard","hard",0.536,1,1,-99,-0.099
41,"xotask","hard","hard",1.553,1,0,-99,-0.099
41,"xotask","hard","hard",0.518,-1,1,-99,-0.099
41,"xotask","hard","hard",0.552,-1,0,-99,-0.099
41,"xotask","hard","hard",0.618,-1,0,-99,-0.099
41,"xotask","hard","hard",1.02,1,1,-99,-0.099
41,"xotask","hard","hard",0.836,-1,1,-99,-0.099
41,"xotask","hard","hard",0.886,-1,1,-99,-0.099
41,"xotask","hard","hard",0.769,-1,1,-99,-0.099
41,"xotask","hard","hard",0.669,-1,0,-99,-0.099
41,"xotask","hard","hard",0.785,1,1,-99,-0.099
41,"xotask","hard","hard",0.635,-1,0,-99,-0.099
41,"xotask","hard","hard",2.304,1,1,-99,-0.099
41,"xotask","hard","hard",0.501,1,0,-99,-0.099
41,"xotask","hard","hard",0.767,-1,1,-99,-0.099
41,"xotask","hard","hard",1.469,1,0,-99,-0.099
41,"xotask","hard","hard",0.602,1,1,-99,-0.099
41,"xotask","hard","hard",0.601,1,1,-99,-0.099
41,"xotask","hard","hard",0.502,1,1,-99,-0.099
41,"dotcolour","easy","easy",2.554,1,0,-99,-0.099
41,"dotcolour","easy","easy",0.536,-1,1,-99,-0.099
41,"dotcolour","easy","easy",0.501,1,1,-99,-0.099
41,"dotcolour","easy","easy",0.619,1,1,-99,-0.099
41,"dotcolour","easy","easy",0.75,-1,1,-99,-0.099
41,"dotcolour","easy","easy",0.402,1,1,-99,-0.099
41,"dotcolour","easy","easy",0.618,1,1,-99,-0.099
41,"dotcolour","easy","easy",0.368,-1,1,-99,-0.099
41,"dotcolour","easy","easy",0.486,1,1,-99,-0.099
41,"dotcolour","easy","easy",0.485,-1,1,-99,-0.099
41,"dotcolour","easy","easy",0.601,-1,1,-99,-0.099
41,"dotcolour","easy","easy",0.418,-1,1,-99,-0.099
41,"dotcolour","easy","easy",0.635,1,1,-99,-0.099
41,"dotcolour","easy","easy",0.551,-1,1,-99,-0.099
41,"dotcolour","easy","easy",0.652,-1,1,-99,-0.099
41,"dotcolour","easy","easy",0.585,1,1,-99,-0.099
41,"dotcolour","easy","easy",0.669,1,1,-99,-0.099
41,"dotcolour","easy","easy",0.701,-1,1,-99,-0.099
41,"dotcolour","easy","easy",0.418,1,1,-99,-0.099
41,"dotcolour","easy","easy",0.335,-1,1,-99,-0.099
41,"dotcolour","easy","easy",0.585,1,1,-99,-0.099
41,"dotcolour","easy","easy",0.418,1,1,-99,-0.099
41,"dotcolour","easy","easy",0.568,-1,1,-99,-0.099
41,"dotcolour","easy","easy",0.635,1,1,-99,-0.099
41,"dotcolour","easy","easy",0.718,-1,1,-99,-0.099
41,"dotcolour","easy","easy",0.517,-1,1,-99,-0.099
41,"dotcolour","easy","easy",0.467,1,1,-99,-0.099
41,"dotcolour","easy","easy",0.552,-1,1,-99,-0.099
41,"dotcolour","easy","easy",0.518,-1,0,-99,-0.099
41,"dotcolour","easy","easy",0.852,1,1,-99,-0.099
41,"dotcolour","easy","easy",0.569,-1,1,-99,-0.099
41,"dotcolour","easy","easy",0.468,1,1,-99,-0.099
41,"dotcolour","easy","easy",0.534,-1,1,-99,-0.099
41,"dotcolour","easy","easy",0.4,-1,1,-99,-0.099
41,"dotcolour","easy","easy",0.635,1,1,-99,-0.099
41,"dotcolour","easy","easy",0.568,1,1,-99,-0.099
41,"dotcolour","easy","easy",0.719,-1,1,-99,-0.099
41,"dotcolour","easy","easy",0.384,-1,1,-99,-0.099
41,"dotcolour","easy","easy",0.518,1,1,-99,-0.099
41,"dotcolour","easy","easy",0.585,1,1,-99,-0.099
41,"dotcolour","easy","easy",0.418,-1,1,-99,-0.099
41,"dotcolour","easy","easy",0.668,-1,1,-99,-0.099
41,"dotcolour","easy","easy",0.484,-1,1,-99,-0.099
41,"dotcolour","easy","easy",0.42,-1,0,-99,-0.099
41,"dotcolour","easy","easy",0.618,-1,1,-99,-0.099
41,"dotcolour","easy","easy",0.568,1,1,-99,-0.099
41,"dotcolour","easy","easy",0.502,1,1,-99,-0.099
41,"dotcolour","easy","easy",0.635,1,1,-99,-0.099
41,"dotcolour","easy","easy",0.802,1,1,-99,-0.099
41,"dotcolour","easy","easy",0.669,-1,1,-99,-0.099
41,"dotcolour","easy","easy",0.802,-1,1,-99,-0.099
41,"dotcolour","easy","easy",0.752,1,1,-99,-0.099
41,"dotcolour","easy","easy",0.636,1,1,-99,-0.099
41,"dotcolour","easy","easy",0.768,1,1,-99,-0.099
41,"dotcolour","easy","easy",0.785,-1,1,-99,-0.099
41,"dotcolour","easy","easy",0.669,-1,1,-99,-0.099
41,"dotcolour","easy","easy",0.667,1,1,-99,-0.099
41,"dotcolour","easy","easy",0.568,1,1,-99,-0.099
41,"dotcolour","easy","easy",0.685,-1,1,-99,-0.099
41,"dotcolour","easy","easy",0.485,-1,1,-99,-0.099
41,"dotcolour","easy","easy",0.552,1,1,-99,-0.099
41,"dotcolour","easy","easy",0.552,-1,1,-99,-0.099
41,"dotcolour","easy","easy",0.518,-1,1,-99,-0.099
41,"dotcolour","easy","easy",0.485,-1,1,-99,-0.099
41,"dotcolour","easy","easy",0.35,1,1,-99,-0.099
41,"dotcolour","easy","easy",0.651,-1,1,-99,-0.099
41,"dotcolour","easy","easy",0.784,1,1,-99,-0.099
41,"dotcolour","easy","easy",0.568,-1,1,-99,-0.099
41,"dotcolour","easy","easy",0.601,1,1,-99,-0.099
41,"dotcolour","easy","easy",0.502,-1,1,-99,-0.099
41,"dotcolour","easy","easy",0.535,1,1,-99,-0.099
41,"dotcolour","easy","easy",0.452,1,1,-99,-0.099
41,"dotcolour","easy","easy",0.868,1,1,-99,-0.099
41,"dotcolour","easy","easy",0.551,-1,1,-99,-0.099
41,"dotcolour","easy","easy",0.485,-1,1,-99,-0.099
41,"dotcolour","easy","easy",0.569,-1,1,-99,-0.099
41,"dotcolour","easy","easy",1.119,-1,1,-99,-0.099
41,"dotcolour","easy","easy",0.634,-1,1,-99,-0.099
41,"dotcolour","easy","easy",0.684,-1,1,-99,-0.099
41,"dotcolour","easy","easy",0.519,1,1,-99,-0.099
41,"dotcolour","easy","easy",0.502,1,1,-99,-0.099
41,"dotcolour","easy","easy",0.686,-1,1,-99,-0.099
41,"dotcolour","easy","easy",0.886,1,1,-99,-0.099
41,"dotcolour","easy","easy",0.485,-1,1,-99,-0.099
41,"dotcolour","easy","easy",0.568,-1,1,-99,-0.099
41,"dotcolour","easy","easy",0.651,1,1,-99,-0.099
41,"dotcolour","easy","easy",0.769,1,1,-99,-0.099
41,"dotcolour","easy","easy",0.585,1,1,-99,-0.099
41,"dotcolour","easy","easy",0.551,1,1,-99,-0.099
41,"dotcolour","easy","easy",0.451,1,1,-99,-0.099
41,"dotcolour","easy","easy",0.701,-1,1,-99,-0.099
41,"dotcolour","easy","easy",0.801,1,1,-99,-0.099
41,"dotcolour","easy","easy",0.886,1,1,-99,-0.099
41,"dotcolour","easy","easy",0.435,-1,1,-99,-0.099
41,"dotcolour","easy","easy",0.768,1,1,-99,-0.099
41,"dotcolour","easy","easy",0.618,-1,1,-99,-0.099
41,"dotcolour","easy","easy",0.918,-1,1,-99,-0.099
41,"dotcolour","easy","easy",0.502,1,1,-99,-0.099
41,"dotcolour","easy","easy",0.618,-1,1,-99,-0.099
41,"dotcolour","easy","easy",0.417,1,1,-99,-0.099
41,"dotcolour","easy","easy",0.451,1,1,-99,-0.099
41,"dotcolour","easy","easy",0.419,1,1,-99,-0.099
41,"dotcolour","easy","easy",0.852,-1,1,-99,-0.099
41,"dotcolour","easy","easy",0.652,-1,1,-99,-0.099
41,"dotcolour","easy","easy",0.418,1,1,-99,-0.099
41,"dotcolour","easy","easy",0.667,-1,1,-99,-0.099
41,"dotcolour","easy","easy",0.718,1,1,-99,-0.099
41,"dotcolour","easy","easy",0.634,-1,1,-99,-0.099
41,"dotcolour","easy","easy",0.785,-1,1,-99,-0.099
41,"dotcolour","easy","easy",0.484,-1,1,-99,-0.099
41,"dotcolour","easy","easy",0.469,1,1,-99,-0.099
41,"dotcolour","easy","easy",0.934,-1,1,-99,-0.099
41,"dotcolour","easy","easy",0.518,-1,1,-99,-0.099
41,"dotcolour","easy","easy",0.469,1,1,-99,-0.099
41,"dotcolour","easy","easy",0.451,1,1,-99,-0.099
41,"dotcolour","easy","easy",0.468,1,1,-99,-0.099
41,"dotcolour","easy","easy",0.502,1,1,-99,-0.099
41,"dotcolour","easy","easy",0.718,-1,1,-99,-0.099
41,"dotcolour","easy","easy",0.385,-1,1,-99,-0.099
41,"dotcolour","easy","easy",0.535,1,1,-99,-0.099
42,"xotask","average","average",4.055,1,0,-99,-0.099
42,"xotask","average","average",2.871,-1,1,-99,-0.099
42,"xotask","average","average",1.954,-1,0,-99,-0.099
42,"xotask","average","average",1.369,1,1,-99,-0.099
42,"xotask","average","average",1.302,1,1,-99,-0.099
42,"xotask","average","average",1.202,1,1,-99,-0.099
42,"xotask","average","average",1.119,-1,1,-99,-0.099
42,"xotask","average","average",1.069,1,1,-99,-0.099
42,"xotask","average","average",1.202,-1,1,-99,-0.099
42,"xotask","average","average",1.152,-1,1,-99,-0.099
42,"xotask","average","average",1.62,1,1,-99,-0.099
42,"xotask","average","average",1.119,-1,0,-99,-0.099
42,"xotask","average","average",0.918,1,1,-99,-0.099
42,"xotask","average","average",0.868,-1,1,-99,-0.099
42,"xotask","average","average",1.018,1,1,-99,-0.099
42,"xotask","average","average",0.802,-1,1,-99,-0.099
42,"xotask","average","average",0.685,-1,1,-99,-0.099
42,"xotask","average","average",0.819,1,0,-99,-0.099
42,"xotask","average","average",0.801,1,1,-99,-0.099
42,"xotask","average","average",0.802,1,1,-99,-0.099
42,"xotask","average","average",0.651,-1,0,-99,-0.099
42,"xotask","average","average",0.801,-1,1,-99,-0.099
42,"xotask","average","average",0.851,-1,1,-99,-0.099
42,"xotask","average","average",0.886,-1,1,-99,-0.099
42,"xotask","average","average",1.285,-1,0,-99,-0.099
42,"xotask","average","average",0.984,-1,1,-99,-0.099
42,"xotask","average","average",0.902,-1,1,-99,-0.099
42,"xotask","average","average",0.802,-1,0,-99,-0.099
42,"xotask","average","average",0.652,1,1,-99,-0.099
42,"xotask","average","average",0.785,-1,1,-99,-0.099
42,"xotask","average","average",0.818,-1,1,-99,-0.099
42,"xotask","average","average",1.252,1,0,-99,-0.099
42,"xotask","average","average",0.802,1,1,-99,-0.099
42,"xotask","average","average",0.719,1,1,-99,-0.099
42,"xotask","average","average",1.119,-1,1,-99,-0.099
42,"xotask","average","average",1.151,1,1,-99,-0.099
42,"xotask","average","average",0.819,-1,1,-99,-0.099
42,"xotask","average","average",1.019,-1,1,-99,-0.099
42,"xotask","average","average",0.752,-1,1,-99,-0.099
42,"xotask","average","average",0.685,1,1,-99,-0.099
42,"xotask","average","average",1.002,-1,1,-99,-0.099
42,"xotask","average","average",1.002,1,0,-99,-0.099
42,"xotask","average","average",0.719,1,1,-99,-0.099
42,"xotask","average","average",1.286,1,1,-99,-0.099
42,"xotask","average","average",1.118,-1,0,-99,-0.099
42,"xotask","average","average",0.734,-1,1,-99,-0.099
42,"xotask","average","average",0.718,1,1,-99,-0.099
42,"xotask","average","average",1.468,-1,0,-99,-0.099
42,"xotask","average","average",1.686,1,0,-99,-0.099
42,"xotask","average","average",0.818,-1,1,-99,-0.099
42,"xotask","average","average",0.819,1,1,-99,-0.099
42,"xotask","average","average",0.968,1,0,-99,-0.099
42,"xotask","average","average",0.736,-1,1,-99,-0.099
42,"xotask","average","average",0.736,1,0,-99,-0.099
42,"xotask","average","average",1.085,1,1,-99,-0.099
42,"xotask","average","average",0.768,-1,1,-99,-0.099
42,"xotask","average","average",0.786,1,1,-99,-0.099
42,"xotask","average","average",0.719,-1,0,-99,-0.099
42,"xotask","average","average",1.019,1,1,-99,-0.099
42,"xotask","average","average",0.703,1,1,-99,-0.099
42,"xotask","average","average",0.751,1,1,-99,-0.099
42,"xotask","average","average",0.785,-1,1,-99,-0.099
42,"xotask","average","average",0.769,-1,1,-99,-0.099
42,"xotask","average","average",0.736,1,1,-99,-0.099
42,"xotask","average","average",0.719,-1,1,-99,-0.099
42,"xotask","average","average",1.235,-1,1,-99,-0.099
42,"xotask","average","average",0.686,-1,1,-99,-0.099
42,"xotask","average","average",0.652,1,1,-99,-0.099
42,"xotask","average","average",0.935,1,0,-99,-0.099
42,"xotask","average","average",0.552,1,1,-99,-0.099
42,"xotask","average","average",0.535,1,1,-99,-0.099
42,"xotask","average","average",0.668,-1,0,-99,-0.099
42,"xotask","average","average",0.652,1,1,-99,-0.099
42,"xotask","average","average",0.734,1,1,-99,-0.099
42,"xotask","average","average",0.786,-1,0,-99,-0.099
42,"xotask","average","average",0.951,1,0,-99,-0.099
42,"xotask","average","average",0.901,-1,1,-99,-0.099
42,"xotask","average","average",0.568,-1,1,-99,-0.099
42,"xotask","average","average",0.919,-1,1,-99,-0.099
42,"xotask","average","average",0.836,1,1,-99,-0.099
42,"xotask","average","average",0.718,-1,0,-99,-0.099
42,"xotask","average","average",0.519,1,1,-99,-0.099
42,"xotask","average","average",0.585,1,1,-99,-0.099
42,"xotask","average","average",0.618,-1,1,-99,-0.099
42,"xotask","average","average",0.485,-1,1,-99,-0.099
42,"xotask","average","average",0.651,-1,1,-99,-0.099
42,"xotask","average","average",0.551,1,0,-99,-0.099
42,"xotask","average","average",0.618,-1,1,-99,-0.099
42,"xotask","average","average",0.968,-1,1,-99,-0.099
42,"xotask","average","average",0.468,1,1,-99,-0.099
42,"xotask","average","average",0.702,-1,1,-99,-0.099
42,"xotask","average","average",0.618,-1,1,-99,-0.099
42,"xotask","average","average",0.551,1,1,-99,-0.099
42,"xotask","average","average",0.452,1,1,-99,-0.099
42,"xotask","average","average",0.484,1,1,-99,-0.099
42,"xotask","average","average",0.451,1,1,-99,-0.099
42,"xotask","average","average",0.652,1,1,-99,-0.099
42,"xotask","average","average",0.569,-1,1,-99,-0.099
42,"xotask","average","average",0.568,1,0,-99,-0.099
42,"xotask","average","average",0.601,1,1,-99,-0.099
42,"xotask","average","average",0.651,1,1,-99,-0.099
42,"xotask","average","average",0.836,-1,1,-99,-0.099
42,"xotask","average","average",0.484,1,1,-99,-0.099
42,"xotask","average","average",0.552,1,1,-99,-0.099
42,"xotask","average","average",0.652,-1,1,-99,-0.099
42,"xotask","average","average",0.502,-1,1,-99,-0.099
42,"xotask","average","average",0.517,1,0,-99,-0.099
42,"xotask","average","average",0.502,1,1,-99,-0.099
42,"xotask","average","average",0.469,-1,1,-99,-0.099
42,"xotask","average","average",0.669,-1,1,-99,-0.099
42,"xotask","average","average",0.468,1,1,-99,-0.099
42,"xotask","average","average",0.718,1,0,-99,-0.099
42,"xotask","average","average",1.002,1,1,-99,-0.099
42,"xotask","average","average",0.635,1,1,-99,-0.099
42,"xotask","average","average",0.519,-1,1,-99,-0.099
42,"xotask","average","average",1.502,1,1,-99,-0.099
42,"xotask","average","average",0.618,1,1,-99,-0.099
42,"xotask","average","average",0.503,-1,1,-99,-0.099
42,"xotask","average","average",0.735,-1,1,-99,-0.099
42,"xotask","average","average",0.651,1,1,-99,-0.099
42,"dotcolour","hard","hard",1.987,-1,1,-99,-0.099
42,"dotcolour","hard","hard",1.636,-1,1,-99,-0.099
42,"dotcolour","hard","hard",1.603,-1,1,-99,-0.099
42,"dotcolour","hard","hard",0.701,1,0,-99,-0.099
42,"dotcolour","hard","hard",0.802,-1,1,-99,-0.099
42,"dotcolour","hard","hard",0.768,1,1,-99,-0.099
42,"dotcolour","hard","hard",0.919,-1,1,-99,-0.099
42,"dotcolour","hard","hard",0.868,1,1,-99,-0.099
42,"dotcolour","hard","hard",0.836,-1,1,-99,-0.099
42,"dotcolour","hard","hard",0.852,1,1,-99,-0.099
42,"dotcolour","hard","hard",1.052,1,1,-99,-0.099
42,"dotcolour","hard","hard",1.837,-1,1,-99,-0.099
42,"dotcolour","hard","hard",1.086,-1,0,-99,-0.099
42,"dotcolour","hard","hard",0.902,-1,1,-99,-0.099
42,"dotcolour","hard","hard",0.836,1,1,-99,-0.099
42,"dotcolour","hard","hard",1.168,-1,0,-99,-0.099
42,"dotcolour","hard","hard",0.919,-1,1,-99,-0.099
42,"dotcolour","hard","hard",0.885,1,1,-99,-0.099
42,"dotcolour","hard","hard",1.086,-1,1,-99,-0.099
42,"dotcolour","hard","hard",0.719,1,1,-99,-0.099
42,"dotcolour","hard","hard",1.904,-1,0,-99,-0.099
42,"dotcolour","hard","hard",1.002,1,0,-99,-0.099
42,"dotcolour","hard","hard",0.753,-1,0,-99,-0.099
42,"dotcolour","hard","hard",0.935,-1,0,-99,-0.099
42,"dotcolour","hard","hard",0.801,1,1,-99,-0.099
42,"dotcolour","hard","hard",0.969,1,1,-99,-0.099
42,"dotcolour","hard","hard",0.668,-1,0,-99,-0.099
42,"dotcolour","hard","hard",0.669,-1,1,-99,-0.099
42,"dotcolour","hard","hard",0.819,-1,1,-99,-0.099
42,"dotcolour","hard","hard",0.686,1,1,-99,-0.099
42,"dotcolour","hard","hard",0.902,-1,0,-99,-0.099
42,"dotcolour","hard","hard",1.086,-1,1,-99,-0.099
42,"dotcolour","hard","hard",1.019,-1,1,-99,-0.099
42,"dotcolour","hard","hard",0.718,1,1,-99,-0.099
42,"dotcolour","hard","hard",0.734,1,1,-99,-0.099
42,"dotcolour","hard","hard",0.769,-1,0,-99,-0.099
42,"dotcolour","hard","hard",0.902,-1,1,-99,-0.099
42,"dotcolour","hard","hard",1.069,-1,1,-99,-0.099
42,"dotcolour","hard","hard",0.868,-1,1,-99,-0.099
42,"dotcolour","hard","hard",0.769,1,1,-99,-0.099
42,"dotcolour","hard","hard",0.785,-1,1,-99,-0.099
42,"dotcolour","hard","hard",1.553,-1,0,-99,-0.099
42,"dotcolour","hard","hard",0.853,1,0,-99,-0.099
42,"dotcolour","hard","hard",0.702,1,1,-99,-0.099
42,"dotcolour","hard","hard",0.886,1,1,-99,-0.099
42,"dotcolour","hard","hard",0.935,-1,1,-99,-0.099
42,"dotcolour","hard","hard",1.236,1,0,-99,-0.099
42,"dotcolour","hard","hard",0.785,-1,1,-99,-0.099
42,"dotcolour","hard","hard",0.885,1,1,-99,-0.099
42,"dotcolour","hard","hard",0.885,-1,1,-99,-0.099
42,"dotcolour","hard","hard",0.769,-1,1,-99,-0.099
42,"dotcolour","hard","hard",0.652,-1,0,-99,-0.099
42,"dotcolour","hard","hard",0.818,1,1,-99,-0.099
42,"dotcolour","hard","hard",0.552,-1,0,-99,-0.099
42,"dotcolour","hard","hard",1.754,-1,1,-99,-0.099
42,"dotcolour","hard","hard",0.685,-1,1,-99,-0.099
42,"dotcolour","hard","hard",0.601,1,1,-99,-0.099
42,"dotcolour","hard","hard",1.152,-1,1,-99,-0.099
42,"dotcolour","hard","hard",0.736,-1,1,-99,-0.099
42,"dotcolour","hard","hard",0.636,-1,1,-99,-0.099
42,"dotcolour","hard","hard",0.802,-1,0,-99,-0.099
42,"dotcolour","hard","hard",0.585,-1,1,-99,-0.099
42,"dotcolour","hard","hard",1.536,-1,1,-99,-0.099
42,"dotcolour","hard","hard",0.869,1,0,-99,-0.099
42,"dotcolour","hard","hard",0.685,1,1,-99,-0.099
42,"dotcolour","hard","hard",0.835,-1,1,-99,-0.099
42,"dotcolour","hard","hard",0.652,1,1,-99,-0.099
42,"dotcolour","hard","hard",1.135,-1,0,-99,-0.099
42,"dotcolour","hard","hard",0.886,-1,0,-99,-0.099
42,"dotcolour","hard","hard",0.968,1,0,-99,-0.099
42,"dotcolour","hard","hard",0.6,1,1,-99,-0.099
42,"dotcolour","hard","hard",0.684,1,1,-99,-0.099
42,"dotcolour","hard","hard",0.819,1,1,-99,-0.099
42,"dotcolour","hard","hard",0.668,-1,1,-99,-0.099
42,"dotcolour","hard","hard",0.735,1,1,-99,-0.099
42,"dotcolour","hard","hard",0.703,-1,0,-99,-0.099
42,"dotcolour","hard","hard",1.486,1,1,-99,-0.099
42,"dotcolour","hard","hard",1.069,-1,1,-99,-0.099
42,"dotcolour","hard","hard",1.052,-1,0,-99,-0.099
42,"dotcolour","hard","hard",1.068,-1,1,-99,-0.099
42,"dotcolour","hard","hard",0.869,1,1,-99,-0.099
42,"dotcolour","hard","hard",0.836,-1,0,-99,-0.099
42,"dotcolour","hard","hard",1.085,-1,1,-99,-0.099
42,"dotcolour","hard","hard",0.868,-1,1,-99,-0.099
42,"dotcolour","hard","hard",0.868,1,1,-99,-0.099
42,"dotcolour","hard","hard",0.919,-1,1,-99,-0.099
42,"dotcolour","hard","hard",0.768,-1,0,-99,-0.099
42,"dotcolour","hard","hard",0.885,-1,1,-99,-0.099
42,"dotcolour","hard","hard",0.886,1,0,-99,-0.099
42,"dotcolour","hard","hard",1.152,-1,1,-99,-0.099
42,"dotcolour","hard","hard",1.453,1,0,-99,-0.099
42,"dotcolour","hard","hard",0.819,-1,1,-99,-0.099
42,"dotcolour","hard","hard",0.719,1,1,-99,-0.099
42,"dotcolour","hard","hard",0.768,-1,0,-99,-0.099
42,"dotcolour","hard","hard",0.852,1,0,-99,-0.099
42,"dotcolour","hard","hard",0.92,1,1,-99,-0.099
42,"dotcolour","hard","hard",1.602,-1,1,-99,-0.099
42,"dotcolour","hard","hard",0.718,1,1,-99,-0.099
42,"dotcolour","hard","hard",2.12,1,1,-99,-0.099
42,"dotcolour","hard","hard",0.686,1,1,-99,-0.099
42,"dotcolour","hard","hard",0.819,-1,1,-99,-0.099
42,"dotcolour","hard","hard",0.551,-1,1,-99,-0.099
42,"dotcolour","hard","hard",0.935,-1,1,-99,-0.099
42,"dotcolour","hard","hard",0.668,-1,1,-99,-0.099
42,"dotcolour","hard","hard",0.735,1,1,-99,-0.099
42,"dotcolour","hard","hard",1.136,-1,1,-99,-0.099
42,"dotcolour","hard","hard",0.986,-1,1,-99,-0.099
42,"dotcolour","hard","hard",0.802,-1,0,-99,-0.099
42,"dotcolour","hard","hard",1.085,1,1,-99,-0.099
42,"dotcolour","hard","hard",0.885,-1,0,-99,-0.099
42,"dotcolour","hard","hard",0.585,-1,1,-99,-0.099
42,"dotcolour","hard","hard",0.752,-1,0,-99,-0.099
42,"dotcolour","hard","hard",1.352,-1,0,-99,-0.099
42,"dotcolour","hard","hard",0.668,1,1,-99,-0.099
42,"dotcolour","hard","hard",0.801,-1,0,-99,-0.099
42,"dotcolour","hard","hard",0.969,-1,0,-99,-0.099
42,"dotcolour","hard","hard",0.919,-1,1,-99,-0.099
42,"dotcolour","hard","hard",0.852,-1,1,-99,-0.099
42,"dotcolour","hard","hard",1.052,-1,1,-99,-0.099
42,"dotcolour","hard","hard",0.819,-1,1,-99,-0.099
42,"dotnumber","easy","easy",2.386,1,1,-99,-0.099
42,"dotnumber","easy","easy",0.918,-1,1,-99,-0.099
42,"dotnumber","easy","easy",2.087,1,0,-99,-0.099
42,"dotnumber","easy","easy",1.052,-1,1,-99,-0.099
42,"dotnumber","easy","easy",1.569,-1,1,-99,-0.099
42,"dotnumber","easy","easy",0.952,1,0,-99,-0.099
42,"dotnumber","easy","easy",0.635,1,1,-99,-0.099
42,"dotnumber","easy","easy",1.018,1,1,-99,-0.099
42,"dotnumber","easy","easy",0.735,-1,1,-99,-0.099
42,"dotnumber","easy","easy",0.834,1,1,-99,-0.099
42,"dotnumber","easy","easy",1.603,-1,1,-99,-0.099
42,"dotnumber","easy","easy",0.785,1,1,-99,-0.099
42,"dotnumber","easy","easy",0.703,1,1,-99,-0.099
42,"dotnumber","easy","easy",0.653,1,1,-99,-0.099
42,"dotnumber","easy","easy",0.735,-1,1,-99,-0.099
42,"dotnumber","easy","easy",0.985,-1,1,-99,-0.099
42,"dotnumber","easy","easy",0.686,1,1,-99,-0.099
42,"dotnumber","easy","easy",0.669,-1,1,-99,-0.099
42,"dotnumber","easy","easy",0.568,-1,1,-99,-0.099
42,"dotnumber","easy","easy",0.919,1,1,-99,-0.099
42,"dotnumber","easy","easy",1.018,1,1,-99,-0.099
42,"dotnumber","easy","easy",0.635,1,1,-99,-0.099
42,"dotnumber","easy","easy",0.637,1,1,-99,-0.099
42,"dotnumber","easy","easy",0.751,-1,1,-99,-0.099
42,"dotnumber","easy","easy",0.701,1,1,-99,-0.099
42,"dotnumber","easy","easy",0.552,1,1,-99,-0.099
42,"dotnumber","easy","easy",0.719,1,1,-99,-0.099
42,"dotnumber","easy","easy",0.635,-1,1,-99,-0.099
42,"dotnumber","easy","easy",0.635,-1,1,-99,-0.099
42,"dotnumber","easy","easy",0.634,1,1,-99,-0.099
42,"dotnumber","easy","easy",0.518,1,1,-99,-0.099
42,"dotnumber","easy","easy",0.702,1,1,-99,-0.099
42,"dotnumber","easy","easy",0.719,-1,1,-99,-0.099
42,"dotnumber","easy","easy",0.551,1,1,-99,-0.099
42,"dotnumber","easy","easy",0.568,1,1,-99,-0.099
42,"dotnumber","easy","easy",1.219,-1,1,-99,-0.099
42,"dotnumber","easy","easy",1.035,-1,1,-99,-0.099
42,"dotnumber","easy","easy",0.569,-1,1,-99,-0.099
42,"dotnumber","easy","easy",0.551,-1,1,-99,-0.099
42,"dotnumber","easy","easy",0.719,-1,1,-99,-0.099
42,"dotnumber","easy","easy",0.485,1,1,-99,-0.099
42,"dotnumber","easy","easy",0.585,-1,1,-99,-0.099
42,"dotnumber","easy","easy",0.485,-1,1,-99,-0.099
42,"dotnumber","easy","easy",0.785,-1,1,-99,-0.099
42,"dotnumber","easy","easy",0.652,-1,1,-99,-0.099
42,"dotnumber","easy","easy",0.534,1,1,-99,-0.099
42,"dotnumber","easy","easy",0.602,1,1,-99,-0.099
42,"dotnumber","easy","easy",1.219,1,1,-99,-0.099
42,"dotnumber","easy","easy",0.717,1,1,-99,-0.099
42,"dotnumber","easy","easy",0.536,1,1,-99,-0.099
42,"dotnumber","easy","easy",0.552,-1,1,-99,-0.099
42,"dotnumber","easy","easy",0.451,-1,1,-99,-0.099
42,"dotnumber","easy","easy",0.669,-1,1,-99,-0.099
42,"dotnumber","easy","easy",0.535,1,1,-99,-0.099
42,"dotnumber","easy","easy",0.618,1,1,-99,-0.099
42,"dotnumber","easy","easy",0.469,-1,1,-99,-0.099
42,"dotnumber","easy","easy",0.568,-1,1,-99,-0.099
42,"dotnumber","easy","easy",0.486,1,1,-99,-0.099
42,"dotnumber","easy","easy",1.103,1,1,-99,-0.099
42,"dotnumber","easy","easy",0.551,-1,1,-99,-0.099
42,"dotnumber","easy","easy",0.553,1,1,-99,-0.099
42,"dotnumber","easy","easy",0.55,-1,1,-99,-0.099
42,"dotnumber","easy","easy",1.018,-1,1,-99,-0.099
42,"dotnumber","easy","easy",0.551,-1,1,-99,-0.099
42,"dotnumber","easy","easy",0.501,1,1,-99,-0.099
42,"dotnumber","easy","easy",0.501,1,1,-99,-0.099
42,"dotnumber","easy","easy",0.519,1,1,-99,-0.099
42,"dotnumber","easy","easy",0.635,-1,1,-99,-0.099
42,"dotnumber","easy","easy",0.569,1,1,-99,-0.099
42,"dotnumber","easy","easy",0.534,-1,1,-99,-0.099
42,"dotnumber","easy","easy",0.568,1,1,-99,-0.099
42,"dotnumber","easy","easy",0.585,-1,1,-99,-0.099
42,"dotnumber","easy","easy",0.769,1,1,-99,-0.099
42,"dotnumber","easy","easy",0.668,1,1,-99,-0.099
42,"dotnumber","easy","easy",0.502,1,1,-99,-0.099
42,"dotnumber","easy","easy",0.451,1,1,-99,-0.099
42,"dotnumber","easy","easy",0.502,1,1,-99,-0.099
42,"dotnumber","easy","easy",0.484,1,1,-99,-0.099
42,"dotnumber","easy","easy",0.584,1,1,-99,-0.099
42,"dotnumber","easy","easy",1.469,-1,1,-99,-0.099
42,"dotnumber","easy","easy",0.534,1,1,-99,-0.099
42,"dotnumber","easy","easy",0.535,-1,1,-99,-0.099
42,"dotnumber","easy","easy",0.669,-1,1,-99,-0.099
42,"dotnumber","easy","easy",0.502,-1,1,-99,-0.099
42,"dotnumber","easy","easy",0.735,-1,1,-99,-0.099
42,"dotnumber","easy","easy",0.486,1,1,-99,-0.099
42,"dotnumber","easy","easy",0.535,-1,1,-99,-0.099
42,"dotnumber","easy","easy",0.602,1,1,-99,-0.099
42,"dotnumber","easy","easy",0.602,1,1,-99,-0.099
42,"dotnumber","easy","easy",0.502,-1,1,-99,-0.099
42,"dotnumber","easy","easy",0.501,-1,1,-99,-0.099
42,"dotnumber","easy","easy",0.785,-1,1,-99,-0.099
42,"dotnumber","easy","easy",0.919,-1,1,-99,-0.099
42,"dotnumber","easy","easy",0.501,1,1,-99,-0.099
42,"dotnumber","easy","easy",0.819,-1,1,-99,-0.099
42,"dotnumber","easy","easy",0.552,-1,1,-99,-0.099
42,"dotnumber","easy","easy",0.718,1,1,-99,-0.099
42,"dotnumber","easy","easy",0.535,1,1,-99,-0.099
42,"dotnumber","easy","easy",0.484,-1,1,-99,-0.099
42,"dotnumber","easy","easy",0.818,-1,1,-99,-0.099
42,"dotnumber","easy","easy",0.452,-1,1,-99,-0.099
42,"dotnumber","easy","easy",0.667,-1,1,-99,-0.099
42,"dotnumber","easy","easy",0.501,1,0,-99,-0.099
42,"dotnumber","easy","easy",0.552,-1,1,-99,-0.099
42,"dotnumber","easy","easy",0.551,1,1,-99,-0.099
42,"dotnumber","easy","easy",0.486,-1,1,-99,-0.099
42,"dotnumber","easy","easy",0.485,1,1,-99,-0.099
42,"dotnumber","easy","easy",0.785,-1,1,-99,-0.099
42,"dotnumber","easy","easy",0.518,1,1,-99,-0.099
42,"dotnumber","easy","easy",0.752,1,1,-99,-0.099
42,"dotnumber","easy","easy",0.634,1,1,-99,-0.099
42,"dotnumber","easy","easy",0.801,-1,1,-99,-0.099
42,"dotnumber","easy","easy",0.618,-1,1,-99,-0.099
42,"dotnumber","easy","easy",0.567,1,1,-99,-0.099
42,"dotnumber","easy","easy",0.552,1,1,-99,-0.099
42,"dotnumber","easy","easy",0.685,-1,1,-99,-0.099
42,"dotnumber","easy","easy",0.501,-1,1,-99,-0.099
42,"dotnumber","easy","easy",0.584,1,1,-99,-0.099
42,"dotnumber","easy","easy",0.551,1,1,-99,-0.099
42,"dotnumber","easy","easy",0.551,1,1,-99,-0.099
43,"dotcolour","hard","hard",1.819,-1,0,-99,-0.099
43,"dotcolour","hard","hard",0.618,-1,0,-99,-0.099
43,"dotcolour","hard","hard",0.968,-1,1,-99,-0.099
43,"dotcolour","hard","hard",3.27,1,1,-99,-0.099
43,"dotcolour","hard","hard",0.901,1,1,-99,-0.099
43,"dotcolour","hard","hard",0.935,-1,1,-99,-0.099
43,"dotcolour","hard","hard",1.769,-1,1,-99,-0.099
43,"dotcolour","hard","hard",1.652,-1,0,-99,-0.099
43,"dotcolour","hard","hard",0.951,1,0,-99,-0.099
43,"dotcolour","hard","hard",0.868,-1,0,-99,-0.099
43,"dotcolour","hard","hard",1.002,1,0,-99,-0.099
43,"dotcolour","hard","hard",0.884,-1,1,-99,-0.099
43,"dotcolour","hard","hard",1.169,1,1,-99,-0.099
43,"dotcolour","hard","hard",1.602,-1,1,-99,-0.099
43,"dotcolour","hard","hard",0.985,-1,0,-99,-0.099
43,"dotcolour","hard","hard",1.386,-1,0,-99,-0.099
43,"dotcolour","hard","hard",1.102,-1,0,-99,-0.099
43,"dotcolour","hard","hard",1.335,1,0,-99,-0.099
43,"dotcolour","hard","hard",1.553,1,0,-99,-0.099
43,"dotcolour","hard","hard",2.171,1,0,-99,-0.099
43,"dotcolour","hard","hard",1.069,-1,0,-99,-0.099
43,"dotcolour","hard","hard",0.836,-1,1,-99,-0.099
43,"dotcolour","hard","hard",0.936,-1,1,-99,-0.099
43,"dotcolour","hard","hard",0.886,1,1,-99,-0.099
43,"dotcolour","hard","hard",2.754,-1,1,-99,-0.099
43,"dotcolour","hard","hard",0.918,-1,1,-99,-0.099
43,"dotcolour","hard","hard",1.036,-1,1,-99,-0.099
43,"dotcolour","hard","hard",1.87,1,0,-99,-0.099
43,"dotcolour","hard","hard",1.669,1,1,-99,-0.099
43,"dotcolour","hard","hard",0.751,-1,0,-99,-0.099
43,"dotcolour","hard","hard",0.919,-1,1,-99,-0.099
43,"dotcolour","hard","hard",0.803,1,1,-99,-0.099
43,"dotcolour","hard","hard",0.718,-1,0,-99,-0.099
43,"dotcolour","hard","hard",0.953,1,0,-99,-0.099
43,"dotcolour","hard","hard",0.685,-1,0,-99,-0.099
43,"dotcolour","hard","hard",1.035,-1,1,-99,-0.099
43,"dotcolour","hard","hard",1.252,-1,0,-99,-0.099
43,"dotcolour","hard","hard",0.868,1,0,-99,-0.099
43,"dotcolour","hard","hard",0.719,1,1,-99,-0.099
43,"dotcolour","hard","hard",1.003,1,0,-99,-0.099
43,"dotcolour","hard","hard",2.035,1,1,-99,-0.099
43,"dotcolour","hard","hard",1.069,1,1,-99,-0.099
43,"dotcolour","hard","hard",0.618,-1,1,-99,-0.099
43,"dotcolour","hard","hard",1.435,-1,0,-99,-0.099
43,"dotcolour","hard","hard",1.051,1,1,-99,-0.099
43,"dotcolour","hard","hard",0.802,1,0,-99,-0.099
43,"dotcolour","hard","hard",0.818,-1,1,-99,-0.099
43,"dotcolour","hard","hard",1.036,1,1,-99,-0.099
43,"dotcolour","hard","hard",1.736,1,0,-99,-0.099
43,"dotcolour","hard","hard",1.018,1,0,-99,-0.099
43,"dotcolour","hard","hard",1.419,-1,1,-99,-0.099
43,"dotcolour","hard","hard",1.236,1,0,-99,-0.099
43,"dotcolour","hard","hard",0.819,1,0,-99,-0.099
43,"dotcolour","hard","hard",0.819,-1,0,-99,-0.099
43,"dotcolour","hard","hard",1.12,-1,1,-99,-0.099
43,"dotcolour","hard","hard",1.018,-1,1,-99,-0.099
43,"dotcolour","hard","hard",0.903,-1,0,-99,-0.099
43,"dotcolour","hard","hard",0.786,1,0,-99,-0.099
43,"dotcolour","hard","hard",0.702,1,1,-99,-0.099
43,"dotcolour","hard","hard",1.036,-1,1,-99,-0.099
43,"dotcolour","hard","hard",1.236,-1,0,-99,-0.099
43,"dotcolour","hard","hard",4.973,1,0,-99,-0.099
43,"dotcolour","hard","hard",1.169,-1,0,-99,-0.099
43,"dotcolour","hard","hard",1.503,1,0,-99,-0.099
43,"dotcolour","hard","hard",0.901,-1,0,-99,-0.099
43,"dotcolour","hard","hard",0.819,1,1,-99,-0.099
43,"dotcolour","hard","hard",1.017,-1,0,-99,-0.099
43,"dotcolour","hard","hard",0.919,-1,0,-99,-0.099
43,"dotcolour","hard","hard",0.735,1,1,-99,-0.099
43,"dotcolour","hard","hard",0.852,-1,0,-99,-0.099
43,"dotcolour","hard","hard",1.169,1,0,-99,-0.099
43,"dotcolour","hard","hard",0.669,1,1,-99,-0.099
43,"dotcolour","hard","hard",2.738,1,1,-99,-0.099
43,"dotcolour","hard","hard",1.069,1,0,-99,-0.099
43,"dotcolour","hard","hard",0.735,1,1,-99,-0.099
43,"dotcolour","hard","hard",0.718,-1,1,-99,-0.099
43,"dotcolour","hard","hard",0.852,-1,1,-99,-0.099
43,"dotcolour","hard","hard",0.601,1,1,-99,-0.099
43,"dotcolour","hard","hard",0.584,1,0,-99,-0.099
43,"dotcolour","hard","hard",0.619,1,0,-99,-0.099
43,"dotcolour","hard","hard",0.768,1,1,-99,-0.099
43,"dotcolour","hard","hard",0.602,1,0,-99,-0.099
43,"dotcolour","hard","hard",0.469,-1,0,-99,-0.099
43,"dotcolour","hard","hard",0.735,1,0,-99,-0.099
43,"dotcolour","hard","hard",0.569,-1,1,-99,-0.099
43,"dotcolour","hard","hard",0.518,1,0,-99,-0.099
43,"dotcolour","hard","hard",0.618,1,0,-99,-0.099
43,"dotcolour","hard","hard",1.202,-1,0,-99,-0.099
43,"dotcolour","hard","hard",2.02,1,1,-99,-0.099
43,"dotcolour","hard","hard",0.886,1,1,-99,-0.099
43,"dotcolour","hard","hard",0.735,1,1,-99,-0.099
43,"dotcolour","hard","hard",0.886,1,1,-99,-0.099
43,"dotcolour","hard","hard",0.535,-1,0,-99,-0.099
43,"dotcolour","hard","hard",1.203,1,1,-99,-0.099
43,"dotcolour","hard","hard",0.785,-1,1,-99,-0.099
43,"dotcolour","hard","hard",0.701,1,0,-99,-0.099
43,"dotcolour","hard","hard",0.703,1,1,-99,-0.099
43,"dotcolour","hard","hard",0.585,1,0,-99,-0.099
43,"dotcolour","hard","hard",0.668,1,0,-99,-0.099
43,"dotcolour","hard","hard",0.252,-1,0,-99,-0.099
43,"dotcolour","hard","hard",0.602,1,0,-99,-0.099
43,"dotcolour","hard","hard",0.351,-1,0,-99,-0.099
43,"dotcolour","hard","hard",0.418,1,0,-99,-0.099
43,"dotcolour","hard","hard",1.12,1,1,-99,-0.099
43,"dotcolour","hard","hard",0.502,-1,0,-99,-0.099
43,"dotcolour","hard","hard",0.635,-1,1,-99,-0.099
43,"dotcolour","hard","hard",0.552,1,1,-99,-0.099
43,"dotcolour","hard","hard",0.653,-1,1,-99,-0.099
43,"dotcolour","hard","hard",1.72,1,0,-99,-0.099
43,"dotcolour","hard","hard",0.617,-1,0,-99,-0.099
43,"dotcolour","hard","hard",0.418,1,1,-99,-0.099
43,"dotcolour","hard","hard",1.035,1,0,-99,-0.099
43,"dotcolour","hard","hard",0.819,1,1,-99,-0.099
43,"dotcolour","hard","hard",0.502,-1,0,-99,-0.099
43,"dotcolour","hard","hard",1.469,-1,1,-99,-0.099
43,"dotcolour","hard","hard",0.585,1,1,-99,-0.099
43,"dotcolour","hard","hard",0.753,-1,1,-99,-0.099
43,"dotcolour","hard","hard",0.634,1,0,-99,-0.099
43,"dotcolour","hard","hard",0.886,1,0,-99,-0.099
43,"dotcolour","hard","hard",0.469,-1,0,-99,-0.099
43,"dotnumber","easy","easy",4.321,1,1,-99,-0.099
43,"dotnumber","easy","easy",1.318,1,1,-99,-0.099
43,"dotnumber","easy","easy",1.352,1,1,-99,-0.099
43,"dotnumber","easy","easy",0.918,-1,1,-99,-0.099
43,"dotnumber","easy","easy",0.668,1,1,-99,-0.099
43,"dotnumber","easy","easy",0.919,1,1,-99,-0.099
43,"dotnumber","easy","easy",0.567,-1,1,-99,-0.099
43,"dotnumber","easy","easy",0.601,-1,1,-99,-0.099
43,"dotnumber","easy","easy",0.801,-1,1,-99,-0.099
43,"dotnumber","easy","easy",0.651,-1,1,-99,-0.099
43,"dotnumber","easy","easy",0.718,-1,1,-99,-0.099
43,"dotnumber","easy","easy",0.685,1,0,-99,-0.099
43,"dotnumber","easy","easy",0.567,1,1,-99,-0.099
43,"dotnumber","easy","easy",0.585,1,1,-99,-0.099
43,"dotnumber","easy","easy",0.668,-1,1,-99,-0.099
43,"dotnumber","easy","easy",0.535,1,1,-99,-0.099
43,"dotnumber","easy","easy",0.535,-1,1,-99,-0.099
43,"dotnumber","easy","easy",0.702,1,0,-99,-0.099
43,"dotnumber","easy","easy",0.685,-1,1,-99,-0.099
43,"dotnumber","easy","easy",0.668,1,1,-99,-0.099
43,"dotnumber","easy","easy",2.738,1,1,-99,-0.099
43,"dotnumber","easy","easy",0.769,1,0,-99,-0.099
43,"dotnumber","easy","easy",0.668,1,1,-99,-0.099
43,"dotnumber","easy","easy",0.602,1,1,-99,-0.099
43,"dotnumber","easy","easy",0.502,1,1,-99,-0.099
43,"dotnumber","easy","easy",0.534,-1,1,-99,-0.099
43,"dotnumber","easy","easy",0.484,1,0,-99,-0.099
43,"dotnumber","easy","easy",0.585,1,1,-99,-0.099
43,"dotnumber","easy","easy",0.585,-1,1,-99,-0.099
43,"dotnumber","easy","easy",0.619,-1,1,-99,-0.099
43,"dotnumber","easy","easy",0.467,1,1,-99,-0.099
43,"dotnumber","easy","easy",0.467,-1,1,-99,-0.099
43,"dotnumber","easy","easy",0.519,-1,1,-99,-0.099
43,"dotnumber","easy","easy",0.484,-1,1,-99,-0.099
43,"dotnumber","easy","easy",0.535,-1,1,-99,-0.099
43,"dotnumber","easy","easy",0.518,1,1,-99,-0.099
43,"dotnumber","easy","easy",0.535,-1,1,-99,-0.099
43,"dotnumber","easy","easy",0.501,1,1,-99,-0.099
43,"dotnumber","easy","easy",0.418,-1,1,-99,-0.099
43,"dotnumber","easy","easy",0.484,1,1,-99,-0.099
43,"dotnumber","easy","easy",0.552,1,1,-99,-0.099
43,"dotnumber","easy","easy",0.517,1,1,-99,-0.099
43,"dotnumber","easy","easy",0.518,-1,0,-99,-0.099
43,"dotnumber","easy","easy",0.551,-1,1,-99,-0.099
43,"dotnumber","easy","easy",0.552,-1,0,-99,-0.099
43,"dotnumber","easy","easy",0.485,-1,1,-99,-0.099
43,"dotnumber","easy","easy",0.45,1,1,-99,-0.099
43,"dotnumber","easy","easy",0.418,1,1,-99,-0.099
43,"dotnumber","easy","easy",0.584,1,0,-99,-0.099
43,"dotnumber","easy","easy",0.418,-1,1,-99,-0.099
43,"dotnumber","easy","easy",0.535,-1,1,-99,-0.099
43,"dotnumber","easy","easy",0.401,1,1,-99,-0.099
43,"dotnumber","easy","easy",0.685,1,0,-99,-0.099
43,"dotnumber","easy","easy",0.586,-1,1,-99,-0.099
43,"dotnumber","easy","easy",0.534,-1,1,-99,-0.099
43,"dotnumber","easy","easy",0.402,1,1,-99,-0.099
43,"dotnumber","easy","easy",0.418,-1,1,-99,-0.099
43,"dotnumber","easy","easy",0.436,-1,1,-99,-0.099
43,"dotnumber","easy","easy",0.486,-1,0,-99,-0.099
43,"dotnumber","easy","easy",0.518,1,1,-99,-0.099
43,"dotnumber","easy","easy",0.468,1,1,-99,-0.099
43,"dotnumber","easy","easy",0.485,-1,1,-99,-0.099
43,"dotnumber","easy","easy",0.434,1,1,-99,-0.099
43,"dotnumber","easy","easy",0.668,-1,1,-99,-0.099
43,"dotnumber","easy","easy",0.435,1,1,-99,-0.099
43,"dotnumber","easy","easy",0.488,-1,1,-99,-0.099
43,"dotnumber","easy","easy",0.435,1,1,-99,-0.099
43,"dotnumber","easy","easy",0.468,-1,0,-99,-0.099
43,"dotnumber","easy","easy",0.485,-1,1,-99,-0.099
43,"dotnumber","easy","easy",0.551,1,1,-99,-0.099
43,"dotnumber","easy","easy",0.535,1,1,-99,-0.099
43,"dotnumber","easy","easy",0.418,1,1,-99,-0.099
43,"dotnumber","easy","easy",0.485,-1,0,-99,-0.099
43,"dotnumber","easy","easy",0.451,1,1,-99,-0.099
43,"dotnumber","easy","easy",0.469,-1,1,-99,-0.099
43,"dotnumber","easy","easy",0.485,1,0,-99,-0.099
43,"dotnumber","easy","easy",0.419,1,1,-99,-0.099
43,"dotnumber","easy","easy",0.401,1,1,-99,-0.099
43,"dotnumber","easy","easy",0.501,-1,1,-99,-0.099
43,"dotnumber","easy","easy",0.285,1,0,-99,-0.099
43,"dotnumber","easy","easy",0.568,1,1,-99,-0.099
43,"dotnumber","easy","easy",0.452,1,1,-99,-0.099
43,"dotnumber","easy","easy",0.518,-1,1,-99,-0.099
43,"dotnumber","easy","easy",0.635,1,0,-99,-0.099
43,"dotnumber","easy","easy",0.417,1,1,-99,-0.099
43,"dotnumber","easy","easy",0.351,-1,1,-99,-0.099
43,"dotnumber","easy","easy",0.45,1,1,-99,-0.099
43,"dotnumber","easy","easy",0.467,1,1,-99,-0.099
43,"dotnumber","easy","easy",0.585,-1,1,-99,-0.099
43,"dotnumber","easy","easy",0.251,1,0,-99,-0.099
43,"dotnumber","easy","easy",0.685,1,1,-99,-0.099
43,"dotnumber","easy","easy",0.485,1,1,-99,-0.099
43,"dotnumber","easy","easy",0.651,-1,1,-99,-0.099
43,"dotnumber","easy","easy",0.736,-1,1,-99,-0.099
43,"dotnumber","easy","easy",0.584,-1,1,-99,-0.099
43,"dotnumber","easy","easy",0.401,1,1,-99,-0.099
43,"dotnumber","easy","easy",0.751,1,0,-99,-0.099
43,"dotnumber","easy","easy",0.451,-1,1,-99,-0.099
43,"dotnumber","easy","easy",0.451,1,1,-99,-0.099
43,"dotnumber","easy","easy",0.452,-1,1,-99,-0.099
43,"dotnumber","easy","easy",0.384,1,1,-99,-0.099
43,"dotnumber","easy","easy",0.401,1,1,-99,-0.099
43,"dotnumber","easy","easy",0.484,-1,1,-99,-0.099
43,"dotnumber","easy","easy",0.369,1,1,-99,-0.099
43,"dotnumber","easy","easy",0.351,1,1,-99,-0.099
43,"dotnumber","easy","easy",0.386,-1,1,-99,-0.099
43,"dotnumber","easy","easy",0.518,-1,1,-99,-0.099
43,"dotnumber","easy","easy",0.45,1,1,-99,-0.099
43,"dotnumber","easy","easy",0.502,-1,1,-99,-0.099
43,"dotnumber","easy","easy",0.602,-1,1,-99,-0.099
43,"dotnumber","easy","easy",0.403,1,1,-99,-0.099
43,"dotnumber","easy","easy",0.485,-1,1,-99,-0.099
43,"dotnumber","easy","easy",0.368,1,0,-99,-0.099
43,"dotnumber","easy","easy",0.368,-1,0,-99,-0.099
43,"dotnumber","easy","easy",0.518,1,1,-99,-0.099
43,"dotnumber","easy","easy",0.485,1,1,-99,-0.099
43,"dotnumber","easy","easy",0.385,-1,0,-99,-0.099
43,"dotnumber","easy","easy",0.736,-1,1,-99,-0.099
43,"dotnumber","easy","easy",0.534,-1,1,-99,-0.099
43,"dotnumber","easy","easy",0.451,1,1,-99,-0.099
43,"xotask","average","average",3.404,1,0,-99,-0.099
43,"xotask","average","average",0.904,-1,1,-99,-0.099
43,"xotask","average","average",1.302,-1,0,-99,-0.099
43,"xotask","average","average",0.668,1,0,-99,-0.099
43,"xotask","average","average",1.136,1,1,-99,-0.099
43,"xotask","average","average",0.652,1,0,-99,-0.099
43,"xotask","average","average",2.52,1,0,-99,-0.099
43,"xotask","average","average",0.785,1,0,-99,-0.099
43,"xotask","average","average",0.752,1,1,-99,-0.099
43,"xotask","average","average",0.536,-1,0,-99,-0.099
43,"xotask","average","average",0.868,-1,1,-99,-0.099
43,"xotask","average","average",1.269,1,0,-99,-0.099
43,"xotask","average","average",0.768,1,0,-99,-0.099
43,"xotask","average","average",0.751,-1,0,-99,-0.099
43,"xotask","average","average",0.768,1,1,-99,-0.099
43,"xotask","average","average",0.852,-1,0,-99,-0.099
43,"xotask","average","average",0.803,1,0,-99,-0.099
43,"xotask","average","average",0.935,1,1,-99,-0.099
43,"xotask","average","average",1.151,1,1,-99,-0.099
43,"xotask","average","average",0.418,-1,0,-99,-0.099
43,"xotask","average","average",1.169,-1,1,-99,-0.099
43,"xotask","average","average",0.902,1,0,-99,-0.099
43,"xotask","average","average",0.653,-1,0,-99,-0.099
43,"xotask","average","average",0.785,-1,0,-99,-0.099
43,"xotask","average","average",0.668,1,0,-99,-0.099
43,"xotask","average","average",0.667,-1,0,-99,-0.099
43,"xotask","average","average",0.535,1,1,-99,-0.099
43,"xotask","average","average",0.435,-1,1,-99,-0.099
43,"xotask","average","average",0.419,1,1,-99,-0.099
43,"xotask","average","average",0.401,-1,1,-99,-0.099
43,"xotask","average","average",0.251,1,1,-99,-0.099
43,"xotask","average","average",0.283,-1,0,-99,-0.099
43,"xotask","average","average",0.401,1,0,-99,-0.099
43,"xotask","average","average",0.618,-1,1,-99,-0.099
43,"xotask","average","average",0.618,1,1,-99,-0.099
43,"xotask","average","average",0.451,-1,1,-99,-0.099
43,"xotask","average","average",0.468,1,0,-99,-0.099
43,"xotask","average","average",0.484,-1,0,-99,-0.099
43,"xotask","average","average",0.451,1,0,-99,-0.099
43,"xotask","average","average",0.534,-1,0,-99,-0.099
43,"xotask","average","average",0.551,1,1,-99,-0.099
43,"xotask","average","average",0.551,-1,1,-99,-0.099
43,"xotask","average","average",0.568,1,1,-99,-0.099
43,"xotask","average","average",0.384,-1,1,-99,-0.099
43,"xotask","average","average",0.701,-1,1,-99,-0.099
43,"xotask","average","average",0.485,1,1,-99,-0.099
43,"xotask","average","average",0.552,-1,0,-99,-0.099
43,"xotask","average","average",0.619,1,0,-99,-0.099
43,"xotask","average","average",0.536,1,0,-99,-0.099
43,"xotask","average","average",0.217,-1,1,-99,-0.099
43,"xotask","average","average",0.234,1,1,-99,-0.099
43,"xotask","average","average",0.251,-1,1,-99,-0.099
43,"xotask","average","average",0.252,-1,1,-99,-0.099
43,"xotask","average","average",0.318,1,1,-99,-0.099
43,"xotask","average","average",0.401,1,0,-99,-0.099
43,"xotask","average","average",0.318,-1,0,-99,-0.099
43,"xotask","average","average",0.418,1,1,-99,-0.099
43,"xotask","average","average",0.518,-1,0,-99,-0.099
43,"xotask","average","average",0.368,1,1,-99,-0.099
43,"xotask","average","average",0.619,-1,0,-99,-0.099
43,"xotask","average","average",0.368,1,0,-99,-0.099
43,"xotask","average","average",0.519,-1,1,-99,-0.099
43,"xotask","average","average",0.535,-1,1,-99,-0.099
43,"xotask","average","average",0.517,1,0,-99,-0.099
43,"xotask","average","average",0.318,-1,1,-99,-0.099
43,"xotask","average","average",0.618,1,1,-99,-0.099
43,"xotask","average","average",0.918,-1,0,-99,-0.099
43,"xotask","average","average",0.35,1,0,-99,-0.099
43,"xotask","average","average",1.269,-1,0,-99,-0.099
43,"xotask","average","average",1.503,1,1,-99,-0.099
43,"xotask","average","average",0.485,-1,1,-99,-0.099
43,"xotask","average","average",0.385,1,1,-99,-0.099
43,"xotask","average","average",0.752,1,1,-99,-0.099
43,"xotask","average","average",1.535,1,1,-99,-0.099
43,"xotask","average","average",1.253,-1,1,-99,-0.099
43,"xotask","average","average",1.503,1,0,-99,-0.099
43,"xotask","average","average",0.138,1,0,-99,-0.099
43,"xotask","average","average",0.035,1,0,-99,-0.099
43,"xotask","average","average",0.034,-1,0,-99,-0.099
43,"xotask","average","average",3.17,-1,1,-99,-0.099
43,"xotask","average","average",0.802,1,1,-99,-0.099
43,"xotask","average","average",0.502,-1,1,-99,-0.099
43,"xotask","average","average",0.502,1,0,-99,-0.099
43,"xotask","average","average",0.352,-1,0,-99,-0.099
43,"xotask","average","average",0.468,1,1,-99,-0.099
43,"xotask","average","average",0.519,-1,0,-99,-0.099
43,"xotask","average","average",0.368,1,0,-99,-0.099
43,"xotask","average","average",1.953,1,0,-99,-0.099
43,"xotask","average","average",0.435,-1,1,-99,-0.099
43,"xotask","average","average",0.267,1,1,-99,-0.099
43,"xotask","average","average",0.385,-1,1,-99,-0.099
43,"xotask","average","average",0.144,1,1,-99,-0.099
43,"xotask","average","average",1.836,-1,0,-99,-0.099
43,"xotask","average","average",0.351,1,0,-99,-0.099
43,"xotask","average","average",2.903,1,1,-99,-0.099
43,"xotask","average","average",0.769,-1,0,-99,-0.099
43,"xotask","average","average",0.968,1,0,-99,-0.099
43,"xotask","average","average",0.3,-1,0,-99,-0.099
43,"xotask","average","average",0.418,1,1,-99,-0.099
43,"xotask","average","average",0.451,-1,1,-99,-0.099
43,"xotask","average","average",0.417,1,0,-99,-0.099
43,"xotask","average","average",0.301,-1,1,-99,-0.099
43,"xotask","average","average",0.401,1,1,-99,-0.099
43,"xotask","average","average",0.468,-1,0,-99,-0.099
43,"xotask","average","average",0.418,1,1,-99,-0.099
43,"xotask","average","average",0.852,1,1,-99,-0.099
43,"xotask","average","average",0.635,-1,1,-99,-0.099
43,"xotask","average","average",0.501,1,1,-99,-0.099
43,"xotask","average","average",0.618,-1,0,-99,-0.099
43,"xotask","average","average",0.452,1,1,-99,-0.099
43,"xotask","average","average",0.501,-1,1,-99,-0.099
43,"xotask","average","average",0.385,1,1,-99,-0.099
43,"xotask","average","average",0.452,-1,1,-99,-0.099
43,"xotask","average","average",0.285,1,0,-99,-0.099
43,"xotask","average","average",0.917,1,1,-99,-0.099
43,"xotask","average","average",0.402,-1,0,-99,-0.099
43,"xotask","average","average",0.301,1,0,-99,-0.099
43,"xotask","average","average",0.368,-1,1,-99,-0.099
43,"xotask","average","average",0.351,1,0,-99,-0.099
43,"xotask","average","average",0.952,-1,1,-99,-0.099
44,"dotnumber","easy","easy",0.851,1,1,-99,-0.099
44,"dotnumber","easy","easy",0.651,1,1,-99,-0.099
44,"dotnumber","easy","easy",0.551,-1,1,-99,-0.099
44,"dotnumber","easy","easy",0.969,1,0,-99,-0.099
44,"dotnumber","easy","easy",0.585,-1,1,-99,-0.099
44,"dotnumber","easy","easy",0.702,-1,1,-99,-0.099
44,"dotnumber","easy","easy",0.751,-1,1,-99,-0.099
44,"dotnumber","easy","easy",0.502,1,0,-99,-0.099
44,"dotnumber","easy","easy",0.586,1,1,-99,-0.099
44,"dotnumber","easy","easy",0.518,-1,1,-99,-0.099
44,"dotnumber","easy","easy",0.768,1,1,-99,-0.099
44,"dotnumber","easy","easy",0.718,1,1,-99,-0.099
44,"dotnumber","easy","easy",0.718,1,1,-99,-0.099
44,"dotnumber","easy","easy",0.702,1,1,-99,-0.099
44,"dotnumber","easy","easy",0.785,1,1,-99,-0.099
44,"dotnumber","easy","easy",0.818,-1,1,-99,-0.099
44,"dotnumber","easy","easy",0.501,1,1,-99,-0.099
44,"dotnumber","easy","easy",0.585,-1,1,-99,-0.099
44,"dotnumber","easy","easy",0.585,-1,1,-99,-0.099
44,"dotnumber","easy","easy",0.834,1,1,-99,-0.099
44,"dotnumber","easy","easy",0.601,-1,1,-99,-0.099
44,"dotnumber","easy","easy",0.685,1,1,-99,-0.099
44,"dotnumber","easy","easy",0.684,-1,1,-99,-0.099
44,"dotnumber","easy","easy",0.585,1,1,-99,-0.099
44,"dotnumber","easy","easy",0.669,-1,1,-99,-0.099
44,"dotnumber","easy","easy",0.485,1,1,-99,-0.099
44,"dotnumber","easy","easy",0.384,-1,1,-99,-0.099
44,"dotnumber","easy","easy",0.469,1,1,-99,-0.099
44,"dotnumber","easy","easy",0.485,1,1,-99,-0.099
44,"dotnumber","easy","easy",0.452,-1,1,-99,-0.099
44,"dotnumber","easy","easy",0.484,-1,1,-99,-0.099
44,"dotnumber","easy","easy",0.518,1,0,-99,-0.099
44,"dotnumber","easy","easy",0.451,-1,1,-99,-0.099
44,"dotnumber","easy","easy",0.452,1,1,-99,-0.099
44,"dotnumber","easy","easy",0.552,1,1,-99,-0.099
44,"dotnumber","easy","easy",0.501,1,1,-99,-0.099
44,"dotnumber","easy","easy",0.519,1,1,-99,-0.099
44,"dotnumber","easy","easy",0.452,1,1,-99,-0.099
44,"dotnumber","easy","easy",0.434,-1,1,-99,-0.099
44,"dotnumber","easy","easy",0.485,-1,1,-99,-0.099
44,"dotnumber","easy","easy",0.501,-1,1,-99,-0.099
44,"dotnumber","easy","easy",0.485,1,1,-99,-0.099
44,"dotnumber","easy","easy",0.601,1,1,-99,-0.099
44,"dotnumber","easy","easy",0.501,-1,1,-99,-0.099
44,"dotnumber","easy","easy",0.651,-1,1,-99,-0.099
44,"dotnumber","easy","easy",0.452,1,1,-99,-0.099
44,"dotnumber","easy","easy",0.501,-1,1,-99,-0.099
44,"dotnumber","easy","easy",0.668,1,1,-99,-0.099
44,"dotnumber","easy","easy",0.518,1,1,-99,-0.099
44,"dotnumber","easy","easy",0.385,1,1,-99,-0.099
44,"dotnumber","easy","easy",0.452,-1,1,-99,-0.099
44,"dotnumber","easy","easy",0.401,-1,1,-99,-0.099
44,"dotnumber","easy","easy",0.435,-1,1,-99,-0.099
44,"dotnumber","easy","easy",0.502,1,1,-99,-0.099
44,"dotnumber","easy","easy",0.502,-1,1,-99,-0.099
44,"dotnumber","easy","easy",0.518,-1,1,-99,-0.099
44,"dotnumber","easy","easy",0.501,-1,1,-99,-0.099
44,"dotnumber","easy","easy",0.501,1,1,-99,-0.099
44,"dotnumber","easy","easy",0.418,-1,1,-99,-0.099
44,"dotnumber","easy","easy",0.468,-1,1,-99,-0.099
44,"dotnumber","easy","easy",0.436,1,1,-99,-0.099
44,"dotnumber","easy","easy",0.401,1,1,-99,-0.099
44,"dotnumber","easy","easy",0.418,-1,1,-99,-0.099
44,"dotnumber","easy","easy",0.353,1,1,-99,-0.099
44,"dotnumber","easy","easy",0.434,1,1,-99,-0.099
44,"dotnumber","easy","easy",0.419,-1,1,-99,-0.099
44,"dotnumber","easy","easy",0.401,1,1,-99,-0.099
44,"dotnumber","easy","easy",0.401,-1,1,-99,-0.099
44,"dotnumber","easy","easy",0.301,1,1,-99,-0.099
44,"dotnumber","easy","easy",0.435,-1,1,-99,-0.099
44,"dotnumber","easy","easy",0.368,1,1,-99,-0.099
44,"dotnumber","easy","easy",0.385,1,1,-99,-0.099
44,"dotnumber","easy","easy",0.518,1,1,-99,-0.099
44,"dotnumber","easy","easy",0.302,1,1,-99,-0.099
44,"dotnumber","easy","easy",0.452,-1,1,-99,-0.099
44,"dotnumber","easy","easy",0.502,-1,1,-99,-0.099
44,"dotnumber","easy","easy",0.652,-1,1,-99,-0.099
44,"dotnumber","easy","easy",0.568,-1,1,-99,-0.099
44,"dotnumber","easy","easy",0.551,1,1,-99,-0.099
44,"dotnumber","easy","easy",0.486,1,1,-99,-0.099
44,"dotnumber","easy","easy",0.468,-1,1,-99,-0.099
44,"dotnumber","easy","easy",0.501,1,1,-99,-0.099
44,"dotnumber","easy","easy",0.435,-1,1,-99,-0.099
44,"dotnumber","easy","easy",0.434,-1,1,-99,-0.099
44,"dotnumber","easy","easy",0.569,-1,1,-99,-0.099
44,"dotnumber","easy","easy",0.552,1,1,-99,-0.099
44,"dotnumber","easy","easy",0.551,1,1,-99,-0.099
44,"dotnumber","easy","easy",0.468,1,1,-99,-0.099
44,"dotnumber","easy","easy",0.435,1,1,-99,-0.099
44,"dotnumber","easy","easy",0.401,-1,1,-99,-0.099
44,"dotnumber","easy","easy",0.435,1,1,-99,-0.099
44,"dotnumber","easy","easy",0.368,-1,1,-99,-0.099
44,"dotnumber","easy","easy",0.568,1,0,-99,-0.099
44,"dotnumber","easy","easy",0.468,1,1,-99,-0.099
44,"dotnumber","easy","easy",0.485,-1,1,-99,-0.099
44,"dotnumber","easy","easy",0.467,1,1,-99,-0.099
44,"dotnumber","easy","easy",0.419,1,1,-99,-0.099
44,"dotnumber","easy","easy",0.368,1,1,-99,-0.099
44,"dotnumber","easy","easy",0.469,1,1,-99,-0.099
44,"dotnumber","easy","easy",0.534,1,1,-99,-0.099
44,"dotnumber","easy","easy",0.568,1,0,-99,-0.099
44,"dotnumber","easy","easy",0.535,-1,1,-99,-0.099
44,"dotnumber","easy","easy",0.401,1,1,-99,-0.099
44,"dotnumber","easy","easy",0.417,-1,1,-99,-0.099
44,"dotnumber","easy","easy",0.485,-1,1,-99,-0.099
44,"dotnumber","easy","easy",0.552,-1,1,-99,-0.099
44,"dotnumber","easy","easy",0.418,1,1,-99,-0.099
44,"dotnumber","easy","easy",0.452,-1,1,-99,-0.099
44,"dotnumber","easy","easy",0.469,1,1,-99,-0.099
44,"dotnumber","easy","easy",0.417,-1,1,-99,-0.099
44,"dotnumber","easy","easy",0.501,-1,1,-99,-0.099
44,"dotnumber","easy","easy",0.434,1,0,-99,-0.099
44,"dotnumber","easy","easy",0.435,1,1,-99,-0.099
44,"dotnumber","easy","easy",0.268,-1,1,-99,-0.099
44,"dotnumber","easy","easy",0.519,1,1,-99,-0.099
44,"dotnumber","easy","easy",0.367,-1,1,-99,-0.099
44,"dotnumber","easy","easy",0.435,1,1,-99,-0.099
44,"dotnumber","easy","easy",0.368,-1,1,-99,-0.099
44,"dotnumber","easy","easy",0.451,1,1,-99,-0.099
44,"dotnumber","easy","easy",0.418,-1,0,-99,-0.099
44,"xotask","average","average",2.987,1,0,-99,-0.099
44,"xotask","average","average",0.886,-1,1,-99,-0.099
44,"xotask","average","average",0.602,1,1,-99,-0.099
44,"xotask","average","average",0.667,-1,1,-99,-0.099
44,"xotask","average","average",0.518,-1,1,-99,-0.099
44,"xotask","average","average",0.453,1,0,-99,-0.099
44,"xotask","average","average",0.435,1,1,-99,-0.099
44,"xotask","average","average",0.602,1,1,-99,-0.099
44,"xotask","average","average",0.518,-1,1,-99,-0.099
44,"xotask","average","average",0.667,1,0,-99,-0.099
44,"xotask","average","average",0.469,-1,1,-99,-0.099
44,"xotask","average","average",0.668,1,0,-99,-0.099
44,"xotask","average","average",0.535,1,1,-99,-0.099
44,"xotask","average","average",0.535,1,1,-99,-0.099
44,"xotask","average","average",0.869,1,1,-99,-0.099
44,"xotask","average","average",0.752,-1,1,-99,-0.099
44,"xotask","average","average",1.019,1,0,-99,-0.099
44,"xotask","average","average",0.735,1,1,-99,-0.099
44,"xotask","average","average",0.718,-1,0,-99,-0.099
44,"xotask","average","average",1.052,1,1,-99,-0.099
44,"xotask","average","average",0.652,-1,1,-99,-0.099
44,"xotask","average","average",0.568,1,1,-99,-0.099
44,"xotask","average","average",0.619,1,1,-99,-0.099
44,"xotask","average","average",0.618,1,1,-99,-0.099
44,"xotask","average","average",0.819,1,1,-99,-0.099
44,"xotask","average","average",0.802,-1,1,-99,-0.099
44,"xotask","average","average",0.602,-1,1,-99,-0.099
44,"xotask","average","average",0.735,-1,1,-99,-0.099
44,"xotask","average","average",0.503,1,1,-99,-0.099
44,"xotask","average","average",0.719,-1,0,-99,-0.099
44,"xotask","average","average",0.686,1,0,-99,-0.099
44,"xotask","average","average",0.852,-1,1,-99,-0.099
44,"xotask","average","average",1.086,1,1,-99,-0.099
44,"xotask","average","average",1.253,-1,1,-99,-0.099
44,"xotask","average","average",0.585,1,1,-99,-0.099
44,"xotask","average","average",0.652,1,1,-99,-0.099
44,"xotask","average","average",0.619,-1,0,-99,-0.099
44,"xotask","average","average",0.685,1,1,-99,-0.099
44,"xotask","average","average",0.751,1,1,-99,-0.099
44,"xotask","average","average",0.885,-1,1,-99,-0.099
44,"xotask","average","average",0.585,1,1,-99,-0.099
44,"xotask","average","average",0.602,1,1,-99,-0.099
44,"xotask","average","average",0.934,-1,1,-99,-0.099
44,"xotask","average","average",0.97,-1,1,-99,-0.099
44,"xotask","average","average",0.685,1,0,-99,-0.099
44,"xotask","average","average",0.818,-1,1,-99,-0.099
44,"xotask","average","average",0.617,1,1,-99,-0.099
44,"xotask","average","average",0.635,-1,1,-99,-0.099
44,"xotask","average","average",0.768,1,0,-99,-0.099
44,"xotask","average","average",0.501,-1,1,-99,-0.099
44,"xotask","average","average",1.052,-1,0,-99,-0.099
44,"xotask","average","average",0.701,1,0,-99,-0.099
44,"xotask","average","average",0.834,1,1,-99,-0.099
44,"xotask","average","average",0.585,1,0,-99,-0.099
44,"xotask","average","average",0.685,-1,1,-99,-0.099
44,"xotask","average","average",0.819,1,1,-99,-0.099
44,"xotask","average","average",0.634,1,1,-99,-0.099
44,"xotask","average","average",0.668,1,1,-99,-0.099
44,"xotask","average","average",0.868,1,0,-99,-0.099
44,"xotask","average","average",0.584,1,1,-99,-0.099
44,"xotask","average","average",0.768,-1,1,-99,-0.099
44,"xotask","average","average",0.668,1,1,-99,-0.099
44,"xotask","average","average",0.835,1,0,-99,-0.099
44,"xotask","average","average",0.836,1,1,-99,-0.099
44,"xotask","average","average",0.835,-1,0,-99,-0.099
44,"xotask","average","average",0.835,1,1,-99,-0.099
44,"xotask","average","average",0.869,-1,1,-99,-0.099
44,"xotask","average","average",0.769,-1,1,-99,-0.099
44,"xotask","average","average",0.586,1,1,-99,-0.099
44,"xotask","average","average",0.685,1,1,-99,-0.099
44,"xotask","average","average",0.568,1,0,-99,-0.099
44,"xotask","average","average",0.62,1,0,-99,-0.099
44,"xotask","average","average",1.019,-1,0,-99,-0.099
44,"xotask","average","average",0.852,1,0,-99,-0.099
44,"xotask","average","average",0.884,1,1,-99,-0.099
44,"xotask","average","average",0.636,-1,1,-99,-0.099
44,"xotask","average","average",0.685,-1,0,-99,-0.099
44,"xotask","average","average",0.684,-1,1,-99,-0.099
44,"xotask","average","average",1.135,-1,1,-99,-0.099
44,"xotask","average","average",0.751,1,0,-99,-0.099
44,"xotask","average","average",0.769,-1,0,-99,-0.099
44,"xotask","average","average",0.534,1,0,-99,-0.099
44,"xotask","average","average",0.652,-1,0,-99,-0.099
44,"xotask","average","average",0.585,1,1,-99,-0.099
44,"xotask","average","average",1.019,1,1,-99,-0.099
44,"xotask","average","average",0.702,1,1,-99,-0.099
44,"xotask","average","average",0.735,1,1,-99,-0.099
44,"xotask","average","average",0.701,-1,1,-99,-0.099
44,"xotask","average","average",0.702,-1,1,-99,-0.099
44,"xotask","average","average",0.785,1,1,-99,-0.099
44,"xotask","average","average",0.619,1,1,-99,-0.099
44,"xotask","average","average",0.667,-1,1,-99,-0.099
44,"xotask","average","average",0.636,-1,1,-99,-0.099
44,"xotask","average","average",0.652,1,0,-99,-0.099
44,"xotask","average","average",0.669,-1,1,-99,-0.099
44,"xotask","average","average",0.585,1,1,-99,-0.099
44,"xotask","average","average",0.685,1,1,-99,-0.099
44,"xotask","average","average",0.635,1,1,-99,-0.099
44,"xotask","average","average",0.401,1,1,-99,-0.099
44,"xotask","average","average",0.435,1,0,-99,-0.099
44,"xotask","average","average",0.618,1,1,-99,-0.099
44,"xotask","average","average",0.669,1,1,-99,-0.099
44,"xotask","average","average",0.502,1,1,-99,-0.099
44,"xotask","average","average",0.552,-1,1,-99,-0.099
44,"xotask","average","average",0.785,1,0,-99,-0.099
44,"xotask","average","average",1.086,1,0,-99,-0.099
44,"xotask","average","average",0.618,-1,1,-99,-0.099
44,"xotask","average","average",0.985,-1,1,-99,-0.099
44,"xotask","average","average",0.734,-1,1,-99,-0.099
44,"xotask","average","average",0.836,1,1,-99,-0.099
44,"xotask","average","average",0.652,-1,0,-99,-0.099
44,"xotask","average","average",0.753,1,1,-99,-0.099
44,"xotask","average","average",0.702,-1,0,-99,-0.099
44,"xotask","average","average",0.668,-1,1,-99,-0.099
44,"xotask","average","average",0.468,1,1,-99,-0.099
44,"xotask","average","average",0.617,1,0,-99,-0.099
44,"xotask","average","average",0.718,-1,0,-99,-0.099
44,"xotask","average","average",0.584,1,0,-99,-0.099
44,"xotask","average","average",0.969,-1,1,-99,-0.099
44,"xotask","average","average",0.886,1,0,-99,-0.099
44,"dotcolour","hard","hard",1.219,1,0,-99,-0.099
44,"dotcolour","hard","hard",0.884,1,0,-99,-0.099
44,"dotcolour","hard","hard",0.702,-1,0,-99,-0.099
44,"dotcolour","hard","hard",0.969,1,0,-99,-0.099
44,"dotcolour","hard","hard",0.568,1,0,-99,-0.099
44,"dotcolour","hard","hard",0.618,-1,1,-99,-0.099
44,"dotcolour","hard","hard",0.619,-1,1,-99,-0.099
44,"dotcolour","hard","hard",0.736,1,1,-99,-0.099
44,"dotcolour","hard","hard",0.685,-1,0,-99,-0.099
44,"dotcolour","hard","hard",0.669,-1,1,-99,-0.099
44,"dotcolour","hard","hard",0.702,1,1,-99,-0.099
44,"dotcolour","hard","hard",0.868,-1,1,-99,-0.099
44,"dotcolour","hard","hard",0.635,-1,1,-99,-0.099
44,"dotcolour","hard","hard",0.701,1,0,-99,-0.099
44,"dotcolour","hard","hard",0.718,-1,0,-99,-0.099
44,"dotcolour","hard","hard",0.819,1,1,-99,-0.099
44,"dotcolour","hard","hard",0.686,-1,0,-99,-0.099
44,"dotcolour","hard","hard",0.685,1,1,-99,-0.099
44,"dotcolour","hard","hard",0.668,1,1,-99,-0.099
44,"dotcolour","hard","hard",1.303,1,1,-99,-0.099
44,"dotcolour","hard","hard",0.685,1,1,-99,-0.099
44,"dotcolour","hard","hard",0.786,-1,1,-99,-0.099
44,"dotcolour","hard","hard",0.951,1,1,-99,-0.099
44,"dotcolour","hard","hard",0.851,1,0,-99,-0.099
44,"dotcolour","hard","hard",0.785,1,1,-99,-0.099
44,"dotcolour","hard","hard",0.736,1,1,-99,-0.099
44,"dotcolour","hard","hard",0.885,-1,1,-99,-0.099
44,"dotcolour","hard","hard",0.519,1,1,-99,-0.099
44,"dotcolour","hard","hard",0.568,-1,0,-99,-0.099
44,"dotcolour","hard","hard",0.951,1,0,-99,-0.099
44,"dotcolour","hard","hard",0.801,-1,1,-99,-0.099
44,"dotcolour","hard","hard",0.468,1,0,-99,-0.099
44,"dotcolour","hard","hard",0.418,-1,1,-99,-0.099
44,"dotcolour","hard","hard",0.369,1,1,-99,-0.099
44,"dotcolour","hard","hard",0.284,-1,0,-99,-0.099
44,"dotcolour","hard","hard",0.351,1,0,-99,-0.099
44,"dotcolour","hard","hard",0.316,-1,1,-99,-0.099
44,"dotcolour","hard","hard",0.568,1,1,-99,-0.099
44,"dotcolour","hard","hard",0.417,-1,1,-99,-0.099
44,"dotcolour","hard","hard",0.467,1,0,-99,-0.099
44,"dotcolour","hard","hard",0.402,-1,0,-99,-0.099
44,"dotcolour","hard","hard",0.719,1,1,-99,-0.099
44,"dotcolour","hard","hard",0.868,1,0,-99,-0.099
44,"dotcolour","hard","hard",0.752,-1,1,-99,-0.099
44,"dotcolour","hard","hard",0.485,1,1,-99,-0.099
44,"dotcolour","hard","hard",0.485,-1,1,-99,-0.099
44,"dotcolour","hard","hard",0.685,1,1,-99,-0.099
44,"dotcolour","hard","hard",0.652,1,1,-99,-0.099
44,"dotcolour","hard","hard",3.672,1,0,-99,-0.099
44,"dotcolour","hard","hard",0.869,1,1,-99,-0.099
44,"dotcolour","hard","hard",0.702,1,1,-99,-0.099
44,"dotcolour","hard","hard",0.535,1,1,-99,-0.099
44,"dotcolour","hard","hard",0.352,1,1,-99,-0.099
44,"dotcolour","hard","hard",0.335,1,1,-99,-0.099
44,"dotcolour","hard","hard",0.469,1,1,-99,-0.099
44,"dotcolour","hard","hard",0.584,1,0,-99,-0.099
44,"dotcolour","hard","hard",0.62,1,1,-99,-0.099
44,"dotcolour","hard","hard",0.418,1,0,-99,-0.099
44,"dotcolour","hard","hard",0.567,1,1,-99,-0.099
44,"dotcolour","hard","hard",0.486,1,0,-99,-0.099
44,"dotcolour","hard","hard",0.318,1,0,-99,-0.099
44,"dotcolour","hard","hard",0.368,1,0,-99,-0.099
44,"dotcolour","hard","hard",0.351,1,0,-99,-0.099
44,"dotcolour","hard","hard",0.351,1,1,-99,-0.099
44,"dotcolour","hard","hard",0.318,1,1,-99,-0.099
44,"dotcolour","hard","hard",0.469,1,0,-99,-0.099
44,"dotcolour","hard","hard",0.434,1,1,-99,-0.099
44,"dotcolour","hard","hard",0.518,1,0,-99,-0.099
44,"dotcolour","hard","hard",0.768,1,0,-99,-0.099
44,"dotcolour","hard","hard",0.685,1,0,-99,-0.099
44,"dotcolour","hard","hard",0.551,1,1,-99,-0.099
44,"dotcolour","hard","hard",2.12,-1,1,-99,-0.099
44,"dotcolour","hard","hard",0.768,1,1,-99,-0.099
44,"dotcolour","hard","hard",0.418,1,0,-99,-0.099
44,"dotcolour","hard","hard",0.835,-1,1,-99,-0.099
44,"dotcolour","hard","hard",0.535,1,1,-99,-0.099
44,"dotcolour","hard","hard",0.635,1,0,-99,-0.099
44,"dotcolour","hard","hard",0.736,-1,1,-99,-0.099
44,"dotcolour","hard","hard",0.569,1,0,-99,-0.099
44,"dotcolour","hard","hard",0.468,1,0,-99,-0.099
44,"dotcolour","hard","hard",0.486,1,1,-99,-0.099
44,"dotcolour","hard","hard",0.635,1,0,-99,-0.099
44,"dotcolour","hard","hard",0.177,1,1,-99,-0.099
44,"dotcolour","hard","hard",0.351,-1,1,-99,-0.099
44,"dotcolour","hard","hard",0.468,1,0,-99,-0.099
44,"dotcolour","hard","hard",0.652,1,1,-99,-0.099
44,"dotcolour","hard","hard",0.618,1,1,-99,-0.099
44,"dotcolour","hard","hard",0.569,1,0,-99,-0.099
44,"dotcolour","hard","hard",0.435,-1,0,-99,-0.099
44,"dotcolour","hard","hard",0.402,1,1,-99,-0.099
44,"dotcolour","hard","hard",0.484,1,0,-99,-0.099
44,"dotcolour","hard","hard",0.301,1,0,-99,-0.099
44,"dotcolour","hard","hard",0.156,1,1,-99,-0.099
44,"dotcolour","hard","hard",0.318,1,1,-99,-0.099
44,"dotcolour","hard","hard",0.234,1,1,-99,-0.099
44,"dotcolour","hard","hard",0.096,1,1,-99,-0.099
44,"dotcolour","hard","hard",0.419,1,0,-99,-0.099
44,"dotcolour","hard","hard",0.302,1,0,-99,-0.099
44,"dotcolour","hard","hard",0.098,1,1,-99,-0.099
44,"dotcolour","hard","hard",0.235,1,1,-99,-0.099
44,"dotcolour","hard","hard",0.087,1,0,-99,-0.099
44,"dotcolour","hard","hard",1.669,1,1,-99,-0.099
44,"dotcolour","hard","hard",0.751,1,0,-99,-0.099
44,"dotcolour","hard","hard",0.752,1,1,-99,-0.099
44,"dotcolour","hard","hard",0.251,1,0,-99,-0.099
44,"dotcolour","hard","hard",0.335,1,0,-99,-0.099
44,"dotcolour","hard","hard",0.302,1,1,-99,-0.099
44,"dotcolour","hard","hard",0.234,1,1,-99,-0.099
44,"dotcolour","hard","hard",0.352,1,1,-99,-0.099
44,"dotcolour","hard","hard",0.268,1,1,-99,-0.099
44,"dotcolour","hard","hard",0.685,1,0,-99,-0.099
44,"dotcolour","hard","hard",0.368,1,1,-99,-0.099
44,"dotcolour","hard","hard",0.435,1,1,-99,-0.099
44,"dotcolour","hard","hard",0.418,1,0,-99,-0.099
44,"dotcolour","hard","hard",0.635,1,0,-99,-0.099
44,"dotcolour","hard","hard",0.402,1,0,-99,-0.099
44,"dotcolour","hard","hard",0.502,1,0,-99,-0.099
44,"dotcolour","hard","hard",0.403,1,1,-99,-0.099
44,"dotcolour","hard","hard",0.368,1,1,-99,-0.099
44,"dotcolour","hard","hard",0.534,-1,1,-99,-0.099
45,"xotask","easy","easy",4.906,-1,0,-99,-0.099
45,"xotask","easy","easy",2.003,-1,0,-99,-0.099
45,"xotask","easy","easy",0.968,1,1,-99,-0.099
45,"xotask","easy","easy",0.702,-1,1,-99,-0.099
45,"xotask","easy","easy",0.901,1,1,-99,-0.099
45,"xotask","easy","easy",2.937,-1,1,-99,-0.099
45,"xotask","easy","easy",0.785,1,1,-99,-0.099
45,"xotask","easy","easy",0.802,-1,1,-99,-0.099
45,"xotask","easy","easy",1.152,1,1,-99,-0.099
45,"xotask","easy","easy",0.969,-1,1,-99,-0.099
45,"xotask","easy","easy",0.751,1,1,-99,-0.099
45,"xotask","easy","easy",1.57,-1,0,-99,-0.099
45,"xotask","easy","easy",0.986,1,0,-99,-0.099
45,"xotask","easy","easy",0.719,-1,1,-99,-0.099
45,"xotask","easy","easy",0.935,1,1,-99,-0.099
45,"xotask","easy","easy",0.668,-1,1,-99,-0.099
45,"xotask","easy","easy",0.734,-1,1,-99,-0.099
45,"xotask","easy","easy",0.868,1,1,-99,-0.099
45,"xotask","easy","easy",0.903,-1,1,-99,-0.099
45,"xotask","easy","easy",1.186,1,1,-99,-0.099
45,"xotask","easy","easy",0.735,1,1,-99,-0.099
45,"xotask","easy","easy",0.636,-1,1,-99,-0.099
45,"xotask","easy","easy",0.584,-1,1,-99,-0.099
45,"xotask","easy","easy",0.651,-1,1,-99,-0.099
45,"xotask","easy","easy",0.753,-1,1,-99,-0.099
45,"xotask","easy","easy",0.719,-1,1,-99,-0.099
45,"xotask","easy","easy",0.818,-1,0,-99,-0.099
45,"xotask","easy","easy",0.635,-1,1,-99,-0.099
45,"xotask","easy","easy",0.618,-1,1,-99,-0.099
45,"xotask","easy","easy",0.668,-1,1,-99,-0.099
45,"xotask","easy","easy",0.652,-1,1,-99,-0.099
45,"xotask","easy","easy",0.635,1,1,-99,-0.099
45,"xotask","easy","easy",0.669,-1,1,-99,-0.099
45,"xotask","easy","easy",0.852,1,1,-99,-0.099
45,"xotask","easy","easy",0.636,1,1,-99,-0.099
45,"xotask","easy","easy",0.651,1,1,-99,-0.099
45,"xotask","easy","easy",0.719,-1,1,-99,-0.099
45,"xotask","easy","easy",0.685,1,1,-99,-0.099
45,"xotask","easy","easy",0.635,-1,1,-99,-0.099
45,"xotask","easy","easy",0.602,1,1,-99,-0.099
45,"xotask","easy","easy",0.635,1,1,-99,-0.099
45,"xotask","easy","easy",0.836,1,1,-99,-0.099
45,"xotask","easy","easy",0.785,1,1,-99,-0.099
45,"xotask","easy","easy",0.518,-1,1,-99,-0.099
45,"xotask","easy","easy",0.486,-1,1,-99,-0.099
45,"xotask","easy","easy",0.435,-1,1,-99,-0.099
45,"xotask","easy","easy",0.618,1,1,-99,-0.099
45,"xotask","easy","easy",0.652,1,1,-99,-0.099
45,"xotask","easy","easy",0.619,-1,1,-99,-0.099
45,"xotask","easy","easy",0.735,1,1,-99,-0.099
45,"xotask","easy","easy",1.101,1,1,-99,-0.099
45,"xotask","easy","easy",1.553,-1,1,-99,-0.099
45,"xotask","easy","easy",0.868,-1,1,-99,-0.099
45,"xotask","easy","easy",0.618,-1,1,-99,-0.099
45,"xotask","easy","easy",0.584,1,1,-99,-0.099
45,"xotask","easy","easy",0.651,-1,1,-99,-0.099
45,"xotask","easy","easy",0.752,-1,1,-99,-0.099
45,"xotask","easy","easy",0.769,1,1,-99,-0.099
45,"xotask","easy","easy",0.685,-1,1,-99,-0.099
45,"xotask","easy","easy",0.552,-1,1,-99,-0.099
45,"xotask","easy","easy",0.569,1,1,-99,-0.099
45,"xotask","easy","easy",0.635,1,1,-99,-0.099
45,"xotask","easy","easy",0.619,1,1,-99,-0.099
45,"xotask","easy","easy",0.569,1,1,-99,-0.099
45,"xotask","easy","easy",0.618,-1,1,-99,-0.099
45,"xotask","easy","easy",0.802,1,1,-99,-0.099
45,"xotask","easy","easy",0.702,-1,1,-99,-0.099
45,"xotask","easy","easy",1.719,1,1,-99,-0.099
45,"xotask","easy","easy",0.935,1,1,-99,-0.099
45,"xotask","easy","easy",0.735,-1,1,-99,-0.099
45,"xotask","easy","easy",0.702,1,1,-99,-0.099
45,"xotask","easy","easy",1.017,-1,1,-99,-0.099
45,"xotask","easy","easy",1.268,-1,1,-99,-0.099
45,"xotask","easy","easy",0.551,-1,1,-99,-0.099
45,"xotask","easy","easy",0.568,-1,1,-99,-0.099
45,"xotask","easy","easy",0.567,1,1,-99,-0.099
45,"xotask","easy","easy",0.969,1,1,-99,-0.099
45,"xotask","easy","easy",0.668,-1,1,-99,-0.099
45,"xotask","easy","easy",0.634,-1,1,-99,-0.099
45,"xotask","easy","easy",0.752,-1,1,-99,-0.099
45,"xotask","easy","easy",0.584,1,1,-99,-0.099
45,"xotask","easy","easy",0.652,-1,1,-99,-0.099
45,"xotask","easy","easy",0.517,1,1,-99,-0.099
45,"xotask","easy","easy",0.669,1,1,-99,-0.099
45,"xotask","easy","easy",0.651,1,1,-99,-0.099
45,"xotask","easy","easy",0.568,-1,1,-99,-0.099
45,"xotask","easy","easy",0.618,1,1,-99,-0.099
45,"xotask","easy","easy",0.535,-1,1,-99,-0.099
45,"xotask","easy","easy",0.586,1,1,-99,-0.099
45,"xotask","easy","easy",0.667,-1,1,-99,-0.099
45,"xotask","easy","easy",0.652,-1,1,-99,-0.099
45,"xotask","easy","easy",0.718,1,1,-99,-0.099
45,"xotask","easy","easy",0.636,1,1,-99,-0.099
45,"xotask","easy","easy",0.551,-1,1,-99,-0.099
45,"xotask","easy","easy",0.552,1,1,-99,-0.099
45,"xotask","easy","easy",0.634,1,1,-99,-0.099
45,"xotask","easy","easy",0.669,-1,1,-99,-0.099
45,"xotask","easy","easy",0.534,-1,1,-99,-0.099
45,"xotask","easy","easy",0.551,1,1,-99,-0.099
45,"xotask","easy","easy",0.601,-1,1,-99,-0.099
45,"xotask","easy","easy",0.502,1,1,-99,-0.099
45,"xotask","easy","easy",0.601,-1,1,-99,-0.099
45,"xotask","easy","easy",0.585,1,1,-99,-0.099
45,"xotask","easy","easy",0.552,-1,1,-99,-0.099
45,"xotask","easy","easy",0.568,-1,1,-99,-0.099
45,"xotask","easy","easy",0.502,-1,1,-99,-0.099
45,"xotask","easy","easy",0.518,-1,1,-99,-0.099
45,"xotask","easy","easy",1.336,1,1,-99,-0.099
45,"xotask","easy","easy",1.069,1,1,-99,-0.099
45,"xotask","easy","easy",0.652,-1,1,-99,-0.099
45,"xotask","easy","easy",0.869,1,1,-99,-0.099
45,"xotask","easy","easy",0.619,1,1,-99,-0.099
45,"xotask","easy","easy",0.869,1,1,-99,-0.099
45,"xotask","easy","easy",0.669,-1,1,-99,-0.099
45,"xotask","easy","easy",0.735,1,1,-99,-0.099
45,"xotask","easy","easy",0.702,1,1,-99,-0.099
45,"xotask","easy","easy",0.634,-1,1,-99,-0.099
45,"xotask","easy","easy",0.685,1,1,-99,-0.099
45,"xotask","easy","easy",0.935,-1,1,-99,-0.099
45,"xotask","easy","easy",0.72,1,1,-99,-0.099
45,"dotcolour","average","average",1.385,1,1,-99,-0.099
45,"dotcolour","average","average",1.168,1,1,-99,-0.099
45,"dotcolour","average","average",0.752,-1,1,-99,-0.099
45,"dotcolour","average","average",2.821,-1,0,-99,-0.099
45,"dotcolour","average","average",0.685,1,1,-99,-0.099
45,"dotcolour","average","average",1.036,-1,1,-99,-0.099
45,"dotcolour","average","average",0.735,1,1,-99,-0.099
45,"dotcolour","average","average",1.536,-1,0,-99,-0.099
45,"dotcolour","average","average",0.952,-1,1,-99,-0.099
45,"dotcolour","average","average",0.702,1,1,-99,-0.099
45,"dotcolour","average","average",0.751,1,1,-99,-0.099
45,"dotcolour","average","average",0.852,1,1,-99,-0.099
45,"dotcolour","average","average",0.818,-1,1,-99,-0.099
45,"dotcolour","average","average",0.752,-1,1,-99,-0.099
45,"dotcolour","average","average",0.802,-1,1,-99,-0.099
45,"dotcolour","average","average",0.584,1,1,-99,-0.099
45,"dotcolour","average","average",0.769,-1,1,-99,-0.099
45,"dotcolour","average","average",1.603,-1,1,-99,-0.099
45,"dotcolour","average","average",1.068,-1,1,-99,-0.099
45,"dotcolour","average","average",0.918,1,1,-99,-0.099
45,"dotcolour","average","average",0.918,-1,1,-99,-0.099
45,"dotcolour","average","average",1.703,-1,1,-99,-0.099
45,"dotcolour","average","average",0.936,1,0,-99,-0.099
45,"dotcolour","average","average",0.718,1,1,-99,-0.099
45,"dotcolour","average","average",1.469,-1,0,-99,-0.099
45,"dotcolour","average","average",0.735,1,1,-99,-0.099
45,"dotcolour","average","average",0.736,1,1,-99,-0.099
45,"dotcolour","average","average",0.535,1,1,-99,-0.099
45,"dotcolour","average","average",0.585,1,1,-99,-0.099
45,"dotcolour","average","average",0.701,-1,1,-99,-0.099
45,"dotcolour","average","average",0.651,-1,1,-99,-0.099
45,"dotcolour","average","average",0.819,-1,1,-99,-0.099
45,"dotcolour","average","average",0.752,-1,1,-99,-0.099
45,"dotcolour","average","average",0.819,-1,1,-99,-0.099
45,"dotcolour","average","average",0.969,-1,1,-99,-0.099
45,"dotcolour","average","average",0.868,-1,1,-99,-0.099
45,"dotcolour","average","average",1.019,-1,1,-99,-0.099
45,"dotcolour","average","average",0.618,1,1,-99,-0.099
45,"dotcolour","average","average",0.736,-1,1,-99,-0.099
45,"dotcolour","average","average",0.702,-1,1,-99,-0.099
45,"dotcolour","average","average",0.735,1,1,-99,-0.099
45,"dotcolour","average","average",1.27,1,1,-99,-0.099
45,"dotcolour","average","average",0.585,1,1,-99,-0.099
45,"dotcolour","average","average",1.051,-1,1,-99,-0.099
45,"dotcolour","average","average",0.751,1,1,-99,-0.099
45,"dotcolour","average","average",0.635,1,1,-99,-0.099
45,"dotcolour","average","average",0.719,1,1,-99,-0.099
45,"dotcolour","average","average",0.668,1,0,-99,-0.099
45,"dotcolour","average","average",1.753,-1,1,-99,-0.099
45,"dotcolour","average","average",0.585,1,1,-99,-0.099
45,"dotcolour","average","average",0.635,-1,1,-99,-0.099
45,"dotcolour","average","average",0.851,-1,1,-99,-0.099
45,"dotcolour","average","average",1.338,-1,1,-99,-0.099
45,"dotcolour","average","average",0.468,1,1,-99,-0.099
45,"dotcolour","average","average",0.685,-1,1,-99,-0.099
45,"dotcolour","average","average",1.036,-1,1,-99,-0.099
45,"dotcolour","average","average",0.635,1,1,-99,-0.099
45,"dotcolour","average","average",0.752,-1,1,-99,-0.099
45,"dotcolour","average","average",0.584,1,1,-99,-0.099
45,"dotcolour","average","average",0.618,1,1,-99,-0.099
45,"dotcolour","average","average",0.585,1,1,-99,-0.099
45,"dotcolour","average","average",0.551,1,1,-99,-0.099
45,"dotcolour","average","average",0.618,1,1,-99,-0.099
45,"dotcolour","average","average",0.669,-1,1,-99,-0.099
45,"dotcolour","average","average",0.568,1,1,-99,-0.099
45,"dotcolour","average","average",0.802,-1,1,-99,-0.099
45,"dotcolour","average","average",0.802,-1,1,-99,-0.099
45,"dotcolour","average","average",0.886,-1,1,-99,-0.099
45,"dotcolour","average","average",0.601,1,1,-99,-0.099
45,"dotcolour","average","average",2.703,1,1,-99,-0.099
45,"dotcolour","average","average",0.868,1,0,-99,-0.099
45,"dotcolour","average","average",0.986,1,1,-99,-0.099
45,"dotcolour","average","average",0.668,-1,1,-99,-0.099
45,"dotcolour","average","average",0.684,-1,1,-99,-0.099
45,"dotcolour","average","average",0.568,1,1,-99,-0.099
45,"dotcolour","average","average",0.601,1,1,-99,-0.099
45,"dotcolour","average","average",1.001,1,1,-99,-0.099
45,"dotcolour","average","average",0.701,-1,1,-99,-0.099
45,"dotcolour","average","average",0.568,-1,1,-99,-0.099
45,"dotcolour","average","average",0.585,1,1,-99,-0.099
45,"dotcolour","average","average",0.585,1,1,-99,-0.099
45,"dotcolour","average","average",0.552,1,1,-99,-0.099
45,"dotcolour","average","average",0.469,-1,1,-99,-0.099
45,"dotcolour","average","average",0.735,1,1,-99,-0.099
45,"dotcolour","average","average",1.003,-1,1,-99,-0.099
45,"dotcolour","average","average",0.701,-1,1,-99,-0.099
45,"dotcolour","average","average",0.669,1,1,-99,-0.099
45,"dotcolour","average","average",0.651,-1,1,-99,-0.099
45,"dotcolour","average","average",0.802,1,1,-99,-0.099
45,"dotcolour","average","average",0.552,-1,1,-99,-0.099
45,"dotcolour","average","average",0.718,-1,1,-99,-0.099
45,"dotcolour","average","average",0.502,-1,1,-99,-0.099
45,"dotcolour","average","average",0.701,-1,1,-99,-0.099
45,"dotcolour","average","average",0.568,1,1,-99,-0.099
45,"dotcolour","average","average",0.619,1,1,-99,-0.099
45,"dotcolour","average","average",0.768,1,1,-99,-0.099
45,"dotcolour","average","average",0.652,1,1,-99,-0.099
45,"dotcolour","average","average",0.619,1,1,-99,-0.099
45,"dotcolour","average","average",0.719,1,1,-99,-0.099
45,"dotcolour","average","average",0.617,1,1,-99,-0.099
45,"dotcolour","average","average",0.685,-1,1,-99,-0.099
45,"dotcolour","average","average",0.752,1,1,-99,-0.099
45,"dotcolour","average","average",0.652,1,1,-99,-0.099
45,"dotcolour","average","average",0.602,1,1,-99,-0.099
45,"dotcolour","average","average",0.569,1,1,-99,-0.099
45,"dotcolour","average","average",0.635,-1,1,-99,-0.099
45,"dotcolour","average","average",0.518,1,1,-99,-0.099
45,"dotcolour","average","average",0.652,-1,1,-99,-0.099
45,"dotcolour","average","average",0.584,1,1,-99,-0.099
45,"dotcolour","average","average",0.5,1,0,-99,-0.099
45,"dotcolour","average","average",0.635,1,1,-99,-0.099
45,"dotcolour","average","average",0.601,-1,1,-99,-0.099
45,"dotcolour","average","average",0.535,-1,1,-99,-0.099
45,"dotcolour","average","average",0.635,1,1,-99,-0.099
45,"dotcolour","average","average",0.585,-1,1,-99,-0.099
45,"dotcolour","average","average",0.634,-1,1,-99,-0.099
45,"dotcolour","average","average",0.518,-1,1,-99,-0.099
45,"dotcolour","average","average",1.369,-1,1,-99,-0.099
45,"dotcolour","average","average",0.785,-1,1,-99,-0.099
45,"dotcolour","average","average",1.268,-1,1,-99,-0.099
45,"dotnumber","hard","hard",1.053,1,1,-99,-0.099
45,"dotnumber","hard","hard",0.82,1,1,-99,-0.099
45,"dotnumber","hard","hard",0.668,1,1,-99,-0.099
45,"dotnumber","hard","hard",1.085,-1,1,-99,-0.099
45,"dotnumber","hard","hard",0.669,1,1,-99,-0.099
45,"dotnumber","hard","hard",1.67,-1,1,-99,-0.099
45,"dotnumber","hard","hard",0.852,1,0,-99,-0.099
45,"dotnumber","hard","hard",0.602,1,0,-99,-0.099
45,"dotnumber","hard","hard",0.686,1,0,-99,-0.099
45,"dotnumber","hard","hard",1.135,1,0,-99,-0.099
45,"dotnumber","hard","hard",0.752,-1,0,-99,-0.099
45,"dotnumber","hard","hard",0.701,1,0,-99,-0.099
45,"dotnumber","hard","hard",0.735,1,0,-99,-0.099
45,"dotnumber","hard","hard",0.769,1,0,-99,-0.099
45,"dotnumber","hard","hard",1.702,1,1,-99,-0.099
45,"dotnumber","hard","hard",0.934,-1,0,-99,-0.099
45,"dotnumber","hard","hard",0.751,1,1,-99,-0.099
45,"dotnumber","hard","hard",0.668,1,1,-99,-0.099
45,"dotnumber","hard","hard",0.701,1,1,-99,-0.099
45,"dotnumber","hard","hard",0.717,1,0,-99,-0.099
45,"dotnumber","hard","hard",1.102,-1,1,-99,-0.099
45,"dotnumber","hard","hard",0.885,1,1,-99,-0.099
45,"dotnumber","hard","hard",0.869,-1,1,-99,-0.099
45,"dotnumber","hard","hard",0.802,1,1,-99,-0.099
45,"dotnumber","hard","hard",0.684,1,0,-99,-0.099
45,"dotnumber","hard","hard",1.186,1,1,-99,-0.099
45,"dotnumber","hard","hard",0.902,-1,1,-99,-0.099
45,"dotnumber","hard","hard",1.185,1,1,-99,-0.099
45,"dotnumber","hard","hard",0.817,1,0,-99,-0.099
45,"dotnumber","hard","hard",0.835,-1,1,-99,-0.099
45,"dotnumber","hard","hard",1.369,-1,0,-99,-0.099
45,"dotnumber","hard","hard",0.802,1,0,-99,-0.099
45,"dotnumber","hard","hard",0.785,1,1,-99,-0.099
45,"dotnumber","hard","hard",0.885,1,0,-99,-0.099
45,"dotnumber","hard","hard",1.186,1,1,-99,-0.099
45,"dotnumber","hard","hard",0.935,-1,1,-99,-0.099
45,"dotnumber","hard","hard",0.918,1,1,-99,-0.099
45,"dotnumber","hard","hard",1.67,1,0,-99,-0.099
45,"dotnumber","hard","hard",0.753,-1,0,-99,-0.099
45,"dotnumber","hard","hard",0.751,1,0,-99,-0.099
45,"dotnumber","hard","hard",1.886,1,0,-99,-0.099
45,"dotnumber","hard","hard",0.986,-1,0,-99,-0.099
45,"dotnumber","hard","hard",0.952,-1,0,-99,-0.099
45,"dotnumber","hard","hard",1,-1,0,-99,-0.099
45,"dotnumber","hard","hard",0.985,1,1,-99,-0.099
45,"dotnumber","hard","hard",0.885,-1,1,-99,-0.099
45,"dotnumber","hard","hard",0.685,1,1,-99,-0.099
45,"dotnumber","hard","hard",0.718,-1,1,-99,-0.099
45,"dotnumber","hard","hard",0.885,-1,1,-99,-0.099
45,"dotnumber","hard","hard",0.951,-1,1,-99,-0.099
45,"dotnumber","hard","hard",1.585,1,0,-99,-0.099
45,"dotnumber","hard","hard",0.901,-1,1,-99,-0.099
45,"dotnumber","hard","hard",0.819,-1,1,-99,-0.099
45,"dotnumber","hard","hard",1.384,-1,0,-99,-0.099
45,"dotnumber","hard","hard",0.768,-1,1,-99,-0.099
45,"dotnumber","hard","hard",1.203,-1,0,-99,-0.099
45,"dotnumber","hard","hard",1.636,-1,0,-99,-0.099
45,"dotnumber","hard","hard",0.818,-1,0,-99,-0.099
45,"dotnumber","hard","hard",0.584,1,1,-99,-0.099
45,"dotnumber","hard","hard",0.685,-1,1,-99,-0.099
45,"dotnumber","hard","hard",0.868,-1,1,-99,-0.099
45,"dotnumber","hard","hard",0.785,1,0,-99,-0.099
45,"dotnumber","hard","hard",1.085,1,1,-99,-0.099
45,"dotnumber","hard","hard",0.836,1,1,-99,-0.099
45,"dotnumber","hard","hard",0.885,1,1,-99,-0.099
45,"dotnumber","hard","hard",0.818,1,1,-99,-0.099
45,"dotnumber","hard","hard",1.286,1,1,-99,-0.099
45,"dotnumber","hard","hard",0.734,-1,1,-99,-0.099
45,"dotnumber","hard","hard",0.785,1,0,-99,-0.099
45,"dotnumber","hard","hard",1.268,1,1,-99,-0.099
45,"dotnumber","hard","hard",0.952,-1,0,-99,-0.099
45,"dotnumber","hard","hard",0.751,1,0,-99,-0.099
45,"dotnumber","hard","hard",0.768,1,0,-99,-0.099
45,"dotnumber","hard","hard",0.535,-1,1,-99,-0.099
45,"dotnumber","hard","hard",0.585,1,1,-99,-0.099
45,"dotnumber","hard","hard",0.818,-1,1,-99,-0.099
45,"dotnumber","hard","hard",0.668,1,1,-99,-0.099
45,"dotnumber","hard","hard",0.618,1,1,-99,-0.099
45,"dotnumber","hard","hard",0.819,1,0,-99,-0.099
45,"dotnumber","hard","hard",0.701,1,1,-99,-0.099
45,"dotnumber","hard","hard",1.72,-1,0,-99,-0.099
45,"dotnumber","hard","hard",0.652,1,1,-99,-0.099
45,"dotnumber","hard","hard",0.852,-1,1,-99,-0.099
45,"dotnumber","hard","hard",0.786,-1,0,-99,-0.099
45,"dotnumber","hard","hard",0.685,1,0,-99,-0.099
45,"dotnumber","hard","hard",0.918,-1,0,-99,-0.099
45,"dotnumber","hard","hard",1.502,1,0,-99,-0.099
45,"dotnumber","hard","hard",0.601,1,1,-99,-0.099
45,"dotnumber","hard","hard",0.736,-1,1,-99,-0.099
45,"dotnumber","hard","hard",0.502,1,1,-99,-0.099
45,"dotnumber","hard","hard",1.201,1,1,-99,-0.099
45,"dotnumber","hard","hard",0.768,-1,1,-99,-0.099
45,"dotnumber","hard","hard",0.835,-1,1,-99,-0.099
45,"dotnumber","hard","hard",0.903,-1,1,-99,-0.099
45,"dotnumber","hard","hard",1.486,-1,1,-99,-0.099
45,"dotnumber","hard","hard",0.684,1,1,-99,-0.099
45,"dotnumber","hard","hard",0.551,1,0,-99,-0.099
45,"dotnumber","hard","hard",0.869,1,0,-99,-0.099
45,"dotnumber","hard","hard",0.702,-1,0,-99,-0.099
45,"dotnumber","hard","hard",0.834,-1,0,-99,-0.099
45,"dotnumber","hard","hard",1.052,-1,0,-99,-0.099
45,"dotnumber","hard","hard",0.736,-1,1,-99,-0.099
45,"dotnumber","hard","hard",1.103,-1,1,-99,-0.099
45,"dotnumber","hard","hard",0.934,-1,0,-99,-0.099
45,"dotnumber","hard","hard",0.818,-1,1,-99,-0.099
45,"dotnumber","hard","hard",0.719,-1,0,-99,-0.099
45,"dotnumber","hard","hard",0.836,1,0,-99,-0.099
45,"dotnumber","hard","hard",0.685,1,1,-99,-0.099
45,"dotnumber","hard","hard",1.253,1,0,-99,-0.099
45,"dotnumber","hard","hard",0.718,-1,1,-99,-0.099
45,"dotnumber","hard","hard",0.668,-1,1,-99,-0.099
45,"dotnumber","hard","hard",2.387,-1,1,-99,-0.099
45,"dotnumber","hard","hard",0.669,1,1,-99,-0.099
45,"dotnumber","hard","hard",0.751,1,1,-99,-0.099
45,"dotnumber","hard","hard",0.703,-1,1,-99,-0.099
45,"dotnumber","hard","hard",1.652,-1,0,-99,-0.099
45,"dotnumber","hard","hard",0.718,1,1,-99,-0.099
45,"dotnumber","hard","hard",0.669,1,1,-99,-0.099
45,"dotnumber","hard","hard",0.768,1,1,-99,-0.099
45,"dotnumber","hard","hard",0.969,1,0,-99,-0.099
46,"dotcolour","average","average",2.019,1,0,-99,-0.099
46,"dotcolour","average","average",0.751,1,1,-99,-0.099
46,"dotcolour","average","average",0.518,1,1,-99,-0.099
46,"dotcolour","average","average",0.702,1,1,-99,-0.099
46,"dotcolour","average","average",0.585,-1,1,-99,-0.099
46,"dotcolour","average","average",0.517,1,1,-99,-0.099
46,"dotcolour","average","average",0.502,-1,1,-99,-0.099
46,"dotcolour","average","average",0.535,1,1,-99,-0.099
46,"dotcolour","average","average",0.401,-1,0,-99,-0.099
46,"dotcolour","average","average",0.618,-1,1,-99,-0.099
46,"dotcolour","average","average",0.485,-1,1,-99,-0.099
46,"dotcolour","average","average",0.484,-1,1,-99,-0.099
46,"dotcolour","average","average",0.535,-1,0,-99,-0.099
46,"dotcolour","average","average",0.502,1,1,-99,-0.099
46,"dotcolour","average","average",0.501,1,0,-99,-0.099
46,"dotcolour","average","average",0.434,-1,1,-99,-0.099
46,"dotcolour","average","average",0.485,-1,0,-99,-0.099
46,"dotcolour","average","average",0.618,1,1,-99,-0.099
46,"dotcolour","average","average",0.819,-1,0,-99,-0.099
46,"dotcolour","average","average",1.053,-1,1,-99,-0.099
46,"dotcolour","average","average",0.651,-1,0,-99,-0.099
46,"dotcolour","average","average",0.668,1,0,-99,-0.099
46,"dotcolour","average","average",0.569,-1,1,-99,-0.099
46,"dotcolour","average","average",0.568,-1,1,-99,-0.099
46,"dotcolour","average","average",0.801,-1,0,-99,-0.099
46,"dotcolour","average","average",0.484,-1,1,-99,-0.099
46,"dotcolour","average","average",0.535,-1,1,-99,-0.099
46,"dotcolour","average","average",0.602,-1,0,-99,-0.099
46,"dotcolour","average","average",0.651,-1,1,-99,-0.099
46,"dotcolour","average","average",0.568,-1,1,-99,-0.099
46,"dotcolour","average","average",0.602,1,1,-99,-0.099
46,"dotcolour","average","average",0.751,-1,0,-99,-0.099
46,"dotcolour","average","average",0.801,-1,0,-99,-0.099
46,"dotcolour","average","average",0.669,-1,1,-99,-0.099
46,"dotcolour","average","average",0.601,1,1,-99,-0.099
46,"dotcolour","average","average",0.685,-1,1,-99,-0.099
46,"dotcolour","average","average",0.585,-1,1,-99,-0.099
46,"dotcolour","average","average",0.584,-1,1,-99,-0.099
46,"dotcolour","average","average",0.686,1,1,-99,-0.099
46,"dotcolour","average","average",0.584,-1,1,-99,-0.099
46,"dotcolour","average","average",0.636,-1,1,-99,-0.099
46,"dotcolour","average","average",0.668,1,1,-99,-0.099
46,"dotcolour","average","average",0.535,-1,1,-99,-0.099
46,"dotcolour","average","average",0.619,-1,0,-99,-0.099
46,"dotcolour","average","average",0.484,1,1,-99,-0.099
46,"dotcolour","average","average",0.635,-1,1,-99,-0.099
46,"dotcolour","average","average",0.784,1,1,-99,-0.099
46,"dotcolour","average","average",0.919,-1,0,-99,-0.099
46,"dotcolour","average","average",0.785,-1,1,-99,-0.099
46,"dotcolour","average","average",0.451,-1,1,-99,-0.099
46,"dotcolour","average","average",0.501,1,1,-99,-0.099
46,"dotcolour","average","average",0.801,-1,0,-99,-0.099
46,"dotcolour","average","average",0.834,1,1,-99,-0.099
46,"dotcolour","average","average",0.986,1,1,-99,-0.099
46,"dotcolour","average","average",1.135,1,0,-99,-0.099
46,"dotcolour","average","average",0.467,-1,1,-99,-0.099
46,"dotcolour","average","average",0.618,1,1,-99,-0.099
46,"dotcolour","average","average",1.086,-1,1,-99,-0.099
46,"dotcolour","average","average",1.168,1,1,-99,-0.099
46,"dotcolour","average","average",0.618,-1,0,-99,-0.099
46,"dotcolour","average","average",1.102,1,1,-99,-0.099
46,"dotcolour","average","average",1.453,-1,1,-99,-0.099
46,"dotcolour","average","average",1.285,1,0,-99,-0.099
46,"dotcolour","average","average",0.952,1,1,-99,-0.099
46,"dotcolour","average","average",1.019,-1,0,-99,-0.099
46,"dotcolour","average","average",0.736,-1,1,-99,-0.099
46,"dotcolour","average","average",0.819,-1,1,-99,-0.099
46,"dotcolour","average","average",0.718,-1,1,-99,-0.099
46,"dotcolour","average","average",0.735,1,0,-99,-0.099
46,"dotcolour","average","average",0.686,-1,1,-99,-0.099
46,"dotcolour","average","average",0.752,1,1,-99,-0.099
46,"dotcolour","average","average",1.318,-1,0,-99,-0.099
46,"dotcolour","average","average",0.835,1,1,-99,-0.099
46,"dotcolour","average","average",2.053,1,0,-99,-0.099
46,"dotcolour","average","average",0.986,-1,1,-99,-0.099
46,"dotcolour","average","average",0.702,1,1,-99,-0.099
46,"dotcolour","average","average",1.603,1,1,-99,-0.099
46,"dotcolour","average","average",1.569,1,1,-99,-0.099
46,"dotcolour","average","average",0.802,1,1,-99,-0.099
46,"dotcolour","average","average",0.718,-1,1,-99,-0.099
46,"dotcolour","average","average",0.752,1,1,-99,-0.099
46,"dotcolour","average","average",1.136,-1,0,-99,-0.099
46,"dotcolour","average","average",0.735,-1,1,-99,-0.099
46,"dotcolour","average","average",0.618,-1,1,-99,-0.099
46,"dotcolour","average","average",0.785,-1,1,-99,-0.099
46,"dotcolour","average","average",0.652,1,1,-99,-0.099
46,"dotcolour","average","average",0.535,1,1,-99,-0.099
46,"dotcolour","average","average",0.668,-1,1,-99,-0.099
46,"dotcolour","average","average",1.119,-1,1,-99,-0.099
46,"dotcolour","average","average",0.568,-1,1,-99,-0.099
46,"dotcolour","average","average",0.801,1,1,-99,-0.099
46,"dotcolour","average","average",1.086,-1,1,-99,-0.099
46,"dotcolour","average","average",0.535,-1,1,-99,-0.099
46,"dotcolour","average","average",0.617,1,1,-99,-0.099
46,"dotcolour","average","average",0.684,1,1,-99,-0.099
46,"dotcolour","average","average",0.634,-1,1,-99,-0.099
46,"dotcolour","average","average",0.818,1,1,-99,-0.099
46,"dotcolour","average","average",0.785,1,1,-99,-0.099
46,"dotcolour","average","average",0.752,1,1,-99,-0.099
46,"dotcolour","average","average",0.635,-1,1,-99,-0.099
46,"dotcolour","average","average",0.634,1,1,-99,-0.099
46,"dotcolour","average","average",0.685,1,0,-99,-0.099
46,"dotcolour","average","average",0.668,1,0,-99,-0.099
46,"dotcolour","average","average",0.718,1,0,-99,-0.099
46,"dotcolour","average","average",0.452,1,0,-99,-0.099
46,"dotcolour","average","average",1.953,-1,1,-99,-0.099
46,"dotcolour","average","average",0.734,1,1,-99,-0.099
46,"dotcolour","average","average",0.668,-1,1,-99,-0.099
46,"dotcolour","average","average",0.769,-1,1,-99,-0.099
46,"dotcolour","average","average",0.602,-1,1,-99,-0.099
46,"dotcolour","average","average",0.634,1,1,-99,-0.099
46,"dotcolour","average","average",0.818,1,1,-99,-0.099
46,"dotcolour","average","average",0.568,-1,0,-99,-0.099
46,"dotcolour","average","average",0.652,1,1,-99,-0.099
46,"dotcolour","average","average",2.721,1,1,-99,-0.099
46,"dotcolour","average","average",0.835,1,1,-99,-0.099
46,"dotcolour","average","average",0.602,-1,1,-99,-0.099
46,"dotcolour","average","average",0.535,-1,1,-99,-0.099
46,"dotcolour","average","average",0.619,-1,1,-99,-0.099
46,"dotcolour","average","average",0.569,1,1,-99,-0.099
46,"dotnumber","hard","hard",0.818,1,1,-99,-0.099
46,"dotnumber","hard","hard",0.785,-1,1,-99,-0.099
46,"dotnumber","hard","hard",0.852,-1,1,-99,-0.099
46,"dotnumber","hard","hard",1.586,1,0,-99,-0.099
46,"dotnumber","hard","hard",1.419,-1,1,-99,-0.099
46,"dotnumber","hard","hard",0.769,1,1,-99,-0.099
46,"dotnumber","hard","hard",1.67,-1,1,-99,-0.099
46,"dotnumber","hard","hard",1.452,1,0,-99,-0.099
46,"dotnumber","hard","hard",0.751,1,1,-99,-0.099
46,"dotnumber","hard","hard",0.752,1,1,-99,-0.099
46,"dotnumber","hard","hard",0.634,-1,1,-99,-0.099
46,"dotnumber","hard","hard",1.002,1,1,-99,-0.099
46,"dotnumber","hard","hard",0.902,1,0,-99,-0.099
46,"dotnumber","hard","hard",0.951,1,1,-99,-0.099
46,"dotnumber","hard","hard",0.818,1,0,-99,-0.099
46,"dotnumber","hard","hard",0.602,-1,0,-99,-0.099
46,"dotnumber","hard","hard",0.684,-1,0,-99,-0.099
46,"dotnumber","hard","hard",0.585,1,1,-99,-0.099
46,"dotnumber","hard","hard",0.551,1,1,-99,-0.099
46,"dotnumber","hard","hard",0.618,1,1,-99,-0.099
46,"dotnumber","hard","hard",0.852,-1,0,-99,-0.099
46,"dotnumber","hard","hard",0.519,1,0,-99,-0.099
46,"dotnumber","hard","hard",0.301,1,0,-99,-0.099
46,"dotnumber","hard","hard",1.152,-1,1,-99,-0.099
46,"dotnumber","hard","hard",0.652,1,1,-99,-0.099
46,"dotnumber","hard","hard",0.718,1,0,-99,-0.099
46,"dotnumber","hard","hard",0.886,-1,1,-99,-0.099
46,"dotnumber","hard","hard",0.602,-1,1,-99,-0.099
46,"dotnumber","hard","hard",0.518,1,1,-99,-0.099
46,"dotnumber","hard","hard",0.452,1,0,-99,-0.099
46,"dotnumber","hard","hard",0.434,1,1,-99,-0.099
46,"dotnumber","hard","hard",0.634,1,0,-99,-0.099
46,"dotnumber","hard","hard",0.701,1,1,-99,-0.099
46,"dotnumber","hard","hard",0.552,-1,0,-99,-0.099
46,"dotnumber","hard","hard",0.652,1,1,-99,-0.099
46,"dotnumber","hard","hard",0.435,1,0,-99,-0.099
46,"dotnumber","hard","hard",0.334,1,1,-99,-0.099
46,"dotnumber","hard","hard",0.637,1,0,-99,-0.099
46,"dotnumber","hard","hard",0.418,-1,1,-99,-0.099
46,"dotnumber","hard","hard",0.803,1,0,-99,-0.099
46,"dotnumber","hard","hard",0.586,1,0,-99,-0.099
46,"dotnumber","hard","hard",1.385,1,1,-99,-0.099
46,"dotnumber","hard","hard",0.368,-1,0,-99,-0.099
46,"dotnumber","hard","hard",0.334,1,1,-99,-0.099
46,"dotnumber","hard","hard",0.719,-1,1,-99,-0.099
46,"dotnumber","hard","hard",0.568,1,1,-99,-0.099
46,"dotnumber","hard","hard",0.385,1,0,-99,-0.099
46,"dotnumber","hard","hard",0.584,1,1,-99,-0.099
46,"dotnumber","hard","hard",1.419,-1,1,-99,-0.099
46,"dotnumber","hard","hard",1.152,-1,0,-99,-0.099
46,"dotnumber","hard","hard",0.786,-1,0,-99,-0.099
46,"dotnumber","hard","hard",0.585,1,1,-99,-0.099
46,"dotnumber","hard","hard",0.969,1,0,-99,-0.099
46,"dotnumber","hard","hard",0.435,1,1,-99,-0.099
46,"dotnumber","hard","hard",0.368,1,0,-99,-0.099
46,"dotnumber","hard","hard",0.335,1,1,-99,-0.099
46,"dotnumber","hard","hard",0.401,1,0,-99,-0.099
46,"dotnumber","hard","hard",0.284,-1,1,-99,-0.099
46,"dotnumber","hard","hard",0.352,1,0,-99,-0.099
46,"dotnumber","hard","hard",0.886,-1,0,-99,-0.099
46,"dotnumber","hard","hard",0.752,1,1,-99,-0.099
46,"dotnumber","hard","hard",0.668,1,1,-99,-0.099
46,"dotnumber","hard","hard",1.118,-1,0,-99,-0.099
46,"dotnumber","hard","hard",0.468,1,1,-99,-0.099
46,"dotnumber","hard","hard",0.233,1,0,-99,-0.099
46,"dotnumber","hard","hard",0.402,1,0,-99,-0.099
46,"dotnumber","hard","hard",0.585,1,0,-99,-0.099
46,"dotnumber","hard","hard",0.502,1,0,-99,-0.099
46,"dotnumber","hard","hard",0.452,1,1,-99,-0.099
46,"dotnumber","hard","hard",0.335,1,0,-99,-0.099
46,"dotnumber","hard","hard",0.551,1,1,-99,-0.099
46,"dotnumber","hard","hard",0.318,-1,1,-99,-0.099
46,"dotnumber","hard","hard",0.618,-1,0,-99,-0.099
46,"dotnumber","hard","hard",0.352,1,0,-99,-0.099
46,"dotnumber","hard","hard",0.318,1,0,-99,-0.099
46,"dotnumber","hard","hard",0.302,1,1,-99,-0.099
46,"dotnumber","hard","hard",0.584,1,1,-99,-0.099
46,"dotnumber","hard","hard",0.535,1,0,-99,-0.099
46,"dotnumber","hard","hard",0.368,-1,0,-99,-0.099
46,"dotnumber","hard","hard",0.419,1,1,-99,-0.099
46,"dotnumber","hard","hard",0.352,1,1,-99,-0.099
46,"dotnumber","hard","hard",0.869,-1,1,-99,-0.099
46,"dotnumber","hard","hard",0.585,1,0,-99,-0.099
46,"dotnumber","hard","hard",0.552,1,0,-99,-0.099
46,"dotnumber","hard","hard",0.551,1,0,-99,-0.099
46,"dotnumber","hard","hard",0.518,-1,0,-99,-0.099
46,"dotnumber","hard","hard",0.902,1,0,-99,-0.099
46,"dotnumber","hard","hard",0.686,-1,1,-99,-0.099
46,"dotnumber","hard","hard",1.236,1,1,-99,-0.099
46,"dotnumber","hard","hard",0.668,1,1,-99,-0.099
46,"dotnumber","hard","hard",0.569,-1,1,-99,-0.099
46,"dotnumber","hard","hard",0.735,1,0,-99,-0.099
46,"dotnumber","hard","hard",0.785,-1,0,-99,-0.099
46,"dotnumber","hard","hard",0.568,1,1,-99,-0.099
46,"dotnumber","hard","hard",0.535,1,0,-99,-0.099
46,"dotnumber","hard","hard",0.519,1,1,-99,-0.099
46,"dotnumber","hard","hard",0.419,-1,0,-99,-0.099
46,"dotnumber","hard","hard",0.285,1,1,-99,-0.099
46,"dotnumber","hard","hard",0.568,-1,0,-99,-0.099
46,"dotnumber","hard","hard",0.468,1,0,-99,-0.099
46,"dotnumber","hard","hard",0.335,-1,1,-99,-0.099
46,"dotnumber","hard","hard",0.885,1,0,-99,-0.099
46,"dotnumber","hard","hard",0.735,-1,1,-99,-0.099
46,"dotnumber","hard","hard",0.252,1,0,-99,-0.099
46,"dotnumber","hard","hard",0.634,1,1,-99,-0.099
46,"dotnumber","hard","hard",0.819,-1,0,-99,-0.099
46,"dotnumber","hard","hard",0.318,1,0,-99,-0.099
46,"dotnumber","hard","hard",0.469,1,0,-99,-0.099
46,"dotnumber","hard","hard",0.601,-1,1,-99,-0.099
46,"dotnumber","hard","hard",0.602,1,1,-99,-0.099
46,"dotnumber","hard","hard",0.635,1,1,-99,-0.099
46,"dotnumber","hard","hard",0.702,-1,0,-99,-0.099
46,"dotnumber","hard","hard",0.969,-1,1,-99,-0.099
46,"dotnumber","hard","hard",1.301,-1,0,-99,-0.099
46,"dotnumber","hard","hard",0.635,-1,1,-99,-0.099
46,"dotnumber","hard","hard",1.369,-1,1,-99,-0.099
46,"dotnumber","hard","hard",1.319,1,1,-99,-0.099
46,"dotnumber","hard","hard",0.635,-1,1,-99,-0.099
46,"dotnumber","hard","hard",1.519,-1,0,-99,-0.099
46,"dotnumber","hard","hard",1.019,-1,0,-99,-0.099
46,"xotask","easy","easy",0.786,-1,1,-99,-0.099
46,"xotask","easy","easy",0.602,1,1,-99,-0.099
46,"xotask","easy","easy",0.702,-1,1,-99,-0.099
46,"xotask","easy","easy",0.601,-1,1,-99,-0.099
46,"xotask","easy","easy",0.852,-1,1,-99,-0.099
46,"xotask","easy","easy",0.502,-1,1,-99,-0.099
46,"xotask","easy","easy",0.335,-1,1,-99,-0.099
46,"xotask","easy","easy",0.301,-1,1,-99,-0.099
46,"xotask","easy","easy",0.501,1,1,-99,-0.099
46,"xotask","easy","easy",0.468,1,0,-99,-0.099
46,"xotask","easy","easy",0.189,-1,0,-99,-0.099
46,"xotask","easy","easy",0.653,1,1,-99,-0.099
46,"xotask","easy","easy",0.734,1,1,-99,-0.099
46,"xotask","easy","easy",0.635,-1,1,-99,-0.099
46,"xotask","easy","easy",0.502,-1,1,-99,-0.099
46,"xotask","easy","easy",0.602,1,1,-99,-0.099
46,"xotask","easy","easy",0.752,1,1,-99,-0.099
46,"xotask","easy","easy",0.685,1,1,-99,-0.099
46,"xotask","easy","easy",1.052,1,0,-99,-0.099
46,"xotask","easy","easy",0.569,1,1,-99,-0.099
46,"xotask","easy","easy",0.836,-1,1,-99,-0.099
46,"xotask","easy","easy",0.618,1,1,-99,-0.099
46,"xotask","easy","easy",1.136,1,1,-99,-0.099
46,"xotask","easy","easy",0.718,1,1,-99,-0.099
46,"xotask","easy","easy",0.869,-1,0,-99,-0.099
46,"xotask","easy","easy",0.452,-1,1,-99,-0.099
46,"xotask","easy","easy",0.468,-1,1,-99,-0.099
46,"xotask","easy","easy",0.434,-1,1,-99,-0.099
46,"xotask","easy","easy",0.537,1,1,-99,-0.099
46,"xotask","easy","easy",0.519,1,1,-99,-0.099
46,"xotask","easy","easy",0.251,1,1,-99,-0.099
46,"xotask","easy","easy",0.368,1,1,-99,-0.099
46,"xotask","easy","easy",0.436,1,1,-99,-0.099
46,"xotask","easy","easy",0.485,-1,1,-99,-0.099
46,"xotask","easy","easy",1.102,-1,1,-99,-0.099
46,"xotask","easy","easy",0.5,-1,1,-99,-0.099
46,"xotask","easy","easy",0.451,-1,1,-99,-0.099
46,"xotask","easy","easy",0.435,-1,1,-99,-0.099
46,"xotask","easy","easy",0.568,1,1,-99,-0.099
46,"xotask","easy","easy",0.635,1,1,-99,-0.099
46,"xotask","easy","easy",0.719,1,1,-99,-0.099
46,"xotask","easy","easy",0.417,1,1,-99,-0.099
46,"xotask","easy","easy",0.718,-1,1,-99,-0.099
46,"xotask","easy","easy",1.135,1,1,-99,-0.099
46,"xotask","easy","easy",0.518,-1,1,-99,-0.099
46,"xotask","easy","easy",0.333,-1,1,-99,-0.099
46,"xotask","easy","easy",0.635,1,1,-99,-0.099
46,"xotask","easy","easy",0.603,-1,1,-99,-0.099
46,"xotask","easy","easy",0.986,1,1,-99,-0.099
46,"xotask","easy","easy",0.519,1,1,-99,-0.099
46,"xotask","easy","easy",0.669,-1,1,-99,-0.099
46,"xotask","easy","easy",0.535,-1,1,-99,-0.099
46,"xotask","easy","easy",0.418,-1,0,-99,-0.099
46,"xotask","easy","easy",0.519,1,1,-99,-0.099
46,"xotask","easy","easy",0.435,1,1,-99,-0.099
46,"xotask","easy","easy",0.486,-1,1,-99,-0.099
46,"xotask","easy","easy",0.752,1,1,-99,-0.099
46,"xotask","easy","easy",0.802,1,1,-99,-0.099
46,"xotask","easy","easy",0.502,1,1,-99,-0.099
46,"xotask","easy","easy",0.385,1,1,-99,-0.099
46,"xotask","easy","easy",0.435,1,1,-99,-0.099
46,"xotask","easy","easy",0.752,-1,1,-99,-0.099
46,"xotask","easy","easy",0.535,-1,1,-99,-0.099
46,"xotask","easy","easy",0.718,-1,1,-99,-0.099
46,"xotask","easy","easy",0.618,-1,1,-99,-0.099
46,"xotask","easy","easy",0.552,-1,1,-99,-0.099
46,"xotask","easy","easy",0.785,1,1,-99,-0.099
46,"xotask","easy","easy",0.618,-1,1,-99,-0.099
46,"xotask","easy","easy",0.451,-1,1,-99,-0.099
46,"xotask","easy","easy",0.401,-1,0,-99,-0.099
46,"xotask","easy","easy",0.552,-1,1,-99,-0.099
46,"xotask","easy","easy",0.535,-1,1,-99,-0.099
46,"xotask","easy","easy",0.602,-1,1,-99,-0.099
46,"xotask","easy","easy",0.618,1,1,-99,-0.099
46,"xotask","easy","easy",0.785,1,1,-99,-0.099
46,"xotask","easy","easy",1.119,1,0,-99,-0.099
46,"xotask","easy","easy",0.853,-1,1,-99,-0.099
46,"xotask","easy","easy",0.801,1,1,-99,-0.099
46,"xotask","easy","easy",0.501,-1,1,-99,-0.099
46,"xotask","easy","easy",0.418,-1,1,-99,-0.099
46,"xotask","easy","easy",0.517,-1,1,-99,-0.099
46,"xotask","easy","easy",0.452,-1,1,-99,-0.099
46,"xotask","easy","easy",0.434,1,1,-99,-0.099
46,"xotask","easy","easy",0.502,-1,1,-99,-0.099
46,"xotask","easy","easy",0.468,1,1,-99,-0.099
46,"xotask","easy","easy",0.584,-1,1,-99,-0.099
46,"xotask","easy","easy",0.318,1,0,-99,-0.099
46,"xotask","easy","easy",0.802,1,1,-99,-0.099
46,"xotask","easy","easy",0.634,-1,1,-99,-0.099
46,"xotask","easy","easy",0.602,-1,0,-99,-0.099
46,"xotask","easy","easy",0.602,-1,0,-99,-0.099
46,"xotask","easy","easy",1.386,1,1,-99,-0.099
46,"xotask","easy","easy",0.802,1,1,-99,-0.099
46,"xotask","easy","easy",0.368,1,1,-99,-0.099
46,"xotask","easy","easy",0.803,1,1,-99,-0.099
46,"xotask","easy","easy",1.937,1,0,-99,-0.099
46,"xotask","easy","easy",0.885,-1,1,-99,-0.099
46,"xotask","easy","easy",0.667,1,0,-99,-0.099
46,"xotask","easy","easy",0.501,1,1,-99,-0.099
46,"xotask","easy","easy",0.451,1,1,-99,-0.099
46,"xotask","easy","easy",0.752,1,1,-99,-0.099
46,"xotask","easy","easy",0.701,-1,1,-99,-0.099
46,"xotask","easy","easy",0.836,1,1,-99,-0.099
46,"xotask","easy","easy",0.702,-1,1,-99,-0.099
46,"xotask","easy","easy",1.019,-1,1,-99,-0.099
46,"xotask","easy","easy",0.552,-1,1,-99,-0.099
46,"xotask","easy","easy",0.968,1,1,-99,-0.099
46,"xotask","easy","easy",0.735,-1,1,-99,-0.099
46,"xotask","easy","easy",1.436,1,1,-99,-0.099
46,"xotask","easy","easy",1.735,-1,1,-99,-0.099
46,"xotask","easy","easy",3.939,-1,0,-99,-0.099
46,"xotask","easy","easy",0.535,-1,1,-99,-0.099
46,"xotask","easy","easy",0.569,1,1,-99,-0.099
46,"xotask","easy","easy",0.77,1,1,-99,-0.099
46,"xotask","easy","easy",0.819,-1,1,-99,-0.099
46,"xotask","easy","easy",1.419,-1,0,-99,-0.099
46,"xotask","easy","easy",0.719,1,1,-99,-0.099
46,"xotask","easy","easy",1.202,1,0,-99,-0.099
46,"xotask","easy","easy",0.701,-1,0,-99,-0.099
46,"xotask","easy","easy",1.419,-1,1,-99,-0.099
47,"dotnumber","hard","hard",0.585,1,0,-99,-0.099
47,"dotnumber","hard","hard",0.552,1,0,-99,-0.099
47,"dotnumber","hard","hard",0.668,-1,1,-99,-0.099
47,"dotnumber","hard","hard",0.568,-1,1,-99,-0.099
47,"dotnumber","hard","hard",0.535,-1,1,-99,-0.099
47,"dotnumber","hard","hard",0.502,-1,1,-99,-0.099
47,"dotnumber","hard","hard",0.518,-1,1,-99,-0.099
47,"dotnumber","hard","hard",0.418,1,0,-99,-0.099
47,"dotnumber","hard","hard",0.485,1,1,-99,-0.099
47,"dotnumber","hard","hard",0.552,1,1,-99,-0.099
47,"dotnumber","hard","hard",0.452,-1,0,-99,-0.099
47,"dotnumber","hard","hard",0.585,-1,0,-99,-0.099
47,"dotnumber","hard","hard",0.435,-1,0,-99,-0.099
47,"dotnumber","hard","hard",0.402,1,1,-99,-0.099
47,"dotnumber","hard","hard",0.635,-1,1,-99,-0.099
47,"dotnumber","hard","hard",0.451,1,1,-99,-0.099
47,"dotnumber","hard","hard",0.518,1,1,-99,-0.099
47,"dotnumber","hard","hard",0.518,-1,1,-99,-0.099
47,"dotnumber","hard","hard",0.434,-1,0,-99,-0.099
47,"dotnumber","hard","hard",0.835,1,1,-99,-0.099
47,"dotnumber","hard","hard",0.435,1,1,-99,-0.099
47,"dotnumber","hard","hard",0.401,1,0,-99,-0.099
47,"dotnumber","hard","hard",0.436,1,1,-99,-0.099
47,"dotnumber","hard","hard",0.352,1,0,-99,-0.099
47,"dotnumber","hard","hard",0.902,1,0,-99,-0.099
47,"dotnumber","hard","hard",0.518,1,0,-99,-0.099
47,"dotnumber","hard","hard",0.384,1,1,-99,-0.099
47,"dotnumber","hard","hard",0.401,1,1,-99,-0.099
47,"dotnumber","hard","hard",0.419,1,0,-99,-0.099
47,"dotnumber","hard","hard",0.551,1,0,-99,-0.099
47,"dotnumber","hard","hard",0.852,-1,1,-99,-0.099
47,"dotnumber","hard","hard",0.818,-1,1,-99,-0.099
47,"dotnumber","hard","hard",0.618,1,0,-99,-0.099
47,"dotnumber","hard","hard",0.668,1,1,-99,-0.099
47,"dotnumber","hard","hard",0.818,-1,1,-99,-0.099
47,"dotnumber","hard","hard",0.635,1,1,-99,-0.099
47,"dotnumber","hard","hard",0.651,1,1,-99,-0.099
47,"dotnumber","hard","hard",0.668,-1,1,-99,-0.099
47,"dotnumber","hard","hard",0.551,1,1,-99,-0.099
47,"dotnumber","hard","hard",0.434,1,1,-99,-0.099
47,"dotnumber","hard","hard",0.518,1,1,-99,-0.099
47,"dotnumber","hard","hard",0.768,-1,1,-99,-0.099
47,"dotnumber","hard","hard",0.819,1,1,-99,-0.099
47,"dotnumber","hard","hard",0.518,1,1,-99,-0.099
47,"dotnumber","hard","hard",0.551,1,1,-99,-0.099
47,"dotnumber","hard","hard",0.852,1,0,-99,-0.099
47,"dotnumber","hard","hard",0.617,1,1,-99,-0.099
47,"dotnumber","hard","hard",0.635,1,0,-99,-0.099
47,"dotnumber","hard","hard",0.569,1,0,-99,-0.099
47,"dotnumber","hard","hard",0.502,1,0,-99,-0.099
47,"dotnumber","hard","hard",1.236,1,1,-99,-0.099
47,"dotnumber","hard","hard",0.735,1,1,-99,-0.099
47,"dotnumber","hard","hard",0.518,1,1,-99,-0.099
47,"dotnumber","hard","hard",0.519,-1,1,-99,-0.099
47,"dotnumber","hard","hard",0.584,-1,1,-99,-0.099
47,"dotnumber","hard","hard",0.552,1,1,-99,-0.099
47,"dotnumber","hard","hard",0.518,1,0,-99,-0.099
47,"dotnumber","hard","hard",0.884,-1,0,-99,-0.099
47,"dotnumber","hard","hard",0.584,1,1,-99,-0.099
47,"dotnumber","hard","hard",0.552,-1,0,-99,-0.099
47,"dotnumber","hard","hard",0.734,1,1,-99,-0.099
47,"dotnumber","hard","hard",0.602,1,0,-99,-0.099
47,"dotnumber","hard","hard",0.635,1,0,-99,-0.099
47,"dotnumber","hard","hard",0.618,-1,0,-99,-0.099
47,"dotnumber","hard","hard",0.768,-1,1,-99,-0.099
47,"dotnumber","hard","hard",1.001,1,1,-99,-0.099
47,"dotnumber","hard","hard",0.768,-1,1,-99,-0.099
47,"dotnumber","hard","hard",0.385,1,0,-99,-0.099
47,"dotnumber","hard","hard",0.335,1,0,-99,-0.099
47,"dotnumber","hard","hard",0.284,1,1,-99,-0.099
47,"dotnumber","hard","hard",0.435,1,1,-99,-0.099
47,"dotnumber","hard","hard",0.14,1,0,-99,-0.099
47,"dotnumber","hard","hard",0.535,1,1,-99,-0.099
47,"dotnumber","hard","hard",0.552,-1,1,-99,-0.099
47,"dotnumber","hard","hard",0.435,1,1,-99,-0.099
47,"dotnumber","hard","hard",0.702,-1,1,-99,-0.099
47,"dotnumber","hard","hard",0.585,-1,1,-99,-0.099
47,"dotnumber","hard","hard",0.585,-1,0,-99,-0.099
47,"dotnumber","hard","hard",0.517,1,0,-99,-0.099
47,"dotnumber","hard","hard",0.535,-1,1,-99,-0.099
47,"dotnumber","hard","hard",0.586,-1,0,-99,-0.099
47,"dotnumber","hard","hard",0.368,1,1,-99,-0.099
47,"dotnumber","hard","hard",0.452,-1,1,-99,-0.099
47,"dotnumber","hard","hard",0.935,-1,1,-99,-0.099
47,"dotnumber","hard","hard",0.417,1,1,-99,-0.099
47,"dotnumber","hard","hard",0.568,-1,0,-99,-0.099
47,"dotnumber","hard","hard",0.502,1,1,-99,-0.099
47,"dotnumber","hard","hard",0.434,1,1,-99,-0.099
47,"dotnumber","hard","hard",0.635,-1,1,-99,-0.099
47,"dotnumber","hard","hard",0.319,1,1,-99,-0.099
47,"dotnumber","hard","hard",0.384,1,0,-99,-0.099
47,"dotnumber","hard","hard",0.418,1,0,-99,-0.099
47,"dotnumber","hard","hard",0.402,1,1,-99,-0.099
47,"dotnumber","hard","hard",0.351,1,0,-99,-0.099
47,"dotnumber","hard","hard",0.368,-1,1,-99,-0.099
47,"dotnumber","hard","hard",0.369,1,1,-99,-0.099
47,"dotnumber","hard","hard",0.652,1,1,-99,-0.099
47,"dotnumber","hard","hard",0.418,1,1,-99,-0.099
47,"dotnumber","hard","hard",0.736,1,1,-99,-0.099
47,"dotnumber","hard","hard",0.718,1,1,-99,-0.099
47,"dotnumber","hard","hard",0.718,1,0,-99,-0.099
47,"dotnumber","hard","hard",0.836,1,1,-99,-0.099
47,"dotnumber","hard","hard",1.336,-1,1,-99,-0.099
47,"dotnumber","hard","hard",0.768,-1,1,-99,-0.099
47,"dotnumber","hard","hard",1.135,1,0,-99,-0.099
47,"dotnumber","hard","hard",0.869,1,0,-99,-0.099
47,"dotnumber","hard","hard",0.617,1,1,-99,-0.099
47,"dotnumber","hard","hard",0.652,1,1,-99,-0.099
47,"dotnumber","hard","hard",0.485,1,1,-99,-0.099
47,"dotnumber","hard","hard",0.635,1,0,-99,-0.099
47,"dotnumber","hard","hard",0.584,1,1,-99,-0.099
47,"dotnumber","hard","hard",0.719,1,1,-99,-0.099
47,"dotnumber","hard","hard",0.501,1,0,-99,-0.099
47,"dotnumber","hard","hard",0.568,1,1,-99,-0.099
47,"dotnumber","hard","hard",0.569,1,0,-99,-0.099
47,"dotnumber","hard","hard",0.601,1,0,-99,-0.099
47,"dotnumber","hard","hard",1.051,1,1,-99,-0.099
47,"dotnumber","hard","hard",0.418,1,0,-99,-0.099
47,"dotnumber","hard","hard",0.451,1,0,-99,-0.099
47,"dotnumber","hard","hard",0.484,1,0,-99,-0.099
47,"xotask","easy","easy",2.47,1,1,-99,-0.099
47,"xotask","easy","easy",0.836,-1,1,-99,-0.099
47,"xotask","easy","easy",2.669,-1,1,-99,-0.099
47,"xotask","easy","easy",0.868,-1,1,-99,-0.099
47,"xotask","easy","easy",0.619,1,1,-99,-0.099
47,"xotask","easy","easy",0.601,1,1,-99,-0.099
47,"xotask","easy","easy",0.668,-1,1,-99,-0.099
47,"xotask","easy","easy",0.718,-1,1,-99,-0.099
47,"xotask","easy","easy",0.735,-1,1,-99,-0.099
47,"xotask","easy","easy",0.736,-1,1,-99,-0.099
47,"xotask","easy","easy",0.885,1,1,-99,-0.099
47,"xotask","easy","easy",0.703,-1,1,-99,-0.099
47,"xotask","easy","easy",1.135,1,1,-99,-0.099
47,"xotask","easy","easy",0.835,1,1,-99,-0.099
47,"xotask","easy","easy",0.535,1,1,-99,-0.099
47,"xotask","easy","easy",0.585,1,1,-99,-0.099
47,"xotask","easy","easy",0.418,-1,1,-99,-0.099
47,"xotask","easy","easy",0.886,1,1,-99,-0.099
47,"xotask","easy","easy",0.501,-1,1,-99,-0.099
47,"xotask","easy","easy",1.368,-1,1,-99,-0.099
47,"xotask","easy","easy",0.585,-1,1,-99,-0.099
47,"xotask","easy","easy",0.551,-1,0,-99,-0.099
47,"xotask","easy","easy",0.586,1,1,-99,-0.099
47,"xotask","easy","easy",0.401,1,1,-99,-0.099
47,"xotask","easy","easy",1.019,-1,1,-99,-0.099
47,"xotask","easy","easy",0.802,-1,1,-99,-0.099
47,"xotask","easy","easy",0.518,1,1,-99,-0.099
47,"xotask","easy","easy",0.518,1,0,-99,-0.099
47,"xotask","easy","easy",1.119,-1,1,-99,-0.099
47,"xotask","easy","easy",0.701,-1,1,-99,-0.099
47,"xotask","easy","easy",0.535,1,1,-99,-0.099
47,"xotask","easy","easy",0.617,-1,1,-99,-0.099
47,"xotask","easy","easy",0.551,-1,1,-99,-0.099
47,"xotask","easy","easy",0.435,-1,1,-99,-0.099
47,"xotask","easy","easy",0.435,1,1,-99,-0.099
47,"xotask","easy","easy",0.569,-1,1,-99,-0.099
47,"xotask","easy","easy",0.519,-1,1,-99,-0.099
47,"xotask","easy","easy",0.585,1,1,-99,-0.099
47,"xotask","easy","easy",0.619,-1,1,-99,-0.099
47,"xotask","easy","easy",0.485,1,1,-99,-0.099
47,"xotask","easy","easy",0.469,1,1,-99,-0.099
47,"xotask","easy","easy",0.451,1,1,-99,-0.099
47,"xotask","easy","easy",0.551,1,1,-99,-0.099
47,"xotask","easy","easy",0.435,1,1,-99,-0.099
47,"xotask","easy","easy",0.468,1,1,-99,-0.099
47,"xotask","easy","easy",0.535,1,1,-99,-0.099
47,"xotask","easy","easy",0.669,-1,1,-99,-0.099
47,"xotask","easy","easy",0.902,1,1,-99,-0.099
47,"xotask","easy","easy",0.737,1,1,-99,-0.099
47,"xotask","easy","easy",0.435,1,1,-99,-0.099
47,"xotask","easy","easy",0.418,1,1,-99,-0.099
47,"xotask","easy","easy",0.468,-1,1,-99,-0.099
47,"xotask","easy","easy",1.051,1,1,-99,-0.099
47,"xotask","easy","easy",1.101,-1,1,-99,-0.099
47,"xotask","easy","easy",0.869,-1,1,-99,-0.099
47,"xotask","easy","easy",0.735,-1,1,-99,-0.099
47,"xotask","easy","easy",0.636,1,1,-99,-0.099
47,"xotask","easy","easy",0.601,1,1,-99,-0.099
47,"xotask","easy","easy",0.585,1,1,-99,-0.099
47,"xotask","easy","easy",0.45,1,1,-99,-0.099
47,"xotask","easy","easy",0.684,-1,1,-99,-0.099
47,"xotask","easy","easy",0.669,1,1,-99,-0.099
47,"xotask","easy","easy",0.585,1,1,-99,-0.099
47,"xotask","easy","easy",0.485,1,1,-99,-0.099
47,"xotask","easy","easy",0.752,-1,1,-99,-0.099
47,"xotask","easy","easy",0.535,-1,1,-99,-0.099
47,"xotask","easy","easy",0.551,-1,1,-99,-0.099
47,"xotask","easy","easy",0.602,1,1,-99,-0.099
47,"xotask","easy","easy",0.551,-1,1,-99,-0.099
47,"xotask","easy","easy",0.518,-1,1,-99,-0.099
47,"xotask","easy","easy",0.502,-1,1,-99,-0.099
47,"xotask","easy","easy",0.418,-1,1,-99,-0.099
47,"xotask","easy","easy",1.136,-1,1,-99,-0.099
47,"xotask","easy","easy",0.602,1,1,-99,-0.099
47,"xotask","easy","easy",0.985,-1,1,-99,-0.099
47,"xotask","easy","easy",0.401,-1,1,-99,-0.099
47,"xotask","easy","easy",0.452,-1,1,-99,-0.099
47,"xotask","easy","easy",0.451,-1,1,-99,-0.099
47,"xotask","easy","easy",0.469,-1,1,-99,-0.099
47,"xotask","easy","easy",0.468,1,1,-99,-0.099
47,"xotask","easy","easy",0.468,1,1,-99,-0.099
47,"xotask","easy","easy",0.652,-1,1,-99,-0.099
47,"xotask","easy","easy",0.502,1,1,-99,-0.099
47,"xotask","easy","easy",0.635,-1,1,-99,-0.099
47,"xotask","easy","easy",0.468,1,1,-99,-0.099
47,"xotask","easy","easy",0.401,-1,1,-99,-0.099
47,"xotask","easy","easy",0.385,1,1,-99,-0.099
47,"xotask","easy","easy",0.585,1,1,-99,-0.099
47,"xotask","easy","easy",0.535,-1,1,-99,-0.099
47,"xotask","easy","easy",0.502,1,1,-99,-0.099
47,"xotask","easy","easy",0.436,-1,1,-99,-0.099
47,"xotask","easy","easy",0.602,-1,1,-99,-0.099
47,"xotask","easy","easy",0.418,1,1,-99,-0.099
47,"xotask","easy","easy",0.369,1,1,-99,-0.099
47,"xotask","easy","easy",0.551,1,1,-99,-0.099
47,"xotask","easy","easy",0.384,1,1,-99,-0.099
47,"xotask","easy","easy",0.785,-1,1,-99,-0.099
47,"xotask","easy","easy",0.568,1,1,-99,-0.099
47,"xotask","easy","easy",0.568,-1,1,-99,-0.099
47,"xotask","easy","easy",0.435,-1,1,-99,-0.099
47,"xotask","easy","easy",0.387,1,1,-99,-0.099
47,"xotask","easy","easy",0.551,1,1,-99,-0.099
47,"xotask","easy","easy",0.419,1,1,-99,-0.099
47,"xotask","easy","easy",0.351,1,1,-99,-0.099
47,"xotask","easy","easy",0.368,1,1,-99,-0.099
47,"xotask","easy","easy",0.551,1,0,-99,-0.099
47,"xotask","easy","easy",0.735,-1,1,-99,-0.099
47,"xotask","easy","easy",0.402,1,1,-99,-0.099
47,"xotask","easy","easy",0.434,1,1,-99,-0.099
47,"xotask","easy","easy",0.636,-1,1,-99,-0.099
47,"xotask","easy","easy",0.601,1,0,-99,-0.099
47,"xotask","easy","easy",0.6,-1,1,-99,-0.099
47,"xotask","easy","easy",0.501,-1,1,-99,-0.099
47,"xotask","easy","easy",0.518,1,1,-99,-0.099
47,"xotask","easy","easy",0.668,1,1,-99,-0.099
47,"xotask","easy","easy",0.568,-1,1,-99,-0.099
47,"xotask","easy","easy",0.485,-1,1,-99,-0.099
47,"xotask","easy","easy",0.501,-1,0,-99,-0.099
47,"xotask","easy","easy",0.602,-1,1,-99,-0.099
47,"xotask","easy","easy",0.585,1,1,-99,-0.099
47,"dotcolour","average","average",0.752,-1,1,-99,-0.099
47,"dotcolour","average","average",0.952,1,0,-99,-0.099
47,"dotcolour","average","average",0.835,-1,1,-99,-0.099
47,"dotcolour","average","average",0.669,1,1,-99,-0.099
47,"dotcolour","average","average",0.835,1,1,-99,-0.099
47,"dotcolour","average","average",0.617,1,1,-99,-0.099
47,"dotcolour","average","average",0.701,-1,1,-99,-0.099
47,"dotcolour","average","average",1.119,1,1,-99,-0.099
47,"dotcolour","average","average",1.487,-1,1,-99,-0.099
47,"dotcolour","average","average",0.902,-1,1,-99,-0.099
47,"dotcolour","average","average",0.551,1,1,-99,-0.099
47,"dotcolour","average","average",1.487,-1,1,-99,-0.099
47,"dotcolour","average","average",0.585,1,1,-99,-0.099
47,"dotcolour","average","average",0.586,1,1,-99,-0.099
47,"dotcolour","average","average",0.751,-1,1,-99,-0.099
47,"dotcolour","average","average",0.568,1,1,-99,-0.099
47,"dotcolour","average","average",0.634,1,1,-99,-0.099
47,"dotcolour","average","average",1.136,-1,0,-99,-0.099
47,"dotcolour","average","average",0.634,1,1,-99,-0.099
47,"dotcolour","average","average",0.618,1,1,-99,-0.099
47,"dotcolour","average","average",0.902,-1,1,-99,-0.099
47,"dotcolour","average","average",1.285,-1,1,-99,-0.099
47,"dotcolour","average","average",0.651,-1,1,-99,-0.099
47,"dotcolour","average","average",0.884,-1,1,-99,-0.099
47,"dotcolour","average","average",1.07,1,0,-99,-0.099
47,"dotcolour","average","average",0.585,1,1,-99,-0.099
47,"dotcolour","average","average",0.618,1,1,-99,-0.099
47,"dotcolour","average","average",0.7,1,1,-99,-0.099
47,"dotcolour","average","average",1.051,1,1,-99,-0.099
47,"dotcolour","average","average",0.634,-1,1,-99,-0.099
47,"dotcolour","average","average",1.035,1,1,-99,-0.099
47,"dotcolour","average","average",0.634,1,0,-99,-0.099
47,"dotcolour","average","average",0.768,1,1,-99,-0.099
47,"dotcolour","average","average",0.901,1,1,-99,-0.099
47,"dotcolour","average","average",0.885,1,1,-99,-0.099
47,"dotcolour","average","average",0.534,-1,1,-99,-0.099
47,"dotcolour","average","average",0.734,-1,1,-99,-0.099
47,"dotcolour","average","average",2.02,1,0,-99,-0.099
47,"dotcolour","average","average",0.668,1,0,-99,-0.099
47,"dotcolour","average","average",0.551,1,1,-99,-0.099
47,"dotcolour","average","average",0.369,1,0,-99,-0.099
47,"dotcolour","average","average",0.952,-1,1,-99,-0.099
47,"dotcolour","average","average",1.018,-1,1,-99,-0.099
47,"dotcolour","average","average",1.536,1,1,-99,-0.099
47,"dotcolour","average","average",0.835,1,0,-99,-0.099
47,"dotcolour","average","average",0.585,1,1,-99,-0.099
47,"dotcolour","average","average",0.735,1,1,-99,-0.099
47,"dotcolour","average","average",0.601,-1,1,-99,-0.099
47,"dotcolour","average","average",0.702,1,1,-99,-0.099
47,"dotcolour","average","average",0.535,-1,0,-99,-0.099
47,"dotcolour","average","average",0.501,1,0,-99,-0.099
47,"dotcolour","average","average",0.985,1,0,-99,-0.099
47,"dotcolour","average","average",0.701,-1,1,-99,-0.099
47,"dotcolour","average","average",0.702,-1,1,-99,-0.099
47,"dotcolour","average","average",0.585,-1,1,-99,-0.099
47,"dotcolour","average","average",0.702,1,1,-99,-0.099
47,"dotcolour","average","average",0.653,-1,0,-99,-0.099
47,"dotcolour","average","average",0.551,1,1,-99,-0.099
47,"dotcolour","average","average",0.785,-1,1,-99,-0.099
47,"dotcolour","average","average",0.618,-1,0,-99,-0.099
47,"dotcolour","average","average",0.585,1,1,-99,-0.099
47,"dotcolour","average","average",0.885,-1,1,-99,-0.099
47,"dotcolour","average","average",0.468,1,1,-99,-0.099
47,"dotcolour","average","average",0.618,-1,1,-99,-0.099
47,"dotcolour","average","average",0.87,-1,0,-99,-0.099
47,"dotcolour","average","average",0.719,1,1,-99,-0.099
47,"dotcolour","average","average",1.151,1,1,-99,-0.099
47,"dotcolour","average","average",0.702,-1,1,-99,-0.099
47,"dotcolour","average","average",0.969,1,1,-99,-0.099
47,"dotcolour","average","average",1.068,-1,1,-99,-0.099
47,"dotcolour","average","average",0.335,1,0,-99,-0.099
47,"dotcolour","average","average",0.535,-1,1,-99,-0.099
47,"dotcolour","average","average",1.035,1,1,-99,-0.099
47,"dotcolour","average","average",0.552,1,1,-99,-0.099
47,"dotcolour","average","average",0.685,-1,1,-99,-0.099
47,"dotcolour","average","average",0.785,1,0,-99,-0.099
47,"dotcolour","average","average",0.586,-1,1,-99,-0.099
47,"dotcolour","average","average",0.65,-1,1,-99,-0.099
47,"dotcolour","average","average",0.667,-1,1,-99,-0.099
47,"dotcolour","average","average",0.485,-1,1,-99,-0.099
47,"dotcolour","average","average",0.601,1,1,-99,-0.099
47,"dotcolour","average","average",0.651,1,0,-99,-0.099
47,"dotcolour","average","average",0.652,-1,1,-99,-0.099
47,"dotcolour","average","average",0.452,1,1,-99,-0.099
47,"dotcolour","average","average",0.802,1,0,-99,-0.099
47,"dotcolour","average","average",0.651,1,1,-99,-0.099
47,"dotcolour","average","average",0.768,-1,1,-99,-0.099
47,"dotcolour","average","average",0.568,1,1,-99,-0.099
47,"dotcolour","average","average",0.752,1,1,-99,-0.099
47,"dotcolour","average","average",0.584,1,1,-99,-0.099
47,"dotcolour","average","average",1.153,-1,1,-99,-0.099
47,"dotcolour","average","average",0.685,1,1,-99,-0.099
47,"dotcolour","average","average",0.602,-1,1,-99,-0.099
47,"dotcolour","average","average",0.635,1,1,-99,-0.099
47,"dotcolour","average","average",0.668,1,1,-99,-0.099
47,"dotcolour","average","average",0.802,1,1,-99,-0.099
47,"dotcolour","average","average",0.668,-1,1,-99,-0.099
47,"dotcolour","average","average",0.7,1,1,-99,-0.099
47,"dotcolour","average","average",0.669,1,1,-99,-0.099
47,"dotcolour","average","average",0.667,1,1,-99,-0.099
47,"dotcolour","average","average",0.518,1,0,-99,-0.099
47,"dotcolour","average","average",0.535,1,1,-99,-0.099
47,"dotcolour","average","average",0.752,-1,1,-99,-0.099
47,"dotcolour","average","average",0.652,-1,1,-99,-0.099
47,"dotcolour","average","average",0.568,1,1,-99,-0.099
47,"dotcolour","average","average",0.602,1,1,-99,-0.099
47,"dotcolour","average","average",0.452,1,0,-99,-0.099
47,"dotcolour","average","average",0.535,-1,1,-99,-0.099
47,"dotcolour","average","average",0.568,-1,1,-99,-0.099
47,"dotcolour","average","average",0.419,-1,1,-99,-0.099
47,"dotcolour","average","average",0.568,1,1,-99,-0.099
47,"dotcolour","average","average",0.584,-1,0,-99,-0.099
47,"dotcolour","average","average",0.419,1,0,-99,-0.099
47,"dotcolour","average","average",0.635,1,1,-99,-0.099
47,"dotcolour","average","average",1.101,-1,1,-99,-0.099
47,"dotcolour","average","average",0.434,-1,1,-99,-0.099
47,"dotcolour","average","average",0.385,-1,0,-99,-0.099
47,"dotcolour","average","average",0.618,1,1,-99,-0.099
47,"dotcolour","average","average",0.552,1,1,-99,-0.099
47,"dotcolour","average","average",0.453,-1,1,-99,-0.099
48,"xotask","hard","hard",1.97,-1,0,-99,-0.099
48,"xotask","hard","hard",0.886,1,0,-99,-0.099
48,"xotask","hard","hard",0.886,1,1,-99,-0.099
48,"xotask","hard","hard",0.985,-1,0,-99,-0.099
48,"xotask","hard","hard",0.752,1,1,-99,-0.099
48,"xotask","hard","hard",0.769,-1,1,-99,-0.099
48,"xotask","hard","hard",0.818,-1,0,-99,-0.099
48,"xotask","hard","hard",1.118,-1,0,-99,-0.099
48,"xotask","hard","hard",0.835,1,1,-99,-0.099
48,"xotask","hard","hard",1.135,-1,0,-99,-0.099
48,"xotask","hard","hard",0.768,1,0,-99,-0.099
48,"xotask","hard","hard",0.735,1,0,-99,-0.099
48,"xotask","hard","hard",1.252,1,0,-99,-0.099
48,"xotask","hard","hard",0.668,-1,1,-99,-0.099
48,"xotask","hard","hard",0.818,1,0,-99,-0.099
48,"xotask","hard","hard",0.668,-1,0,-99,-0.099
48,"xotask","hard","hard",0.752,1,0,-99,-0.099
48,"xotask","hard","hard",0.785,1,1,-99,-0.099
48,"xotask","hard","hard",0.636,-1,1,-99,-0.099
48,"xotask","hard","hard",0.652,-1,1,-99,-0.099
48,"xotask","hard","hard",1.102,1,1,-99,-0.099
48,"xotask","hard","hard",1.102,-1,1,-99,-0.099
48,"xotask","hard","hard",0.885,1,1,-99,-0.099
48,"xotask","hard","hard",0.969,-1,1,-99,-0.099
48,"xotask","hard","hard",1.769,-1,1,-99,-0.099
48,"xotask","hard","hard",1.62,1,1,-99,-0.099
48,"xotask","hard","hard",1.536,1,1,-99,-0.099
48,"xotask","hard","hard",2.186,1,0,-99,-0.099
48,"xotask","hard","hard",0.985,-1,0,-99,-0.099
48,"xotask","hard","hard",0.802,-1,1,-99,-0.099
48,"xotask","hard","hard",1.802,1,0,-99,-0.099
48,"xotask","hard","hard",0.868,-1,1,-99,-0.099
48,"xotask","hard","hard",0.718,-1,0,-99,-0.099
48,"xotask","hard","hard",1.169,1,1,-99,-0.099
48,"xotask","hard","hard",1.085,1,1,-99,-0.099
48,"xotask","hard","hard",0.936,1,0,-99,-0.099
48,"xotask","hard","hard",1.269,-1,1,-99,-0.099
48,"xotask","hard","hard",1.085,1,1,-99,-0.099
48,"xotask","hard","hard",1.336,-1,0,-99,-0.099
48,"xotask","hard","hard",0.885,-1,0,-99,-0.099
48,"xotask","hard","hard",0.985,-1,1,-99,-0.099
48,"xotask","hard","hard",0.935,1,1,-99,-0.099
48,"xotask","hard","hard",0.936,1,1,-99,-0.099
48,"xotask","hard","hard",0.952,-1,1,-99,-0.099
48,"xotask","hard","hard",1.119,-1,1,-99,-0.099
48,"xotask","hard","hard",0.702,-1,1,-99,-0.099
48,"xotask","hard","hard",0.801,-1,0,-99,-0.099
48,"xotask","hard","hard",1.103,-1,1,-99,-0.099
48,"xotask","hard","hard",1.085,-1,1,-99,-0.099
48,"xotask","hard","hard",0.852,-1,1,-99,-0.099
48,"xotask","hard","hard",0.668,-1,0,-99,-0.099
48,"xotask","hard","hard",0.718,-1,0,-99,-0.099
48,"xotask","hard","hard",1.252,-1,1,-99,-0.099
48,"xotask","hard","hard",0.652,-1,0,-99,-0.099
48,"xotask","hard","hard",0.785,-1,0,-99,-0.099
48,"xotask","hard","hard",1.318,-1,1,-99,-0.099
48,"xotask","hard","hard",1.369,1,1,-99,-0.099
48,"xotask","hard","hard",0.785,1,1,-99,-0.099
48,"xotask","hard","hard",0.685,-1,1,-99,-0.099
48,"xotask","hard","hard",0.802,1,0,-99,-0.099
48,"xotask","hard","hard",2.103,1,1,-99,-0.099
48,"xotask","hard","hard",0.836,1,0,-99,-0.099
48,"xotask","hard","hard",1.285,1,1,-99,-0.099
48,"xotask","hard","hard",0.719,1,1,-99,-0.099
48,"xotask","hard","hard",0.635,1,0,-99,-0.099
48,"xotask","hard","hard",0.735,1,0,-99,-0.099
48,"xotask","hard","hard",1.336,-1,1,-99,-0.099
48,"xotask","hard","hard",0.952,-1,1,-99,-0.099
48,"xotask","hard","hard",1.269,1,0,-99,-0.099
48,"xotask","hard","hard",0.752,-1,0,-99,-0.099
48,"xotask","hard","hard",1.535,1,1,-99,-0.099
48,"xotask","hard","hard",0.719,-1,0,-99,-0.099
48,"xotask","hard","hard",0.719,-1,1,-99,-0.099
48,"xotask","hard","hard",1.552,1,1,-99,-0.099
48,"xotask","hard","hard",0.769,-1,1,-99,-0.099
48,"xotask","hard","hard",0.853,-1,0,-99,-0.099
48,"xotask","hard","hard",1.153,-1,0,-99,-0.099
48,"xotask","hard","hard",1.436,1,1,-99,-0.099
48,"xotask","hard","hard",0.734,-1,0,-99,-0.099
48,"xotask","hard","hard",0.651,1,0,-99,-0.099
48,"xotask","hard","hard",0.868,-1,1,-99,-0.099
48,"xotask","hard","hard",0.718,-1,1,-99,-0.099
48,"xotask","hard","hard",0.801,-1,0,-99,-0.099
48,"xotask","hard","hard",0.702,-1,1,-99,-0.099
48,"xotask","hard","hard",1.118,-1,1,-99,-0.099
48,"xotask","hard","hard",0.969,-1,1,-99,-0.099
48,"xotask","hard","hard",3.004,-1,0,-99,-0.099
48,"xotask","hard","hard",0.935,1,1,-99,-0.099
48,"xotask","hard","hard",0.585,-1,0,-99,-0.099
48,"xotask","hard","hard",1.635,-1,0,-99,-0.099
48,"xotask","hard","hard",0.852,1,1,-99,-0.099
48,"xotask","hard","hard",0.768,-1,1,-99,-0.099
48,"xotask","hard","hard",1.487,-1,0,-99,-0.099
48,"xotask","hard","hard",0.786,-1,1,-99,-0.099
48,"xotask","hard","hard",1.919,-1,1,-99,-0.099
48,"xotask","hard","hard",0.685,-1,1,-99,-0.099
48,"xotask","hard","hard",1.153,1,0,-99,-0.099
48,"xotask","hard","hard",1.086,1,1,-99,-0.099
48,"xotask","hard","hard",0.803,-1,1,-99,-0.099
48,"xotask","hard","hard",0.735,-1,0,-99,-0.099
48,"xotask","hard","hard",1.136,-1,1,-99,-0.099
48,"xotask","hard","hard",0.569,-1,0,-99,-0.099
48,"xotask","hard","hard",0.652,-1,1,-99,-0.099
48,"xotask","hard","hard",0.351,-1,0,-99,-0.099
48,"xotask","hard","hard",0.333,-1,1,-99,-0.099
48,"xotask","hard","hard",0.818,1,0,-99,-0.099
48,"xotask","hard","hard",0.684,1,1,-99,-0.099
48,"xotask","hard","hard",0.885,-1,1,-99,-0.099
48,"xotask","hard","hard",1.152,1,1,-99,-0.099
48,"xotask","hard","hard",0.668,1,1,-99,-0.099
48,"xotask","hard","hard",0.952,1,1,-99,-0.099
48,"xotask","hard","hard",0.786,-1,1,-99,-0.099
48,"xotask","hard","hard",0.635,-1,0,-99,-0.099
48,"xotask","hard","hard",0.968,-1,0,-99,-0.099
48,"xotask","hard","hard",0.603,-1,0,-99,-0.099
48,"xotask","hard","hard",0.619,1,0,-99,-0.099
48,"xotask","hard","hard",0.818,-1,1,-99,-0.099
48,"xotask","hard","hard",0.884,-1,1,-99,-0.099
48,"xotask","hard","hard",0.719,-1,0,-99,-0.099
48,"xotask","hard","hard",0.668,-1,1,-99,-0.099
48,"dotcolour","easy","easy",2.12,1,1,-99,-0.099
48,"dotcolour","easy","easy",0.635,-1,1,-99,-0.099
48,"dotcolour","easy","easy",0.485,-1,1,-99,-0.099
48,"dotcolour","easy","easy",0.469,-1,1,-99,-0.099
48,"dotcolour","easy","easy",0.334,-1,1,-99,-0.099
48,"dotcolour","easy","easy",0.451,1,1,-99,-0.099
48,"dotcolour","easy","easy",0.452,-1,1,-99,-0.099
48,"dotcolour","easy","easy",0.569,1,1,-99,-0.099
48,"dotcolour","easy","easy",0.485,-1,1,-99,-0.099
48,"dotcolour","easy","easy",0.435,-1,1,-99,-0.099
48,"dotcolour","easy","easy",0.418,1,1,-99,-0.099
48,"dotcolour","easy","easy",0.668,1,1,-99,-0.099
48,"dotcolour","easy","easy",0.468,-1,1,-99,-0.099
48,"dotcolour","easy","easy",0.584,1,1,-99,-0.099
48,"dotcolour","easy","easy",0.635,-1,1,-99,-0.099
48,"dotcolour","easy","easy",0.569,1,1,-99,-0.099
48,"dotcolour","easy","easy",0.518,-1,1,-99,-0.099
48,"dotcolour","easy","easy",0.535,-1,1,-99,-0.099
48,"dotcolour","easy","easy",0.468,-1,1,-99,-0.099
48,"dotcolour","easy","easy",0.485,1,1,-99,-0.099
48,"dotcolour","easy","easy",0.435,-1,0,-99,-0.099
48,"dotcolour","easy","easy",0.535,1,1,-99,-0.099
48,"dotcolour","easy","easy",0.619,1,1,-99,-0.099
48,"dotcolour","easy","easy",0.568,1,1,-99,-0.099
48,"dotcolour","easy","easy",0.618,-1,1,-99,-0.099
48,"dotcolour","easy","easy",0.485,-1,1,-99,-0.099
48,"dotcolour","easy","easy",0.551,1,1,-99,-0.099
48,"dotcolour","easy","easy",0.468,1,1,-99,-0.099
48,"dotcolour","easy","easy",0.601,-1,1,-99,-0.099
48,"dotcolour","easy","easy",0.502,-1,1,-99,-0.099
48,"dotcolour","easy","easy",0.519,1,1,-99,-0.099
48,"dotcolour","easy","easy",0.485,-1,1,-99,-0.099
48,"dotcolour","easy","easy",0.352,-1,1,-99,-0.099
48,"dotcolour","easy","easy",0.551,1,1,-99,-0.099
48,"dotcolour","easy","easy",0.635,-1,1,-99,-0.099
48,"dotcolour","easy","easy",0.469,1,1,-99,-0.099
48,"dotcolour","easy","easy",0.502,-1,0,-99,-0.099
48,"dotcolour","easy","easy",0.485,-1,1,-99,-0.099
48,"dotcolour","easy","easy",0.535,1,1,-99,-0.099
48,"dotcolour","easy","easy",0.819,-1,1,-99,-0.099
48,"dotcolour","easy","easy",0.518,1,1,-99,-0.099
48,"dotcolour","easy","easy",0.502,-1,1,-99,-0.099
48,"dotcolour","easy","easy",0.536,1,1,-99,-0.099
48,"dotcolour","easy","easy",0.52,1,1,-99,-0.099
48,"dotcolour","easy","easy",0.501,-1,1,-99,-0.099
48,"dotcolour","easy","easy",0.535,1,1,-99,-0.099
48,"dotcolour","easy","easy",0.551,1,1,-99,-0.099
48,"dotcolour","easy","easy",0.751,-1,1,-99,-0.099
48,"dotcolour","easy","easy",0.585,1,1,-99,-0.099
48,"dotcolour","easy","easy",0.585,1,1,-99,-0.099
48,"dotcolour","easy","easy",0.551,1,1,-99,-0.099
48,"dotcolour","easy","easy",0.568,-1,1,-99,-0.099
48,"dotcolour","easy","easy",0.519,-1,1,-99,-0.099
48,"dotcolour","easy","easy",0.618,-1,1,-99,-0.099
48,"dotcolour","easy","easy",0.551,1,1,-99,-0.099
48,"dotcolour","easy","easy",0.585,-1,1,-99,-0.099
48,"dotcolour","easy","easy",0.601,1,1,-99,-0.099
48,"dotcolour","easy","easy",0.602,-1,1,-99,-0.099
48,"dotcolour","easy","easy",1.202,1,1,-99,-0.099
48,"dotcolour","easy","easy",0.569,1,1,-99,-0.099
48,"dotcolour","easy","easy",0.584,1,1,-99,-0.099
48,"dotcolour","easy","easy",0.535,1,1,-99,-0.099
48,"dotcolour","easy","easy",0.72,-1,1,-99,-0.099
48,"dotcolour","easy","easy",0.634,-1,1,-99,-0.099
48,"dotcolour","easy","easy",0.451,-1,1,-99,-0.099
48,"dotcolour","easy","easy",0.485,-1,1,-99,-0.099
48,"dotcolour","easy","easy",0.552,-1,1,-99,-0.099
48,"dotcolour","easy","easy",0.585,1,1,-99,-0.099
48,"dotcolour","easy","easy",0.802,-1,1,-99,-0.099
48,"dotcolour","easy","easy",0.635,-1,1,-99,-0.099
48,"dotcolour","easy","easy",0.519,1,1,-99,-0.099
48,"dotcolour","easy","easy",0.535,1,1,-99,-0.099
48,"dotcolour","easy","easy",0.953,-1,1,-99,-0.099
48,"dotcolour","easy","easy",0.502,1,1,-99,-0.099
48,"dotcolour","easy","easy",0.502,-1,1,-99,-0.099
48,"dotcolour","easy","easy",0.469,1,1,-99,-0.099
48,"dotcolour","easy","easy",0.852,-1,1,-99,-0.099
48,"dotcolour","easy","easy",0.686,1,1,-99,-0.099
48,"dotcolour","easy","easy",0.368,1,1,-99,-0.099
48,"dotcolour","easy","easy",0.401,1,1,-99,-0.099
48,"dotcolour","easy","easy",0.486,-1,1,-99,-0.099
48,"dotcolour","easy","easy",1.085,-1,1,-99,-0.099
48,"dotcolour","easy","easy",0.734,1,1,-99,-0.099
48,"dotcolour","easy","easy",0.518,1,1,-99,-0.099
48,"dotcolour","easy","easy",0.502,1,1,-99,-0.099
48,"dotcolour","easy","easy",0.602,-1,1,-99,-0.099
48,"dotcolour","easy","easy",0.552,1,1,-99,-0.099
48,"dotcolour","easy","easy",0.468,1,1,-99,-0.099
48,"dotcolour","easy","easy",0.619,-1,1,-99,-0.099
48,"dotcolour","easy","easy",0.651,-1,1,-99,-0.099
48,"dotcolour","easy","easy",0.6,-1,1,-99,-0.099
48,"dotcolour","easy","easy",0.518,-1,1,-99,-0.099
48,"dotcolour","easy","easy",0.335,-1,0,-99,-0.099
48,"dotcolour","easy","easy",0.752,-1,1,-99,-0.099
48,"dotcolour","easy","easy",0.584,1,1,-99,-0.099
48,"dotcolour","easy","easy",0.534,-1,1,-99,-0.099
48,"dotcolour","easy","easy",0.585,1,1,-99,-0.099
48,"dotcolour","easy","easy",0.568,1,1,-99,-0.099
48,"dotcolour","easy","easy",0.452,1,1,-99,-0.099
48,"dotcolour","easy","easy",0.501,-1,1,-99,-0.099
48,"dotcolour","easy","easy",4.621,-1,1,-99,-0.099
48,"dotcolour","easy","easy",0.469,-1,1,-99,-0.099
48,"dotcolour","easy","easy",0.434,1,1,-99,-0.099
48,"dotcolour","easy","easy",0.502,-1,1,-99,-0.099
48,"dotcolour","easy","easy",0.501,-1,1,-99,-0.099
48,"dotcolour","easy","easy",0.468,1,1,-99,-0.099
48,"dotcolour","easy","easy",0.501,-1,1,-99,-0.099
48,"dotcolour","easy","easy",0.634,1,1,-99,-0.099
48,"dotcolour","easy","easy",0.651,-1,1,-99,-0.099
48,"dotcolour","easy","easy",0.519,1,1,-99,-0.099
48,"dotcolour","easy","easy",0.685,1,1,-99,-0.099
48,"dotcolour","easy","easy",0.484,-1,1,-99,-0.099
48,"dotcolour","easy","easy",0.651,-1,1,-99,-0.099
48,"dotcolour","easy","easy",0.585,1,1,-99,-0.099
48,"dotcolour","easy","easy",0.701,-1,1,-99,-0.099
48,"dotcolour","easy","easy",0.702,1,1,-99,-0.099
48,"dotcolour","easy","easy",0.518,-1,1,-99,-0.099
48,"dotcolour","easy","easy",0.752,1,1,-99,-0.099
48,"dotcolour","easy","easy",0.935,-1,1,-99,-0.099
48,"dotcolour","easy","easy",0.602,1,1,-99,-0.099
48,"dotnumber","average","average",2.654,1,1,-99,-0.099
48,"dotnumber","average","average",0.652,1,1,-99,-0.099
48,"dotnumber","average","average",0.417,1,1,-99,-0.099
48,"dotnumber","average","average",0.434,1,1,-99,-0.099
48,"dotnumber","average","average",0.451,1,0,-99,-0.099
48,"dotnumber","average","average",0.618,-1,1,-99,-0.099
48,"dotnumber","average","average",0.503,-1,1,-99,-0.099
48,"dotnumber","average","average",0.552,1,1,-99,-0.099
48,"dotnumber","average","average",0.585,-1,1,-99,-0.099
48,"dotnumber","average","average",0.551,-1,1,-99,-0.099
48,"dotnumber","average","average",0.602,1,0,-99,-0.099
48,"dotnumber","average","average",0.468,1,1,-99,-0.099
48,"dotnumber","average","average",0.518,-1,1,-99,-0.099
48,"dotnumber","average","average",0.569,-1,0,-99,-0.099
48,"dotnumber","average","average",0.619,-1,1,-99,-0.099
48,"dotnumber","average","average",0.535,-1,1,-99,-0.099
48,"dotnumber","average","average",0.536,1,1,-99,-0.099
48,"dotnumber","average","average",0.768,1,1,-99,-0.099
48,"dotnumber","average","average",0.569,-1,1,-99,-0.099
48,"dotnumber","average","average",0.534,1,1,-99,-0.099
48,"dotnumber","average","average",0.585,1,1,-99,-0.099
48,"dotnumber","average","average",0.6,-1,1,-99,-0.099
48,"dotnumber","average","average",0.568,1,0,-99,-0.099
48,"dotnumber","average","average",0.334,-1,0,-99,-0.099
48,"dotnumber","average","average",0.584,-1,1,-99,-0.099
48,"dotnumber","average","average",0.585,-1,1,-99,-0.099
48,"dotnumber","average","average",0.618,-1,0,-99,-0.099
48,"dotnumber","average","average",0.569,-1,1,-99,-0.099
48,"dotnumber","average","average",0.451,1,0,-99,-0.099
48,"dotnumber","average","average",0.518,-1,0,-99,-0.099
48,"dotnumber","average","average",0.519,-1,1,-99,-0.099
48,"dotnumber","average","average",0.468,-1,0,-99,-0.099
48,"dotnumber","average","average",0.702,1,1,-99,-0.099
48,"dotnumber","average","average",0.318,-1,1,-99,-0.099
48,"dotnumber","average","average",0.435,-1,1,-99,-0.099
48,"dotnumber","average","average",0.485,-1,0,-99,-0.099
48,"dotnumber","average","average",0.351,-1,1,-99,-0.099
48,"dotnumber","average","average",0.235,-1,0,-99,-0.099
48,"dotnumber","average","average",0.518,-1,1,-99,-0.099
48,"dotnumber","average","average",0.534,1,1,-99,-0.099
48,"dotnumber","average","average",0.551,1,1,-99,-0.099
48,"dotnumber","average","average",0.585,-1,1,-99,-0.099
48,"dotnumber","average","average",0.568,-1,0,-99,-0.099
48,"dotnumber","average","average",0.953,1,1,-99,-0.099
48,"dotnumber","average","average",0.752,-1,1,-99,-0.099
48,"dotnumber","average","average",0.835,-1,0,-99,-0.099
48,"dotnumber","average","average",0.685,1,1,-99,-0.099
48,"dotnumber","average","average",0.551,-1,1,-99,-0.099
48,"dotnumber","average","average",0.435,1,1,-99,-0.099
48,"dotnumber","average","average",0.551,-1,0,-99,-0.099
48,"dotnumber","average","average",0.418,-1,1,-99,-0.099
48,"dotnumber","average","average",0.502,-1,0,-99,-0.099
48,"dotnumber","average","average",0.384,-1,0,-99,-0.099
48,"dotnumber","average","average",0.335,-1,1,-99,-0.099
48,"dotnumber","average","average",0.368,-1,1,-99,-0.099
48,"dotnumber","average","average",0.786,1,0,-99,-0.099
48,"dotnumber","average","average",0.519,1,1,-99,-0.099
48,"dotnumber","average","average",0.802,-1,0,-99,-0.099
48,"dotnumber","average","average",0.686,-1,0,-99,-0.099
48,"dotnumber","average","average",0.635,1,0,-99,-0.099
48,"dotnumber","average","average",0.701,1,1,-99,-0.099
48,"dotnumber","average","average",0.468,-1,1,-99,-0.099
48,"dotnumber","average","average",0.318,-1,1,-99,-0.099
48,"dotnumber","average","average",0.184,-1,0,-99,-0.099
48,"dotnumber","average","average",0.234,1,1,-99,-0.099
48,"dotnumber","average","average",0.568,-1,1,-99,-0.099
48,"dotnumber","average","average",2.22,1,1,-99,-0.099
48,"dotnumber","average","average",0.569,-1,1,-99,-0.099
48,"dotnumber","average","average",0.769,-1,1,-99,-0.099
48,"dotnumber","average","average",0.301,-1,1,-99,-0.099
48,"dotnumber","average","average",0.301,-1,1,-99,-0.099
48,"dotnumber","average","average",0.801,-1,0,-99,-0.099
48,"dotnumber","average","average",0.167,-1,1,-99,-0.099
48,"dotnumber","average","average",0.518,1,0,-99,-0.099
48,"dotnumber","average","average",0.551,1,1,-99,-0.099
48,"dotnumber","average","average",0.602,-1,0,-99,-0.099
48,"dotnumber","average","average",0.502,-1,1,-99,-0.099
48,"dotnumber","average","average",0.768,-1,0,-99,-0.099
48,"dotnumber","average","average",0.468,-1,1,-99,-0.099
48,"dotnumber","average","average",0.336,-1,0,-99,-0.099
48,"dotnumber","average","average",0.401,1,1,-99,-0.099
48,"dotnumber","average","average",0.25,-1,0,-99,-0.099
48,"dotnumber","average","average",0.718,-1,1,-99,-0.099
48,"dotnumber","average","average",0.285,-1,0,-99,-0.099
48,"dotnumber","average","average",0.301,-1,1,-99,-0.099
48,"dotnumber","average","average",0.284,-1,1,-99,-0.099
48,"dotnumber","average","average",0.218,-1,0,-99,-0.099
48,"dotnumber","average","average",0.634,-1,0,-99,-0.099
48,"dotnumber","average","average",0.552,-1,1,-99,-0.099
48,"dotnumber","average","average",0.401,-1,0,-99,-0.099
48,"dotnumber","average","average",0.335,-1,0,-99,-0.099
48,"dotnumber","average","average",0.985,1,0,-99,-0.099
48,"dotnumber","average","average",0.519,-1,1,-99,-0.099
48,"dotnumber","average","average",0.618,-1,0,-99,-0.099
48,"dotnumber","average","average",0.769,-1,1,-99,-0.099
48,"dotnumber","average","average",0.401,-1,1,-99,-0.099
48,"dotnumber","average","average",0.586,1,1,-99,-0.099
48,"dotnumber","average","average",0.569,-1,0,-99,-0.099
48,"dotnumber","average","average",0.535,-1,0,-99,-0.099
48,"dotnumber","average","average",0.469,1,1,-99,-0.099
48,"dotnumber","average","average",0.635,-1,1,-99,-0.099
48,"dotnumber","average","average",0.686,-1,1,-99,-0.099
48,"dotnumber","average","average",0.618,-1,0,-99,-0.099
48,"dotnumber","average","average",0.803,-1,0,-99,-0.099
48,"dotnumber","average","average",0.602,-1,0,-99,-0.099
48,"dotnumber","average","average",0.551,-1,1,-99,-0.099
48,"dotnumber","average","average",0.667,-1,1,-99,-0.099
48,"dotnumber","average","average",0.802,-1,1,-99,-0.099
48,"dotnumber","average","average",0.518,-1,1,-99,-0.099
48,"dotnumber","average","average",0.751,-1,1,-99,-0.099
48,"dotnumber","average","average",0.485,-1,0,-99,-0.099
48,"dotnumber","average","average",0.702,-1,0,-99,-0.099
48,"dotnumber","average","average",0.768,1,1,-99,-0.099
48,"dotnumber","average","average",1.002,-1,1,-99,-0.099
48,"dotnumber","average","average",0.568,-1,1,-99,-0.099
48,"dotnumber","average","average",0.701,-1,0,-99,-0.099
48,"dotnumber","average","average",0.751,-1,1,-99,-0.099
48,"dotnumber","average","average",0.636,-1,1,-99,-0.099
48,"dotnumber","average","average",0.734,1,1,-99,-0.099
48,"dotnumber","average","average",0.867,-1,1,-99,-0.099
49,"dotcolour","easy","easy",1.552,-1,1,-99,-0.099
49,"dotcolour","easy","easy",0.718,1,1,-99,-0.099
49,"dotcolour","easy","easy",0.467,1,1,-99,-0.099
49,"dotcolour","easy","easy",0.635,-1,1,-99,-0.099
49,"dotcolour","easy","easy",0.618,-1,1,-99,-0.099
49,"dotcolour","easy","easy",0.552,-1,1,-99,-0.099
49,"dotcolour","easy","easy",0.518,-1,1,-99,-0.099
49,"dotcolour","easy","easy",0.385,-1,0,-99,-0.099
49,"dotcolour","easy","easy",0.785,1,1,-99,-0.099
49,"dotcolour","easy","easy",0.735,-1,1,-99,-0.099
49,"dotcolour","easy","easy",0.584,-1,1,-99,-0.099
49,"dotcolour","easy","easy",0.651,-1,1,-99,-0.099
49,"dotcolour","easy","easy",0.685,1,1,-99,-0.099
49,"dotcolour","easy","easy",0.602,1,1,-99,-0.099
49,"dotcolour","easy","easy",0.534,-1,1,-99,-0.099
49,"dotcolour","easy","easy",0.835,1,0,-99,-0.099
49,"dotcolour","easy","easy",0.836,1,1,-99,-0.099
49,"dotcolour","easy","easy",0.635,1,1,-99,-0.099
49,"dotcolour","easy","easy",0.652,1,1,-99,-0.099
49,"dotcolour","easy","easy",0.485,-1,1,-99,-0.099
49,"dotcolour","easy","easy",0.619,1,1,-99,-0.099
49,"dotcolour","easy","easy",0.702,1,1,-99,-0.099
49,"dotcolour","easy","easy",0.669,-1,1,-99,-0.099
49,"dotcolour","easy","easy",0.551,1,1,-99,-0.099
49,"dotcolour","easy","easy",0.903,-1,1,-99,-0.099
49,"dotcolour","easy","easy",0.735,1,1,-99,-0.099
49,"dotcolour","easy","easy",0.534,-1,1,-99,-0.099
49,"dotcolour","easy","easy",0.603,1,1,-99,-0.099
49,"dotcolour","easy","easy",0.603,1,1,-99,-0.099
49,"dotcolour","easy","easy",1.235,1,1,-99,-0.099
49,"dotcolour","easy","easy",0.702,1,1,-99,-0.099
49,"dotcolour","easy","easy",0.519,1,1,-99,-0.099
49,"dotcolour","easy","easy",0.518,-1,1,-99,-0.099
49,"dotcolour","easy","easy",0.552,1,1,-99,-0.099
49,"dotcolour","easy","easy",0.486,-1,1,-99,-0.099
49,"dotcolour","easy","easy",0.586,-1,1,-99,-0.099
49,"dotcolour","easy","easy",0.669,-1,1,-99,-0.099
49,"dotcolour","easy","easy",0.552,-1,1,-99,-0.099
49,"dotcolour","easy","easy",0.484,-1,1,-99,-0.099
49,"dotcolour","easy","easy",0.485,-1,1,-99,-0.099
49,"dotcolour","easy","easy",0.636,1,1,-99,-0.099
49,"dotcolour","easy","easy",0.818,1,1,-99,-0.099
49,"dotcolour","easy","easy",0.635,-1,1,-99,-0.099
49,"dotcolour","easy","easy",0.518,1,1,-99,-0.099
49,"dotcolour","easy","easy",0.569,1,1,-99,-0.099
49,"dotcolour","easy","easy",0.568,-1,1,-99,-0.099
49,"dotcolour","easy","easy",0.47,-1,1,-99,-0.099
49,"dotcolour","easy","easy",0.635,1,1,-99,-0.099
49,"dotcolour","easy","easy",0.852,-1,1,-99,-0.099
49,"dotcolour","easy","easy",0.635,1,1,-99,-0.099
49,"dotcolour","easy","easy",0.552,-1,1,-99,-0.099
49,"dotcolour","easy","easy",0.602,1,1,-99,-0.099
49,"dotcolour","easy","easy",0.451,1,1,-99,-0.099
49,"dotcolour","easy","easy",0.819,-1,1,-99,-0.099
49,"dotcolour","easy","easy",0.519,1,1,-99,-0.099
49,"dotcolour","easy","easy",0.768,1,1,-99,-0.099
49,"dotcolour","easy","easy",0.552,1,1,-99,-0.099
49,"dotcolour","easy","easy",0.469,1,1,-99,-0.099
49,"dotcolour","easy","easy",0.485,1,1,-99,-0.099
49,"dotcolour","easy","easy",0.368,1,1,-99,-0.099
49,"dotcolour","easy","easy",0.768,-1,1,-99,-0.099
49,"dotcolour","easy","easy",0.619,-1,1,-99,-0.099
49,"dotcolour","easy","easy",0.535,-1,1,-99,-0.099
49,"dotcolour","easy","easy",0.702,1,1,-99,-0.099
49,"dotcolour","easy","easy",0.668,-1,1,-99,-0.099
49,"dotcolour","easy","easy",1.018,1,1,-99,-0.099
49,"dotcolour","easy","easy",0.935,-1,1,-99,-0.099
49,"dotcolour","easy","easy",0.536,-1,1,-99,-0.099
49,"dotcolour","easy","easy",0.368,-1,1,-99,-0.099
49,"dotcolour","easy","easy",0.401,-1,1,-99,-0.099
49,"dotcolour","easy","easy",0.635,1,1,-99,-0.099
49,"dotcolour","easy","easy",0.552,-1,1,-99,-0.099
49,"dotcolour","easy","easy",0.485,1,1,-99,-0.099
49,"dotcolour","easy","easy",0.469,-1,1,-99,-0.099
49,"dotcolour","easy","easy",0.669,-1,1,-99,-0.099
49,"dotcolour","easy","easy",0.535,-1,1,-99,-0.099
49,"dotcolour","easy","easy",0.535,-1,1,-99,-0.099
49,"dotcolour","easy","easy",0.552,1,1,-99,-0.099
49,"dotcolour","easy","easy",0.602,-1,1,-99,-0.099
49,"dotcolour","easy","easy",0.602,-1,1,-99,-0.099
49,"dotcolour","easy","easy",0.435,-1,1,-99,-0.099
49,"dotcolour","easy","easy",0.518,1,1,-99,-0.099
49,"dotcolour","easy","easy",0.402,-1,1,-99,-0.099
49,"dotcolour","easy","easy",0.434,1,1,-99,-0.099
49,"dotcolour","easy","easy",0.634,-1,1,-99,-0.099
49,"dotcolour","easy","easy",0.518,1,1,-99,-0.099
49,"dotcolour","easy","easy",0.452,1,1,-99,-0.099
49,"dotcolour","easy","easy",0.568,-1,1,-99,-0.099
49,"dotcolour","easy","easy",0.603,1,1,-99,-0.099
49,"dotcolour","easy","easy",0.585,1,1,-99,-0.099
49,"dotcolour","easy","easy",0.552,1,1,-99,-0.099
49,"dotcolour","easy","easy",0.485,-1,1,-99,-0.099
49,"dotcolour","easy","easy",0.485,1,1,-99,-0.099
49,"dotcolour","easy","easy",0.718,1,1,-99,-0.099
49,"dotcolour","easy","easy",0.985,-1,1,-99,-0.099
49,"dotcolour","easy","easy",0.601,1,1,-99,-0.099
49,"dotcolour","easy","easy",2.085,1,1,-99,-0.099
49,"dotcolour","easy","easy",0.618,-1,1,-99,-0.099
49,"dotcolour","easy","easy",0.401,-1,1,-99,-0.099
49,"dotcolour","easy","easy",0.618,-1,1,-99,-0.099
49,"dotcolour","easy","easy",1.002,-1,1,-99,-0.099
49,"dotcolour","easy","easy",0.502,-1,1,-99,-0.099
49,"dotcolour","easy","easy",0.502,1,1,-99,-0.099
49,"dotcolour","easy","easy",0.484,1,1,-99,-0.099
49,"dotcolour","easy","easy",0.635,-1,1,-99,-0.099
49,"dotcolour","easy","easy",0.652,1,1,-99,-0.099
49,"dotcolour","easy","easy",0.552,1,1,-99,-0.099
49,"dotcolour","easy","easy",0.618,-1,1,-99,-0.099
49,"dotcolour","easy","easy",0.617,-1,0,-99,-0.099
49,"dotcolour","easy","easy",0.551,-1,1,-99,-0.099
49,"dotcolour","easy","easy",0.584,-1,1,-99,-0.099
49,"dotcolour","easy","easy",0.567,-1,1,-99,-0.099
49,"dotcolour","easy","easy",0.517,-1,1,-99,-0.099
49,"dotcolour","easy","easy",0.468,1,1,-99,-0.099
49,"dotcolour","easy","easy",0.618,1,1,-99,-0.099
49,"dotcolour","easy","easy",0.535,-1,1,-99,-0.099
49,"dotcolour","easy","easy",0.618,1,1,-99,-0.099
49,"dotcolour","easy","easy",0.486,1,1,-99,-0.099
49,"dotcolour","easy","easy",0.451,1,1,-99,-0.099
49,"dotcolour","easy","easy",0.384,1,1,-99,-0.099
49,"dotnumber","average","average",1.253,1,1,-99,-0.099
49,"dotnumber","average","average",0.818,1,1,-99,-0.099
49,"dotnumber","average","average",0.768,-1,1,-99,-0.099
49,"dotnumber","average","average",0.819,1,1,-99,-0.099
49,"dotnumber","average","average",0.701,-1,1,-99,-0.099
49,"dotnumber","average","average",0.851,1,0,-99,-0.099
49,"dotnumber","average","average",0.852,-1,0,-99,-0.099
49,"dotnumber","average","average",1.185,-1,1,-99,-0.099
49,"dotnumber","average","average",1.452,1,1,-99,-0.099
49,"dotnumber","average","average",2.787,1,1,-99,-0.099
49,"dotnumber","average","average",0.719,-1,1,-99,-0.099
49,"dotnumber","average","average",0.869,1,0,-99,-0.099
49,"dotnumber","average","average",0.585,1,1,-99,-0.099
49,"dotnumber","average","average",0.636,1,1,-99,-0.099
49,"dotnumber","average","average",0.502,1,1,-99,-0.099
49,"dotnumber","average","average",0.469,-1,1,-99,-0.099
49,"dotnumber","average","average",0.669,-1,1,-99,-0.099
49,"dotnumber","average","average",0.752,1,1,-99,-0.099
49,"dotnumber","average","average",0.468,-1,1,-99,-0.099
49,"dotnumber","average","average",1.519,1,1,-99,-0.099
49,"dotnumber","average","average",0.669,-1,0,-99,-0.099
49,"dotnumber","average","average",0.468,-1,1,-99,-0.099
49,"dotnumber","average","average",0.502,-1,1,-99,-0.099
49,"dotnumber","average","average",0.435,-1,1,-99,-0.099
49,"dotnumber","average","average",0.685,-1,1,-99,-0.099
49,"dotnumber","average","average",0.535,1,1,-99,-0.099
49,"dotnumber","average","average",0.568,-1,1,-99,-0.099
49,"dotnumber","average","average",0.519,-1,1,-99,-0.099
49,"dotnumber","average","average",0.585,1,1,-99,-0.099
49,"dotnumber","average","average",0.586,1,1,-99,-0.099
49,"dotnumber","average","average",0.568,1,0,-99,-0.099
49,"dotnumber","average","average",0.918,-1,0,-99,-0.099
49,"dotnumber","average","average",0.634,-1,1,-99,-0.099
49,"dotnumber","average","average",1.102,1,1,-99,-0.099
49,"dotnumber","average","average",0.719,1,1,-99,-0.099
49,"dotnumber","average","average",0.55,1,1,-99,-0.099
49,"dotnumber","average","average",0.502,-1,1,-99,-0.099
49,"dotnumber","average","average",0.568,-1,1,-99,-0.099
49,"dotnumber","average","average",0.519,1,1,-99,-0.099
49,"dotnumber","average","average",0.535,1,0,-99,-0.099
49,"dotnumber","average","average",0.585,1,1,-99,-0.099
49,"dotnumber","average","average",0.469,1,1,-99,-0.099
49,"dotnumber","average","average",0.484,-1,1,-99,-0.099
49,"dotnumber","average","average",1.103,-1,1,-99,-0.099
49,"dotnumber","average","average",0.485,1,1,-99,-0.099
49,"dotnumber","average","average",0.536,-1,1,-99,-0.099
49,"dotnumber","average","average",0.485,-1,1,-99,-0.099
49,"dotnumber","average","average",0.569,1,1,-99,-0.099
49,"dotnumber","average","average",0.602,-1,1,-99,-0.099
49,"dotnumber","average","average",0.484,1,1,-99,-0.099
49,"dotnumber","average","average",0.468,1,0,-99,-0.099
49,"dotnumber","average","average",0.552,1,0,-99,-0.099
49,"dotnumber","average","average",0.518,1,1,-99,-0.099
49,"dotnumber","average","average",0.586,-1,1,-99,-0.099
49,"dotnumber","average","average",0.535,1,1,-99,-0.099
49,"dotnumber","average","average",0.669,-1,1,-99,-0.099
49,"dotnumber","average","average",1.202,1,1,-99,-0.099
49,"dotnumber","average","average",0.619,-1,1,-99,-0.099
49,"dotnumber","average","average",0.518,1,1,-99,-0.099
49,"dotnumber","average","average",0.802,-1,1,-99,-0.099
49,"dotnumber","average","average",0.568,-1,1,-99,-0.099
49,"dotnumber","average","average",0.552,1,1,-99,-0.099
49,"dotnumber","average","average",0.519,-1,1,-99,-0.099
49,"dotnumber","average","average",0.551,1,1,-99,-0.099
49,"dotnumber","average","average",0.501,1,1,-99,-0.099
49,"dotnumber","average","average",0.486,-1,1,-99,-0.099
49,"dotnumber","average","average",0.834,1,1,-99,-0.099
49,"dotnumber","average","average",0.434,1,1,-99,-0.099
49,"dotnumber","average","average",1.335,-1,1,-99,-0.099
49,"dotnumber","average","average",0.485,-1,0,-99,-0.099
49,"dotnumber","average","average",0.635,1,1,-99,-0.099
49,"dotnumber","average","average",0.435,1,0,-99,-0.099
49,"dotnumber","average","average",0.586,-1,1,-99,-0.099
49,"dotnumber","average","average",0.451,1,1,-99,-0.099
49,"dotnumber","average","average",0.685,-1,1,-99,-0.099
49,"dotnumber","average","average",0.418,1,1,-99,-0.099
49,"dotnumber","average","average",0.385,1,1,-99,-0.099
49,"dotnumber","average","average",0.502,-1,0,-99,-0.099
49,"dotnumber","average","average",0.451,1,0,-99,-0.099
49,"dotnumber","average","average",0.585,-1,0,-99,-0.099
49,"dotnumber","average","average",0.535,-1,1,-99,-0.099
49,"dotnumber","average","average",0.535,1,1,-99,-0.099
49,"dotnumber","average","average",1.036,1,1,-99,-0.099
49,"dotnumber","average","average",0.551,-1,1,-99,-0.099
49,"dotnumber","average","average",1.987,-1,1,-99,-0.099
49,"dotnumber","average","average",0.717,-1,1,-99,-0.099
49,"dotnumber","average","average",0.451,-1,1,-99,-0.099
49,"dotnumber","average","average",0.501,1,1,-99,-0.099
49,"dotnumber","average","average",0.451,1,1,-99,-0.099
49,"dotnumber","average","average",0.519,-1,1,-99,-0.099
49,"dotnumber","average","average",0.435,-1,1,-99,-0.099
49,"dotnumber","average","average",0.535,1,1,-99,-0.099
49,"dotnumber","average","average",0.585,-1,1,-99,-0.099
49,"dotnumber","average","average",0.534,-1,1,-99,-0.099
49,"dotnumber","average","average",0.501,1,1,-99,-0.099
49,"dotnumber","average","average",0.502,-1,0,-99,-0.099
49,"dotnumber","average","average",0.635,-1,1,-99,-0.099
49,"dotnumber","average","average",0.485,1,1,-99,-0.099
49,"dotnumber","average","average",0.318,-1,1,-99,-0.099
49,"dotnumber","average","average",0.436,1,1,-99,-0.099
49,"dotnumber","average","average",0.602,-1,1,-99,-0.099
49,"dotnumber","average","average",0.585,1,1,-99,-0.099
49,"dotnumber","average","average",0.535,1,1,-99,-0.099
49,"dotnumber","average","average",0.434,1,1,-99,-0.099
49,"dotnumber","average","average",0.385,1,0,-99,-0.099
49,"dotnumber","average","average",0.551,1,1,-99,-0.099
49,"dotnumber","average","average",1.335,-1,1,-99,-0.099
49,"dotnumber","average","average",0.517,-1,1,-99,-0.099
49,"dotnumber","average","average",0.519,1,0,-99,-0.099
49,"dotnumber","average","average",0.451,1,1,-99,-0.099
49,"dotnumber","average","average",0.686,1,1,-99,-0.099
49,"dotnumber","average","average",0.602,1,1,-99,-0.099
49,"dotnumber","average","average",0.651,-1,0,-99,-0.099
49,"dotnumber","average","average",0.419,1,0,-99,-0.099
49,"dotnumber","average","average",1.803,1,1,-99,-0.099
49,"dotnumber","average","average",0.584,-1,1,-99,-0.099
49,"dotnumber","average","average",0.452,1,0,-99,-0.099
49,"dotnumber","average","average",0.618,1,0,-99,-0.099
49,"dotnumber","average","average",0.551,1,1,-99,-0.099
49,"dotnumber","average","average",0.451,-1,1,-99,-0.099
49,"xotask","hard","hard",1.002,1,1,-99,-0.099
49,"xotask","hard","hard",0.802,-1,1,-99,-0.099
49,"xotask","hard","hard",1.119,-1,1,-99,-0.099
49,"xotask","hard","hard",0.701,-1,1,-99,-0.099
49,"xotask","hard","hard",0.651,1,0,-99,-0.099
49,"xotask","hard","hard",0.619,1,0,-99,-0.099
49,"xotask","hard","hard",0.902,-1,0,-99,-0.099
49,"xotask","hard","hard",1.036,1,1,-99,-0.099
49,"xotask","hard","hard",1.252,-1,0,-99,-0.099
49,"xotask","hard","hard",0.802,1,1,-99,-0.099
49,"xotask","hard","hard",0.902,1,0,-99,-0.099
49,"xotask","hard","hard",0.819,1,1,-99,-0.099
49,"xotask","hard","hard",1.103,-1,0,-99,-0.099
49,"xotask","hard","hard",0.852,-1,0,-99,-0.099
49,"xotask","hard","hard",0.686,1,1,-99,-0.099
49,"xotask","hard","hard",1.086,-1,1,-99,-0.099
49,"xotask","hard","hard",1.036,1,1,-99,-0.099
49,"xotask","hard","hard",1.336,1,0,-99,-0.099
49,"xotask","hard","hard",1.219,1,0,-99,-0.099
49,"xotask","hard","hard",0.835,-1,1,-99,-0.099
49,"xotask","hard","hard",2.788,-1,0,-99,-0.099
49,"xotask","hard","hard",1.32,-1,0,-99,-0.099
49,"xotask","hard","hard",1.303,1,0,-99,-0.099
49,"xotask","hard","hard",0.685,1,0,-99,-0.099
49,"xotask","hard","hard",0.836,1,1,-99,-0.099
49,"xotask","hard","hard",0.702,1,0,-99,-0.099
49,"xotask","hard","hard",0.669,-1,0,-99,-0.099
49,"xotask","hard","hard",0.635,1,1,-99,-0.099
49,"xotask","hard","hard",1.002,-1,1,-99,-0.099
49,"xotask","hard","hard",0.552,1,1,-99,-0.099
49,"xotask","hard","hard",0.501,-1,0,-99,-0.099
49,"xotask","hard","hard",0.568,-1,0,-99,-0.099
49,"xotask","hard","hard",0.936,1,1,-99,-0.099
49,"xotask","hard","hard",0.885,-1,1,-99,-0.099
49,"xotask","hard","hard",1.219,1,0,-99,-0.099
49,"xotask","hard","hard",0.651,1,1,-99,-0.099
49,"xotask","hard","hard",0.918,-1,0,-99,-0.099
49,"xotask","hard","hard",0.618,-1,1,-99,-0.099
49,"xotask","hard","hard",0.784,-1,1,-99,-0.099
49,"xotask","hard","hard",0.985,-1,1,-99,-0.099
49,"xotask","hard","hard",1.235,1,0,-99,-0.099
49,"xotask","hard","hard",1.102,-1,0,-99,-0.099
49,"xotask","hard","hard",0.968,1,0,-99,-0.099
49,"xotask","hard","hard",1.251,1,1,-99,-0.099
49,"xotask","hard","hard",0.718,-1,0,-99,-0.099
49,"xotask","hard","hard",0.935,1,0,-99,-0.099
49,"xotask","hard","hard",0.735,1,0,-99,-0.099
49,"xotask","hard","hard",0.669,-1,1,-99,-0.099
49,"xotask","hard","hard",1.185,1,1,-99,-0.099
49,"xotask","hard","hard",0.701,-1,1,-99,-0.099
49,"xotask","hard","hard",0.718,1,1,-99,-0.099
49,"xotask","hard","hard",1.002,1,0,-99,-0.099
49,"xotask","hard","hard",0.635,1,1,-99,-0.099
49,"xotask","hard","hard",0.684,1,1,-99,-0.099
49,"xotask","hard","hard",0.535,-1,1,-99,-0.099
49,"xotask","hard","hard",0.618,1,1,-99,-0.099
49,"xotask","hard","hard",0.785,-1,0,-99,-0.099
49,"xotask","hard","hard",0.802,1,0,-99,-0.099
49,"xotask","hard","hard",0.585,1,0,-99,-0.099
49,"xotask","hard","hard",0.751,-1,1,-99,-0.099
49,"xotask","hard","hard",0.585,-1,1,-99,-0.099
49,"xotask","hard","hard",0.634,-1,0,-99,-0.099
49,"xotask","hard","hard",0.668,-1,0,-99,-0.099
49,"xotask","hard","hard",0.567,1,1,-99,-0.099
49,"xotask","hard","hard",1.819,-1,1,-99,-0.099
49,"xotask","hard","hard",1.318,1,1,-99,-0.099
49,"xotask","hard","hard",0.802,-1,1,-99,-0.099
49,"xotask","hard","hard",0.668,-1,1,-99,-0.099
49,"xotask","hard","hard",0.701,1,1,-99,-0.099
49,"xotask","hard","hard",0.718,1,0,-99,-0.099
49,"xotask","hard","hard",0.585,1,1,-99,-0.099
49,"xotask","hard","hard",0.601,-1,1,-99,-0.099
49,"xotask","hard","hard",1.653,-1,0,-99,-0.099
49,"xotask","hard","hard",0.669,1,0,-99,-0.099
49,"xotask","hard","hard",0.718,1,1,-99,-0.099
49,"xotask","hard","hard",0.752,1,0,-99,-0.099
49,"xotask","hard","hard",0.705,-1,0,-99,-0.099
49,"xotask","hard","hard",0.685,1,1,-99,-0.099
49,"xotask","hard","hard",0.786,-1,1,-99,-0.099
49,"xotask","hard","hard",1.052,-1,0,-99,-0.099
49,"xotask","hard","hard",0.668,-1,1,-99,-0.099
49,"xotask","hard","hard",0.502,1,1,-99,-0.099
49,"xotask","hard","hard",0.519,1,0,-99,-0.099
49,"xotask","hard","hard",0.802,-1,0,-99,-0.099
49,"xotask","hard","hard",0.535,1,1,-99,-0.099
49,"xotask","hard","hard",0.551,1,0,-99,-0.099
49,"xotask","hard","hard",0.485,1,1,-99,-0.099
49,"xotask","hard","hard",0.669,1,1,-99,-0.099
49,"xotask","hard","hard",0.618,1,1,-99,-0.099
49,"xotask","hard","hard",0.852,1,0,-99,-0.099
49,"xotask","hard","hard",0.619,1,0,-99,-0.099
49,"xotask","hard","hard",0.535,-1,1,-99,-0.099
49,"xotask","hard","hard",0.602,-1,1,-99,-0.099
49,"xotask","hard","hard",0.619,-1,1,-99,-0.099
49,"xotask","hard","hard",1.069,1,0,-99,-0.099
49,"xotask","hard","hard",0.585,1,1,-99,-0.099
49,"xotask","hard","hard",1.186,-1,0,-99,-0.099
49,"xotask","hard","hard",0.552,1,1,-99,-0.099
49,"xotask","hard","hard",0.652,-1,1,-99,-0.099
49,"xotask","hard","hard",0.753,-1,0,-99,-0.099
49,"xotask","hard","hard",0.502,1,0,-99,-0.099
49,"xotask","hard","hard",0.736,-1,1,-99,-0.099
49,"xotask","hard","hard",0.685,-1,1,-99,-0.099
49,"xotask","hard","hard",0.517,1,0,-99,-0.099
49,"xotask","hard","hard",0.684,1,0,-99,-0.099
49,"xotask","hard","hard",0.819,-1,0,-99,-0.099
49,"xotask","hard","hard",0.618,1,0,-99,-0.099
49,"xotask","hard","hard",0.653,1,0,-99,-0.099
49,"xotask","hard","hard",0.652,1,1,-99,-0.099
49,"xotask","hard","hard",0.768,-1,1,-99,-0.099
49,"xotask","hard","hard",1.386,-1,1,-99,-0.099
49,"xotask","hard","hard",0.986,1,1,-99,-0.099
49,"xotask","hard","hard",0.785,-1,0,-99,-0.099
49,"xotask","hard","hard",0.935,-1,1,-99,-0.099
49,"xotask","hard","hard",0.752,1,1,-99,-0.099
49,"xotask","hard","hard",0.669,1,1,-99,-0.099
49,"xotask","hard","hard",0.668,-1,0,-99,-0.099
49,"xotask","hard","hard",0.618,1,1,-99,-0.099
49,"xotask","hard","hard",0.635,1,0,-99,-0.099
49,"xotask","hard","hard",0.552,1,1,-99,-0.099
